{
    "dataset": 1261,
    "last_cost_avg": 0.0944331642022905,
    "statevector_real": [
        0.0378058775966383,
        -0.10308582173604265,
        0.00037437631280757167,
        -0.09086873367976499,
        0.0007635150496914457,
        -0.07808099055632493,
        -0.05107999966725109,
        -0.13732850334910524,
        -0.09899283049160915,
        0.011592935281069711,
        0.008490446619858821,
        -0.0687762136064784,
        0.0552586023718088,
        0.10360333330321002,
        0.12219718047763943,
        0.03766765431546253,
        -0.0744254224750339,
        -0.15902727051938245,
        0.08190434645731179,
        -0.05770291072567456,
        -0.08637849368127619,
        -0.11832474916367362,
        0.024584179490386975,
        -0.16208799918969602,
        -0.13882515359372388,
        -0.012244199810670502,
        -0.011994777892560773,
        -0.1507931525412319,
        0.014424266502895891,
        0.1236623219894189,
        -0.06077487521893865,
        0.12244513668184626,
        0.00497196966616335,
        0.13589104162057808,
        0.1286228050178128,
        -0.006359551140320319,
        0.17047158961635148,
        0.06787501974115874,
        -0.020350324685188576,
        -0.006482333257081541,
        0.009822915641618577,
        -0.008446482605203995,
        -0.10036522927242332,
        0.08561071238412467,
        0.19435401429352614,
        -0.1440603547478015,
        0.006141723296149289,
        0.06883376081127658,
        0.15852748066088138,
        -0.007805113758963101,
        0.031087003297216843,
        -0.07765488358613307,
        -0.07692115842136535,
        0.15646645501803266,
        0.007049493684948642,
        0.058643875927990856,
        0.004842632093804371,
        0.049362100533452045,
        -0.02086479767637042,
        0.06309478622912196,
        -0.0025727719458008176,
        -0.01635765298242738,
        -0.017286081743922738,
        -0.04357495061000194
    ],
    "statevector_imag": [
        0.027765989971910085,
        0.09017049030248074,
        -0.007796384096118395,
        0.08186685608042542,
        0.12063156339266339,
        -0.0030472445165493976,
        -0.09386296867933307,
        -0.03906417442356356,
        0.08059974227364528,
        -0.012546331266068954,
        -0.06457557710170744,
        -0.14888164504294166,
        0.17438129195603236,
        -0.10817474881079782,
        0.05799977940533007,
        -0.08541352862532844,
        0.0340750556654122,
        -0.05344223954538267,
        -0.1633450554478912,
        0.06426125158967451,
        -0.076301654630535,
        -0.09907897417302913,
        0.16096760636109353,
        0.08457261201240417,
        0.09979338883179817,
        0.007096794005464968,
        0.013377655695354762,
        -0.09403437485738673,
        0.002424884768085988,
        -0.13122904059501575,
        -0.10054702670899653,
        0.03025120350020556,
        0.16539406654125416,
        -0.0064280650645673395,
        0.01937484937662702,
        0.0800614046525928,
        -0.047778186111471804,
        -0.10849786449050042,
        -0.06389562596342363,
        0.10986891230194394,
        -0.0012201096948685234,
        -0.003474177332334354,
        0.02117815692471137,
        0.01191363773089114,
        0.06919561486296377,
        0.07330458897690008,
        0.156815525713942,
        0.03374794946803538,
        -0.07114555315742502,
        -0.09919581931504078,
        0.17050213155138016,
        -0.11554113966002122,
        -0.03626024530194605,
        -0.013857178224014355,
        -0.00032719591325482215,
        -0.045442526831571926,
        -0.027956964751297237,
        0.1676884909748126,
        -0.17094362291210213,
        -0.11014689061628602,
        -0.05351587656578731,
        0.03362403939440238,
        -0.08503604601745081,
        0.12513531833290434
    ]
}