{
    "dataset": 3792,
    "last_cost_avg": 0.08856786023907576,
    "statevector_real": [
        -0.084508302046578,
        -0.283490028385507,
        -0.05034574098764253,
        -0.07398680220575449,
        -0.09961135725411112,
        0.09731315422329266,
        0.04864343435633404,
        0.07753678950131605,
        -0.10206003349368738,
        0.08568599827039922,
        -0.14519328000865134,
        -0.019669048192364612,
        -0.13545923730631548,
        0.00825580346232527,
        -0.14569967281040191,
        -0.07071159242413315,
        -0.18414269062335079,
        -0.014162854217233588,
        -0.08680995087815806,
        0.2508849707172116,
        -0.007957488802803593,
        0.03761462976568094,
        -0.09001576776292146,
        -0.14658996132151728,
        -0.035982497132609065,
        -0.08279438333869568,
        -0.19223126044893363,
        -0.08734767495530457,
        -0.05563364716029405,
        0.2554958947815613,
        0.012986462107134373,
        -0.13828461337855907
    ],
    "statevector_imag": [
        -0.045435430794493685,
        -0.03444698909010435,
        -0.25755248686790944,
        0.12377022637459043,
        0.1675527957991913,
        0.055276936107677116,
        0.1928390348811799,
        -0.05991801893844915,
        -0.2017626722951371,
        -0.13628474887281897,
        -0.13335279237803746,
        0.18901934792440941,
        0.15123440458577858,
        -0.14760204215954126,
        0.0013217722000317099,
        0.05968506969230443,
        -0.02095394066483679,
        0.003349024020128091,
        0.19188576431183063,
        -0.07762699263567492,
        0.01242098471880643,
        0.17590541389241557,
        0.028619480567190873,
        -0.13791025100124246,
        -0.09210917102481395,
        -0.011180621554332675,
        -0.177210563473489,
        -0.028388661777786574,
        0.17259678008911888,
        -0.09244680418996919,
        0.15007644445987608,
        0.05523901266117214
    ]
}