{
    "dataset": 0,
    "circuit_id": 4,
    "layer": 1,
    "num_params": 17,
    "expr": 0.15659726766034632,
    "entcap": 0.3498119842843548,
    "num_iter": 66,
    "last_cost_avg": 0.16004180908203125,
    "accuracy": 0.9375
}