{
    "dataset": 1973,
    "last_cost_avg": 0.09686003390806976,
    "statevector_real": [
        -0.09852690791094107,
        0.12240386430379821,
        -0.11376221107560626,
        -0.00854358297030851,
        -0.11877778481852933,
        -0.048351578607021606,
        0.002040919468593146,
        -0.010911800056808378,
        -0.09730974856129283,
        -0.26356658625375023,
        0.016036036503836865,
        -0.016115604544218072,
        0.0390048933688534,
        0.011681625201010052,
        0.02206978261952692,
        -0.16001908031649112,
        -0.08048485459690863,
        -0.08936024056803676,
        0.09224177457860723,
        0.24434397170100727,
        0.07582323227034345,
        0.21480714915298627,
        -0.061647029412907055,
        0.12531995424474413,
        -0.10704447829803733,
        -0.020202860264155385,
        0.24388023942204282,
        -0.25478281534467073,
        0.00776908906127707,
        -0.05522647065156922,
        0.01964662862385736,
        0.193409508106378
    ],
    "statevector_imag": [
        0.0630408640221501,
        -0.10331690245508497,
        -0.07882696203014468,
        -0.011352681016782223,
        -0.1856539379345498,
        -0.13920932407692924,
        -0.02857661138761463,
        -0.00543573902981712,
        -0.13588230088680162,
        -0.013107128400476589,
        0.22016439365408697,
        0.015363013000086887,
        0.0246422815519292,
        -0.21129383671653548,
        -0.11536794607331273,
        0.02005519980071346,
        0.23038197458738072,
        -0.056756191062577635,
        0.08488329038557318,
        0.09138804868810196,
        -0.07168673291052625,
        0.21441592055825964,
        -0.12077112784766442,
        -0.1881613786393689,
        -0.12476622706199719,
        -0.014433681183054357,
        -0.07412711808949746,
        -0.05931378072321932,
        0.0036004536318344133,
        0.22784515532999391,
        -0.0318748258241947,
        0.23368046614768212
    ]
}