{
    "dataset": 2239,
    "last_cost_avg": 0.09224578031408415,
    "statevector_real": [
        -0.03513787882147787,
        -0.1183109553167998,
        -0.1569635579138831,
        0.038622247682244724,
        0.1719965969333243,
        0.011011750034273774,
        0.09077110913105779,
        -0.07816472171450861,
        0.020769006523515644,
        -0.0376974176921345,
        -0.049394541904596974,
        -0.12570759067032986,
        0.09525733331212513,
        0.1362327029600114,
        0.11068715883935801,
        -0.004948507524265451,
        -0.16042900785964775,
        -0.025110977566332557,
        0.018607093050156835,
        0.15605050108993765,
        -0.04803264704867307,
        0.011549517770553701,
        -0.059723245745751434,
        0.06061213468335771,
        0.06977542785201868,
        0.1634286027387515,
        -0.046470976002153386,
        -0.06739899542554506,
        0.016200484751505005,
        0.015355925528753155,
        0.006966852844472354,
        0.11915194805359122,
        -0.08902923884747484,
        0.0854053416623157,
        0.08556694866070086,
        -0.03483694750238704,
        -0.18349570294752768,
        -0.004821603435313605,
        -0.03020497972564034,
        0.07158451355386782,
        0.03441417295143264,
        0.1114863959856009,
        0.04949384693113179,
        -0.10817015485829036,
        0.08326496964128577,
        -0.044691173909208876,
        0.08638930676602583,
        0.01813804957866561,
        -0.11038206672585972,
        -0.13235329441226296,
        -0.054091450584677715,
        -0.06570676266000382,
        0.062250157438481724,
        0.05882492197188043,
        0.08234126128027583,
        0.038243807959724485,
        0.11024594883822168,
        -0.01725306244707717,
        -0.11541845372110525,
        0.04183702094244533,
        -0.17304292739040433,
        0.10025569129791222,
        -0.0661589573095369,
        -0.007604118237916759
    ],
    "statevector_imag": [
        -0.09342134551064714,
        0.1690367811811495,
        0.05334209656330657,
        0.0486828381811461,
        0.06495543771887534,
        0.10502339234103307,
        -0.10489854194205162,
        -0.1277523882416664,
        -0.11373624843448404,
        -0.08217027826706817,
        -0.16407902145796793,
        0.09418222249979279,
        -0.07918401405695982,
        -0.10322864307839204,
        0.019669914308093027,
        0.17663268749747177,
        0.06816196000294321,
        -0.10640641575190654,
        0.002733594285992374,
        -0.038565368257277174,
        -0.02218066131381157,
        -0.02409982537734952,
        0.041895863706738604,
        -0.14647998468482626,
        0.12352187087975251,
        -0.11568081779508033,
        0.14548355858997378,
        0.028050041475784045,
        0.12861729493354007,
        0.04329300189892956,
        -0.07270796884507481,
        0.00514223822852901,
        -0.0007229977619148534,
        -0.08234148711501656,
        0.021648893709338972,
        -0.12369069752965849,
        0.05048741798679336,
        0.08899105964189764,
        0.1391715911241096,
        -0.12376085990469171,
        0.1545516671335352,
        -0.15428105982136292,
        -0.03885092909826564,
        0.04961378866371781,
        -0.004920403361954727,
        0.04070782317514404,
        -0.05383268460137649,
        0.05786911580886779,
        0.03656015275041829,
        0.024944851249390467,
        -0.0904399823832469,
        0.008036214027862724,
        0.14198889843158502,
        0.0115986769918987,
        0.08647933444905029,
        -0.013762131413950995,
        0.011965311918583812,
        0.048449881213233806,
        0.024882536815006767,
        0.006678798500221752,
        -0.05384015369853703,
        -0.016269307366610936,
        0.17728802120227002,
        -0.0020728869024276325
    ]
}