{
    "dataset": 757,
    "last_cost_avg": 0.09432824346907513,
    "alpha": [
        0.06814634614858463,
        3.597677877551279e-05,
        0.04488062031702767,
        0.020839890186626183,
        0.024574014348699765,
        0.027561884928858114,
        0.04166527327626688,
        0.05569391135084264,
        0.015033344545192758,
        0.021845099240302583,
        0.07825298359410891,
        0.042725527201053305,
        0.007061770533818795,
        0.0289192345187315,
        0.01607672546362957,
        0.036868713415270635,
        0.009771722236486096,
        0.026245981550365536,
        0.06673697283647761,
        0.04590526704044908,
        0.056811602055631134,
        0.005542209730363626,
        0.04808538691860289,
        0.02142414549251963,
        0.037759589064485226,
        0.02607216890019835,
        0.005287239328856235,
        0.03597224557957188,
        0.010805131109848978,
        0.02669807778240682,
        0.011056605723256778,
        0.035644338802691015
    ]
}