{
    "dataset": 1833,
    "last_cost_avg": 0.07417294602606986,
    "statevector_real": [
        -0.11136126023284827,
        0.022698662794961463,
        -0.09311814694120486,
        -0.041172550162579286,
        -0.06593313265852666,
        -0.008565842307023503,
        0.10271181769777037,
        -0.09347301725604804,
        -0.011047065588972447,
        -0.05763353783890375,
        0.04919879699256656,
        -0.05360123094183346,
        -0.17051520160092815,
        -0.0008742932172279732,
        0.07167077241276465,
        0.13508062685605293,
        -0.21277243789278255,
        0.10810186872266359,
        0.07565264496205137,
        0.16979488485026614,
        0.019111944317393794,
        -0.14846044228149785,
        0.010505554065321804,
        -0.06717196272179843,
        0.11618166762467892,
        -0.0803894991087766,
        -0.11325053471332376,
        0.013679160386218248,
        0.14308391060428735,
        0.004024635848236434,
        0.07195168836875733,
        0.0619154488003933,
        -0.06562994681896892,
        -0.013370612957236065,
        0.009577348837073828,
        -0.013214311491385378,
        -0.04797214369985786,
        0.15161538530995608,
        -0.0054718892582368735,
        0.08459665429562443,
        -0.0024424197497244166,
        0.08623587555635898,
        -0.13968477779131808,
        0.05360792271196042,
        -0.024173917731126805,
        0.014421558526617787,
        -0.09827904330151337,
        -0.04192327080500865,
        -0.020869455508353132,
        -0.050664094054507704,
        0.0018735143286355829,
        -0.07231582277581955,
        -0.1381013539284489,
        0.11525961458078654,
        -0.0372179383091855,
        0.027927853828588874,
        -0.0783040569447634,
        0.10080196710440416,
        0.0670038339149043,
        -0.02647557346190044,
        0.058491506188263924,
        -0.13437429063045883,
        -0.024325736016593564,
        -0.1375279908502954
    ],
    "statevector_imag": [
        0.007425635822557013,
        -0.08246670581755736,
        -0.1730889541555837,
        0.05744546052720072,
        -0.007479543439796934,
        -0.09208491795235277,
        0.14324210409337937,
        0.1365565748174146,
        -0.0461031034927909,
        0.1480871183663402,
        0.15008510384374876,
        0.05093097360649775,
        -0.014210098700135681,
        0.007838511409775905,
        0.04028553849573914,
        -0.03712997232555138,
        -0.10142467278076614,
        -0.071889279109229,
        0.11879993768048083,
        0.012650768150265322,
        -0.17165249954223116,
        0.08196173449347725,
        0.03908520160529963,
        -0.11690832033255773,
        -0.11724613033085315,
        -0.10855545062921867,
        -0.04337449177486853,
        -0.03441231344029709,
        -0.08758609659841282,
        0.014217153787699468,
        0.049837702768972515,
        -0.07243762206965604,
        0.01507937068258654,
        -0.019867781844580445,
        0.021276001851820405,
        0.03231633466102321,
        -0.1283266750433948,
        0.0998774640415942,
        -0.06567988596019207,
        -0.08425911952032054,
        0.07128829007662837,
        -0.16080905001314919,
        -0.10089093607473794,
        0.20119723607639023,
        0.09929063249273919,
        -0.046728069672601104,
        0.025867515780842298,
        0.04884435835942011,
        -0.12929535495369077,
        0.1071442236011395,
        0.015616801912949759,
        0.05010463333510369,
        0.15634104461715478,
        0.01781433197470613,
        -0.0013734949091053336,
        0.007897312696461387,
        -0.061751702900595375,
        0.018140559077392673,
        -0.05629516264053296,
        0.1785955862964134,
        -0.11527635822083863,
        -0.03698003745354265,
        -0.11869417528950753,
        -0.018594605258151767
    ]
}