{
    "dataset": 700,
    "last_cost_avg": 0.09086631770676598,
    "alpha": [
        0.07494464361217855,
        0.047561630337608074,
        0.05547772082733806,
        0.03711032348211368,
        0.008982935616497592,
        0.03581666299289175,
        0.0001493869367689754,
        0.02110498613835677,
        0.04193290587781068,
        0.02537504203743372,
        0.07489352958443765,
        0.01876530488407046,
        0.002321631174106482,
        0.003900910247616465,
        0.03654013442594074,
        0.007893499447875154,
        0.04552300571384268,
        0.0034090631864874175,
        0.07335025035915949,
        0.022819426416664214,
        0.09849500210879758,
        0.005778792462479396,
        0.06646419573586092,
        0.006784587691180137,
        0.0355037007565034,
        0.021746662024870713,
        0.013655011689037185,
        0.01865334625093772,
        0.030399205635245428,
        0.026102527452795805,
        0.010889965897941497,
        0.02765400899515187
    ]
}