{
    "dataset": 1696,
    "last_cost_avg": 0.10973305882442158,
    "statevector_real": [
        0.2565277261761362,
        0.20053429023679048,
        0.015820437112604613,
        -0.01031245983946125,
        0.06871589728615828,
        0.2224396516613766,
        -0.09816629897349695,
        -0.26847543879795477,
        0.06020515951242219,
        0.16302521333291595,
        -0.01243188882066573,
        0.08688557416147333,
        0.025685691654152597,
        -0.06940024137622439,
        -0.15325272841461293,
        -0.11839204749982828,
        0.17164763683861592,
        0.07014001745236911,
        0.1976473424357155,
        -0.018024431715405218,
        0.005107081360157596,
        0.06395799830262013,
        -0.19517876656857597,
        -0.05582438264163665,
        0.004829937927298584,
        -0.10021157181212226,
        0.19064367273631594,
        -0.07369365492777356,
        -0.14280372522070073,
        -0.14871371651451054,
        0.06295941063405276,
        -0.012169768751737572
    ],
    "statevector_imag": [
        0.08146833060269609,
        0.0012076064975368086,
        0.20687358379138676,
        0.0025090741757169423,
        0.08604586602585651,
        -0.06412752573202533,
        -0.20143301755546283,
        -0.02580158711527755,
        0.09028899724100807,
        -0.03294214676012587,
        -0.04628257231579519,
        -0.05000347071101295,
        -0.20104441041290425,
        0.12886424163571294,
        -0.014227393757786163,
        0.043168904962291185,
        -0.10992870563986788,
        -0.008528386210449664,
        -0.18257187590092078,
        -0.009329442105081028,
        -0.006158986936051051,
        -0.11509405544419964,
        0.1228817985125683,
        -0.2134183917252829,
        -0.011549420995432122,
        0.18732630111571924,
        0.09001377110787608,
        0.25897461996565735,
        0.07452709777046948,
        0.151194678612098,
        -0.08183159343432837,
        0.13811657163649596
    ]
}