{
    "dataset": 0,
    "circuit_id": 12,
    "layer": 4,
    "num_params": 80,
    "expr": 0.014551952206039762,
    "entcap": 0.8029706396447444,
    "num_iter": 79,
    "last_cost_avg": 0.13556289672851562,
    "accuracy": 0.875
}