{
    "dataset": 2120,
    "last_cost_avg": 0.0861140673738664,
    "statevector_real": [
        -0.05035333885920434,
        -0.05814055534325184,
        -0.15738881002258973,
        -0.0635353183067972,
        -0.025338410934228055,
        -0.06928396759944554,
        -0.0025727206791907944,
        -0.14963263863548357,
        -0.12196676454240127,
        0.21096740910624884,
        -0.08056041652665422,
        -0.016493415113134142,
        -0.048813686371855694,
        0.013413761123950377,
        0.00624343629485792,
        0.07440348280930108,
        0.02288840931866164,
        -0.06268291855479828,
        -0.07549430796253655,
        0.05385331639794424,
        0.006024546714789342,
        0.12874636247806515,
        0.08501534191937017,
        0.007615690458369926,
        -0.0980088899354007,
        -0.017490886072495816,
        -0.07626449730275685,
        0.08639656993968606,
        0.030263802472522913,
        -0.04104260285646169,
        0.13094876684233975,
        -0.07274644499935702,
        0.11905741344849272,
        0.02585403082954705,
        -0.001572860636292456,
        -0.010432319016273178,
        -0.048600404904185185,
        -0.14030676277680176,
        -0.07176446549073744,
        0.0034600590940749194,
        0.11679901487135967,
        0.03345897606097083,
        -0.0038539159386749297,
        -0.08068781953212957,
        -0.1481467262572819,
        -0.00848420056436307,
        -0.07472139473108004,
        -0.012424174880481696,
        -0.06223491390127868,
        0.05364421253133167,
        -0.13522956042615522,
        0.10961781328729166,
        -0.011992263495067913,
        0.00107127371651071,
        0.03547770276396971,
        0.09106215324784579,
        -0.014406728703064845,
        -0.11763858168608696,
        -0.1424238251131057,
        0.05731679472217543,
        0.05473930943603457,
        0.08790864087570782,
        -0.1988426877162833,
        -0.1259553358698235
    ],
    "statevector_imag": [
        0.08790935356010653,
        0.05400354633463052,
        -0.028251838734584367,
        0.15017200453288101,
        -0.04044013130289493,
        -0.06393101680309263,
        -0.007592319863278083,
        0.06016693323244625,
        0.038614463945133695,
        0.12110211616099155,
        -0.0635239683522088,
        0.018402986652113824,
        -0.0011104725855125687,
        -0.033398138723029554,
        -0.013664383811990768,
        0.143345310027162,
        -0.02496522696256331,
        -0.09023810882212016,
        0.03468552867282174,
        0.06738939391065608,
        -0.0827240888846254,
        0.10472406192871582,
        0.027727859800906852,
        -0.1042592471379884,
        0.016403146413931438,
        -0.04524691367931648,
        -0.17782132027946762,
        -0.04211008342084619,
        -0.1547884254958291,
        -0.17235093266434856,
        0.11813691985844417,
        0.09574637874687215,
        -0.05532420667281311,
        0.01460738282519953,
        -0.02252441653397362,
        0.14961073385434032,
        0.11299716981898891,
        0.13051126624661297,
        0.12804189771841176,
        -3.1590318584355695e-05,
        -0.11882299492732053,
        0.07687110288597336,
        0.02043633382687896,
        -0.004141289261450071,
        0.04804553077079714,
        -0.06743423255751806,
        -0.0906625896196468,
        -0.12943758725200322,
        0.07323363891832173,
        -0.12812478429024293,
        -0.11340987337348363,
        -0.03210774874552364,
        -0.014989100112641778,
        -0.10958653693406814,
        -0.04783993695275741,
        -0.11165558546687827,
        -0.23055279655633382,
        0.027655074120117293,
        -0.05306641510093537,
        0.10076946408621286,
        -0.06999994013908645,
        0.1633403865211314,
        0.04569176557017943,
        -0.07850576112533375
    ]
}