{
    "dataset": 3544,
    "last_cost_avg": 0.10621056545194874,
    "statevector_real": [
        -0.13630558562663017,
        -0.022319378111951116,
        -0.16242933719699704,
        -0.11370633355521188,
        0.18161755190138157,
        0.014785237824653632,
        -0.0762917862317423,
        0.14098784558611357,
        -0.2772106196710877,
        0.07959002878817321,
        -0.07527625667009699,
        -0.0189421271951858,
        -0.23646725231701188,
        0.14304150692773768,
        0.061976398214791444,
        -0.059266155168535166,
        0.01110291987349853,
        -0.10678609189010227,
        0.16958317377136112,
        0.14470744558593432,
        -0.1335735156595586,
        -0.010588968459772051,
        -0.04596981977097591,
        -0.17218998112864134,
        -0.1327858053192488,
        -0.23141060388937776,
        -0.15256563666226694,
        -0.05279650531606681,
        -0.23309452833317643,
        -0.1471755484329602,
        -0.018338804424684645,
        -0.19725507483527202
    ],
    "statevector_imag": [
        -0.03057644722098595,
        -0.1848935616573053,
        -0.11807469719133608,
        0.04493080383673995,
        0.015262361980296133,
        -0.20805046493034468,
        0.1157196661213238,
        -0.05016414833474018,
        0.04489568515883663,
        -0.16022105897120542,
        0.21363432601572416,
        0.009751209986910219,
        0.038133959056098336,
        -0.08499260337244331,
        -0.14732629428431193,
        -0.03163237264938005,
        0.008203910836851978,
        -0.09363354612402891,
        -0.07023830356003759,
        -0.00030746448396251836,
        0.20035162426720726,
        0.10820425364922025,
        0.17953678436644713,
        -0.05449298934958799,
        -0.08524521691787432,
        0.13429410336605666,
        -0.05830396978261757,
        -0.04333084677169541,
        -0.1310230576642204,
        -0.08530219926062017,
        0.12285777831042244,
        -0.009828790478240935
    ]
}