{
    "dataset": 821,
    "last_cost_avg": 0.07891652519432384,
    "statevector_real": [
        0.05650787721199895,
        0.04157707228276826,
        -0.040619787584710174,
        -0.08994610841317636,
        -0.13604814858750894,
        0.02545761468358158,
        -0.03014979298154092,
        0.05562361136726679,
        -0.08463635019474859,
        -0.17079984340783844,
        0.13398963503925226,
        -0.02217895453188819,
        0.0028309087773459116,
        0.09189380600159418,
        -0.12301317362302439,
        -0.09773731384420582,
        -0.08328228439438244,
        0.11084445647100559,
        0.0033274962106595745,
        -0.01576704208819519,
        0.13852635582388725,
        -0.03193051838046013,
        -0.04472045150614587,
        0.035435598628808344,
        0.07368849875547534,
        0.0015223356982240707,
        -0.10936533019103101,
        -0.11058985302512758,
        0.017219800491012047,
        -0.029268471793774575,
        0.05365964349902841,
        0.050550556526804825,
        0.19745801383930292,
        0.058295364913559355,
        0.06844379939842264,
        -0.12384972453130196,
        0.11432581084191344,
        -0.08932048630746195,
        -0.008605665413698494,
        0.17486905086384977,
        0.11507828792875785,
        0.06626750812934282,
        -0.1718614816115898,
        -0.031602327601734155,
        -0.09329312536572164,
        -0.05912945786288735,
        0.06493751284431404,
        -0.1600745423636033,
        0.0773817502187256,
        -0.04926664879028698,
        -0.01387695091182367,
        0.07323847735619643,
        0.061756544674262975,
        0.010363078786080714,
        -0.06396510728620837,
        0.08329067512016204,
        0.05807391302100538,
        -0.03145427738851082,
        -0.07265278764603048,
        0.02153274018364313,
        -0.10871304233706988,
        -0.13012254154639696,
        0.1293780534487249,
        0.02943518367876062
    ],
    "statevector_imag": [
        0.16002458891785196,
        0.0960078894307959,
        -0.13698563882253667,
        -0.029835402480359326,
        0.07336251315925105,
        -0.0819890719979303,
        -0.08327848770197768,
        -0.04918662652819891,
        0.07368075096663157,
        -0.10983936598035783,
        0.028084559629349755,
        0.18039148287854762,
        -0.003305740879238472,
        0.012081256690191436,
        -0.03670657060940381,
        -0.08783455851132278,
        -0.13011688106929548,
        0.034681007130964954,
        0.00914236403110578,
        0.072330937941467,
        0.0017205175734103801,
        -0.11652282694323816,
        0.07922421014690356,
        0.09112096262712649,
        -0.07423148364051912,
        -0.12458179044289373,
        0.0859347590333714,
        -0.08495707912829589,
        -0.07228430591764826,
        0.16300717925937092,
        -0.04779558649735163,
        -0.06704158365903082,
        -0.07466070028794201,
        -0.06126665857835365,
        0.0798874551438811,
        0.06809059634208041,
        0.10904590259546225,
        0.07078432384625905,
        -0.0045377269621119385,
        0.08800127574471713,
        0.05486834310564726,
        -0.011711166444826688,
        0.02199480604261235,
        -0.1399289171877021,
        -0.09568301814621902,
        0.15240581296569403,
        0.09590949661494493,
        -0.04926278786847211,
        -0.035059407037521854,
        0.039598483490503565,
        -0.017892754041555707,
        0.004546473959072917,
        0.021575677508214163,
        0.008708879735843144,
        0.12227344940924098,
        0.11609195864711998,
        0.14283959750031328,
        0.07651725970160039,
        0.0022145720717426706,
        0.20870106232168315,
        0.013750919849985494,
        -0.12679367220536608,
        -0.054920713139153796,
        0.1007813104052701
    ]
}