{
    "dataset": 131,
    "last_cost_avg": 0.08461596458589214,
    "alpha": [
        0.032636085133505084,
        0.0170878443479026,
        0.031580329065157696,
        0.010343911250884632,
        0.023095735590908672,
        0.040645074437640254,
        0.00022885452823263698,
        0.06064064420300208,
        0.0004892558627352946,
        0.019116631036979956,
        0.11428677886799883,
        0.0061350023849070425,
        0.002187343479187738,
        0.042080689429154564,
        0.004066093217521083,
        2.9196768069961242e-05,
        0.024259488628076854,
        0.035961837419997984,
        0.06396688086134879,
        0.042303246389568686,
        0.0890254219970249,
        0.015538942329623802,
        0.06313278079035642,
        0.025229746828676715,
        0.0315387927003769,
        0.0031571013413671917,
        0.02787294350507382,
        0.05085596723739879,
        0.015272316909727425,
        0.059371238241795236,
        0.021145518456470665,
        0.026718306759327754
    ]
}