{
    "dataset": 328,
    "last_cost_avg": 0.09465320633391891,
    "alpha": [
        0.053883483578263114,
        2.086708546611337e-05,
        0.030244468913595078,
        0.009160315545359758,
        0.02689144146532923,
        0.03883985566296384,
        0.04414105381570221,
        0.023358986043741797,
        0.03991463177965655,
        0.01884699157470646,
        0.080744718097776,
        0.003602926631906825,
        0.047156546179286225,
        0.03785082303341598,
        0.02008913359570274,
        0.005948450133943605,
        0.008778573601087084,
        0.0485009621606192,
        0.05979603797771019,
        0.0343152974999855,
        0.05545939314236935,
        0.004422310950914679,
        0.06761086126131469,
        0.05547903030701971,
        0.0385251017342064,
        0.00015330593980338766,
        0.010108605226792666,
        0.01978310880422787,
        0.02143379927316964,
        0.045618503010714774,
        0.028842247065804166,
        0.020478168907445048
    ]
}