{
    "dataset": 1746,
    "last_cost_avg": 0.09345874193842368,
    "statevector_real": [
        0.01019692347251545,
        0.05818345703521416,
        0.12927201570407576,
        -0.017591477391765448,
        -0.03285721854935035,
        0.06225745750429854,
        0.03481886770640931,
        -0.0807120594026692,
        0.17692097387191408,
        0.037103760676093535,
        -0.03358765390063491,
        -0.09812659446056915,
        0.08908223738280667,
        -0.019055755101761798,
        -0.1664969463777527,
        0.043171708135490164,
        -0.17458866487220176,
        0.06787951510434222,
        0.1250434910395277,
        0.0190894755052842,
        -0.06983097545120896,
        0.034322747461136636,
        0.06865717618458352,
        -0.06612290275438276,
        -0.012862248166317211,
        -0.13469380797860894,
        -0.07932059305109532,
        0.009300426203060317,
        -0.01039203119839018,
        0.01602486821917242,
        -0.09024840251879898,
        0.0028127187475614373,
        0.02582015569896637,
        0.08222580359084829,
        0.0980738388434075,
        -0.012560772991981318,
        -0.06692280271937225,
        -0.09434570282811437,
        -0.016204841258602116,
        -0.009872204399202496,
        -0.1604822219027473,
        0.06546577305398346,
        -0.10416464706990024,
        0.010524613506305038,
        -0.15523657582596553,
        0.12623123006814072,
        -0.02453129058364624,
        -0.03248141381928723,
        -0.11033939422196525,
        -0.17678038781148236,
        0.1029482575447645,
        -0.12400549438901701,
        -0.22258562412362973,
        -0.060832977601230756,
        -0.0934137617877531,
        0.019452890531337256,
        0.04229099467011484,
        0.044964852298003774,
        0.09792746647998597,
        -0.12037741629760576,
        0.19152819026461682,
        -0.04207578214257724,
        0.010009019315054537,
        0.0068969770800661094
    ],
    "statevector_imag": [
        0.008947807029162251,
        0.0783061433543492,
        0.03285562027739181,
        0.08970512240066297,
        0.08143554240734688,
        -0.10725188744134749,
        0.06439311446147124,
        0.11060545364610994,
        0.05464115979700877,
        -0.10717980588551983,
        -0.15724196210189706,
        -0.05041757441030237,
        0.013451647345165926,
        -0.14243551945577732,
        0.12025633755269258,
        -0.0002697726949728808,
        -0.03753156121905967,
        -0.06831213235939701,
        0.056794038679196523,
        0.03665678443305228,
        0.028110752275368692,
        0.11114645429161099,
        0.05690432831992597,
        0.022455211819025843,
        0.0023592043782396117,
        0.12470827479852672,
        -0.044232645119848646,
        0.060391411795389996,
        -0.006570793071323064,
        0.11245812677574478,
        0.007911363154465795,
        0.002783978897103513,
        0.17852136440238328,
        -0.05605689467724252,
        0.09365325318962493,
        0.0890860703322652,
        0.04516025340982205,
        0.0752684191622846,
        -0.045691609895267965,
        -0.09920904293392482,
        0.07201761191642252,
        0.060469519827704224,
        0.1139369643656048,
        -0.005940667068606669,
        0.050537293506749764,
        -0.027766702917156494,
        -0.07442059594613398,
        0.10388895261631674,
        -0.06379309634118092,
        0.10575150927986711,
        0.10303859013642537,
        -0.07214884413466732,
        -0.0026844666005716947,
        -0.11596774904130609,
        0.13280992013758128,
        -0.09006334315204881,
        0.22333808269920877,
        0.004187935811662126,
        0.07162361390717016,
        0.025254411389744127,
        0.1061483528124533,
        -0.08411362942992562,
        0.1701058141198598,
        0.010309874990618972
    ]
}