{"f": [0.04010009765625, 0.00909423828125, 0.0516357421875, 0.01629638671875, -0.0230712890625, 0.02978515625, 0.0186767578125, 0.01806640625, 0.06719970703125, 0.00994873046875, 0.0262451171875, 0.0277099609375, 0.03753662109375, 0.015625, 0.0235595703125, -0.0357666015625, 0.0499267578125, 0.06591796875, 0.016357421875, 0.03082275390625, 0.0482177734375, -0.019287109375, -0.05126953125, 0.05963134765625, 0.01544189453125, 0.03704833984375, 0.04547119140625, 0.00592041015625, 0.0535888671875, 0.0020751953125, 0.03326416015625, 0.02862548828125, -0.00823974609375, 0.0101318359375, -0.02362060546875, 0.0225830078125, 0.0504150390625, 0.04620361328125, -0.00323486328125, -0.028564453125, 0.024169921875, 0.07305908203125, 0.025146484375, -0.01025390625, -0.0416259765625, 0.066162109375, 0.02130126953125, 0.076171875, 0.0357666015625, 0.04827880859375, 0.05792236328125, 0.01824951171875, 0.0662841796875, -0.03955078125, 0.0101318359375, 0.05645751953125, -0.04620361328125, -0.00225830078125, -0.00482177734375, -0.00018310546875, 0.0045166015625, 0.0150146484375, 0.04852294921875, 0.0589599609375], "accuracy": 0.421875}