{"f": [0.0750732421875, 0.02313232421875, 0.0352783203125, 0.01470947265625, 0.06573486328125, 0.06890869140625, 0.07061767578125, 0.03070068359375, 0.06036376953125, 0.056884765625, 0.06439208984375, 0.06365966796875, 0.0718994140625, 0.072509765625, 0.0833740234375, 0.0545654296875, 0.05194091796875, 0.0391845703125, 0.05859375, 0.06121826171875, 0.05712890625, 0.037109375, 0.06695556640625, 0.043701171875, 0.06878662109375, 0.0772705078125, 0.08074951171875, 0.04034423828125, 0.0579833984375, 0.05224609375, 0.07244873046875, 0.03240966796875, 0.0672607421875, 0.05499267578125, 0.06365966796875, 0.05029296875, 0.07281494140625, 0.07843017578125, 0.07672119140625, 0.0570068359375, 0.0467529296875, 0.06298828125, 0.0726318359375, 0.06463623046875, 0.05792236328125, 0.05126953125, 0.0457763671875, 0.0638427734375, 0.05474853515625, 0.0533447265625, 0.032958984375, 0.0389404296875, 0.06829833984375, 0.08203125, 0.0150146484375, 0.076416015625, 0.0780029296875, 0.06829833984375, 0.0145263671875, 0.05072021484375, 0.0135498046875, 0.061279296875, 0.05255126953125, 0.07147216796875], "accuracy": 0.34375}