{
    "dataset": 0,
    "circuit_id": 2,
    "layer": 3,
    "num_params": 36,
    "expr": 0.012233257797888926,
    "entcap": 0.8823057256493484,
    "num_iter": 48,
    "last_cost_avg": 0.026401519775390625
}