{"f": [0.0755615234375, 0.05963134765625, 0.0360107421875, 0.05072021484375, 0.06414794921875, 0.0728759765625, 0.06298828125, 0.05804443359375, 0.0791015625, 0.08819580078125, 0.01446533203125, 0.00970458984375, 0.10369873046875, 0.05828857421875, 0.01336669921875, 0.046142578125, 0.0838623046875, 0.0350341796875, 0.06988525390625, 0.01214599609375, 0.07745361328125, 0.0931396484375, 0.028076171875, 0.1142578125, 0.07611083984375, 0.05316162109375, 0.06878662109375, 0.06256103515625, 0.09442138671875, 0.04638671875, 0.06494140625, 0.0751953125, 0.0284423828125, 0.07080078125, 0.043212890625, 0.07977294921875, 0.10565185546875, 0.08453369140625, 0.060302734375, 0.12078857421875, 0.0257568359375, 0.10272216796875, 0.04443359375, 0.03033447265625, 0.01910400390625, 0.10345458984375, 0.04412841796875, 0.123291015625, 0.0811767578125, 0.0626220703125, 0.11260986328125, 0.0693359375, 0.10931396484375, 0.0792236328125, 0.05303955078125, 0.0870361328125, -0.00555419921875, 0.0960693359375, 0.0753173828125, 0.06494140625, 0.01763916015625, 0.070068359375, 0.093017578125, 0.07598876953125], "accuracy": 0.359375}