{
    "dataset": 0,
    "circuit_id": 16,
    "layer": 1,
    "num_params": 17,
    "expr": 0.30442277863409384,
    "entcap": 0.1888145019968975,
    "num_iter": 101,
    "last_cost_avg": 0.16472244262695312,
    "accuracy": 0.90625
}