{
    "dataset": 552,
    "last_cost_avg": 0.08687622854335743,
    "statevector_real": [
        -0.08513836309647892,
        -0.043455857407861384,
        -0.05973072791467647,
        0.06840096385373674,
        -0.10911454363137661,
        -0.005171437638911069,
        -0.11389884976501867,
        0.05989203487313241,
        0.08203602352559097,
        0.0820329816248619,
        -0.10239679374186356,
        0.057401643596405455,
        -0.0751357383458572,
        -0.057300059368123615,
        -0.10466678318931116,
        -0.06137428791661444,
        -0.004625520665150773,
        -0.0038645513583476705,
        0.09789777507213067,
        0.06132783500288822,
        0.10853593727824189,
        -0.0165415355140516,
        0.11688168309735963,
        0.07905950647817216,
        -0.06274333755125132,
        0.09033695229575107,
        0.16251756000375012,
        -0.022857753159079893,
        -0.05979046507502515,
        0.010728501001201029,
        0.05932538428854078,
        0.009148507114249617,
        0.08571532118964066,
        0.029531754977509175,
        0.0549956502030857,
        -0.13359645328075956,
        -0.1424446778605566,
        -0.016844724899593,
        -0.13382359044052827,
        -0.059752995383331065,
        0.12208319781220245,
        -0.11476719170622751,
        0.0022481957317854,
        -0.064114125389235,
        -0.10047799294378981,
        -0.06766013985825083,
        -0.019105698773102153,
        -0.14805388327851382,
        -0.13376986832287802,
        -0.12579758072520378,
        0.03959261514983209,
        -0.1373529988027163,
        -0.02159077556696154,
        -0.11384120825466919,
        0.005127092501720404,
        0.032697640249623725,
        -0.1571329884895023,
        -0.07078822330823711,
        -0.10030715919298888,
        0.0357075633825216,
        0.011353953939633437,
        -0.16657148393311966,
        -0.10555284104569793,
        -0.10395660748121026
    ],
    "statevector_imag": [
        -0.046877311154247626,
        -0.0622265719741842,
        -0.044419705495632074,
        -0.07734870991881541,
        -0.09621516169558214,
        0.14972009447970736,
        -0.026282342680501912,
        0.006541161552054933,
        0.051080808811398835,
        0.08731182046458019,
        -0.09274431850766574,
        -0.10664265591411885,
        -0.12520274891795405,
        -0.020404214075060444,
        -0.060904192132273535,
        0.17231640428707462,
        0.003915394444548899,
        -0.10204480433957151,
        0.0765560844121396,
        0.14748381713006023,
        0.06597659248315309,
        -0.10171957463663316,
        0.08365662437774632,
        0.08833513256637988,
        0.12397945683234768,
        -0.00530765727891646,
        0.012582835165265174,
        -0.149402526333136,
        0.011872185281105138,
        -0.014703820900189141,
        -0.04062413687349797,
        -0.00018508839062457148,
        0.12067819638828714,
        0.1089930325567931,
        -0.1681139073572123,
        -0.030355903284830395,
        0.141407522114238,
        -0.044985864177129076,
        0.0494079314891027,
        -0.15393522208087707,
        0.14670411001026046,
        0.002999150376602789,
        -0.02073217648134559,
        -0.03491322664921347,
        -0.062415361212827425,
        0.04781810733035342,
        -0.16352844451433535,
        -0.07033092762927134,
        -0.08987629546464594,
        -0.052789704061700374,
        -0.15962787272921422,
        -0.12674814837102474,
        0.0594199045078263,
        0.0175118987587334,
        -0.016493100949387583,
        0.09665798059947743,
        -0.11835540603149984,
        0.09802142132598335,
        0.07553600320123582,
        -0.019853883584729663,
        0.02225957725486844,
        -0.014426884218360825,
        0.12630536069016932,
        -0.03316260013803209
    ]
}