{
    "dataset": 865,
    "last_cost_avg": 0.14257403879675426,
    "statevector_real": [
        0.11027158045061544,
        0.10280652083989919,
        -0.07523407984665555,
        -0.07699184527417961,
        -0.07975985065967725,
        0.08737514643995571,
        -0.20551005818287568,
        -0.11521367551418213,
        0.03711370892779963,
        -0.013432927933929764,
        0.06539351723440624,
        -0.05481057897179146,
        -0.287440623840892,
        0.08829864763274768,
        0.15479486537130036,
        -0.013625880178296006,
        0.014153835182867086,
        0.07615005555088804,
        -0.1480319930246719,
        0.03750440652581736,
        -0.2268524142163625,
        -0.027193975309337936,
        -0.046784639262655546,
        -0.01928243797656907,
        -0.03426651323970671,
        -0.1289093208213406,
        0.00019005839793904354,
        0.0786915010176618,
        0.24150105444013936,
        0.036790134729270445,
        0.14479869801496903,
        -0.015979023322404418
    ],
    "statevector_imag": [
        -0.07750110665767017,
        -0.2170507749406717,
        0.14201100532663283,
        0.013973830848001566,
        0.181132469849515,
        -0.03372449955109546,
        -0.12593835239309403,
        -0.04983941176758792,
        0.051135601908525743,
        0.004919275472696992,
        -0.1836371461314608,
        -0.05323569458161532,
        -0.05716219660108726,
        0.09117722556249475,
        -0.12437741294213149,
        -0.2689805475882481,
        -0.1552386955377565,
        -0.004258670811167698,
        -0.11656074509550361,
        -0.2044236238064657,
        0.015224268589960472,
        -0.06017767221974407,
        -0.19234171054735735,
        -0.27695528949049053,
        -0.09579900048321585,
        0.01716789690568474,
        0.09102107679166514,
        0.12151486805300424,
        -0.02248044621675494,
        -0.22966405527388012,
        -0.025367209005022675,
        0.18968492350418206
    ]
}