{
    "dataset": 693,
    "last_cost_avg": 0.06345701168813908,
    "statevector_real": [
        0.11406542515336213,
        0.09387045852944037,
        -0.030743289062860432,
        0.12004182826812741,
        0.011322370672009804,
        0.10236791145703537,
        -0.03800481751840502,
        0.01893539035919915,
        -0.08303119240301145,
        -0.14673828268176126,
        0.12264621521767222,
        -0.11301386426820303,
        0.11598853818701373,
        0.007185345375421096,
        0.06182900764607168,
        0.018591725599511822,
        0.018132435317618194,
        0.1142058265051763,
        0.14770327469024425,
        0.1681767193284195,
        -0.1821180277463463,
        -0.023711452153186388,
        0.020672985926074323,
        0.1767637347627055,
        0.23743567227837659,
        0.12791401780700426,
        -0.2518446643327909,
        -0.06832019550006627,
        0.058333096694776335,
        -0.0009084909100162392,
        0.11375094357966876,
        0.015731819443719413
    ],
    "statevector_imag": [
        0.04658070192103441,
        0.3218796163452488,
        0.10179828875289493,
        -0.2941150327507571,
        -0.1534764211022768,
        -0.07584194735406172,
        -0.04462276632918178,
        -0.01112736654212701,
        0.11339478963603837,
        0.11898368523107271,
        0.029147799105417194,
        -0.010496955141419158,
        -0.09392866089432683,
        0.1345093868400305,
        0.07362857280416195,
        0.13002914468405552,
        0.042239197022236184,
        0.1445585088725019,
        0.10523270790253487,
        -0.02296436735249328,
        0.044832938877006394,
        0.18017824524800974,
        0.1170985400365738,
        -0.09230967241190133,
        -0.06763144079125012,
        0.24551395556207198,
        0.05494978335611826,
        0.063479658924311,
        0.2124990730277068,
        -0.03765516931481692,
        -0.1669520759116177,
        -0.20391650536539985
    ]
}