{
    "dataset": 810,
    "last_cost_avg": 0.08685302936411542,
    "statevector_real": [
        0.07990102637807985,
        -0.05823367218340535,
        0.021192882810243563,
        -0.07238182759998847,
        0.09166445139055275,
        -0.09906693375841474,
        -0.13183626643876126,
        -0.042062638865571114,
        0.09352841933979542,
        -0.08602599211026801,
        -0.006652214563874661,
        0.10800699234787231,
        -0.0008211902234775324,
        -0.08180442931754987,
        0.060942548507317715,
        0.004913839062220782,
        0.13305251126266165,
        -0.047294241742381615,
        -0.06819544836284987,
        0.008100109684210866,
        0.016185354051074217,
        0.0163114852169585,
        0.09989070405184956,
        0.12248854339767985,
        -0.09517637508318637,
        0.09281534588138703,
        -0.0681525043947487,
        -0.05686607053652923,
        0.08472952767684819,
        0.01918182954080954,
        -0.08077845818706945,
        -0.1323811448543849,
        0.09840260338175481,
        -0.012623571435647896,
        0.02248587219219386,
        0.05848629190765367,
        0.022692764904841956,
        -0.057370477146901716,
        0.14047139294444333,
        0.15103012595809412,
        0.056080465516082,
        0.0027826441180806775,
        0.02739643741891781,
        0.023580808590189885,
        -0.19733875934849573,
        -0.022754631574134678,
        0.0028209130845548535,
        0.12938097059802525,
        0.10162653682119577,
        -0.00038928783684231033,
        0.15952363153780108,
        -0.07339223056725994,
        -0.0964622676075504,
        -0.046878218389417185,
        -0.12870003596921983,
        0.04741129823891169,
        -0.10262006541436497,
        0.06448409628348677,
        0.10299589005793529,
        -0.03796827651893436,
        0.0009330565376092819,
        -0.12288815108051596,
        0.0041677068092106535,
        0.10261129256258296
    ],
    "statevector_imag": [
        -0.04990062137142648,
        -0.0015596060820248345,
        0.08557598597972989,
        0.06100187770685761,
        -0.07303381025954184,
        -0.16868167372846044,
        0.07759529670138385,
        0.11615145911062418,
        0.043379013361582126,
        0.07340974317091246,
        0.13830610493297216,
        0.011294220270429003,
        -0.16671191713443342,
        -0.043260203726461714,
        0.15665579286588102,
        0.07717756749880687,
        0.012885528776095896,
        -0.11698657242246306,
        0.1683361076354037,
        -0.004226785492975245,
        0.06348481930885617,
        -0.08782510415431878,
        -0.12014792437990077,
        0.1066173640454594,
        -0.0772417343852717,
        0.03940033376712985,
        -0.06615882270297278,
        -0.12308011061880961,
        0.056508232171777986,
        0.06571915984962506,
        -0.06966184025112299,
        -0.04611029863472427,
        0.08670920577303437,
        -0.11742719710038638,
        0.04769687367563925,
        0.11288460333332719,
        -0.09952060726214616,
        -0.03471166078593917,
        0.03144120678265212,
        -0.06924067081157792,
        0.0894125166315528,
        0.011087865419490427,
        -0.15085665226995906,
        0.03243993041890214,
        -0.09923455740058638,
        -0.1761735338444565,
        -0.10690808988713905,
        -0.0633019617043083,
        0.11783641357104678,
        -0.0018896850745497484,
        -0.12182568662222422,
        -0.10805382425635986,
        0.10773706895262847,
        -0.15245898199900193,
        -0.053461407731929395,
        -0.08897538324885207,
        -0.038788407998807846,
        0.055255238709486655,
        -0.09614768599382575,
        -0.06963452012899263,
        -0.15862850577962376,
        -0.05129291392646927,
        -0.08992548428061913,
        -0.008642887227119408
    ]
}