{
    "dataset": 0,
    "circuit_id": 10,
    "layer": 6,
    "num_params": 35,
    "expr": 0.10380059086385501,
    "entcap": 0.8269080120585544,
    "num_iter": 134,
    "last_cost_avg": 0.08876800537109375,
    "accuracy": 0.96875
}