{
    "dataset": 2367,
    "last_cost_avg": 0.0750329086659033,
    "statevector_real": [
        -0.14968879204033947,
        -0.05319094070015997,
        -0.11087884230583109,
        0.18458585012043627,
        -0.08135349239172451,
        0.1248886430767127,
        0.11121520300889202,
        0.24739562445592958,
        -0.1648841063611013,
        0.09614567493124021,
        0.06754768091754634,
        -0.0035771978159406114,
        -0.23848349389841172,
        0.07503142872290965,
        -0.09427094210168531,
        0.034953180214344653,
        0.009875255144585258,
        0.10276992367560073,
        -0.2242507887094033,
        -0.020710272493968236,
        0.017886476456497432,
        0.11431476414311573,
        -0.12528764108677065,
        0.19783243734340814,
        -0.16510937288797325,
        0.028574427813075714,
        -0.04989928607490783,
        -0.1370632504794762,
        0.127128788160014,
        -0.1225790064809137,
        -0.19329802822039288,
        -0.12643159531609693
    ],
    "statevector_imag": [
        0.1248143336832827,
        -0.18645015413824603,
        -0.15980892406982805,
        -0.12714073760732747,
        0.04207406200671603,
        -0.08780097696053098,
        -0.010437129795836051,
        0.018184689589888753,
        -0.05476129103095554,
        -0.03510066255026679,
        0.08994577122089062,
        -0.06897392519789719,
        -0.16265219850162424,
        -0.10409671079065934,
        -0.1280459543569478,
        0.04820140140115207,
        -0.1684757308222926,
        -0.20902246586893555,
        -0.011922363903063818,
        0.06700429114787991,
        0.00013471684574084073,
        0.04834179937221532,
        -0.19337599459732852,
        -0.09763848259125019,
        -0.13171869541461712,
        0.011725548204730834,
        0.13616844339906276,
        -0.20766625951291331,
        0.14999082730420343,
        0.17187655099632043,
        -0.002057042638532186,
        0.15257193911792194
    ]
}