{
    "dataset": 2985,
    "last_cost_avg": 0.11671270357830119,
    "statevector_real": [
        -0.09081481888000885,
        -0.13501446057522157,
        -0.09502467873831259,
        -0.0676688855745481,
        -0.06306790817593415,
        0.06308513128587734,
        -0.013816353369687921,
        -0.06603169521886615,
        -0.22519463354093214,
        0.003524593891115031,
        -0.11625053257831149,
        -0.06111798753315132,
        -0.01040593124883094,
        0.03480292367863903,
        -0.015267711089581804,
        0.054959204511390365,
        -0.010854298956926998,
        -0.023931240343466498,
        -0.1930328549682194,
        -0.1461714975481751,
        0.003922930478308784,
        0.1395219974608817,
        -0.11727355680875515,
        -0.031075719326362838,
        0.04129535537147365,
        0.03252185665215012,
        -0.09320670394935368,
        -0.01579524398789937,
        -0.003841432660990818,
        0.03500465503888393,
        0.19848914328303285,
        -0.2546767624325566
    ],
    "statevector_imag": [
        0.05157104195754589,
        0.042761425105904624,
        -0.10904293399280154,
        -0.18521701305223132,
        0.07407509605733859,
        -0.14416997111240498,
        0.19689286612991422,
        0.18679883772247985,
        0.25092574970102616,
        0.0013562138457807506,
        -0.0803479359804139,
        0.23508048962537495,
        -0.06553082011406504,
        -0.1705734866705048,
        -0.023873357016562468,
        -0.10748983300625041,
        0.02038138579543442,
        0.13447951239900052,
        -0.05374693625389968,
        0.1387953376769475,
        -0.0962047623259564,
        -0.16654763251502802,
        0.21635292256760516,
        -0.03828856760908267,
        -0.058915985986551726,
        0.1993275524607908,
        0.19454146071682712,
        0.24525368197000885,
        0.017001634307631727,
        0.2212429975017084,
        -0.16420878603493538,
        -0.002440882920514402
    ]
}