{
    "dataset": 3644,
    "last_cost_avg": 0.13029817449501427,
    "statevector_real": [
        0.0015110808314702984,
        -0.22270946673922995,
        -0.27130109267574937,
        0.10592083719114584,
        0.10866373832630181,
        -0.14813980210731406,
        -0.029844033198212768,
        0.015392227783019194,
        -0.010770687136173854,
        0.08317776565006998,
        -0.07577124780278065,
        0.1309835109908282,
        -0.16635569727349517,
        -0.015603551609313664,
        0.14749287716371914,
        -0.17331420896431854,
        0.08594461253475796,
        -0.10158262844004279,
        -0.14585318109919343,
        -0.13884560130593987,
        0.18312975164212125,
        -0.06470481762633501,
        0.2286808895825385,
        -0.10612596099427857,
        0.07034980026785898,
        0.14955670456079498,
        -0.14243429922080839,
        -0.18333609574990592,
        -0.0023907628710409592,
        0.12011491266587068,
        -0.22348859722347406,
        0.06197498540716361
    ],
    "statevector_imag": [
        -0.0017973996773149252,
        -0.048050102153581645,
        0.11334322724957702,
        -0.19017723636956865,
        0.032339973084162185,
        0.05021686806119215,
        -0.009984208040921472,
        0.1932994624633256,
        -0.02836113061048286,
        -0.007112758338432526,
        -0.16869686356031696,
        -0.20954046910322724,
        -0.005702022916777018,
        -0.049558228505478176,
        -0.15920429188866655,
        -0.07704101449960714,
        0.18239896554563476,
        0.09858824563290533,
        0.12322818152492128,
        0.21159779647255733,
        0.20030443532207687,
        -0.12875569647681745,
        -0.05393812449351674,
        -0.09492207450298222,
        0.09958862754849676,
        -0.08011726141293976,
        0.05657844856072793,
        -0.025207289931800218,
        0.004261725208940849,
        0.14395955423244966,
        -0.004412342340071878,
        0.015020588814613111
    ]
}