{
    "dataset": 0,
    "circuit_id": 12,
    "layer": 8,
    "num_params": 160,
    "expr": 0.0026671860602264156,
    "entcap": 0.9086066152595179,
    "num_iter": 86,
    "last_cost_avg": 0.11832427978515625,
    "accuracy": 0.859375
}