{
    "dataset": 531,
    "last_cost_avg": 0.08014663208519845,
    "statevector_real": [
        -0.11304691172836566,
        0.038539300033127964,
        -0.06486250892414125,
        -0.18289828601042155,
        -0.016942632042738354,
        0.0679127659124946,
        0.10107073343664538,
        -0.09481882689073863,
        -0.005474002212548709,
        0.09597285722206654,
        0.09163539961626091,
        0.12108666718495756,
        0.007877827225455844,
        -0.09359865982172903,
        -0.05198137148707398,
        -0.03983885955762415,
        -0.014289742551888678,
        -0.11394459273591209,
        0.025442139135285695,
        -0.005502814743898484,
        0.10171134331529208,
        -0.05957097104073124,
        -0.06342851933353301,
        -0.10289246924806082,
        -0.1588519049899015,
        0.09788585824261052,
        -0.002977748230813692,
        -0.033410558785839435,
        -0.11066465945702904,
        0.10941022233404728,
        0.13099709344352317,
        -0.13298698110243426,
        0.07485120808706736,
        0.1164589357834692,
        -0.05765302583114791,
        0.03344901308520463,
        0.024153482904112504,
        -0.0030960140869309236,
        0.15355157223722377,
        -0.10768952261427943,
        0.15004957053007,
        0.13047845665784594,
        0.0788315332100429,
        -0.058747123227709294,
        0.009022003970943729,
        -0.0896791799805739,
        -0.07857372808511694,
        0.1027007387501892,
        0.10610206738241956,
        -0.14904198160536153,
        -0.1054602326874866,
        -0.11051557448549205,
        -0.002213579891546776,
        0.08618009425517346,
        -0.0442370370326003,
        -0.12613718639442398,
        0.052684465150530255,
        -0.15881059217693558,
        0.04463379077279789,
        -0.08815930296372748,
        -0.03258855966638774,
        -0.06982048381911343,
        -0.08956687267958091,
        0.0570715708055247
    ],
    "statevector_imag": [
        0.10693726207904766,
        0.02445015659033736,
        -0.04322953992851436,
        -0.021622419033067476,
        -0.026412402356769872,
        -0.012429525308963156,
        0.10185847579444104,
        -0.05946774655882097,
        -0.08132007998680217,
        -0.10927600668349506,
        -0.012748968163092726,
        0.01849516308403979,
        -0.0037848009799254572,
        -0.09917729383403547,
        -0.03514981917044206,
        -0.08632378690371638,
        -0.007081531347582871,
        -0.020151047645973544,
        0.04574365618089295,
        -0.0024111959445722955,
        -0.08755363846397209,
        -0.05077555832134559,
        -0.005440571193067837,
        0.07541414870580182,
        0.04494477077652728,
        0.10386020342759869,
        0.10530030803056618,
        0.06946423703541497,
        -0.024258773050948354,
        0.008977053577720879,
        0.11594908293637622,
        0.059704878729044036,
        0.14059768201589692,
        0.053744159526629746,
        -0.04376162799797269,
        0.16748070033099766,
        0.015401503570396467,
        0.0018061142187573316,
        0.06349768432984225,
        0.0794998572740522,
        -0.05863571610467123,
        -0.029858516679072133,
        -0.07391910326833574,
        -0.1759836191871139,
        -0.16613848873010287,
        -0.13123510992215517,
        0.1303229028638296,
        -0.07476874247638704,
        -0.01927633556545372,
        -0.0681376131046325,
        0.10439347957461073,
        0.1006197720990647,
        -0.019546488328094556,
        0.17398004410385504,
        -0.027458176444281057,
        0.03642659524713155,
        0.06090143637954089,
        0.1727764008682794,
        0.028066458720863885,
        0.14505001960939912,
        -0.11322004665479433,
        -0.053714154711798204,
        -0.14390655309923756,
        -0.1307182069840059
    ]
}