{
    "dataset": 0,
    "circuit_id": 11,
    "layer": 2,
    "num_params": 40,
    "expr": 0.028520927170566656,
    "entcap": 0.8015651728058011,
    "num_iter": 179,
    "last_cost_avg": 0.12467575073242188,
    "accuracy": 0.875
}