{
    "dataset": 0,
    "circuit_id": 5,
    "layer": 15,
    "num_params": 1050,
    "expr": 0.0013197549600984862,
    "entcap": 0.9766286910483356,
    "num_iter": 1024,
    "last_cost_avg": 0.03782493951160734
}