{
    "dataset": 2051,
    "last_cost_avg": 0.09256982390064294,
    "statevector_real": [
        0.01733045536835406,
        -0.09936038359784714,
        0.12214684542206253,
        -0.08242132815306505,
        0.06036273855608044,
        0.14557543860525368,
        -0.004987768678834823,
        0.10852365488147508,
        -0.10954480297858438,
        -0.12696758220130056,
        0.08414509683467909,
        0.10623884679841623,
        -0.008845212381076988,
        0.09927879543757122,
        -0.1271946011407585,
        0.08553491079835722,
        -0.043850776544779424,
        0.009171462936588057,
        0.060702700400361354,
        -0.01592678109283159,
        0.004627176105833102,
        0.012114824349051567,
        0.03954495047094055,
        0.07051172024703878,
        -0.13396899162887277,
        -0.006612169605245269,
        -0.09418642765160895,
        -0.005912538022331485,
        0.04545373271138876,
        0.04161935587079405,
        -0.03296185658057651,
        -0.04963951966134224,
        0.001323080913058693,
        -0.1027718734015425,
        0.03704768747988927,
        -0.06778979606761606,
        0.008460803302395509,
        -0.04579678398826138,
        -0.041246223145773246,
        -0.035003608270915684,
        0.0719421336053032,
        0.01558552394856874,
        -0.08775178967283719,
        0.12065173360377425,
        -0.12711917386953053,
        -0.0015968310749803105,
        0.01688667606518011,
        0.005563788376210899,
        -0.01978330941157099,
        0.0011123677685383044,
        0.10411740169005264,
        0.02728595557542036,
        -0.03672235999765734,
        -0.030990643757614983,
        -0.038581380501214305,
        0.002203003929745278,
        0.057112423312850186,
        0.007238413094395154,
        0.06997972324120837,
        -0.13122563542665516,
        0.09631759580827738,
        0.01756918723977196,
        0.1139071747432594,
        0.07584108950132211
    ],
    "statevector_imag": [
        0.15646901095887056,
        -0.1857646660832788,
        -0.012978274528877558,
        -0.13804981019666965,
        -0.0630334291487592,
        -0.002040375472015682,
        -0.012059822755075719,
        -0.1226294905133756,
        0.02715996085509576,
        0.14480037285646483,
        -0.08044872295368481,
        0.07106931785469092,
        -0.002118783605583072,
        0.06511827750933265,
        -0.13616144048498885,
        -0.009577251178513527,
        0.07473467865540484,
        -0.0841330453951597,
        -0.08208619824853633,
        0.008265234728171564,
        0.03421588183864703,
        0.0041529802453578735,
        0.1361115324632724,
        0.09690617222122218,
        -0.09776766825497926,
        0.1794932564385595,
        0.11150536023202935,
        0.016702489128802078,
        -0.08140000725039959,
        0.152274167734155,
        0.11911150307223321,
        -0.028017153009558066,
        0.0019890582454397364,
        -0.06897124793279644,
        -0.1151647887613479,
        -0.15769097675220356,
        -0.003773689651585473,
        0.1791701481901685,
        0.063866970106956,
        0.0187088928198139,
        0.13266641551558148,
        0.021331629400710896,
        -0.10031372340290882,
        0.17434432081727638,
        -0.022383682059252157,
        0.06714343815665462,
        -0.1475411040089243,
        -0.009081271272549865,
        0.0026152356731537307,
        0.015603353306141949,
        0.045857622614391295,
        -0.13147404846620622,
        -0.1229486897332815,
        0.13748918199415883,
        0.12052978840441766,
        -0.13509108789786578,
        0.005398665473820031,
        0.1420567053302957,
        -0.021035206781666087,
        -0.11202040344677434,
        0.08052875441026591,
        -0.19536892768418956,
        0.164868396062863,
        -0.10837498139598245
    ]
}