{
    "dataset": 573,
    "last_cost_avg": 0.09423219595001973,
    "statevector_real": [
        -0.21827387787075042,
        -0.16586711436487941,
        -0.15364895714057025,
        0.1831027896784757,
        0.006953116255734296,
        0.10611623352683974,
        0.020944309772196676,
        0.03306201648957599,
        -0.18034692441523087,
        -0.08771025627484037,
        0.2214719681495035,
        -0.17079095640004627,
        0.09249655365139683,
        -0.0509633897492219,
        -0.13291102571535446,
        0.08224216533606486,
        0.10498161406607129,
        -0.016074828533595015,
        0.004704663540594499,
        0.1314530772466705,
        -0.04348030548033103,
        0.22422012430766136,
        -0.15458625336400564,
        -0.0813044213361766,
        0.12003234705504623,
        -0.012580847427454177,
        0.1376019338424569,
        -0.15198462279555947,
        0.10090829359302093,
        -0.045998397758125795,
        -0.22505114961015624,
        -0.10705673001300622
    ],
    "statevector_imag": [
        -0.033353067938680425,
        -0.06073892955455014,
        0.06657948193264875,
        -0.1818501358101831,
        -0.09186722610110368,
        0.2302710700188397,
        -0.01592786648184774,
        -0.2149403991736401,
        0.09625751229507917,
        0.13183073113266483,
        0.05785163798463064,
        -0.0790132048214034,
        0.14986355531365228,
        0.07219597085946099,
        -0.20868240489657366,
        0.08466553231261612,
        -0.10051230276763935,
        -0.0171522626555089,
        0.0071011836546434675,
        0.15807820774708858,
        -0.04519362792244579,
        -0.043491422927419546,
        0.14462551377383884,
        -0.2106491335487473,
        -0.033561485186456456,
        -0.11699442679826211,
        0.10050235971479234,
        -0.12620777484796084,
        -0.05694256871859643,
        -0.103199414080651,
        -0.13679543871741778,
        0.12504406430995033
    ]
}