{
    "dataset": 2810,
    "last_cost_avg": 0.10243444574363059,
    "statevector_real": [
        0.1850329451267828,
        -0.06645221032380798,
        0.11687937436590377,
        0.08365176234440057,
        0.06332119145594874,
        0.056502828383805555,
        0.14867847115558366,
        -0.22137295807274643,
        0.07364444543055457,
        0.021145128142850033,
        -0.1312341481272446,
        0.007712159704949716,
        -0.025786791454787617,
        -0.22611855757241672,
        0.0981292840517239,
        0.09433751740129731,
        0.13945039861002562,
        -0.0172937332703219,
        0.07879119099361086,
        -0.1765489323220877,
        0.03790126314146564,
        -0.06671463486394684,
        0.0911862205890535,
        -0.010859157696510257,
        -0.003495878398482154,
        0.04898635821403608,
        -0.09025354296656898,
        0.11880261438197134,
        -0.17689929514183905,
        0.0006217140885386328,
        0.012028561529887353,
        0.07855517036088935
    ],
    "statevector_imag": [
        -0.16351431214575604,
        0.1692940725389684,
        0.04702030736550411,
        -0.22508534653953174,
        -0.22013816386695143,
        -0.07433169921939403,
        -0.017002951503984065,
        0.019732356428751166,
        0.017896838677123893,
        -0.06523750379180203,
        -0.10289531991395286,
        0.13917181770540885,
        -0.012612500769972486,
        -0.048378600952480366,
        0.183311143489469,
        -0.20893654782765164,
        -0.09118291331550431,
        -0.04741002786515094,
        -0.19022268813293494,
        0.005269862188444332,
        0.2678051123175507,
        0.22025758279843247,
        -0.30107323597602925,
        0.0071538008599552096,
        -0.002234809662260207,
        0.17620774962480887,
        0.04540354942242708,
        -0.027707734390259493,
        -0.2152227951648533,
        0.0382675260893413,
        -0.025501821797791206,
        -0.13388969882022808
    ]
}