{
    "dataset": 1353,
    "last_cost_avg": 0.11833022765238245,
    "statevector_real": [
        -0.17225575706711635,
        -0.04972941343354481,
        -0.09171964829489848,
        -0.18013821632666574,
        0.026911743512114374,
        -0.138304141854753,
        0.16631199951472042,
        -0.07949985170904378,
        -0.19931264468086113,
        -0.009187561503466175,
        -0.002253686822502744,
        0.016261050814246704,
        -0.19180964808712345,
        0.059301789924359485,
        0.01392658974519654,
        0.07755368340302646,
        -0.18216562023181873,
        -0.07180484935458349,
        0.12728190999682273,
        0.21686381297031085,
        -0.16922451582705655,
        0.002552258667750033,
        -0.018292843744488165,
        -0.16149869943261766,
        0.028175760529347307,
        -0.07442731111191832,
        0.055963552734154945,
        -0.010655311756307137,
        0.024024283099400967,
        0.16792950828504244,
        0.14028906622818255,
        -0.1716343545855233
    ],
    "statevector_imag": [
        -0.03625868238379164,
        -0.15625430510846125,
        0.14862908975227307,
        -0.13692610583343065,
        -0.18742586929563387,
        0.2513006314385899,
        0.0030287957429045347,
        -0.08246119545336497,
        -0.052372643427132375,
        0.021381092783131387,
        -0.009601263472340957,
        0.014835538970765078,
        0.09333872202048993,
        -0.13422177337372854,
        -0.16712423497984236,
        0.11594117414914493,
        -0.14985858978269248,
        0.16848209387338495,
        0.07805899816424704,
        -0.14817102045416689,
        -0.057132032108450706,
        -0.043186534064759155,
        -0.046128483182270044,
        -0.11399385290716102,
        -0.19600260486377033,
        0.08541873390832429,
        0.0936675211612514,
        0.2134361839163232,
        0.1663695538340822,
        -0.1460787664893444,
        -0.10258922387677868,
        -0.2010948481336907
    ]
}