{"f": [0.02374267578125, 0.11773681640625, 0.06793212890625, 0.08978271484375, 0.09991455078125, 0.0594482421875, 0.0416259765625, 0.08673095703125, 0.056396484375, 0.10589599609375, 0.083984375, 0.0721435546875, 0.06719970703125, 0.03814697265625, 0.09124755859375, 0.10943603515625, 0.05047607421875, 0.0855712890625, 0.07427978515625, 0.0994873046875, 0.0921630859375, 0.15350341796875, 0.06201171875, 0.0372314453125, 0.07672119140625, 0.0654296875, 0.089599609375, 0.1131591796875, 0.04400634765625, 0.0556640625, 0.08038330078125, 0.08624267578125, 0.0372314453125, 0.0838623046875, 0.1201171875, 0.07403564453125, 0.02471923828125, 0.064208984375, 0.0335693359375, 0.12139892578125, 0.06610107421875, 0.0350341796875, 0.091796875, 0.05230712890625, 0.06182861328125, 0.0574951171875, 0.07843017578125, 0.029541015625, 0.08935546875, 0.091796875, 0.07354736328125, 0.085693359375, 0.01519775390625, 0.10498046875, 0.10107421875, 0.0595703125, 0.0548095703125, 0.13824462890625, 0.1483154296875, 0.07647705078125, 0.06475830078125, 0.07403564453125, 0.0650634765625, 0.0406494140625], "accuracy": 0.34375}