{
    "dataset": 894,
    "last_cost_avg": 0.09357889590678162,
    "alpha": [
        0.04775343891956899,
        0.027687062169700977,
        0.04811759011727627,
        0.04531360204632097,
        0.03196307600504834,
        0.02760645349107723,
        0.026026160829470315,
        0.04500778339048308,
        0.02028899545129509,
        0.0003950187188408553,
        0.08751637432095451,
        0.04828873386632265,
        0.03966257333397394,
        0.012412431788177771,
        0.015578204608666976,
        0.00012671313920973118,
        0.0264905057488627,
        0.02565203955762074,
        0.040261800810711325,
        0.026690157015998892,
        0.07116172805788945,
        0.021729716611785885,
        0.0573816917827032,
        0.005988888104116636,
        0.02542678485630186,
        0.005192017639097949,
        0.02656306780103772,
        0.03516419804509823,
        0.018483304052549977,
        0.06248546629301348,
        0.016714776362270603,
        0.010869645064553637
    ]
}