{
    "dataset": 663,
    "last_cost_avg": 0.07744784916219491,
    "statevector_real": [
        0.17754349305079029,
        0.001821979625853327,
        -0.13679034390166572,
        0.08828952457245352,
        0.1743325162012932,
        0.09568967772272825,
        -0.14245709040747273,
        -0.12453584331402719,
        -0.06138423314225511,
        -0.1884883081764768,
        -0.09688172089547135,
        0.10763032901157249,
        -0.11953804437700923,
        0.06081240644068763,
        -0.017239733821372723,
        0.11612094203694012,
        0.10262027458401671,
        -0.03288673331197046,
        -0.09987135951343977,
        -0.08037072230100023,
        0.10510526110982145,
        -0.043274236882687084,
        -0.007748431919698881,
        0.06762189505398214,
        -0.10848988752970529,
        0.166988715230707,
        0.07372511365302559,
        -0.09161130478562443,
        0.0018665682119700002,
        0.05023840770116977,
        -0.051842701239232854,
        -0.0243908276054992,
        0.12887051723859477,
        -0.0816094559103181,
        -0.07937395973726279,
        -0.08696110836910512,
        -0.0894771549518925,
        -0.0238637555314713,
        -0.1250856414753163,
        -0.01799673808165766,
        0.047157263020338486,
        0.07954213780554177,
        0.03582613330694138,
        -0.1627568732145792,
        0.1149130488587195,
        -0.006916727711540928,
        -0.014481297107482706,
        0.1767643933524021,
        0.035878039225146555,
        -0.029167087083612913,
        0.0436666349562507,
        0.053676828621231513,
        0.019564043758073316,
        -0.07079382364132106,
        0.049947997946287084,
        0.004715644511187584,
        0.10709971453468957,
        -0.05546238248591815,
        -0.047760291999675734,
        -0.012397272329477729,
        -0.06302500484946509,
        -0.040123447554326876,
        -0.022616152684034257,
        -0.08206505215576711
    ],
    "statevector_imag": [
        -0.06190183829967586,
        -0.06182416546304008,
        0.06180853904555564,
        0.03524289175487711,
        0.058244004611257845,
        0.08277962002461949,
        0.001287257722014741,
        0.03354758057814118,
        0.07002079045165645,
        0.034489945588245065,
        0.07071972522850466,
        0.0965868115696231,
        0.1254471975630424,
        0.04517324092821444,
        0.18241443442590813,
        -0.06712175891694205,
        0.0174686128837636,
        -0.1668236878440911,
        -0.054068558309270286,
        0.0702664640077428,
        0.06149796925184741,
        -0.06714257379806231,
        -0.13814986078974759,
        0.01980575299183837,
        0.020263207715722497,
        0.08845982897954469,
        0.02383043421621481,
        -0.11595032369995888,
        0.11918211749207658,
        -0.0802166690230968,
        -0.12101511373361058,
        0.05237578257468647,
        -0.05602688041013358,
        -0.08219031041533387,
        0.010224624074342764,
        -0.04184063159182253,
        0.07759338078389158,
        -0.01845698023315723,
        0.06521970665642693,
        0.1320639907827707,
        0.07230284180510661,
        -0.13234909804383543,
        -0.03268059528565716,
        0.04227513734462753,
        -0.026184574854583625,
        -0.038525554815956646,
        -0.08593601770678466,
        -0.03868789885264281,
        -0.08852790950667976,
        -0.014542164019635396,
        -0.11035985755547587,
        0.14100769837507657,
        -0.13263528164579197,
        -0.07186098531599666,
        -0.01712003787637439,
        0.11233082865222398,
        0.13236817958645766,
        -0.07624689039101806,
        0.05574775147350662,
        0.021554826683765405,
        -0.15694907174513256,
        -0.1582919030460388,
        -0.1485671327228918,
        0.08557432301087571
    ]
}