{
    "dataset": 963,
    "last_cost_avg": 0.0711748646147794,
    "statevector_real": [
        -0.19712737866183755,
        -0.12147687969133975,
        0.18613068105245076,
        0.12378490483319542,
        0.0032859287336843455,
        -0.09432971021997344,
        0.22070404239383012,
        -0.01485192897357543,
        -0.190559201163552,
        0.17553877884750393,
        -0.08506225721513694,
        0.11406834691297285,
        0.04914987613175018,
        -0.24288577844230183,
        -0.03394394323769016,
        0.11179486525924039,
        0.03641690484301935,
        -0.25806576550949606,
        0.0184729956208089,
        -0.01185224277791054,
        0.0216076764391675,
        0.15365356913669348,
        0.022217586687766917,
        0.11208985766834155,
        0.012056737363628191,
        -0.044638807360526195,
        0.03821621966117581,
        -0.00043473238334240666,
        -0.05565645116781732,
        -0.06989095139251436,
        0.1336242554296253,
        0.015332235862700353
    ],
    "statevector_imag": [
        0.05406345081843877,
        0.16933346940839922,
        0.0392799065417674,
        -0.09387126690271716,
        -0.1483760602236357,
        0.01407780424221206,
        0.0365512265525908,
        0.15182176221418292,
        -0.05716541019550071,
        0.05336449094693274,
        0.10761861302039633,
        0.029032531161044164,
        0.28789068245871946,
        0.08168844954291016,
        0.06248615896534417,
        -0.26148297276250004,
        0.14903314544962984,
        -0.015622492066853549,
        -0.09021902592439782,
        -0.13414482005050868,
        0.029373610294415195,
        0.07214646803204545,
        -0.18462336864419773,
        -0.06590842212065863,
        0.006316110039848197,
        -0.3171832399005358,
        -0.17555369107515809,
        -0.0013124065946754813,
        0.02818135074581656,
        0.12377105892266597,
        0.1769247702429639,
        -0.0063651151860052765
    ]
}