{
    "dataset": 0,
    "circuit_id": 11,
    "layer": 6,
    "num_params": 96,
    "expr": 0.007134290753859577,
    "entcap": 0.902361487130909,
    "num_iter": 152,
    "last_cost_avg": 0.09961700439453125,
    "accuracy": 0.875
}