{
    "dataset": 260,
    "last_cost_avg": 0.07926272308720195,
    "statevector_real": [
        0.013750605918340174,
        -0.021059360360715568,
        0.20068430474230037,
        -0.03958960417518725,
        0.004468819566554099,
        0.16926846015759928,
        0.06746072128478459,
        0.13767355155241282,
        -0.13637698245018923,
        0.015657512526421016,
        -0.03146923101217455,
        0.13048890108406414,
        0.03271976384750918,
        0.11242028537471722,
        -0.054317203477775584,
        0.16011807136946282,
        0.08711865308879392,
        0.04418608486872936,
        0.009109221520226637,
        0.10010369238360042,
        0.16062584586612594,
        -0.10780472080034334,
        0.030757584628378163,
        -0.016678196408240427,
        -0.10525399537545355,
        -0.13424000384984303,
        -0.0690997605758298,
        0.04606791670638838,
        -0.12366835484777745,
        -0.06935779844976409,
        0.017446097643405028,
        0.02109821648610066,
        -0.11165583835038606,
        -0.1061996311791754,
        0.011912462832762151,
        -0.1325581761699702,
        -0.09280238139237211,
        0.05201468810511478,
        -0.053627400666903115,
        -0.054441693471327865,
        0.15981536766714038,
        0.034261588588161786,
        0.008346862244796912,
        -0.08251661160831045,
        -0.08809579231358974,
        -0.0660373135383828,
        0.082987358668142,
        -0.0032687163616876846,
        -0.053595852869726575,
        0.003278118981533058,
        0.03412823557605177,
        -0.0021703781934310717,
        -0.10057736592293001,
        0.14200932570373023,
        0.03241000390867925,
        -0.0032900954173853292,
        0.013744047648700618,
        0.004785855478487113,
        -0.0649699369210208,
        0.02544985142551341,
        -0.19824114505415225,
        -0.09188905383868477,
        0.04198234292656399,
        -0.07698052544511994
    ],
    "statevector_imag": [
        -0.16122672548890812,
        -0.1402605225782964,
        -0.04552369276313659,
        0.0989974616894963,
        0.00898083782009814,
        -0.10412309413527723,
        0.04235972975327355,
        0.01648790542025011,
        -0.09872587651705056,
        0.1968878023869335,
        -0.06530575507194462,
        -0.042051841817731715,
        -0.095685997708154,
        -0.11370302003216377,
        -0.08895429050791516,
        -0.09250302650067083,
        -0.06335062440903184,
        -0.11246388444102676,
        -0.09562931655592266,
        0.03921641889448979,
        -0.03905953298427707,
        -0.05812931819537568,
        0.03896104511503668,
        -0.14081753200969213,
        -0.14895424549084196,
        0.08820313208145968,
        0.1092548057027542,
        0.08689039077615572,
        -0.04840539682211221,
        -0.07145201704484086,
        0.07018489140740353,
        0.014699662727399143,
        0.07322281637793315,
        -0.08030319127845618,
        -0.0036809586389233238,
        0.04209642365013271,
        -0.04361820321385261,
        -0.035896169713005556,
        -0.02244539952879896,
        0.03967145929704557,
        0.014608980498840284,
        0.06616619879977985,
        -0.04640159057892955,
        -0.0015842761549561958,
        0.0015402962335593843,
        -0.085818022976592,
        0.10739218611691861,
        -0.17917301360202673,
        -0.1824558261599563,
        0.10050081802343652,
        0.15286378715130663,
        -0.022252786193267485,
        -0.047065719135932285,
        0.006586999171957888,
        0.1370544120595793,
        -0.05378926800672229,
        0.10803884282285875,
        -0.05801692350723868,
        0.017874071783658886,
        0.08265642020553166,
        0.06904822802414616,
        -0.07964425871901887,
        0.15062396561414848,
        0.02916502748151463
    ]
}