{
    "dataset": 2030,
    "last_cost_avg": 0.08737503046053682,
    "statevector_real": [
        0.07383379570653047,
        0.04976877561856353,
        0.17018875646130552,
        0.020011265065515572,
        0.011590403862232564,
        0.09205393989528418,
        0.05936176541315316,
        0.012423828651489909,
        0.07098918692077684,
        0.05343155801166388,
        -0.02057137798150454,
        -0.09845874905315032,
        -0.04652396743793752,
        -0.005397446574789559,
        0.04893302932679313,
        -0.12785837031694236,
        -0.13108979715908844,
        0.07009192750256134,
        -0.06475778009651399,
        0.01156842160923311,
        -0.09199157006796893,
        0.04406092430377549,
        -0.17307932728438088,
        0.011851023035593771,
        0.09006911106158715,
        0.12307856520098168,
        0.02386802519712396,
        0.11011275326933484,
        -0.11178445397572483,
        -0.10495231748126539,
        0.00631022812097394,
        0.037762688702128254,
        0.11514358452234749,
        -0.11358483769064145,
        -0.01806756822302396,
        0.03347898936446114,
        -0.02412308748795785,
        0.0805982534791935,
        -0.1411028212263707,
        -0.11502697045579961,
        -0.054755098341344205,
        0.13028249545224144,
        0.09012735232837137,
        -0.03677281821382898,
        0.148156538214735,
        -0.030309769049769415,
        0.00889731085183078,
        0.08506439444156236,
        -0.02300854930056858,
        -0.00839114550046918,
        0.09949926119800612,
        -0.0974081036411167,
        -0.014652201928584676,
        -0.15525906790562202,
        -0.15462241315090142,
        -0.03565957506405344,
        0.048825617305244824,
        -0.03576670797135121,
        0.08495579177478349,
        0.07619643888913474,
        0.08247902792410415,
        -0.022867884135125544,
        0.13278423746059934,
        -0.13605769979934204
    ],
    "statevector_imag": [
        0.1021681028077445,
        -0.1895358763031139,
        0.0007233156318431219,
        0.09026308839772954,
        -0.14678451794358824,
        0.060159307095281944,
        0.15804467817219173,
        -0.15817077186526135,
        0.10919968138170713,
        -0.004687275056821952,
        0.006319870784233167,
        0.010645563338670415,
        0.1104942221137624,
        -0.02276823945619488,
        0.1264228213132473,
        -0.04788387243349909,
        -0.03365909287125472,
        -0.16054994846222115,
        0.13185425825681013,
        -0.08631604696878828,
        -0.08569324473625817,
        -0.13894638653713828,
        -0.0698297725024385,
        0.11196727033158448,
        0.08477323473304856,
        0.0770620693163659,
        -0.07146386044792413,
        0.05139332746184545,
        -0.1180536174964444,
        -0.02691710922196345,
        -0.010479271146039323,
        0.062177652185196865,
        0.0779525283462346,
        -0.019536054156986837,
        -0.10384251712184858,
        -0.05128671223458891,
        -0.1420963189026747,
        0.01772546675862984,
        0.01860843209626486,
        0.03260281172261138,
        0.02078765137748315,
        0.10972332622406819,
        0.03874814525451742,
        -0.16475861991269172,
        0.09580665401227867,
        -0.06971333492185888,
        -0.08407057847062017,
        0.10175365957823371,
        0.008246291260770925,
        0.10078067709150872,
        -0.02803991246478617,
        -0.08624564068766304,
        0.1310943929926546,
        -0.047197522332050046,
        -0.03668530696721991,
        0.041984403406521514,
        0.11082564947346103,
        -0.01738623372587252,
        -0.012863293227895888,
        -0.12107867081374538,
        0.1557320380342689,
        0.09307463591897076,
        0.04947970875225194,
        0.0176890962517204
    ]
}