{
    "dataset": 0,
    "circuit_id": 19,
    "layer": 9,
    "num_params": 162,
    "expr": 0.0028353652554440893,
    "entcap": 0.9346415394803455,
    "num_iter": 1024,
    "last_cost_avg": 0.03391214817697315
}