{
    "dataset": 0,
    "circuit_id": 16,
    "layer": 5,
    "num_params": 85,
    "expr": 0.03383363103643808,
    "entcap": 0.6189879064704672,
    "num_iter": 97,
    "last_cost_avg": 0.00453948974609375
}