{
    "dataset": 622,
    "last_cost_avg": 0.07384511066102727,
    "statevector_real": [
        0.0802430223821541,
        0.05548273014117196,
        0.06144780885206315,
        0.028641912929077157,
        -0.07299378698832733,
        -0.0019045474611237775,
        0.1169505758122442,
        0.06919696546457664,
        0.06388018307151712,
        -0.10868861132971175,
        0.007169476221737209,
        0.1074845238708309,
        -0.20917043816856423,
        0.05290394497586938,
        -0.019092563674295866,
        0.006802177923973649,
        -0.1820489569383211,
        0.08122728407135582,
        -0.005935536535441345,
        0.12610416541943636,
        0.05137175977001227,
        -0.0029995249926684396,
        -0.0188392938597588,
        0.12966106165780214,
        -0.050323098796091655,
        -0.06580003093743622,
        -0.1829839904233938,
        -0.13419406808314321,
        0.0978119744117096,
        -0.14294806700109114,
        -0.09986701203522813,
        -0.02890685980052521,
        0.015324197986303249,
        0.12407395167512379,
        -0.07730336358633128,
        -0.02713736041250754,
        -0.16273086350571292,
        0.05494314384448144,
        -0.04800554634406298,
        0.15834581109920692,
        -0.05688989543738486,
        -0.08660669171363482,
        0.03330945675434971,
        -0.04137420185210953,
        0.15964760491410968,
        -0.06462496953498224,
        0.022365580852500084,
        0.014305779835732854,
        -0.17232494587891542,
        0.040081290071591835,
        -0.14637330378836155,
        0.09195133513454391,
        0.1266504167956701,
        -0.12994077545207944,
        0.009450123795128369,
        0.08591350233248811,
        0.001683395459650474,
        0.05872223903451827,
        0.0610995885426769,
        -0.04008842951476813,
        -0.0058200329240583465,
        0.07501462633740351,
        0.08968087896172627,
        0.014313206679843832
    ],
    "statevector_imag": [
        0.10466655128922686,
        -0.09140052281258537,
        -0.179590310123138,
        -0.14689964045877205,
        -0.06840348368593914,
        0.002036520286289823,
        0.0700144872238735,
        0.013701174077921135,
        0.06959579261911877,
        0.1746542335410505,
        0.01865969811680612,
        0.12039160525757592,
        -0.05357647488722552,
        -0.055594915117656296,
        0.14646407194391398,
        -0.06443322770012018,
        0.05122531853654132,
        -0.012806933977470396,
        -0.10895925974558801,
        -0.010899647026955558,
        0.10093675701639569,
        -0.10502900765696216,
        0.13218419797029593,
        0.025039677981903163,
        0.018772739647581697,
        0.040546532933032516,
        0.0815866029599123,
        -0.07112706733919769,
        0.03429421024176564,
        0.055209879647256974,
        -0.09048241470916712,
        0.05928358322276852,
        0.004458832972867423,
        0.056816583108291345,
        -0.16011722074298282,
        -0.1472156367144181,
        0.028222490089776356,
        -0.09099975634268874,
        -0.10196283135345065,
        0.09482738919023966,
        0.08009956174141977,
        0.07306894391795586,
        0.11105234813986224,
        0.15312782771386665,
        0.027294516276199294,
        -0.04885274937883339,
        0.04455257414626535,
        -0.1058091723596642,
        -0.03470737999063795,
        0.0853509898748722,
        -0.06805230195760648,
        -0.024243337428774284,
        0.027696654015584084,
        0.02772639344329269,
        0.09397160769099401,
        0.007271665252855591,
        -0.03638498569326838,
        -0.03959303234063851,
        -0.02966056887179279,
        -0.038084552564841286,
        0.16692478990802717,
        -0.0006897159640945169,
        -0.07648951276685981,
        -0.1058679034831193
    ]
}