{
    "dataset": 676,
    "last_cost_avg": 0.08323157570761053,
    "statevector_real": [
        0.1390962098098543,
        -0.003738723257060093,
        0.1428751348635004,
        0.21708001052846843,
        0.08471908493983943,
        0.05296380369254405,
        0.015013051303695561,
        -0.22526636383545245,
        -0.12931082903328744,
        -0.0058315465046089145,
        0.13020713301881776,
        -0.11298751495879215,
        -0.048812498043028084,
        0.19751352960569585,
        0.1449325703808106,
        0.09681024879914943,
        0.11142035680969899,
        0.2168873837324344,
        -0.13668411382990533,
        0.11936580217331756,
        0.12079455502783402,
        -0.1750852414927616,
        0.02043726974944846,
        0.0017396344364609337,
        0.1379448580038596,
        0.16576045704752154,
        -0.003954954494214637,
        0.0888677854198356,
        0.003014211244137008,
        -0.13976825581265906,
        0.07282679423020577,
        0.08453587986052587
    ],
    "statevector_imag": [
        0.1576705330054382,
        -0.04992121217509305,
        -0.1322461452342723,
        -0.01391425395642811,
        0.09601341994834242,
        -0.27384910859677575,
        -0.21928234253925663,
        0.0643390874727279,
        0.09706048447731908,
        0.1734999712792362,
        0.12778036214120472,
        -0.021616275049574068,
        0.018009254533169247,
        -0.025326110977805988,
        0.06064027965014434,
        -0.09787774499183884,
        0.10566580982859686,
        -0.009669596345617653,
        -0.09313094332094354,
        0.15833004667494027,
        -0.00812328303064541,
        -0.10036799895999884,
        -0.22585428342053046,
        0.0008938725236918536,
        -0.19473063493155973,
        -0.17194472897108998,
        0.005601873651728995,
        -0.2651172176530088,
        -0.06903991372550254,
        -0.05192258709014106,
        -0.042908889956309024,
        0.06454207703297586
    ]
}