{
    "dataset": 62,
    "last_cost_avg": 0.08851746935794277,
    "statevector_real": [
        0.002184222957825297,
        0.0055880640282500085,
        -0.08466672189813322,
        0.05245937019849088,
        0.05562978523742344,
        0.1553177140815455,
        -0.064791817161806,
        -0.014287505990025783,
        -0.0817080818450996,
        -0.008963515817187243,
        0.08861103606138479,
        -0.03705024079191828,
        -0.06183802504882492,
        0.06129061818560546,
        0.1563396279782594,
        -0.009702293712842315,
        -0.01754869252459215,
        0.05316730028158292,
        0.07043056232224405,
        0.1215981176306929,
        -0.07214614652830001,
        -0.024543249446810404,
        0.0320484747687901,
        -0.1381045053039379,
        0.1185924548863129,
        -0.1619006596263232,
        -0.12615968685094556,
        -0.05509637316783531,
        -0.08086491489234975,
        0.11869651845900929,
        0.01380746360209343,
        -0.07076127765143841,
        0.04993120561432075,
        -0.003295127890938794,
        -0.11826458577765203,
        -0.052172567983382,
        0.00012471264880435136,
        0.12954701215679718,
        -0.025638795811775746,
        -0.10305719462565543,
        0.18200136786017188,
        0.1336118680494302,
        0.13243327768798185,
        0.02584485739466149,
        0.08450835402686241,
        -0.002424083501974371,
        0.13087026982878022,
        -0.03639812852217858,
        0.10099941642292448,
        -0.17072754066740428,
        0.07085558300417749,
        0.10867605478505969,
        0.03923373668217336,
        0.034967458107589666,
        0.005387087882546476,
        -0.05009624848508148,
        0.18534763679410013,
        -0.11848920267762628,
        -0.052860756223528475,
        -0.022713085755868896,
        -0.14987829645568254,
        -0.06927572341534002,
        -0.12066746265950477,
        -0.13429598517789595
    ],
    "statevector_imag": [
        0.01484678376854961,
        0.055653242012857346,
        0.012408259987896332,
        0.006395042110726743,
        -0.10522053135084866,
        -0.08549858370749501,
        -0.012220477947807742,
        -0.12959369584073263,
        -0.1250150319809486,
        0.012393558969056792,
        0.017103152491778555,
        -0.07777071557277493,
        0.0225663642470936,
        0.028473828855640974,
        -0.021432226533195195,
        -0.0019689893289772838,
        -0.06895322828317997,
        0.019792388891220414,
        -0.12088103420264555,
        -0.07065053403277284,
        -0.12465821090732741,
        0.006627108156470076,
        0.11338759403794842,
        0.06850369741309321,
        0.0600271899737845,
        0.008209019716129223,
        -0.03051989253290014,
        -0.17387239882064107,
        -0.14800846692857283,
        -0.0885303960023931,
        -0.0074458799916198425,
        -0.06890166921805743,
        0.12935548421426615,
        0.16896734822632617,
        -0.05487117120424083,
        -0.14667787308323488,
        0.13213904369667126,
        -0.0064646933780046064,
        0.1065533175496611,
        -0.025419858993700445,
        -0.04526168152687917,
        0.0700741512058472,
        0.07474070015819996,
        -0.11651830139464181,
        0.05142673307816156,
        0.013893423457091778,
        0.06818748789303984,
        -0.001455441322244652,
        0.06261447595014807,
        -0.08100920830864408,
        -0.0969137218410062,
        0.12570275684072083,
        0.028983941661282216,
        -0.09155359804251682,
        0.019587319776098087,
        -0.13927310450348696,
        -0.07784743350674456,
        -0.04348530950410477,
        0.07868178638742446,
        0.1786078010062366,
        0.06847941418983529,
        -0.12793930646135254,
        0.013021917320428452,
        -0.08065762863822357
    ]
}