{
    "dataset": 0,
    "circuit_id": 12,
    "layer": 3,
    "num_params": 72,
    "expr": 0.0404147668130503,
    "entcap": 0.7590687892934911,
    "num_iter": 1024,
    "last_cost_avg": 0.011587825623927472
}