{
    "dataset": 0,
    "circuit_id": 11,
    "layer": 8,
    "num_params": 160,
    "expr": 0.0020661073618965485,
    "entcap": 0.9522556226601104,
    "num_iter": 1024,
    "last_cost_avg": 0.09663471450752714
}