{
    "dataset": 0,
    "circuit_id": 3,
    "layer": 4,
    "num_params": 68,
    "expr": 0.054593025953042676,
    "entcap": 0.5580593585416795,
    "num_iter": 1024,
    "last_cost_avg": 0.12404019723688109
}