{
    "dataset": 0,
    "circuit_id": 19,
    "layer": 7,
    "num_params": 126,
    "expr": 0.002787566715697396,
    "entcap": 0.9128268868401179,
    "num_iter": 78,
    "last_cost_avg": 0.12026596069335938,
    "accuracy": 0.90625
}