{
    "dataset": 0,
    "circuit_id": 2,
    "layer": 4,
    "num_params": 48,
    "expr": 0.007680961765542859,
    "entcap": 0.9063434054383269,
    "num_iter": 88,
    "last_cost_avg": 0.12146377563476562,
    "accuracy": 0.9375
}