{
    "dataset": 3093,
    "last_cost_avg": 0.10037546352628349,
    "statevector_real": [
        -0.21872136241995135,
        0.20872646788480032,
        -0.11060598032200042,
        0.1293470652853142,
        0.10727099712724938,
        -0.10620503759317637,
        0.061729954610151724,
        0.14462154599078392,
        0.1739855772043088,
        0.12297969299741507,
        -0.016956667251865478,
        -0.1386439939904355,
        0.11785838252585129,
        0.16432535419885508,
        -0.10557318624603536,
        0.00021531185023189025,
        -0.21112631925782635,
        -0.11177486547490888,
        -0.19757156842822404,
        0.14034802723448886,
        -0.17085888848365124,
        -0.018214028047758624,
        0.08129038897153495,
        -0.06718628948025694,
        -0.046381932934405165,
        0.07486977767107272,
        0.12872586354627316,
        0.015089868372108246,
        -0.08804196327118124,
        -0.2604879577985703,
        -0.08498381344114689,
        0.0846778922684686
    ],
    "statevector_imag": [
        -0.0030133657358432254,
        -0.09550214255682622,
        -0.18002033238634932,
        -0.062429284187498844,
        0.21109580492530536,
        0.1160821689080107,
        0.10919417459614808,
        0.0166815109484482,
        -0.023853619070981606,
        -0.05726683241594712,
        -0.19804969391388433,
        -0.04837203982158058,
        -0.12773934138217313,
        0.056135443843353526,
        -0.004759163624140569,
        0.2579857430031048,
        -0.04049949692297824,
        0.0909682174949907,
        0.11546489210746072,
        0.1530286542549164,
        -0.11133662188659221,
        -0.17198416689818835,
        -0.14181906034970343,
        -0.00933598233083933,
        -0.20275974134114527,
        -0.023567967047967465,
        0.09228718569956523,
        0.007614338861596454,
        0.014705239207955495,
        -0.14264488784183987,
        0.12780501526325633,
        0.0325920282533232
    ]
}