{"f": [-0.00360107421875, -0.1361083984375, -0.061279296875, -0.18707275390625, -0.14642333984375, -0.11822509765625, 0.00054931640625, -0.14556884765625, -0.039794921875, -0.1666259765625, -0.079833984375, 0.0023193359375, -0.0693359375, 0.02081298828125, 0.041748046875, -0.1641845703125, -0.02032470703125, -0.05120849609375, 0.00213623046875, -0.01654052734375, -0.07623291015625, -0.166748046875, -0.07952880859375, -0.1260986328125, -0.10797119140625, 0.05169677734375, -0.01416015625, -0.18701171875, -0.19207763671875, -0.06011962890625, -0.02947998046875, -0.18017578125, 0.00567626953125, -0.0775146484375, -0.189697265625, 0.00250244140625, -0.04931640625, -0.05096435546875, -0.0885009765625, -0.16546630859375, -0.06304931640625, -0.106201171875, -0.04925537109375, -0.13677978515625, -0.08599853515625, -0.08111572265625, -0.10595703125, -0.1158447265625, -0.04083251953125, -0.0484619140625, -0.13311767578125, -0.15313720703125, -0.04046630859375, -0.14373779296875, -0.131103515625, -0.1124267578125, -0.07672119140625, -0.15484619140625, -0.1483154296875, -0.168701171875, -0.21826171875, -0.0487060546875, -0.1171875, -0.00555419921875], "accuracy": 0.625}