{
    "dataset": 609,
    "last_cost_avg": 0.08017022447799674,
    "statevector_real": [
        0.11315437007009191,
        0.07175615100813147,
        0.034221531056986804,
        0.04148322230803512,
        -0.12505915071617094,
        -0.05033579405497401,
        0.14112696003353165,
        0.11491104379627116,
        0.13275918736180933,
        -0.10674388080307345,
        0.02274012068285131,
        0.11309404160093045,
        -0.12439494702383251,
        0.03674753387798793,
        -0.010540471477776845,
        0.0010674373583910064,
        -0.1289589530197624,
        0.11407949186542114,
        -0.008125450008755558,
        0.0927746142107048,
        0.04706365938649729,
        -0.0038010248571245524,
        -0.011812267466810172,
        0.1652375649612039,
        -0.09417718862736746,
        -0.0873635907777231,
        -0.13781159848698765,
        -0.03888737485396133,
        0.10064478417361589,
        -0.16878337218025918,
        -0.06300189037317042,
        -0.009749542539466149,
        0.07548112434186083,
        0.0998480181675638,
        -0.08331362444927543,
        -0.005578502305700538,
        -0.14762648650584306,
        0.0168559120320144,
        -0.008239490463692324,
        0.1427675650849251,
        -0.08233785375377835,
        -0.02016745892604828,
        0.003407471635166488,
        -0.033703605643287136,
        0.11650342210577183,
        -0.08072966559232131,
        0.07216134145605965,
        0.012859990560168115,
        -0.17267991723363685,
        0.04829343547746309,
        -0.023765379688473247,
        0.06596399892185083,
        0.07311843712111266,
        -0.11470007393192026,
        0.013102826575284561,
        0.16603633905459675,
        0.004970297548838586,
        0.08704463427679007,
        0.011603251974164962,
        -0.07981114313141494,
        -0.006594101089690186,
        0.1131790652776065,
        0.0917417715674,
        0.025015442732455307
    ],
    "statevector_imag": [
        0.14759510954282548,
        -0.11820884986146621,
        -0.10001748622492188,
        -0.21276059518829127,
        -0.11719465352796364,
        0.053823739135897046,
        0.08448809825506921,
        0.022752677143541896,
        0.1446376705209368,
        0.1715292012546085,
        0.059184768030226924,
        0.126674731608483,
        -0.03186225937887683,
        -0.03861670481590329,
        0.08085872589872699,
        -0.010111237185728303,
        0.036286741531918375,
        -0.017986672054926343,
        -0.1491597284874528,
        -0.008018851277396426,
        0.09247207362692518,
        -0.13309369643494307,
        0.08287970414040309,
        0.031910084371065184,
        0.03513225308335086,
        0.05383418001710357,
        0.0614457043100491,
        -0.020611529029499434,
        0.03528743192176999,
        0.06518807746074078,
        -0.057081543304768285,
        0.01999483238618198,
        0.021962501812193357,
        0.04572291883851545,
        -0.17256617795090826,
        -0.030262441017220133,
        0.02560293089241422,
        -0.02791765779164038,
        -0.01750051484814996,
        0.08549815978124646,
        0.1159296558677228,
        0.01701502385182441,
        0.011360369191725115,
        0.12473859765873012,
        0.01991827282726661,
        -0.06102697067398758,
        0.14374647977701377,
        -0.0951157485540023,
        -0.034778873561294665,
        0.10283831970221922,
        -0.011049069419349562,
        -0.017391672254391834,
        0.015989967552739487,
        0.024474375858900475,
        0.13029392051038688,
        0.014053212180108021,
        -0.10742823628817902,
        -0.058689196404349483,
        -0.005632755678478865,
        -0.07582167005890562,
        0.18912589557333445,
        -0.0010406158363324132,
        -0.0782472639519266,
        -0.18502719453611435
    ]
}