{
    "dataset": 1129,
    "last_cost_avg": 0.10546254663351018,
    "statevector_real": [
        -0.06872880329721973,
        0.062494269139459005,
        0.030122684480880325,
        0.00446965803546211,
        -0.08147124359142942,
        -0.031731531295383274,
        0.009944500655042404,
        0.0003039657690299968,
        -0.0074695847636315526,
        0.07077726810070228,
        0.20877841207182932,
        -0.026061762848980652,
        -0.08016882023138297,
        -0.08416995028257418,
        0.08646934389963915,
        -0.01866454680600399,
        -0.011418148152510712,
        0.10137465514555401,
        -0.038758147488664844,
        -0.005792091960065386,
        0.040148985782536104,
        -0.08317823843709315,
        0.022707547870116848,
        -0.004242585331900571,
        0.12150039579455615,
        0.17900211925821885,
        0.0045773874252854445,
        0.05982790827138501,
        0.18026011566128816,
        -0.0350808584282563,
        -0.008533273621747026,
        0.07131793095756543,
        0.013180983369311266,
        -0.06282256918755533,
        -0.07897210636705505,
        -0.06150652768788901,
        -0.018816648813862625,
        -0.07802354131210155,
        -0.01261835126393233,
        -0.144039634844399,
        -0.008153358618221366,
        0.021878883166483946,
        0.09973491930735624,
        -0.01457072289149196,
        0.052279518767800605,
        -0.01971565399388191,
        0.09962501384311977,
        -0.09533832766230832,
        -0.010756335960561627,
        -0.12401170376927882,
        0.1524303236042938,
        0.10201222850951076,
        0.10650107956670717,
        0.09327398362237453,
        0.07336884342628036,
        -0.1880676248867556,
        0.10299789653760924,
        0.03583230175325162,
        -0.05981462503271674,
        -0.03657302255927877,
        -0.07740939032316442,
        0.01480106706537153,
        0.0035158923561546076,
        0.07176043530986739
    ],
    "statevector_imag": [
        -0.14403177891114854,
        0.07040566190963295,
        0.013715452031788061,
        -0.012274539804041591,
        0.10811175949380651,
        0.009902094057103284,
        0.0016633784617447079,
        0.0002061219308303878,
        0.03266861179310745,
        -0.09059414566219154,
        -0.08773653562243336,
        -0.017564608359189115,
        -0.09356629544098811,
        -0.11743601151614906,
        0.15143841501775154,
        0.18698049473153383,
        -0.014389794140615279,
        0.08431608970199939,
        -0.07498738750969453,
        -0.0009424070065718347,
        0.15371035877276595,
        -0.020729288422348554,
        -0.13673196263634213,
        0.00327639181877741,
        -0.06664222330805906,
        -0.03116340836824592,
        0.008252315825579287,
        0.033320977217664985,
        0.025436317541211787,
        -0.1879693951645651,
        0.20249357591105388,
        0.13129261103599024,
        -0.018475460098611687,
        0.11093725726217675,
        0.021149376734840502,
        -0.07518576102911761,
        -0.11246842416660492,
        -0.0658837868381815,
        -0.030316153278041148,
        -0.16701444398878396,
        0.0584842953273451,
        -0.03771803333267072,
        0.17508110055480783,
        0.1624921508616103,
        -0.04032306288330625,
        0.037809966072786375,
        0.0975498420654605,
        0.047946702860427654,
        0.01733087792998509,
        -0.10350534155481833,
        0.1181602836492372,
        0.07156389012518699,
        0.11033439993325411,
        0.08132069656742041,
        -0.0830910381997019,
        -0.06237771330661112,
        -0.0508569349083045,
        0.21859561813018297,
        -0.13195063211895272,
        -0.004131076685607549,
        -0.0076391284910196245,
        0.16665455478222985,
        -0.022491454952787912,
        0.009483253468692603
    ]
}