{
    "dataset": 0,
    "circuit_id": 2,
    "layer": 6,
    "num_params": 72,
    "expr": 0.003911550872504729,
    "entcap": 0.942125343702825,
    "num_iter": 1024,
    "last_cost_avg": 0.11109139458716724
}