{
    "dataset": 3220,
    "last_cost_avg": 0.07477681635266328,
    "statevector_real": [
        0.151771861157038,
        0.14443830871468133,
        -0.08387104638146062,
        0.22556196801622327,
        0.11531415751078823,
        0.1581973294833394,
        0.012695352324250302,
        -0.09208900353420646,
        -0.008768734610803835,
        0.13654993549159186,
        -0.08907897329470778,
        -0.19351670112764577,
        -0.1455938955998518,
        -0.13982487152704842,
        0.11996771145124975,
        0.12093215195475072,
        -0.10196412045284849,
        -0.2131115451906388,
        0.07036794722856948,
        0.030708888851207577,
        0.024533207317492627,
        -0.0783258989273467,
        -0.11389364053068624,
        -0.04623189364928548,
        -0.05739004261063063,
        0.1296380920421188,
        -0.1583399862183055,
        -0.15498369468931322,
        -0.021379862163139123,
        0.05816404266236881,
        -0.08042616575255672,
        -0.10441577199960397
    ],
    "statevector_imag": [
        0.020835019789394994,
        0.04482336470081481,
        -0.027160392379506616,
        0.056735838878247305,
        -0.038506214245897216,
        0.07818862564758838,
        -0.0014276061664533002,
        0.2600514875263424,
        0.09476110059655082,
        0.08651071326583297,
        -0.0507899141660489,
        -0.19721159117112388,
        -0.047133698588841415,
        -0.24531400166692954,
        -0.22704107191158465,
        0.033773559966054495,
        0.022087431381035617,
        0.06219005350338292,
        0.06250380611681855,
        -0.0499645436226079,
        0.1807267333006765,
        -0.029174861049768432,
        0.1816825933132537,
        -0.2060358673641007,
        0.17456843266579863,
        -0.07333387169124381,
        -0.04349373733697048,
        0.17832984201738214,
        0.12709128191911867,
        0.26040066323006084,
        0.016090720192665903,
        -0.12349568137217089
    ]
}