{
    "dataset": 1192,
    "last_cost_avg": 0.10271589832854305,
    "statevector_real": [
        -0.16874150971465132,
        0.08667088234441842,
        -0.1810692254053907,
        -0.052501669842724856,
        -0.22466785883796916,
        0.12243876652597112,
        -0.12096475683987376,
        0.09854626108228214,
        0.21786655239237668,
        0.21447704116416202,
        0.11108901622176898,
        0.046340761009498625,
        0.1617777255823191,
        0.13015831549681245,
        0.21726229465114738,
        -0.04477952315599417,
        0.12014879488910254,
        -0.18638480827565154,
        -0.06090624617741826,
        -0.071794804368323,
        0.03470736253247249,
        -0.0759605595218326,
        0.024277769114044497,
        -0.07759017164115437,
        0.09737005985645082,
        -0.0502578548175955,
        0.08347707088933864,
        0.12329644302562087,
        0.041583422593938095,
        -0.15957380990970937,
        0.19546724445894695,
        -0.01751099573513111
    ],
    "statevector_imag": [
        -0.06092853152195437,
        -0.09668850645139217,
        -0.09538436213295294,
        0.28869252951243546,
        0.03533988449981287,
        0.16777618302091638,
        0.1499545033287803,
        0.042407672048789265,
        0.1499072079337793,
        0.03101816610913033,
        0.19285567923985852,
        0.1308383827752146,
        -0.04920845371183218,
        -0.1361432159525184,
        0.06525966134262313,
        0.07420668533428659,
        -0.047395198462868826,
        -0.028905489917649088,
        -0.17189421432467328,
        0.14712436403269605,
        -0.056527543498856005,
        -0.11871955758788494,
        0.1645943612655482,
        0.05669046014158799,
        -0.19877604983799022,
        0.09775184723251228,
        -0.06798432781338452,
        -0.03820841643958377,
        0.15052724651716956,
        -0.04008046301248167,
        0.09746992859671387,
        0.09187151070958019
    ]
}