{
    "dataset": 0,
    "circuit_id": 19,
    "layer": 8,
    "num_params": 144,
    "expr": 0.004093963943662914,
    "entcap": 0.9248934552069219,
    "num_iter": 73,
    "last_cost_avg": 0.10651397705078125
}