{
    "dataset": 242,
    "last_cost_avg": 0.09237759059018312,
    "statevector_real": [
        -0.016562074641660932,
        0.10717334989905929,
        -0.0004017752459969004,
        0.06445535442130201,
        -0.05945032026727519,
        -0.007836784484549499,
        0.012095111915157289,
        0.11427746669080252,
        -0.024541500864309142,
        -0.06246244232288346,
        -0.03379485464965967,
        0.04879709765888978,
        -0.0027415527257564696,
        0.02923006162173218,
        -0.1015393109075708,
        -0.009574554350363376,
        -0.04187286787147253,
        0.009950298110745603,
        -0.08504617979878065,
        0.13733253289428496,
        0.03614409685282967,
        -0.024536787314631457,
        -0.06585172119430303,
        0.010662727349262114,
        -0.07718415384187541,
        -0.18058747649957008,
        -0.1241754459796973,
        -0.008129422040045554,
        -0.05387726953766967,
        0.10178390673049866,
        0.06796740676097007,
        0.01816018196422875,
        -0.15489190882109916,
        -0.11193442863401165,
        -0.03067399593147892,
        0.003521054383104231,
        0.04073842180603856,
        -0.10728035839711994,
        0.026885823127169355,
        -0.0281477499911076,
        0.019986395567445362,
        0.06191622460747678,
        0.1250706644790148,
        0.002637779752443893,
        0.010536158426479305,
        0.14503554254284173,
        0.17269930040971995,
        -0.10872466465640197,
        -0.13735496017165946,
        0.08588814735632587,
        -0.030542703515076854,
        0.019063695957557813,
        -0.06673344543727235,
        0.11144459123021054,
        -0.12690315840721697,
        0.15316182752413515,
        0.05286421934123932,
        -0.005726200793910728,
        0.004968062581635889,
        0.21669616978023434,
        -0.02028184683238984,
        -0.1161272252196074,
        -0.02880797022343744,
        0.05932323230448013
    ],
    "statevector_imag": [
        -0.03976993083460673,
        -0.04007826495098611,
        -0.006949807906781429,
        -0.07301598543598091,
        0.09857774981111977,
        0.011147955157429622,
        -0.006780781707453036,
        0.04021252077689078,
        0.13906526561718918,
        -0.09407797571987657,
        0.0035431858823721657,
        -0.052805561709107766,
        -0.14982135987550557,
        0.06514635323443778,
        0.13936639659529865,
        0.15658479078011422,
        -0.1259591422528933,
        -0.01458827268313737,
        -0.12888623160316032,
        -0.04129953853080865,
        0.10226741516273721,
        -0.13605766515499296,
        0.04066855843121551,
        -0.1520219971332325,
        -0.0010929403410969549,
        -0.0448945086028046,
        -0.11725802526751689,
        0.01834009832600176,
        -0.11355136784519947,
        -0.08924515830893755,
        -0.06432490715618734,
        -0.02994280607438065,
        0.0871922419576667,
        -0.1609685350613899,
        0.07340994046483217,
        0.13072725799751742,
        0.019096014622746297,
        0.021073726985807957,
        -0.051127680300906704,
        -0.12741587892072773,
        0.12098220723584531,
        -0.1226762492452638,
        0.04200625210217117,
        -0.005370501266204822,
        -0.02868589691257405,
        -0.07858603820245334,
        -0.09537784765583715,
        0.09044878097004236,
        0.0859139900175595,
        0.08166146942042998,
        0.1382181096912549,
        0.06427912840728389,
        0.06283061479489614,
        0.1615983058668998,
        0.12016692316605875,
        0.11998898686283521,
        -0.13819288842787547,
        0.010670737488995306,
        -0.10600249071829908,
        -0.0007190836026690206,
        -0.08441502451310502,
        0.060830609032306415,
        -0.0012927645795886586,
        0.18403566533487656
    ]
}