{
    "dataset": 2812,
    "last_cost_avg": 0.07414771865703508,
    "statevector_real": [
        0.08945251806700447,
        -0.08157027254012962,
        0.1372411747081749,
        0.03392672017158911,
        0.003916872102418988,
        0.03990761716280847,
        -0.18970874273658092,
        0.18620941821560663,
        0.03885896006640828,
        0.017580228510487777,
        -0.13680461146833847,
        0.09557992222747605,
        -0.08680551426302796,
        0.002547571771453006,
        -0.1183856396461522,
        -0.07843638496176464,
        -0.04589492502496057,
        0.087148810429726,
        0.14801603546901376,
        -0.11941869350378474,
        0.0090937714826483,
        -0.1095973386168916,
        0.15334066252129722,
        -0.20199033406392045,
        0.04592514616055336,
        0.1737664313807519,
        -0.12182662136500486,
        0.14643251841450092,
        0.20775106495188517,
        0.1400125320651616,
        -0.02154232800590695,
        -0.15090983686837783
    ],
    "statevector_imag": [
        -0.16702961477925446,
        0.0805620581449249,
        -0.07151837146541017,
        -0.1246228744619748,
        0.22296095038909539,
        -0.013703053568310865,
        0.02187567859230154,
        0.038095512351769605,
        -0.16337888923569394,
        -0.20134476078885005,
        0.29681345795922304,
        0.1516510355615278,
        0.037226694667895695,
        0.08850846668069713,
        -0.02038162809157162,
        -0.21101587234183836,
        0.18811621629865316,
        -0.13591309127099432,
        -0.08114207851565676,
        -0.22633344017617482,
        0.0013622668793267971,
        -0.10496256303588763,
        -0.07391616263773469,
        0.03390812976772867,
        0.06152134802486048,
        -0.176020324792912,
        -0.028232442663441677,
        0.025008892660709808,
        -0.15109981784637977,
        0.16882831108929025,
        0.01271753976178611,
        0.04994208963054918
    ]
}