{
    "dataset": 3036,
    "last_cost_avg": 0.10961533098711859,
    "statevector_real": [
        0.15909063744978136,
        -0.09040518088805771,
        0.18731223826570592,
        -0.09263821443591612,
        0.015142952159323927,
        0.14001507175050348,
        0.06457202087228464,
        0.05355947971317923,
        0.1218573240949532,
        0.17648667829287115,
        -0.012303676922150168,
        -0.28529382083704075,
        -0.0145243999343465,
        0.08591939015232133,
        -0.004823706486213272,
        0.09679731835416155,
        -0.002733400172972474,
        0.07026691472196388,
        0.10436379391851605,
        0.06517603458644763,
        0.17197950556962968,
        -0.033743641809128554,
        0.018754438049001863,
        -0.03160626709977936,
        0.21875507327393184,
        -0.07353970789907388,
        0.04387151920774946,
        0.0023339852191976026,
        0.1154981142784398,
        -0.06279675519072288,
        -0.15252822417638012,
        0.011208252815100845
    ],
    "statevector_imag": [
        0.18585018308777845,
        0.10106008035142262,
        0.158535991722475,
        -0.08467324973538651,
        0.18387962261673957,
        -0.17088682950000048,
        -0.14902321261264193,
        0.21271016102379794,
        0.17129073736732653,
        0.008866200144797134,
        -0.09079397326496637,
        0.05373304447864421,
        -0.14614838320577553,
        -0.015119869012385588,
        0.10721974027990856,
        0.15453493048254832,
        -0.09850870457375634,
        -0.006663145051489016,
        0.04921469781138624,
        -0.1114600166812693,
        -0.14052957002346605,
        -0.10485243892969331,
        0.022466418334457897,
        -0.17836926499159977,
        0.05595189470996822,
        0.2579670470739773,
        0.10981966066297004,
        0.10682683806254342,
        -0.09330869490891223,
        0.13075515273663235,
        -0.20628574252816048,
        0.221880916148499
    ]
}