{
    "dataset": 582,
    "last_cost_avg": 0.1059590979780408,
    "alpha": [
        0.04563306448203475,
        6.962892356184521e-05,
        0.05204313045784738,
        0.019022757824939666,
        0.04920774158596596,
        0.023345999191091024,
        0.029456046146351778,
        0.033720289421324205,
        0.05766504982237037,
        0.04640046708014261,
        0.05510871787207641,
        0.01185589698302684,
        0.011539154673510367,
        0.035039499865154304,
        0.028478190505448735,
        0.001601615720213532,
        0.0447731652438506,
        0.022265250417137193,
        0.0503032163940325,
        0.02164166470397069,
        0.028063705785594986,
        0.020187373087660023,
        0.05517454476718899,
        0.037300209909847344,
        0.022604536844211806,
        0.0007043173316916776,
        0.0033846746460397914,
        0.050026787195084854,
        0.016394293898009293,
        0.05686211033333681,
        0.04452747797070963,
        0.02559942091657425
    ]
}