{
    "dataset": 946,
    "last_cost_avg": 0.0757868272657346,
    "statevector_real": [
        0.05877125284700886,
        0.1233366987321808,
        -0.14504460756674228,
        -0.16858641331216181,
        0.016049595841737662,
        -0.05526136963829106,
        0.1087669181826426,
        -0.12206446108743839,
        -0.11915276278678257,
        -0.11734505424912746,
        -0.037392020326797136,
        0.2300004418141738,
        0.18535809089946031,
        -0.12344854878953024,
        -0.06478404375625967,
        -0.05797059348144724,
        0.15280002322892022,
        -0.18151617165009123,
        0.049716282797361726,
        0.12159987017916732,
        0.11627526794411017,
        0.052267557068067565,
        0.18946843208255,
        -0.16018376228876774,
        0.13122808291431298,
        0.041304868354375336,
        0.13556348757500128,
        0.00940132112768825,
        0.023177062979756503,
        0.04002561420422343,
        0.036141425216102974,
        0.01931300355769265
    ],
    "statevector_imag": [
        -0.09542020915442205,
        0.11366484989407905,
        -0.03003459292969901,
        0.04724822119584708,
        -0.06454678748686518,
        0.23838483443357947,
        0.13295370849224974,
        0.20660436292410703,
        -0.17420983755523128,
        0.08976905788388252,
        0.01612175944916581,
        -0.05349284501058809,
        0.050051423886035604,
        -0.21232168904074683,
        -0.1944708320517464,
        -0.03533419428789012,
        -0.0819813613113671,
        -0.0915003787297027,
        0.13214250993922522,
        0.14968807844956156,
        0.1256073796262576,
        0.11695541246403444,
        0.16198598270386227,
        0.01873616239676086,
        -0.2313808922226677,
        -0.08439412253181099,
        0.300686733174763,
        0.038369994258248066,
        0.0057843163180444565,
        0.10601213950031511,
        -0.12632413987462812,
        0.06603021386904752
    ]
}