{
    "dataset": 220,
    "last_cost_avg": 0.07862001920053749,
    "statevector_real": [
        0.12135032836421325,
        0.02587066247610586,
        -0.10425519677037393,
        -0.06918738222291033,
        -0.026470468159794452,
        -0.010878462688346765,
        0.0631828752864977,
        -0.03845568232884364,
        0.17598637389972258,
        -0.09807401862537994,
        0.028967538979237463,
        0.026300484389336697,
        0.06469474956238762,
        0.04110273315943069,
        0.04883562077554462,
        -0.021222775958226255,
        0.048929979664460735,
        -0.03148276005971645,
        0.14404489263210932,
        0.012047489258603423,
        -0.05633951612577398,
        0.14204639487842283,
        0.06861660256614623,
        -0.10690570956122598,
        0.09267188436820738,
        0.13495004944938144,
        0.10280497090149256,
        0.11668893560375253,
        -0.14318005167550085,
        0.05442447126253474,
        0.13664445913236964,
        0.049118691745786064,
        -0.03406576888955425,
        0.09544168244904641,
        0.00639521248564601,
        0.04559679761344816,
        -0.0019357730738885526,
        -0.13837121145069659,
        -0.12202852224790713,
        -0.02674031549829011,
        0.14686132804260504,
        -0.141122400594793,
        -0.01009200698919818,
        0.11818296267896437,
        0.07783835272261798,
        0.017586978052461705,
        0.10065006414056953,
        0.10479632031669156,
        0.02766082448657905,
        -0.09776029691474974,
        -0.09891380693182268,
        -0.18810673226615235,
        -0.0539293509267059,
        0.05337402481271731,
        0.14700478273090117,
        -0.08981893740653026,
        0.00017548429556809298,
        -0.020687077691909785,
        -0.10108975242565757,
        -0.022296198343007,
        0.005209972873649201,
        0.018728608619608064,
        0.15380166157256275,
        -0.08372278402673297
    ],
    "statevector_imag": [
        -0.05746781725626698,
        -0.009802538502026259,
        0.13932270026853755,
        -0.10784561915787694,
        0.005605817585950081,
        0.09383033384440312,
        -0.0458369486753782,
        0.08482623142624215,
        -0.003435488439064373,
        -0.0900466621946462,
        0.02332663364602,
        0.12411737495470376,
        0.015247602378973353,
        0.001118081040955093,
        0.12932303516314547,
        0.0427864721620834,
        0.014201706781085597,
        -0.06147539264320247,
        -0.08227136579022117,
        -0.011091078980677741,
        0.02622852733720203,
        -0.14557232163401385,
        0.013336503594149523,
        -0.10327321579560206,
        0.1526486326579331,
        0.13034046236095614,
        -0.011030761219831242,
        -0.11324011818244561,
        -0.02528505745335197,
        0.07956442329951408,
        0.06161809297678978,
        0.15677479309210704,
        0.03753182055030751,
        0.020271062573445058,
        0.017277340289721683,
        0.1240635257265239,
        0.0913580452425495,
        0.05432906465397669,
        0.037124101248753205,
        0.016658504058130737,
        0.11072516883401477,
        0.08296846454564746,
        0.015213614130094269,
        -0.08128334117119576,
        0.12911514829248238,
        0.007349674891819824,
        -0.07228955677865946,
        0.11988403583863688,
        -0.0799812697761084,
        -0.04152028089120568,
        0.16936650090600167,
        -0.005050181508160273,
        -0.027478898699023896,
        -0.18827780554997614,
        -0.03480566656329501,
        -0.007506417381224542,
        0.14735100098792395,
        0.16251002951858667,
        -0.04377242744810438,
        -0.1390999561554983,
        -0.007969253697433747,
        0.11668247340216974,
        0.1072093397726707,
        -0.00119890195587628
    ]
}