{
    "dataset": 870,
    "last_cost_avg": 0.0806642012872043,
    "alpha": [
        0.033550945911018884,
        0.0005740479452011063,
        0.026391766395693503,
        0.012898160664220613,
        0.019657759042260844,
        0.03166028543183071,
        8.404295232624262e-05,
        0.06494752652625697,
        0.03176335285420499,
        0.02474930107190189,
        0.10351828173047212,
        0.015260689020595878,
        0.013039240502672243,
        0.013303081823829159,
        0.0076134314447175834,
        0.00017777200536442703,
        0.05557223985489407,
        0.028056076411551008,
        0.08851174410630806,
        0.04187287651214685,
        0.1091753358709857,
        0.00012593910459338283,
        0.07213012442343139,
        0.02264810818782743,
        0.03316597571187154,
        5.068730646342404e-05,
        6.531337582330832e-05,
        0.03821817662114811,
        0.03430000339004218,
        0.0529386355683356,
        6.316545334645046e-05,
        0.023915912778664283
    ]
}