{
    "dataset": 2149,
    "last_cost_avg": 0.07326375621981257,
    "statevector_real": [
        -9.416064766550334e-06,
        0.193710402940463,
        0.12206357716806375,
        -0.043662993798066284,
        -0.11442680052300672,
        -0.17841107471357967,
        0.23305853329168819,
        -0.1894909955388302,
        -0.10473037851514608,
        -0.05751162256524299,
        -0.010616629340703565,
        -0.06771945623776215,
        0.03854314332806385,
        0.12433532501793014,
        0.16399047537605219,
        0.12040531723900573,
        0.17811379359029364,
        0.04613119081347756,
        0.09220784929047608,
        -0.1752798259347005,
        -0.04530924185765519,
        0.09194027634004752,
        0.2109991703605712,
        -0.19470581791656302,
        0.09709768933347852,
        -0.024884327431254096,
        -0.202922288344747,
        0.20075291371517764,
        -0.04852363559903535,
        -0.07660028724802433,
        -0.05470219676454304,
        0.10772573785317403
    ],
    "statevector_imag": [
        0.0011344030387607355,
        -0.0352983913049584,
        0.17820274219619,
        0.01599663372122377,
        0.027890455883751934,
        -0.1460770014343497,
        -0.07975671540319702,
        -0.0321729075508653,
        0.14284012193535484,
        0.22319460825862616,
        0.002090514039467907,
        0.08868232243673418,
        0.15228024293417924,
        -0.0963378018242949,
        0.14192593954454505,
        -0.132756104653549,
        0.07255713799736127,
        0.05822818746957915,
        -0.14322028694889075,
        0.06837173966957218,
        0.18980229202158652,
        -0.12495457949214564,
        -0.11019454778119704,
        -0.050589303753723606,
        0.13957282239394442,
        0.047141970198885524,
        0.1587601510278833,
        -0.052586394269216664,
        0.05184548991016045,
        0.1310417580682826,
        -0.2552307869273695,
        -0.08304926219597594
    ]
}