{
    "dataset": 2755,
    "last_cost_avg": 0.13165550765723208,
    "statevector_real": [
        0.011479756187629746,
        -0.004718976717269571,
        -0.004825402819842437,
        0.20329916037225448,
        0.03939244446821693,
        0.09481613799049385,
        0.03637780070396961,
        -0.2671674395433583,
        0.15030018034269543,
        0.015586247254908472,
        -0.10007635348856957,
        -0.11212700563797776,
        -0.048994281779125515,
        0.049015509591785716,
        -0.16387990356211762,
        0.20100485484496017,
        0.1558593532467812,
        0.13119232961266133,
        0.19718884374081874,
        0.08333729612714903,
        0.09079536343132395,
        0.22131769168490237,
        -0.0729679696915282,
        -0.04782881619958766,
        -0.0035529614997061704,
        -0.072818004198663,
        -0.027715229191770403,
        0.11461153502677786,
        0.07797741862460024,
        -0.15772176199336493,
        0.0058968423690561825,
        0.0844768041008783
    ],
    "statevector_imag": [
        0.22780192172934013,
        -0.0865162294238074,
        -0.034772824370853044,
        0.1316425479543796,
        -0.18014475125498794,
        -0.12507086608515378,
        0.2078433042185273,
        0.01995253582968567,
        0.044168970476728166,
        -0.06754267611682238,
        -0.07347474453250803,
        0.04201163306024003,
        -0.08412664134798081,
        0.09275448981325946,
        -0.055208160676039265,
        -0.12369581465142472,
        0.03625108225720696,
        0.2572545935269515,
        0.05627380548426916,
        0.21420685036015447,
        0.07186103024222627,
        0.07436735102437358,
        0.12178752895521805,
        -0.14531058821687445,
        0.0808222858488641,
        -0.2041857073946467,
        0.02970281083752485,
        -0.10678188848867211,
        -0.05219323341412028,
        0.15055570654552405,
        -0.00035413163427653514,
        0.28608844797798066
    ]
}