{
    "dataset": 2585,
    "last_cost_avg": 0.08605341618017985,
    "statevector_real": [
        -0.20336596596702491,
        0.010055228212823031,
        0.19427745457678927,
        0.0636287711477232,
        -0.09559719460309375,
        0.06246070232009596,
        0.0038171981026393106,
        0.27022667539987805,
        -0.13265812343119915,
        0.0040888093453500165,
        -0.032965991562497896,
        0.006277557269502188,
        0.14226884685718297,
        0.17919955456179254,
        0.09699280361471796,
        0.0389726684849803,
        0.28153777720441114,
        0.061290065969306196,
        0.19450418322660898,
        0.04659957744779952,
        0.17555315479573996,
        -0.06215859271319914,
        -0.04049738086225504,
        0.21867627829685085,
        0.06844819074829406,
        -0.11256587618018778,
        -0.025989642510164224,
        0.03744348197994539,
        0.0707814299794616,
        0.03246532289048231,
        -0.06516489166871252,
        -0.057120303625809915
    ],
    "statevector_imag": [
        0.09253895746744742,
        0.12262303392078129,
        0.05657179452921299,
        -0.06838783957295383,
        -0.13606855819152727,
        -0.056606697814574315,
        0.025847425258700842,
        -0.13585423953047052,
        0.018461305645547748,
        0.1761300203118161,
        0.195706863846771,
        0.011081295386238286,
        -0.047441226240625495,
        -0.10458236233262155,
        0.18968289331711644,
        -0.18235459224097378,
        0.11748273182442345,
        0.06021727026032703,
        -0.010430690454387378,
        0.041383952211550105,
        0.020143015305395716,
        0.20112808967967766,
        0.054715819583817896,
        -0.02280560370242132,
        0.008300265961148526,
        0.18446908511840063,
        0.2606607219033509,
        0.12542227925190802,
        -0.23616834581721158,
        -0.1761447599350177,
        0.04026296408217633,
        0.1188818353736572
    ]
}