{
    "dataset": 341,
    "last_cost_avg": 0.09340132306903975,
    "alpha": [
        0.07633481388437635,
        8.606564411970843e-06,
        0.03495421220241064,
        0.032890361674209646,
        0.010729302760368433,
        0.02816801225947673,
        0.030616972205528253,
        0.06066674213401652,
        0.0003752554693998527,
        0.04730997360554167,
        0.08093848432552955,
        0.02359076590262382,
        0.04017749703492441,
        0.04642566208568072,
        0.001974576256585165,
        0.00013039122876092906,
        0.0005490797582799017,
        0.03583349406787858,
        0.031015126645299044,
        0.02403574952424992,
        0.0649660150038915,
        0.004475804884605405,
        0.056415865102435445,
        0.01112047623454594,
        0.0395915353652418,
        0.0001971654135030361,
        0.04283658581316406,
        0.058156723380109264,
        0.044008725442104143,
        0.06013292488697917,
        0.0012295115481778043,
        0.010143587335690532
    ]
}