{
    "dataset": 831,
    "last_cost_avg": 0.09558052779202697,
    "alpha": [
        0.03752503440709673,
        0.019883786206965636,
        0.040781107452004174,
        0.022279153143738236,
        0.03747445900692476,
        0.036389441414891,
        0.036166425663784744,
        0.038367424962229835,
        0.03864698796899801,
        0.00026307186637404973,
        0.08286132223544032,
        0.006944796394974687,
        0.030643226889058132,
        0.04024844304345123,
        0.022189147304552043,
        0.02290149607932155,
        0.026099899501166115,
        0.046724510414775246,
        0.03298466785147022,
        0.01665539408404334,
        0.0648488606432635,
        0.011820991307195723,
        0.05077074717150456,
        0.021728603449355722,
        0.03916403751909897,
        9.129402960987676e-05,
        0.00022741414993484994,
        0.025551300266745305,
        0.05629888777391111,
        0.05574741164083951,
        0.024959838257588133,
        0.012760817899692632
    ]
}