{
    "dataset": 3057,
    "last_cost_avg": 0.0908492589480617,
    "statevector_real": [
        0.07482998830070794,
        -0.06283080592236026,
        -0.22135687603000856,
        0.10677056042783718,
        0.10015597242902129,
        -0.10104559965528266,
        0.08847244110832954,
        0.017944086933076156,
        0.11943423827047202,
        0.14694018654566135,
        -0.14078068267127222,
        0.05831806071824025,
        -0.2226388724881191,
        -0.2278649102829264,
        0.11772396505822659,
        -0.2697967988441877,
        -0.17078216894166426,
        -0.1703664055134827,
        0.056303564543343836,
        0.0844831643058686,
        0.04228269632045762,
        -0.08693588765157471,
        0.10752219151196017,
        0.21184078372018694,
        -0.02404784551635361,
        -0.186112229789785,
        0.0031315420362828476,
        -0.0035295240263813663,
        -0.018755379381553576,
        0.03979650134898395,
        -0.011387260798385385,
        0.15999796910221806
    ],
    "statevector_imag": [
        0.15515044861261013,
        -0.0022471476726674145,
        -0.03960061299693541,
        -0.10432776233247851,
        0.11156058081613911,
        -0.025418992863537708,
        -0.15407242438816235,
        -0.27368426825808084,
        0.1687315026190499,
        -0.10959258183288566,
        0.2139432518665759,
        0.053719539693591445,
        -0.018006043727613812,
        -0.053805502797633444,
        0.01864140494207732,
        0.1141673732901396,
        -0.013336721078512621,
        -0.17222651278181733,
        0.04017588888432074,
        0.1254449912831197,
        0.1838384857041538,
        0.04967817317674808,
        -0.03626287409038092,
        0.05712167339376778,
        0.20409628184351886,
        -0.12949342311046702,
        -0.13555134082301254,
        -0.01960442176388531,
        0.15841467009000695,
        0.093989971382448,
        -0.013393839184069785,
        -0.06274399830091375
    ]
}