{
    "dataset": 0,
    "circuit_id": 3,
    "layer": 2,
    "num_params": 28,
    "expr": 0.13208758099752177,
    "entcap": 0.3463761915370465,
    "num_iter": 1024,
    "last_cost_avg": 0.08596817496061289,
    "accuracy": 0.90625
}