{
    "dataset": 0,
    "circuit_id": 19,
    "layer": 8,
    "num_params": 120,
    "expr": 0.006439451112775685,
    "entcap": 0.8905956392332838,
    "num_iter": 1024,
    "last_cost_avg": 0.07521073810216874,
    "accuracy": 0.90625
}