{"f": [0.18695068359375, 0.100341796875, 0.16461181640625, 0.1322021484375, 0.19696044921875, 0.173095703125, 0.17364501953125, 0.17926025390625, 0.19720458984375, 0.145751953125, 0.091552734375, 0.1212158203125, 0.20257568359375, 0.1378173828125, 0.1246337890625, 0.15185546875, 0.19024658203125, 0.15570068359375, 0.12115478515625, 0.12408447265625, 0.1741943359375, 0.16424560546875, 0.09466552734375, 0.2635498046875, 0.12261962890625, 0.13037109375, 0.234375, 0.10272216796875, 0.228515625, 0.1424560546875, 0.1475830078125, 0.15924072265625, 0.14495849609375, 0.15032958984375, 0.15399169921875, 0.16455078125, 0.20391845703125, 0.18115234375, 0.1380615234375, 0.17608642578125, 0.15948486328125, 0.26654052734375, 0.097412109375, 0.131591796875, 0.1009521484375, 0.17254638671875, 0.14068603515625, 0.26416015625, 0.1876220703125, 0.09619140625, 0.20159912109375, 0.1507568359375, 0.24853515625, 0.18304443359375, 0.1295166015625, 0.17987060546875, 0.1029052734375, 0.16204833984375, 0.12017822265625, 0.180908203125, 0.0980224609375, 0.15887451171875, 0.2332763671875, 0.23577880859375], "accuracy": 0.34375}