{"f": [0.01947021484375, 0.09783935546875, 0.024169921875, 0.0614013671875, 0.0833740234375, -0.00225830078125, 0.072509765625, 0.0606689453125, 0.01177978515625, 0.03668212890625, 0.06427001953125, 0.05364990234375, 0.0380859375, 0.04779052734375, 0.05889892578125, 0.07806396484375, 0.00299072265625, 0.039306640625, 0.012939453125, 0.05426025390625, 0.0330810546875, 0.06146240234375, 0.06634521484375, 0.008544921875, 0.04876708984375, 0.05072021484375, 0.07122802734375, 0.014892578125, 0.04913330078125, 0.083740234375, 0.027099609375, 0.082275390625, 0.0523681640625, 0.01800537109375, 0.04901123046875, 0.02789306640625, 0.0184326171875, 0.01605224609375, 0.0513916015625, 0.05743408203125, 0.0379638671875, 0.01611328125, 0.05047607421875, 0.0587158203125, 0.0927734375, -0.03863525390625, 0.0819091796875, 0.0130615234375, 0.02117919921875, 0.03631591796875, -0.005126953125, 0.00537109375, 0.0111083984375, 0.0810546875, 0.07318115234375, -0.0069580078125, 0.07415771484375, 0.0528564453125, 0.06805419921875, 0.06121826171875, -0.00799560546875, 0.0364990234375, 0.0306396484375, 0.02862548828125], "accuracy": 0.359375}