{
    "dataset": 0,
    "circuit_id": 1,
    "layer": 7,
    "num_params": 84,
    "expr": 0.3762217793100127,
    "entcap": 4.103796883521698e-31,
    "num_iter": 1024,
    "last_cost_avg": 0.14053135156457153
}