{
    "dataset": 0,
    "circuit_id": 9,
    "layer": 9,
    "num_params": 54,
    "expr": 0.0035990129274591836,
    "entcap": 0.9527210264340757,
    "num_iter": 1024,
    "last_cost_avg": 0.04123322845107995
}