{"f": [-0.00506591796875, -0.03729248046875, -0.06396484375, -0.04083251953125, 0.020751953125, 0.06805419921875, -0.06256103515625, -0.02178955078125, -0.052734375, 0.0230712890625, 0.020751953125, -0.04437255859375, -0.00726318359375, -0.03912353515625, -0.03619384765625, 0.03570556640625, 0.00201416015625, -0.04571533203125, -0.0458984375, -0.0452880859375, -0.0023193359375, 0.01605224609375, -0.03759765625, -0.01593017578125, 0.03948974609375, -0.04449462890625, -0.0313720703125, 0.0185546875, 0.03936767578125, -0.05755615234375, 0.0657958984375, -0.04620361328125, -0.03936767578125, -0.03094482421875, 0.0567626953125, -0.037109375, 0.01214599609375, 0.035888671875, -0.00909423828125, 0.0164794921875, -0.027587890625, 0.01751708984375, 0.04205322265625, -0.00469970703125, -0.03009033203125, 0.023681640625, -0.055908203125, -0.011962890625, -0.01605224609375, 0.06878662109375, -0.00439453125, 0.01025390625, -0.03192138671875, 0.00341796875, -0.04644775390625, 0.09185791015625, -0.0341796875, 0.0225830078125, -0.03924560546875, 0.01959228515625, -0.02178955078125, 0.0152587890625, 0.0093994140625, -0.0272216796875], "accuracy": 0.53125}