{"f": [0.2059326171875, 0.1163330078125, 0.27325439453125, 0.1527099609375, 0.19891357421875, 0.20758056640625, 0.2037353515625, 0.13165283203125, 0.20880126953125, 0.12823486328125, 0.2423095703125, 0.2607421875, 0.20404052734375, 0.18603515625, 0.2559814453125, 0.1990966796875, 0.20068359375, 0.24053955078125, 0.17974853515625, 0.28704833984375, 0.18243408203125, 0.14813232421875, 0.183837890625, 0.205810546875, 0.197509765625, 0.240478515625, 0.24188232421875, 0.1815185546875, 0.22344970703125, 0.19989013671875, 0.2362060546875, 0.156982421875, 0.20062255859375, 0.16595458984375, 0.21832275390625, 0.19305419921875, 0.193603515625, 0.18597412109375, 0.18255615234375, 0.1614990234375, 0.2413330078125, 0.219482421875, 0.2313232421875, 0.1956787109375, 0.19256591796875, 0.212890625, 0.18994140625, 0.21441650390625, 0.184814453125, 0.26983642578125, 0.18585205078125, 0.1485595703125, 0.21856689453125, 0.20916748046875, 0.14068603515625, 0.2242431640625, 0.18768310546875, 0.1571044921875, 0.109130859375, 0.17144775390625, 0.16632080078125, 0.1483154296875, 0.2352294921875, 0.217529296875], "accuracy": 0.34375}