{
    "dataset": 2688,
    "last_cost_avg": 0.09058157355698802,
    "statevector_real": [
        -0.022769863931664032,
        0.006680854442559985,
        -0.03302384726827729,
        0.08717071666294847,
        -0.09468927284953066,
        -0.15884719922587026,
        -0.2177996195100377,
        -0.05016146511635105,
        -0.128508125817289,
        -0.08822555679195579,
        -0.016605032658585737,
        0.09355405427189661,
        -0.10778772627339595,
        -0.1454526448605952,
        -0.11225011337213969,
        0.11653561526891418,
        0.007679967823672628,
        -0.17904101022162627,
        0.13099075459914086,
        0.09018720617757943,
        -0.03828980500644439,
        0.035261941087788226,
        0.2735890774696124,
        0.204934904626521,
        -0.012956037049458637,
        -0.016473125771127778,
        0.061894393275060904,
        -0.1420903322377696,
        0.13150704965260007,
        -0.04097654082063486,
        -0.08999357343098285,
        -0.013443130496244515
    ],
    "statevector_imag": [
        0.06782604584948027,
        -0.21217724685479852,
        0.03771523122276863,
        -0.08493962634109474,
        -0.12219794828969424,
        -0.08978098035140494,
        -0.1819381213468106,
        -0.20627715650019832,
        0.06898548399417706,
        0.21053841477886603,
        -0.13901808053720785,
        0.20161235128909907,
        -0.0050460391142566246,
        0.1768420943999339,
        -0.19877195059998953,
        0.008997149252120723,
        0.053940487620084736,
        -0.19632782201664395,
        -0.12105775036044114,
        0.028713898875851553,
        -0.04304430059188265,
        0.19483551076870714,
        0.06094587579617736,
        0.06387257134155531,
        -0.0007193144251251713,
        -0.006820500789313184,
        0.12347082316032787,
        0.11017296537063838,
        -0.15500171369838447,
        0.0055820083362446,
        -0.24564753151793778,
        -0.1800421431357408
    ]
}