{
    "dataset": 1501,
    "last_cost_avg": 0.08347433092449864,
    "statevector_real": [
        0.13217169168134146,
        -0.0033257228838105904,
        -0.1211449718040276,
        -0.009710841977735852,
        0.17921211068779086,
        -0.09493265429159184,
        0.030302009986672474,
        -0.07712174066971114,
        0.09812726105376296,
        0.09060536822247447,
        -0.012876947892990452,
        -0.007363431142018387,
        -0.10853833614000784,
        -0.014447127891959007,
        0.03749254866904516,
        -0.1000736995131938,
        -0.01569804737579093,
        -0.20342814759522257,
        -0.04780284915484006,
        0.12868238139270377,
        -0.09911301406699248,
        -0.15110659179468597,
        -0.030021649930695258,
        -0.00472408133989325,
        -0.08840826290695501,
        0.1554279885651214,
        0.007171243128550047,
        -0.10952629253959931,
        -0.008529427614478204,
        -0.16291799547347413,
        0.11430733446320533,
        0.07441122973841663,
        -0.11147344644782117,
        -0.028620921037637633,
        0.11546022835075899,
        0.023455260609815058,
        0.07419864628144973,
        -0.09279978998868717,
        0.004468386156261917,
        0.05562242697484683,
        0.0955389290710511,
        0.0980828200167476,
        0.0174377452723163,
        0.1323462883708408,
        -0.10711462026196154,
        0.0211655020688086,
        -0.004849650362241607,
        -0.09022648692534742,
        -0.06161030496742443,
        0.089055415660421,
        0.011576971176238736,
        0.11782069191166787,
        -0.027227864753307036,
        0.021938683252242398,
        0.0519354211946784,
        0.04308562618679492,
        0.10360297073696675,
        0.09808031555056228,
        0.08089319772888441,
        0.003599806918892554,
        0.03771880550993457,
        -0.042927027069011435,
        -0.17202039786169449,
        -0.12476957628407563
    ],
    "statevector_imag": [
        -0.08803323322296684,
        -0.005868919755892573,
        0.048637678416417474,
        -0.15457243547470162,
        -0.08242327051990597,
        0.13303615505549077,
        0.11504909925146942,
        -0.006340481179219076,
        0.002517831984599588,
        -0.13469934764181943,
        0.023049838095371,
        0.06133057458407678,
        0.0001338435979963181,
        0.12503735055688056,
        0.1474229676106086,
        0.0836788538345421,
        -0.03247877935623507,
        -0.04298957152285213,
        0.081152117169789,
        0.11385087051660106,
        -0.11362683997835656,
        0.03756606567591817,
        -0.1850340905435271,
        0.002836223362365026,
        -0.07123525879515359,
        0.0966087001591306,
        -0.01717761764172857,
        0.07709108222915242,
        0.001933906409078327,
        -0.06443547521630882,
        0.018678877617203847,
        0.03327026800928461,
        -0.012150819973700303,
        0.03848439237340701,
        -0.08478637001057143,
        -0.13303697178128587,
        0.07959018202587549,
        -0.1498919529163714,
        0.12260817836306709,
        -0.09443111394547216,
        -0.013662811445585892,
        0.024261785539702572,
        -0.043150717063404204,
        0.12791300164234723,
        0.04466177223577769,
        0.15723365990116037,
        0.03333590955941041,
        -0.051545953624686634,
        -0.0035921635870753534,
        0.1268536827140309,
        -0.05033005541876934,
        -0.14192855890915165,
        0.05126336969888519,
        0.016263164327850823,
        0.0821015634355193,
        -0.14910091507390918,
        -0.12195869113307622,
        -0.05998970328144623,
        -0.01742935485374825,
        -0.012744785175420492,
        -0.014649493615030542,
        -0.10942059016562865,
        0.10454110052114164,
        -0.09886707011181393
    ]
}