{
    "dataset": 0,
    "circuit_id": 2,
    "layer": 4,
    "num_params": 48,
    "expr": 0.0013969658972486304,
    "entcap": 0.9067336093085445,
    "num_iter": 1024,
    "last_cost_avg": 0.1183828752756294
}