{
    "dataset": 439,
    "last_cost_avg": 0.08977544786516792,
    "alpha": [
        0.06313341358654558,
        0.026292950160342835,
        0.027511402730970264,
        0.004682474107373259,
        0.01615704439666947,
        0.0285049873253553,
        0.025639200895776208,
        0.054468164940782694,
        0.03129272542941518,
        0.03614053758510633,
        0.08197125657381242,
        0.007518366980614286,
        0.03495941022360908,
        0.03915957655165736,
        0.0003450683092156231,
        0.00023739576665378942,
        0.030919767314109503,
        0.03632955706203054,
        0.03674614177380133,
        0.03615466285545877,
        0.0763556000452476,
        0.013827947509002863,
        0.07909239898309406,
        0.015388979218361451,
        0.02478950552481444,
        0.001060454406735566,
        7.586966724295791e-05,
        0.04576474792780772,
        0.01776665281062753,
        0.0679097699400718,
        0.01748473259580395,
        0.02231923680189014
    ]
}