{
    "dataset": 0,
    "circuit_id": 13,
    "layer": 13,
    "num_params": 182,
    "expr": 0.0005619300833896951,
    "entcap": 0.9169421127769454,
    "num_iter": 1024,
    "last_cost_avg": 0.015116747031992204
}