{
    "dataset": 77,
    "last_cost_avg": 0.07124535831367282,
    "statevector_real": [
        -0.10085476988008768,
        0.023431955383253603,
        0.036323012960131254,
        -0.08906634029149459,
        0.04526867235976624,
        -0.11252115076335407,
        0.1565075744665638,
        0.008458221640442187,
        -0.002685547132994655,
        0.10370056323107692,
        -0.09083587269626368,
        -0.02051276046406367,
        0.01167784553408164,
        0.004018873379266812,
        -0.15939736952644404,
        -0.05426736496264116,
        -0.08627611799210752,
        0.15681194479595978,
        0.1620025827867169,
        0.0001624627816125764,
        -0.08366784450330562,
        0.02229040632272041,
        0.14179604775900628,
        -0.15398237105050724,
        0.09154710999533928,
        0.06427401489670485,
        -0.09256940436806761,
        -0.011999689424440506,
        -0.12752335478662136,
        0.009227137374521504,
        -0.15233077661450642,
        -0.12023818345752602,
        -0.08153000692547838,
        0.03963495976939946,
        -0.10556816172493708,
        0.08784259936366612,
        0.14269110705753324,
        0.1247110988784634,
        -0.1323883805441622,
        -0.13172704088455042,
        -0.04170179689571369,
        -0.043780462586461996,
        -0.043055020702451506,
        -0.05055316084627601,
        0.018974545785762437,
        -0.006979616416723989,
        0.023117948080793885,
        0.1482730094437334,
        -0.06046220314994008,
        -0.003431499834334547,
        -0.0526296380704937,
        0.16958316271796348,
        0.0018710820417310477,
        0.08906615028028139,
        -0.117634353248477,
        0.12391153488497415,
        0.06635939347670235,
        0.10034435094032194,
        -0.030270451055598967,
        -0.017242680948027035,
        0.09160841096650521,
        0.01179703174440274,
        0.02139818482594481,
        -0.0316423181002819
    ],
    "statevector_imag": [
        -0.11836082174077604,
        -0.04030678952924479,
        0.03290739857525548,
        0.09220295956931875,
        -0.07861921051417306,
        0.07042031272825704,
        -0.021426927092344526,
        0.1320109367460256,
        0.012099334601011268,
        0.06928271581036508,
        -0.05881175043123215,
        0.004022184709328256,
        -0.0391356093731511,
        -0.0022900322941309752,
        0.06936875020861455,
        0.061288785935011116,
        0.09902969251699432,
        -0.09691943944186124,
        -0.03683378665406316,
        0.00033929916955446497,
        0.040630325912611745,
        -0.2001649319424635,
        0.07003557916844477,
        -0.07791815020629442,
        0.06779424921653189,
        -0.08531154477924621,
        -0.11318487846249603,
        -0.03894486075656161,
        0.07934625563340199,
        -0.07537392352764985,
        -0.035808149765132594,
        0.09430860635093666,
        0.00762160932337597,
        -0.10103775054969896,
        -0.15713822887118956,
        -0.039366932795223575,
        0.05545960650560541,
        -0.05771879404126146,
        0.03794159909675792,
        0.019648374508044148,
        -0.14931914200658794,
        0.03618310139129762,
        0.030107761348645765,
        0.1759379838225133,
        -0.05401543105829348,
        -0.03134425041016526,
        0.008241781635711752,
        -0.07156615403891844,
        -0.13867375714970168,
        0.19298601016895284,
        -0.11258039025835007,
        0.00798425440267962,
        0.08292275933319775,
        0.08246857193031354,
        0.06928113140773387,
        0.06044970113957702,
        -0.025992327989218224,
        -0.015324742493669028,
        -0.01650124387286591,
        -0.09558871765488056,
        0.16713544907519817,
        -0.1443879886070418,
        -0.08894682833088355,
        0.1381679077575531
    ]
}