{
    "dataset": 181,
    "last_cost_avg": 0.07560608175546121,
    "statevector_real": [
        0.03963913594287497,
        -0.024842299340521318,
        0.1391542936778919,
        -0.002699913987775549,
        -0.027572930927030868,
        -0.009828544875696245,
        0.18834646747529216,
        -0.10311502931925874,
        -0.010820832583756983,
        -0.14123078472158834,
        0.06960337630996632,
        -0.0021039440035272553,
        0.02347366426675662,
        0.0587701828219205,
        -0.17500207642796575,
        -0.029922666365070506,
        0.021632032089687073,
        -0.012428839788399055,
        0.12050483548847814,
        0.16331896460151377,
        -0.04667616681982692,
        -0.0606420762233968,
        -0.07183873848446025,
        -0.06466575504377134,
        0.13921268244479876,
        -0.14003513745709115,
        -0.05997987796124937,
        0.10213350262476541,
        0.021507774184567122,
        -0.14801849694152747,
        0.14033291225133745,
        0.07060174978266315,
        0.0584793235765348,
        0.03030889832748826,
        0.1226357115266811,
        0.000553348706360351,
        0.1870245207821425,
        -0.10151927331776352,
        -0.05584153134518958,
        0.12443912935497786,
        -0.009981127203397675,
        0.022821612145951513,
        0.03557325398025131,
        0.0642745803524356,
        0.024870544013346194,
        -0.07539646274461244,
        0.044215829332007836,
        0.0016253845698855547,
        -0.03364462155612847,
        -0.1462301395424887,
        -0.140926765812933,
        -0.008859722917058747,
        0.011127213584089243,
        0.07202483914889411,
        0.07124048998546605,
        0.056717146380823605,
        -0.06475527381817542,
        -0.00350714905706571,
        0.020800308536841547,
        0.1196025084708458,
        0.007317747976608307,
        -0.0376016884360046,
        -0.045157442319804585,
        0.04371601507292084
    ],
    "statevector_imag": [
        0.16813193985920777,
        0.09590702783776514,
        -0.00038516677338845467,
        0.14999126591879997,
        0.07686690044556513,
        0.05038206439362987,
        0.0743434075666963,
        -0.01895438247403949,
        0.04618947067767897,
        -0.02955301431336283,
        -0.00390592884927597,
        -0.09745585762584814,
        -0.11900702175635242,
        0.19709033706597906,
        -0.0275177156572886,
        0.04018667062982159,
        -0.02746110685302861,
        0.005135011015013356,
        -0.09792073481865562,
        0.07631595325677884,
        -0.02348548004494204,
        0.09494893882550726,
        0.10451807429744472,
        -0.10281689568571614,
        0.04327040589707218,
        -0.0717256411690335,
        0.06774044396125503,
        -0.025030201537293437,
        -0.17702014020752369,
        0.11367861498929469,
        -0.0629912915564642,
        0.02122823504128502,
        -0.1124656885115413,
        0.12540653779954902,
        -0.1619729791143472,
        -0.0748509178671059,
        -0.0750218260095438,
        -0.00452191702649828,
        0.046212231204134584,
        0.055334261472351584,
        -0.10580771554736307,
        0.009073770057494206,
        -0.05712248870298151,
        0.09062341711154864,
        -0.10469712768268967,
        -0.2053646018600482,
        -0.04524932033130281,
        0.1716980614904996,
        -0.01220661898563756,
        0.12419321195119888,
        -0.0607581484300276,
        0.022629606280684843,
        0.0014046820096271797,
        0.02103980394915386,
        -0.0027932500486649654,
        0.02435310723439458,
        -0.08188239186659667,
        0.07973676459028017,
        -0.04605834317108224,
        -0.14702119052062237,
        0.011404600146296186,
        -0.10458295013763934,
        0.1928567930909971,
        -0.035652060419724026
    ]
}