{
    "dataset": 1206,
    "last_cost_avg": 0.09399485384770709,
    "statevector_real": [
        0.0010944466571932258,
        -0.11175006350328914,
        0.24038650825209273,
        -0.20889214962427444,
        -0.016608864600402427,
        0.05409488573094892,
        -0.014815116936231923,
        0.008901355088723154,
        -0.04305316897468547,
        -0.004744030672790609,
        -0.006304673118750234,
        -0.2102915139678322,
        -0.005680537197914142,
        -0.007223625545564973,
        -0.1558908589064193,
        -0.008333438114490518,
        0.1614757788211697,
        0.15953461617349524,
        -0.18618495210070765,
        0.010262528414607381,
        -0.09568998858922506,
        0.19216974177355606,
        -0.05108184066430531,
        0.16767336054504742,
        5.418904054148912e-05,
        0.000933959590485879,
        0.012305275718632406,
        0.03886400768337393,
        0.03002045326194123,
        -0.010863145853313964,
        -0.07127944594281276,
        0.10132217585064753
    ],
    "statevector_imag": [
        -0.17914479920641646,
        0.13453304541411015,
        0.161146642382293,
        -0.13333106194807293,
        -0.19760445480237582,
        -0.133677541166835,
        -0.12663698134751475,
        0.14900792535705815,
        0.20282168787940158,
        0.00503481592043228,
        0.20505871408125045,
        -0.023573980377213144,
        0.003921850763607933,
        -0.004379620407567445,
        -0.2283509117250729,
        0.005097066542278143,
        0.040604833821818884,
        -0.12397800389544415,
        -0.05296760902302669,
        0.037654821554364566,
        -0.18118944146917632,
        0.03695211542271435,
        0.3208486331394497,
        0.08232561612962846,
        0.00676512014325984,
        -0.01178559909893579,
        0.06636344330232122,
        0.25058156884542215,
        -0.11114157720369494,
        -0.009669987720268431,
        0.20322434379064938,
        -0.13967205154778928
    ]
}