{
    "dataset": 0,
    "circuit_id": 13,
    "layer": 2,
    "num_params": 24,
    "expr": 0.12646618586991268,
    "entcap": 0.40629580043593,
    "num_iter": 70,
    "last_cost_avg": 0.02083587646484375
}