{
    "dataset": 0,
    "circuit_id": 4,
    "layer": 7,
    "num_params": 119,
    "expr": 0.008195254954552103,
    "entcap": 0.8095821264649609,
    "num_iter": 1024,
    "last_cost_avg": 0.0958816726369916
}