{
    "dataset": 1401,
    "last_cost_avg": 0.09814784020538514,
    "statevector_real": [
        0.14988483331316524,
        -0.10000715487494996,
        -0.15788709845676138,
        0.03745785875943972,
        0.056015501931585304,
        -0.19162031200630567,
        0.1463877540291399,
        0.17236033274740228,
        -0.08137893218436024,
        0.14347157532717522,
        0.18932367275776904,
        -0.1331068458937551,
        0.1831612170602798,
        0.020720630547051675,
        0.009537234342192263,
        0.17518215691107838,
        0.15103476421752038,
        0.2038080501088172,
        0.16730001546504522,
        -0.08305074405821603,
        -0.038804811196219105,
        -0.00956097130008143,
        0.09772168110031607,
        -0.19244077148369768,
        -0.23300274786901107,
        -0.06240362052469037,
        0.04240018754550233,
        0.03317342867129294,
        -0.09298686231447593,
        0.028531984433775772,
        0.1155335978851855,
        -0.22102283241758156
    ],
    "statevector_imag": [
        -0.04768493273524443,
        -0.12998145115286558,
        -0.08176745734628839,
        0.1414886647684045,
        -0.1497543238485546,
        0.08121600253473983,
        -0.11264372898711679,
        0.03179173849040122,
        -0.020871934498075374,
        -0.020056162891434574,
        0.05332819196511925,
        0.17895627657100396,
        0.08431262560192677,
        0.1811767185233756,
        0.20025752642646538,
        -0.06466643150452371,
        -0.09207806804936666,
        -0.016587130811772266,
        -0.13895635056290775,
        0.23449420224434195,
        0.12614073595839703,
        0.007538508568969767,
        -0.03133683443706642,
        -0.02164168824129261,
        0.04574235481199939,
        -0.16274946915396674,
        0.24411441317083465,
        -0.12167540632114716,
        0.08964397119920094,
        0.03487509275213135,
        0.038491212223153985,
        -0.042715634130428164
    ]
}