{
    "dataset": 0,
    "circuit_id": 9,
    "layer": 2,
    "num_params": 12,
    "expr": 0.14045003340025783,
    "entcap": 0.9999999999999997,
    "num_iter": 107,
    "last_cost_avg": 0.00565338134765625
}