{
    "dataset": 468,
    "last_cost_avg": 0.10454060738923579,
    "alpha": [
        0.05890380673171078,
        0.01637900503350527,
        0.03633378932550099,
        0.014765332477994561,
        0.021770152023209664,
        0.034527500709912236,
        0.024896168540444224,
        0.04786958069557686,
        0.020569763561658298,
        0.011527379416840311,
        0.06270154283113034,
        0.0008641926641309223,
        0.0008847896723346149,
        0.030570188111034964,
        0.05297465218128289,
        0.01502938602568895,
        0.02842798279408474,
        0.042561630202251816,
        0.04378764106084305,
        0.017636961307499893,
        0.042293955545439146,
        0.04810921375241138,
        0.048630511491192754,
        0.05693870107407438,
        0.04612980542572245,
        0.024027941520126335,
        0.0251072843328365,
        0.007487458451473178,
        0.020229149335602416,
        0.02637960846332125,
        0.035829246909926483,
        0.03585567833123834
    ]
}