{
    "dataset": 1288,
    "last_cost_avg": 0.0962077862261447,
    "statevector_real": [
        0.22805613684524537,
        0.19853322247906377,
        0.12054639312385614,
        0.13086216718931332,
        0.1540661366244775,
        -0.013539727851832625,
        0.1863674184985097,
        0.10551968809685125,
        0.12804463863991766,
        0.1312135460008009,
        0.2573065413296031,
        0.2092280407410156,
        0.055893408991865914,
        0.050020913665215584,
        -0.03426212853668697,
        0.023963552623656802,
        -0.04701798180186617,
        0.11580329985125538,
        -0.09997600277391587,
        0.11782983733209408,
        0.18543522550339026,
        -0.11657718983675315,
        0.024537420032300805,
        -0.15010052250572312,
        -0.03732165461364382,
        -0.05302421293205081,
        0.14532050032803673,
        0.20555683679147646,
        0.1914164795734005,
        -0.05286550882929594,
        0.0861053829799076,
        -0.07454113526538607
    ],
    "statevector_imag": [
        -0.07881210374384437,
        0.09794416569231436,
        0.03838303127454816,
        0.02479042149888024,
        -0.2225208437442165,
        -0.03769045505008462,
        -0.014417803436440467,
        -0.0999370238704094,
        -0.13055327963172098,
        0.08628448136033955,
        0.1163921191721353,
        0.04326830652025184,
        -0.10431541141000188,
        0.024365741281677136,
        -0.0946630353047593,
        0.03194690195783362,
        -0.014574896216827183,
        0.09129201993443829,
        -0.1416564714979632,
        0.025883801339376553,
        -0.17072757466276203,
        0.15827602411637276,
        0.13733325842836835,
        0.1548703143054538,
        -0.059505365842966895,
        -0.23866235729909643,
        -0.05434916143388332,
        0.10645528885700911,
        0.12591843863852106,
        -0.20632439887325443,
        -0.11129488360501084,
        0.11513327659931846
    ]
}