{
    "dataset": 1541,
    "last_cost_avg": 0.09510818141149938,
    "statevector_real": [
        -0.015317252126096269,
        0.006640205056907194,
        0.1466120156022578,
        -0.0313713273866995,
        0.13479167079499438,
        0.15189221397729666,
        -0.004870038714277526,
        0.03434749069532193,
        0.20414314886714477,
        0.12278636934893032,
        0.19073168467866827,
        -0.005812724803861056,
        -0.1936234548481009,
        -0.06733940518096171,
        0.09406208441571946,
        0.2418037824548384,
        -0.14879562289596382,
        0.2920187950197069,
        0.0028846355695713506,
        -0.14116746270974198,
        -0.1983461630357804,
        0.004252359969811304,
        -0.08730171309690775,
        -0.24628595070333756,
        -0.11464558916924136,
        0.22878576029423936,
        0.0288411820075201,
        0.1379195763676599,
        0.19423137191397571,
        0.07020415008524149,
        0.20586033924938407,
        -0.05333602904508303
    ],
    "statevector_imag": [
        -0.006714708078536471,
        -0.027230635043875667,
        -0.17981084982117615,
        -0.20892417166591976,
        0.09941663859589718,
        -0.04751020935799233,
        -0.02617642307920065,
        0.15331065773141125,
        0.04520173831410942,
        0.09356545791500238,
        0.1493782336666249,
        -0.14145390208341405,
        -0.033483811479731,
        0.04316296744220712,
        -0.12538638181609407,
        0.0163490109885632,
        -0.0004346363945894627,
        -0.002588838649626991,
        0.055266897583462184,
        -0.03507414469482048,
        0.04081796975401296,
        0.23300027496275508,
        0.19751329647518384,
        -0.02956995410645285,
        -0.13130755893994314,
        0.05130508826683075,
        0.0724387726454316,
        -0.04202138915893182,
        -0.08324628211738808,
        0.0494552264192151,
        0.04085586013935966,
        0.028809264785402623
    ]
}