{
    "dataset": 3671,
    "last_cost_avg": 0.07241916652693557,
    "statevector_real": [
        -0.19735676082447928,
        -0.11313997438797621,
        -0.018842333048983927,
        -0.17145632553553136,
        0.0037806985694215406,
        -0.24403462127916947,
        0.023967257157387227,
        0.03766731486591897,
        -0.09774864851566196,
        0.052926819581666104,
        0.006039836501521621,
        -0.11302333164181899,
        -0.01068657296633237,
        0.09694073616646316,
        0.10707801972483288,
        0.1973758447170508,
        -0.21259992690610335,
        -0.005248329899761939,
        -0.01211572030332743,
        0.0698511168467189,
        0.054573143301491815,
        -0.07783369410696722,
        -0.018346404316096538,
        0.014751085392209186,
        0.08330385766519667,
        -0.023023493308662372,
        -0.015930079603688918,
        0.05057750064695043,
        0.20174721826234596,
        0.18026946494616292,
        -0.25449718706655194,
        0.02766367359879998
    ],
    "statevector_imag": [
        0.1169718339207084,
        0.10067549037678557,
        -0.10737518814435301,
        -0.05280800733342548,
        -0.013335514127274097,
        0.14685790771013255,
        -0.02159564988995146,
        0.239962351315859,
        -0.17326051455812286,
        0.18624559062526322,
        -0.0043810718761441774,
        -0.07010899665367332,
        0.007826186838058738,
        -0.045615435616902504,
        0.14405268240647975,
        -0.0636554135945219,
        -0.08311371810129821,
        0.20333644848283536,
        -0.023320024380988073,
        -0.17598134853508318,
        0.08348666379292018,
        -0.15265361862538068,
        0.24450505409617795,
        -0.2549553059817304,
        0.21590137385679145,
        0.19248545950920867,
        0.0485931873931854,
        0.0521982900230135,
        0.08552844524962912,
        0.05748368045848858,
        -0.07671360629741582,
        -0.09155854337436059
    ]
}