{
    "dataset": 839,
    "last_cost_avg": 0.11067310281011353,
    "statevector_real": [
        -0.09411976734491594,
        -0.10345086716250212,
        -0.1608751868895315,
        -0.02016363781357147,
        -0.11434279819831672,
        0.12497371588259115,
        0.007844203784335157,
        -0.0544708690740894,
        0.10158529945112679,
        -0.003410939365388024,
        -0.0269372109922797,
        -0.03503334579925785,
        0.010622076874664564,
        0.04880923472463726,
        0.14721280658106223,
        -0.1332251037210727,
        0.09219392699919338,
        0.0205454685471578,
        0.00646928752765834,
        0.0860928246975932,
        0.06178300306086268,
        0.049162692018669164,
        0.06577671166084666,
        0.08596426089278178,
        -0.05359297062716045,
        0.013214737500183208,
        0.006554476693397846,
        -0.07801185823765527,
        0.04432395432178449,
        0.015718811512078434,
        -0.22713374349904905,
        0.06026065469436342,
        -0.0013453083375664786,
        0.08422419078216728,
        0.07519868026223889,
        0.12843161063673683,
        -0.023398469914086697,
        -0.016890721656388788,
        0.028142675796906855,
        0.06478619384142162,
        -0.07518426421250558,
        -0.06277277375077096,
        -0.016004064362855557,
        -0.005033471422676525,
        -0.15968980672151453,
        -0.03804256783026426,
        0.16210072840443837,
        0.07347529109503403,
        -0.1812240844390615,
        0.020600554689527612,
        -0.009678235710674804,
        0.0169806626204763,
        0.040875950336945896,
        -0.014655291500204237,
        -0.12483261221219076,
        0.005951931604539218,
        0.13543423506844254,
        -0.03091206802011626,
        -0.010774609138427203,
        0.16337193230688424,
        -0.011477907465872744,
        0.10420249359493165,
        0.012755091285541706,
        -0.007691331471096979
    ],
    "statevector_imag": [
        -0.11324445109573708,
        0.1571694364921292,
        -0.10256929171082303,
        -0.17458902642628296,
        0.05997726935752557,
        0.1433193655170026,
        0.007328264200963544,
        0.03556284594721834,
        -0.07902701440475285,
        -0.054100572152132216,
        0.1621500680695457,
        -0.07988685028838129,
        0.059617809035761776,
        -0.1024812708977353,
        0.08293355663721684,
        -0.007603143064219839,
        -0.1582853608896784,
        -0.002380338767164948,
        0.11248254161899203,
        0.0351256462212027,
        0.12887366383867824,
        0.004194682905862871,
        0.11385174798902263,
        -0.04609085076381918,
        -0.10924326205854054,
        0.05342218593506595,
        -0.11575649796745603,
        -0.023065219002481076,
        -0.005815178862586059,
        0.023349042802700358,
        -0.04901400680606973,
        -0.011979789038113546,
        -0.06734167850983817,
        0.1053111291492841,
        0.035809943386974914,
        -0.006718642918359908,
        -0.16624634660744264,
        -0.1359196215598245,
        0.0597770333262658,
        -0.035570798739552593,
        -0.18799557398367234,
        -0.12181510104444421,
        -0.1283896379273095,
        -0.0013469651285822816,
        -0.022729833319906072,
        -0.1734233192412013,
        -0.0008212496714567366,
        -0.11389197516828778,
        0.04036699943883219,
        0.0021034110717594486,
        0.09698309226988162,
        -0.019409634672647134,
        -0.11715096769832677,
        -0.11140918548578264,
        0.05807544775845197,
        0.09868804597017644,
        0.07978696125183549,
        0.054539816703850524,
        -0.007836914562345584,
        -0.004690137543707696,
        0.007274899525142479,
        -0.19071669543354625,
        0.10611344836540951,
        -0.005107561696315647
    ]
}