{
    "dataset": 1520,
    "last_cost_avg": 0.07482866868428027,
    "statevector_real": [
        -0.17256018803216328,
        0.13358272896835305,
        -0.03316699137776301,
        0.028989524184064547,
        0.13857689073540505,
        -0.05922035309729601,
        -0.16471212685158992,
        -0.0697033398072451,
        0.02039810416499225,
        -0.0699571432460529,
        -0.0022271760941696807,
        -0.21599835659671474,
        -0.06157196614904807,
        -0.1467468430550927,
        0.013701635316209533,
        -0.14254287413957956,
        0.03716421702073364,
        0.005474398922407001,
        -0.07038056821764949,
        -0.07573212801763202,
        -0.06539861921057759,
        0.06687612758842201,
        0.06682697592586817,
        0.0029606744277017767,
        0.04198142604850348,
        0.0796025662519654,
        0.10529609309050797,
        -0.14336990259017157,
        -0.20472668119346993,
        0.14509566818276778,
        0.19338539375767325,
        0.06340717168027303
    ],
    "statevector_imag": [
        -0.0002173410966027694,
        -0.050672009050268835,
        -0.1354584883836267,
        0.23666986445689506,
        -0.120765879929705,
        -0.23116471986704112,
        -0.02681314287072692,
        0.10537639911376342,
        0.12238970139188662,
        0.1718543161932027,
        0.004278547902073,
        0.1429587180210341,
        -0.10184326017654824,
        0.2641724509697096,
        0.10541475111875206,
        0.005287596035763306,
        -0.08759418346732288,
        0.17341087917377734,
        -0.23256763385931337,
        -0.07172356478866,
        -0.07112962183181176,
        -0.07335143390288527,
        0.218143145261095,
        0.017036116579237783,
        -0.13812485130541954,
        -0.1598289763716463,
        0.1847598725495017,
        0.05059543445516586,
        -0.11359655797079632,
        -0.06539197375415748,
        0.19707674193621946,
        0.151041085373144
    ]
}