{
    "dataset": 2540,
    "last_cost_avg": 0.08096134333130942,
    "statevector_real": [
        -0.037400774630293995,
        -0.06964355134562021,
        0.1421170532904392,
        -0.2286084719616487,
        0.04755344001130557,
        -0.003080095400462974,
        0.16413082416847039,
        0.026124168364073278,
        -0.15302039531567288,
        -0.0072563971200795795,
        -0.017462943725727355,
        0.05115157134165304,
        -0.2017984616318962,
        -0.11497516125131697,
        -0.010669676881456413,
        -0.24615718222792093,
        -0.15260110829279958,
        0.1908883353804241,
        -0.03686336479884608,
        -0.015451135821267325,
        0.09536304531518205,
        0.004433905889820289,
        0.02579182603592133,
        -0.1289186818923817,
        0.007756886132199269,
        0.18459182114805417,
        -0.1251722950169916,
        -0.20708176126645245,
        0.1451348428793653,
        0.22294642399386555,
        -0.01268990564291939,
        -0.09106104145050732
    ],
    "statevector_imag": [
        -0.231271801857837,
        0.12598173212426114,
        -0.199826194739937,
        0.04693182146948262,
        -0.1389333972055445,
        -0.13207942293750705,
        0.08229155037509878,
        0.16566296524553087,
        0.07992811967377438,
        -0.0038450747039207407,
        0.18252056507649345,
        0.06651066430272824,
        0.20983434378037913,
        0.005423330198577889,
        -0.005917038636705285,
        0.028392119312294885,
        -0.18949600310414666,
        -0.10865905734032245,
        0.1833601368598919,
        -0.06571603656437483,
        -0.12845458458429024,
        0.009951006655960062,
        -0.09849601387243317,
        -0.16104733576852975,
        0.010275564358314768,
        0.02624067535193804,
        -0.019621155655432005,
        -0.08953525882971856,
        -0.03215645560015682,
        0.05416983184461795,
        0.1675592884289098,
        0.20025585553863334
    ]
}