{
    "dataset": 1208,
    "last_cost_avg": 0.10226283109242662,
    "statevector_real": [
        -0.05618791349938344,
        -0.0406874336173922,
        0.05824306189324477,
        0.15957529016785585,
        0.14919271814312837,
        0.06461839777801698,
        0.12767203267667285,
        0.03780982788951663,
        0.0760177306560105,
        -0.014672176661896092,
        0.10749038740603828,
        0.131250090647703,
        -0.06677727310764267,
        -0.1137559269362789,
        0.10903682808572035,
        0.007092659141131443,
        0.09773439620613163,
        -0.050375758421508196,
        0.10158361717926485,
        -0.05524934705797936,
        0.13923652954605353,
        -0.1703568124363628,
        -0.11223588394865956,
        0.068962990993793,
        0.0114707276884017,
        -0.12595358954951066,
        -0.013356447784621625,
        -0.08538701156937997,
        0.04187017847039031,
        -0.06017923220112612,
        0.1650842252635969,
        0.08512839604188686,
        -0.006933729551690458,
        -0.03124490931503763,
        -0.09934359300316935,
        0.1434062868915382,
        -0.05612605187653723,
        0.04908705902174951,
        0.01772717788725039,
        0.051069972820521344,
        0.13172738597292147,
        0.03422580538941488,
        -0.0670269978663017,
        0.08794216474706493,
        0.19339203946866662,
        -0.0010168374151240602,
        0.11287043817335536,
        -0.018714209936450333,
        -0.04486677676630732,
        0.13304650835379947,
        -0.052450426258408386,
        0.07705126019352543,
        -0.03310753060288144,
        -0.015766943066936084,
        0.02361141863116526,
        -0.07114830228950436,
        0.01211460921102338,
        -0.20116165024234217,
        0.025634536269530724,
        0.1378160016486587,
        -0.1426667695486423,
        -0.12825975337272746,
        0.01568937907157069,
        0.04998538416385465
    ],
    "statevector_imag": [
        -0.13682700090677147,
        0.03256065860884742,
        0.058354519647452245,
        -0.01787949837285459,
        -0.13886204103217525,
        -0.02688542292246666,
        0.08673019262785016,
        0.15204330405142916,
        -0.09788745278267626,
        0.11371263158807524,
        0.03407422832523475,
        -0.09741294673739816,
        0.15408884870067746,
        0.11192781903193601,
        0.08653486502847216,
        0.019406119772307436,
        -0.13051330321470722,
        0.08179391609350402,
        -0.054994908209471186,
        -0.14250326012394826,
        0.023013805384919445,
        -0.01913871185972411,
        0.07964666025884415,
        0.06581026244592691,
        -0.05852793092066643,
        -0.028078475941051468,
        0.13753518299595888,
        -0.05324067002753332,
        0.07426507503632251,
        0.11732737363401546,
        0.0847182568384797,
        0.016603729469254706,
        -0.006012021102819906,
        0.04765174256004436,
        0.11423457134603748,
        0.035252667278015244,
        0.05486369505910145,
        -0.006725379907805703,
        -0.06870065666898707,
        0.07177115763814847,
        0.12596420700282915,
        -0.03927261848744891,
        0.05756793492650478,
        0.07131686624544749,
        0.016184295870339305,
        -0.00018026206544941075,
        0.14825897983143374,
        0.05715584472141224,
        0.07846652795107831,
        0.0797131093632494,
        -0.1053333569010889,
        0.003659052566847469,
        0.05812465554858481,
        0.12200971635061468,
        0.0673050419141442,
        0.058805835080508094,
        -0.014109161700592612,
        -0.0224424306290881,
        -0.12934405385212427,
        -0.12766544397423837,
        0.01785994432774831,
        -0.1270905157570757,
        -0.03928787931041285,
        0.04350873866245644
    ]
}