{
    "dataset": 2824,
    "last_cost_avg": 0.094603933703198,
    "statevector_real": [
        0.0023011076001334787,
        -0.15276018722484727,
        0.08875216305039234,
        0.058162963474155,
        0.004106566782405782,
        0.006437395258425229,
        -0.019665561126089064,
        0.005233814989058166,
        0.05115448603769575,
        0.010039281234290242,
        -0.11027637506320592,
        0.03796024664148008,
        -0.1435673337465387,
        0.004032093791797715,
        -0.26034200946803865,
        -0.03553718284042724,
        -0.05955531956032889,
        0.004622240247581835,
        0.20830393052934684,
        -0.11570062642253301,
        0.1340526098000289,
        -0.1313780590043098,
        0.09451364929709465,
        -0.2250174041024017,
        0.13885842695274106,
        0.18706032241375586,
        -0.179277104371839,
        0.15550253276752457,
        0.041541561062422905,
        0.1272762895669024,
        -0.09915754916119775,
        -0.1990893585111602
    ],
    "statevector_imag": [
        -0.004296727742510387,
        0.1508720603990053,
        -0.0462500425174408,
        -0.21364976215549486,
        0.23375898132492567,
        -0.0022104043873809537,
        0.002267673531150498,
        0.0010707560631099775,
        -0.21507428644458915,
        -0.1149789763770298,
        0.23925737489699783,
        0.06022928852830349,
        0.06156909895691512,
        0.14008415504668223,
        -0.04482126404393208,
        -0.09560498793129815,
        0.24410806576224198,
        -0.007208623474586979,
        -0.11419177545577856,
        -0.21928661284441522,
        0.02008137446232778,
        -0.12582219581057505,
        -0.04555925452558666,
        0.03777368542737876,
        0.18601481595461763,
        -0.18948664851721989,
        -0.04154617860476683,
        0.026557940767249807,
        -0.03021367091928067,
        0.1534708407336793,
        0.05853778077248724,
        0.0658866167612721
    ]
}