{
    "dataset": 2745,
    "last_cost_avg": 0.06774802093716514,
    "statevector_real": [
        0.007728631715684961,
        -0.0036721855013230782,
        -0.014023214819137254,
        0.15235785346874336,
        0.03436346336723576,
        0.09048582668044972,
        0.025931761828239076,
        -0.20250497894478156,
        0.14507066512812333,
        0.04291653159468544,
        -0.13794316691046865,
        -0.12161999735104544,
        -0.01036222533718964,
        0.11701126968040379,
        -0.1624238872287019,
        0.2584319106725428,
        0.20627543519917918,
        0.0840647091476679,
        0.25849017642036404,
        0.037031675192055614,
        0.11042707539044934,
        0.23427084809387866,
        -0.11898701026894098,
        -0.030698513741802783,
        -0.008414865491610494,
        -0.027123038314195786,
        -0.1255668759454123,
        0.1170837975324229,
        0.0911687629219458,
        -0.04004228544644788,
        0.1667364332780029,
        0.07737479429397964
    ],
    "statevector_imag": [
        0.15336537888047916,
        -0.06732468972702878,
        -0.101054109724362,
        0.09865646269645226,
        -0.15714682457812906,
        -0.11935880274399706,
        0.14816022294610434,
        0.015123429168582387,
        0.04263216391672684,
        -0.18597789103110413,
        -0.10127606168133843,
        0.04556845759349252,
        -0.017792672590623122,
        0.22142625287377257,
        -0.05471765523922295,
        -0.15903568969625767,
        0.047977279600324774,
        0.16484220263177327,
        0.07376799636085532,
        0.09518473570762188,
        0.08739877350891251,
        0.07871988119133115,
        0.19859582251890368,
        -0.09326634952850084,
        0.1914202178095458,
        -0.0760544981398688,
        0.13457183189280653,
        -0.10908525925437064,
        -0.06102269871447807,
        0.03822297253654273,
        -0.010013265051823034,
        0.26203684014544776
    ]
}