{
    "dataset": 645,
    "last_cost_avg": 0.08101306517889978,
    "alpha": [
        0.07418942998625094,
        0.0001756538541567361,
        0.0475699916997871,
        0.003164404136161099,
        0.021986253845156224,
        0.03960033503363083,
        1.1330509300689722e-05,
        0.09610360017263048,
        0.00015296945747732423,
        0.0012798161616774182,
        0.08867525126686822,
        0.014101992929374038,
        6.209426842383969e-05,
        0.043693462047603805,
        0.016053030843259562,
        4.874284727767936e-05,
        0.04105284809920704,
        0.02156742533407837,
        0.07286193394948466,
        0.03757208962795752,
        0.09946752295690305,
        0.0003630641954525631,
        0.09110825490880599,
        0.024564343431187415,
        0.030269193012297007,
        0.014475904159481042,
        0.00025740983176167354,
        0.025361687442788765,
        0.03646873814954265,
        0.033592954839518366,
        0.006738278607350797,
        0.01740999239514702
    ]
}