{
    "dataset": 991,
    "last_cost_avg": 0.09099347364152703,
    "alpha": [
        0.05099606303176419,
        0.007242134123094514,
        0.05496158631235176,
        0.004566294975426439,
        0.009697947502222073,
        0.0400392288698872,
        0.024316614718908443,
        0.021010669578527826,
        0.055591113430341475,
        0.03301333829314683,
        0.08639230791765708,
        0.038832672497056374,
        0.00939004617857636,
        0.023419075007626515,
        0.020970791926544476,
        0.017699959764404655,
        0.005473654089056755,
        0.006566113493445081,
        0.0630525510311739,
        0.030722813828443725,
        0.07920237464077064,
        0.014244352075627175,
        0.0497620358379591,
        0.022422552743211338,
        0.03472302036495564,
        0.010300087514324381,
        0.022629794689594238,
        0.047430612859679235,
        0.019103331267161936,
        0.07076935361376935,
        0.006200139787267806,
        0.019257368036023507
    ]
}