{
    "dataset": 3878,
    "last_cost_avg": 0.10380613956371287,
    "statevector_real": [
        -0.0005432058478090316,
        0.16803182428755076,
        -0.022598303351136585,
        -0.179296126984548,
        0.260641048849286,
        -0.06638924440879941,
        -0.08815021435256584,
        0.01586980957310138,
        -0.01678934973146957,
        -0.2570511663281414,
        0.1086159775567307,
        -0.09935531572960879,
        0.021779097588176054,
        -0.08015319359138018,
        0.05471620012610832,
        -0.19235112320265066,
        -0.004411937680509046,
        -0.07715449055347336,
        0.013775497756690402,
        0.08578469224205236,
        0.08302007926212497,
        -0.01660276743393713,
        0.0902579862462332,
        0.047938698453788356,
        0.04858874729316387,
        0.01937745895739764,
        -0.052967777950015026,
        -0.1879199638975656,
        0.0030164554092963094,
        0.12470022885623279,
        -0.12029113308820151,
        -0.12944546987003222
    ],
    "statevector_imag": [
        -0.011776896266704577,
        0.21712235567008611,
        -0.18640772077566314,
        0.13727784654361544,
        -0.14777104926552528,
        0.1715814996303693,
        -0.08849402757239806,
        0.019144890699836662,
        0.014369249184987396,
        0.21590392978334266,
        -0.051775361761643594,
        0.010969682010342737,
        0.24440765433269235,
        -0.22858187931446372,
        0.040610295390160034,
        -0.09515120484903593,
        0.025323802080169662,
        0.13968357466279793,
        -0.057656567586443885,
        -0.01563582557097492,
        0.14583471853828414,
        -0.1820589440313276,
        0.19074409734039768,
        0.0070824592497524255,
        -0.22612041580316136,
        0.257440900787266,
        -0.06205547339889632,
        -0.041969591075775754,
        0.09915221809650734,
        0.11048425378988941,
        0.08192547497805765,
        -0.07782446091254994
    ]
}