{
    "dataset": 3109,
    "last_cost_avg": 0.07711919501964876,
    "statevector_real": [
        0.005574900387614826,
        -0.00018121968046864707,
        0.19352626525445854,
        0.13758080234976947,
        0.1283300449850724,
        0.17784439077699363,
        0.23123824241180985,
        0.1262056829700419,
        0.012905840586464054,
        0.009323595101035755,
        -0.15284869876535845,
        0.15562790488410413,
        0.015138005680126335,
        -0.01506622502872488,
        0.09674930998187692,
        0.1224692434128674,
        -0.1270455805928338,
        -0.060994511934629216,
        -0.02792579417256893,
        0.06579042807632861,
        -0.20996246314866104,
        -0.033591148224097055,
        -0.11209141807827532,
        0.11220239828695083,
        -0.16363928196275598,
        0.08123448227973284,
        0.19276315112384582,
        0.0008740385027811913,
        0.1308816299868121,
        -0.1393211366749495,
        0.10971929933260997,
        0.20916629916014945
    ],
    "statevector_imag": [
        -0.14801935627372723,
        -0.004570062216885795,
        -0.06200334221582778,
        -0.0463938445774679,
        0.0036710675166365626,
        0.11682426732937283,
        0.05982277722223149,
        0.01944839206786501,
        -0.19155750657855153,
        0.18626951659925134,
        0.025865759904290492,
        0.014188373097377728,
        0.001689957179138845,
        -0.2329750274489338,
        0.1471633896966754,
        -0.026510769245224483,
        -0.21161052292581162,
        -0.19516096929146423,
        0.1738481093975831,
        -0.06917089155165461,
        0.026932432714166656,
        0.005903964918249784,
        -0.036236168355614544,
        -0.12108783873463416,
        -0.1325584597888414,
        -0.16897981643640356,
        0.11803049689146869,
        -0.14190480799433708,
        -0.012492784462318473,
        0.13002096412566044,
        0.25628646912662295,
        -0.05696257780002172
    ]
}