{
    "dataset": 1528,
    "last_cost_avg": 0.05741301492420506,
    "statevector_real": [
        -0.13587210537128078,
        -0.06016905318798579,
        0.0016927710391615547,
        -0.030353111115497156,
        -0.1330070193422015,
        0.07516932645401107,
        0.04371287084621259,
        0.004977679343803179,
        -0.1752867154682176,
        0.058650257032739725,
        -0.011858467382938007,
        -0.08761349493463563,
        -0.06690279613270488,
        0.1484274257293368,
        0.0059142905496101465,
        0.004071684203400736,
        0.045298337885804126,
        -0.07859633769134221,
        -0.14221182682072794,
        0.049886016497249774,
        -0.02526708197000165,
        0.02251542525476557,
        -0.01003651917433859,
        0.014079885550519384,
        -0.13602681632819563,
        -0.05785990341880101,
        -0.007763446914122958,
        -0.14216246918495107,
        -0.123076796438308,
        -0.2471963976911614,
        0.024113760183017415,
        -0.04468888344473776,
        -0.11818243812406105,
        0.09583368839264349,
        0.15695379123578546,
        -0.09871597715305339,
        -0.15446264595489015,
        0.04442650139918986,
        0.16994595212165356,
        -0.11159347756024104,
        -0.005614461959620239,
        0.0050539802337858505,
        0.06082743472052563,
        -0.010888312470937887,
        -0.09787574942004343,
        0.004706679332166622,
        -0.02734446474862263,
        0.0424115617253682,
        0.005971147098689973,
        -0.14258425215266268,
        -0.11259272617900914,
        0.08262380260304962,
        -0.1447711327220846,
        0.1088991822248658,
        -0.003449018377476202,
        -0.0065522417687832015,
        -0.11558263433389247,
        0.07428878027332832,
        -0.05976239259084182,
        -0.08325703485825801,
        0.14677224344722145,
        -0.06945552347925886,
        0.033285565359083086,
        0.007635093428210033
    ],
    "statevector_imag": [
        -0.00257435664585315,
        0.011525293395548836,
        0.014296781492995356,
        0.00038670073936221075,
        0.1508193768864297,
        0.15273985536787113,
        -0.01153418404824618,
        -0.009401272550806939,
        0.004947682819965984,
        0.16193193238696152,
        0.006339499837516796,
        0.04253749158157532,
        0.15333968143955784,
        0.056455416798073664,
        -0.14531632818766294,
        -0.009261523394227127,
        0.04688726322731218,
        -0.1352139266905203,
        0.0315879685376951,
        -0.0970720579664225,
        -0.055314943293729345,
        0.08689897522983266,
        0.14439285702922244,
        0.039664202157925155,
        -0.053532740382281355,
        -0.10289125943103854,
        -0.01991945119582418,
        -0.11060540565380259,
        -0.12972561913276084,
        0.013564572919523466,
        -0.08871630105179065,
        0.13033071429786922,
        -0.12782315054418567,
        -0.0040263679645812026,
        0.1438645681131839,
        -0.08009402429878898,
        0.04169788355723691,
        -0.0707806972773567,
        0.11954136321741508,
        0.013091969530639408,
        -0.05363521420975832,
        0.1333464587911677,
        0.10188841223223016,
        0.004116273607490123,
        0.03277706964353278,
        0.008326237141248803,
        0.10843058755544063,
        -0.1704832067912717,
        0.00028107006200192157,
        0.07501129536157622,
        -0.13918931635676032,
        0.0572409305044814,
        0.007331446941809937,
        -0.1525887532024675,
        0.0068193309858146315,
        0.016276391612103355,
        0.0016272189934394667,
        0.06367369435992176,
        0.01480101931933507,
        -0.05448687201434047,
        0.05118519600812021,
        0.038234794232341635,
        0.0628979592293125,
        0.004866834823731789
    ]
}