{
    "dataset": 375,
    "last_cost_avg": 0.10143508019114836,
    "statevector_real": [
        -0.18457104718393377,
        0.19362548287456166,
        -0.03376154855283863,
        0.14620263881907145,
        -0.2355154235349296,
        0.1439715730139738,
        -0.025821517881319152,
        -0.05891172982029739,
        0.18292643996912658,
        0.017827719891801225,
        -0.19639061096038585,
        0.07376875294310668,
        0.09664682973360048,
        0.11043325890956485,
        -0.0665704876985697,
        0.006272414486019902,
        -0.014749145064470573,
        -0.1093057765471987,
        -0.06789195540101255,
        -0.046898171228375515,
        0.05322731400273864,
        0.17122939490500647,
        0.15425574081411722,
        -0.24043266716010525,
        -0.12039357796042127,
        -0.2192086873049839,
        0.09285642451155651,
        -0.029744777553487842,
        0.0337989167535048,
        -0.23851512979958633,
        -0.020206612528683686,
        -0.11955584260477849
    ],
    "statevector_imag": [
        0.13327200354658864,
        -0.033187878171246465,
        -0.090303846162252,
        -0.03454585224802139,
        -0.04791070706640308,
        0.0651953689623815,
        -0.043687391804541745,
        -0.2101093400313873,
        0.007958096848765077,
        0.007519380289337795,
        -0.02039203837382247,
        0.14295735496221051,
        0.08209079240396258,
        0.1378908987450614,
        0.001004622095136908,
        0.19269809686328887,
        0.02232137319559565,
        -0.15011968390177927,
        0.17897100215250722,
        0.0037988269996434504,
        -0.18671250349561513,
        -0.013643065560316872,
        -0.11660673716237004,
        0.09971917716783779,
        -0.1605195986428094,
        0.015483642966200022,
        -0.21420026752656407,
        -0.21808992563323212,
        -0.19171467721114185,
        -0.0038663553022803567,
        -0.008681463398137223,
        0.09821014418810997
    ]
}