{"f": [-0.12115478515625, -0.02728271484375, 0.00439453125, -0.0504150390625, -0.06884765625, -0.0731201171875, -0.0799560546875, -0.09356689453125, -0.115478515625, -0.08123779296875, 0.03009033203125, 0.00732421875, -0.09234619140625, -0.07275390625, 0.024169921875, -0.03497314453125, -0.1085205078125, -0.00958251953125, -0.0947265625, 0.0308837890625, -0.043701171875, -0.0413818359375, -0.03594970703125, -0.13287353515625, -0.03411865234375, 0.00244140625, -0.04315185546875, -0.02972412109375, -0.09881591796875, -0.10089111328125, -0.02734375, -0.03253173828125, -0.0743408203125, -0.0523681640625, -0.041015625, -0.0908203125, -0.13165283203125, -0.08062744140625, -0.127685546875, -0.0977783203125, -0.03839111328125, -0.12567138671875, 0.013427734375, -0.08251953125, -0.03912353515625, -0.111572265625, -0.03033447265625, -0.1253662109375, -0.08978271484375, 0.00567626953125, -0.11956787109375, -0.05902099609375, -0.133056640625, -0.06304931640625, -0.02471923828125, -0.064208984375, -0.0487060546875, -0.0445556640625, -0.03192138671875, -0.0714111328125, -0.06646728515625, -0.05035400390625, -0.12860107421875, -0.11456298828125], "accuracy": 0.6875}