{
    "dataset": 3074,
    "last_cost_avg": 0.12511873136584722,
    "statevector_real": [
        0.06047079580743704,
        -0.23532478362481155,
        -0.2395464812565438,
        0.021764896109993673,
        0.09909305547938357,
        -0.11997269079621233,
        0.08320529424171022,
        0.0037723457304758654,
        0.053743470622793006,
        0.2365039204123577,
        -0.01935036442500728,
        0.0953248494395664,
        -0.09166948531867747,
        -0.25682459358753507,
        0.23422602998866077,
        -0.06682543055729916,
        -0.18734512265683645,
        -0.05272807480668756,
        0.06799102401148797,
        0.15255590249314227,
        0.054425664346945686,
        -0.268026281888998,
        0.23399740953282552,
        0.07913402118353643,
        -0.02256313932776788,
        -0.0621271644339311,
        0.005853952558527116,
        -0.02528390903473249,
        -0.01838595115757167,
        0.026173049850245014,
        -0.1315009617124782,
        0.029512584775804315
    ],
    "statevector_imag": [
        0.12537849210644122,
        -0.008416405489003367,
        -0.0428547225148408,
        -0.02126693818460556,
        0.1103766311286161,
        -0.030180284758287393,
        -0.14489982694219736,
        -0.05753603873589754,
        0.07592644023576098,
        -0.17639201270195262,
        0.02940659053029403,
        0.08780825305551991,
        -0.007413821057794126,
        -0.06064372250917211,
        0.03708932391832186,
        0.02827788879776708,
        -0.014630155254366305,
        -0.05330377442832129,
        0.04851557530987001,
        0.22652292933955975,
        0.23663419288954088,
        0.15315948806971616,
        -0.07891783528631185,
        0.021338042812153356,
        0.19149544354745027,
        -0.04322692388234532,
        -0.25339309171929747,
        -0.14043718440551226,
        0.15529434663328232,
        0.061814584775772514,
        -0.15467308292238185,
        -0.011573506710235913
    ]
}