{
    "dataset": 0,
    "circuit_id": 17,
    "layer": 8,
    "num_params": 136,
    "expr": 0.003724965654411698,
    "entcap": 0.8311012631614958,
    "num_iter": 1024,
    "last_cost_avg": 0.10629963792607589
}