{"f": [-0.01904296875, 0.03143310546875, -0.01385498046875, 0.024169921875, 0.02294921875, 0.02996826171875, -0.01739501953125, 0.026123046875, -0.0093994140625, 0.00897216796875, -0.01416015625, -0.006591796875, 0.02435302734375, -0.03106689453125, -0.000244140625, 0.03765869140625, 0.0013427734375, -0.00982666015625, 0.00506591796875, -0.0030517578125, 0.03948974609375, 0.0582275390625, -0.01507568359375, -0.01031494140625, -0.0181884765625, 0.01507568359375, -0.00286865234375, -0.03277587890625, -0.001953125, -0.02716064453125, -0.00531005859375, 0.03179931640625, -0.0328369140625, 0.01361083984375, 0.05889892578125, -0.02337646484375, -0.017578125, 0.03369140625, -0.02935791015625, 0.00836181640625, -0.000732421875, -0.00067138671875, -0.00982666015625, -0.03912353515625, -0.01763916015625, -0.00384521484375, 0.01019287109375, -0.000732421875, -0.00091552734375, -0.00042724609375, -0.0006103515625, 0.005859375, -0.0152587890625, 0.0272216796875, 0.04095458984375, 0.01922607421875, -0.01751708984375, 0.0155029296875, 0.04095458984375, 0.00848388671875, -0.02001953125, 0.02752685546875, 0.0081787109375, -0.0245361328125], "accuracy": 0.46875}