{
    "dataset": 850,
    "last_cost_avg": 0.08249257807187417,
    "alpha": [
        0.08024051664040999,
        0.0010873084577991937,
        0.037285696288767024,
        0.019640562199262857,
        0.033256169000826716,
        0.03450129381661369,
        0.016837409834267583,
        0.09089051941652666,
        0.0001719765885935605,
        0.0005287480135257482,
        0.0913720175333653,
        0.023340518956881474,
        0.0006472106735016614,
        0.015314899838307458,
        0.025189810762252084,
        0.020529731552550626,
        0.02574197172405654,
        0.009573263567479447,
        0.08487420910380719,
        0.04074737243058232,
        0.09391349166374616,
        0.003429535913701922,
        0.07813202984811761,
        0.0005006153636974395,
        0.04457327445079844,
        0.011041001356340636,
        0.00015236066115105902,
        0.029452101430224614,
        0.021605814191012224,
        0.030781077502877473,
        0.00893881157457822,
        0.025708679644376946
    ]
}