{
    "dataset": 333,
    "last_cost_avg": 0.08341841689990699,
    "statevector_real": [
        -0.2239698421384568,
        0.07249150724209838,
        0.052160009049945416,
        0.054180297799532755,
        -0.1465048774626003,
        -0.12516128275675587,
        0.060948848774399524,
        0.11573991127124421,
        0.05374788488311427,
        0.12289145822577226,
        0.023285553525068056,
        0.03826702380018892,
        -0.08531809531826495,
        -0.19997857374898878,
        -0.007247983817158817,
        -0.0076884348242735115,
        -0.02662833444454594,
        -0.07839210995244733,
        0.06752593344158646,
        -0.01125572550739793,
        -0.1191440980107192,
        -0.09553339868320944,
        -0.08490338742184354,
        0.083287412077429,
        -0.14808118453447447,
        0.005894530564175351,
        0.150429924131228,
        0.1223090600830226,
        0.19854801546867742,
        -0.03205650982939835,
        0.060026129561627395,
        -0.10971545290245684
    ],
    "statevector_imag": [
        -0.15488892364968682,
        -0.07040468588806381,
        -0.07794284112737408,
        -0.25663980606928427,
        0.14020619126901498,
        -0.0964863194453343,
        -0.0828986839095475,
        0.19099262758089386,
        0.06102569271672868,
        0.005259434611187726,
        -0.12491201954477604,
        0.2334384152544216,
        -0.048591891782100605,
        -0.004096890677690602,
        0.003974522228308222,
        -0.0006733079032188129,
        0.004368821454279942,
        -0.0075007450697172785,
        0.2279533284911469,
        0.22385115687384685,
        -0.1712004737890895,
        0.1299510219459712,
        -0.2711831045973887,
        -0.013829423936540897,
        0.035221879756888536,
        -0.21392476996555648,
        -0.014659205427947257,
        0.03622581610127625,
        0.1734255691767514,
        -0.2784557951082368,
        -0.015117853499059232,
        -0.1573560050633062
    ]
}