{"f": [-0.02960205078125, -0.031494140625, -0.031982421875, -0.0479736328125, 0.03997802734375, -0.0341796875, -0.07537841796875, -0.03399658203125, -0.06854248046875, 0.00067138671875, -0.05096435546875, -0.07861328125, 0.0106201171875, -0.04681396484375, -0.0299072265625, -0.01495361328125, -0.011962890625, -0.0252685546875, -0.0399169921875, -0.032470703125, -0.01654052734375, 0.0555419921875, -0.0648193359375, -0.03485107421875, 0.00677490234375, -0.029541015625, 0.02325439453125, -0.01153564453125, -0.0362548828125, -0.09637451171875, 0.03277587890625, -0.048828125, -0.05145263671875, -0.0279541015625, -0.014892578125, -0.0386962890625, -0.03399658203125, -0.01593017578125, -0.079833984375, 0.03375244140625, -0.067626953125, -0.0374755859375, 0.00762939453125, -0.07647705078125, -0.0751953125, -0.0238037109375, -0.01171875, -0.03729248046875, 0.0054931640625, -0.0086669921875, -0.0040283203125, -0.01953125, -0.0135498046875, 0.03411865234375, -0.043212890625, -0.0167236328125, -0.07611083984375, 0.05120849609375, -0.01165771484375, 0.03155517578125, -0.0406494140625, -0.004150390625, -0.04229736328125, -0.05963134765625], "accuracy": 0.578125}