{
    "dataset": 1434,
    "last_cost_avg": 0.10783626826966557,
    "statevector_real": [
        -0.11721534041121758,
        -0.13698041705006408,
        0.17031142632085616,
        -0.0020416114264543966,
        0.10968788574154484,
        0.09408801008160236,
        -0.033888841077691856,
        -0.11021713261519701,
        0.05015888438444122,
        0.003684854801498823,
        0.12371526675414478,
        0.037073751335428944,
        -0.1935441653038461,
        0.09545020588452466,
        -0.027214227734315234,
        -0.03345236451421842,
        0.04506481460756486,
        0.14391829598226175,
        0.23316866216935148,
        0.17381204751142754,
        0.06718838645056636,
        -0.06514637384917703,
        0.03418053684816114,
        -0.006761520840547379,
        0.17685449537510714,
        -0.08232488517832828,
        0.03541698954866309,
        0.0818592802526746,
        -0.2187507004213102,
        0.008773210093985295,
        0.0030526834506364245,
        -0.07043844698964098
    ],
    "statevector_imag": [
        0.10406664827390077,
        -0.12167095510846009,
        -0.06886709394561812,
        -0.08104736432359315,
        0.21370143796619323,
        0.29632890046702764,
        -0.10699346654576047,
        -0.029275132398817637,
        -0.07376323180364362,
        -0.13922597545122148,
        -0.2221269595852031,
        -0.20419036991203526,
        -0.07356759789643572,
        0.04990353283652166,
        -0.036996749529192824,
        -0.05153523092321422,
        -0.05611172928597314,
        -0.17909997454520038,
        0.04735680027955523,
        -0.02404622466214185,
        -0.057493815470857995,
        0.04697678354292259,
        -0.03198931247191172,
        -0.08638526882436129,
        0.2268103677013905,
        0.19234053720755345,
        -0.04295580785134116,
        -0.09715133986598729,
        0.15372166689773648,
        -0.30157918845859366,
        0.16191395161919717,
        -0.13185717085784274
    ]
}