{
    "dataset": 2322,
    "last_cost_avg": 0.09961499567936044,
    "statevector_real": [
        0.13901945154259104,
        -0.05586537448341678,
        0.15586875070909142,
        0.014217192821294133,
        0.08754704777718685,
        0.18289381429802984,
        0.3160214677524985,
        -0.0351491525087751,
        0.1322813707331541,
        0.11534473396333914,
        0.034570210534420144,
        -0.13884103652834415,
        0.0891850224184942,
        -0.07957161360744314,
        0.020112659276529762,
        0.07745596486621527,
        -0.16209551708665718,
        0.1897453307452602,
        0.13977614555610102,
        0.1285499570769724,
        -0.0016965600303625603,
        -0.041140106238511165,
        0.008207812627924865,
        -0.26240658093822916,
        0.026272326562337515,
        -0.19616450465700824,
        0.07969310385284273,
        -0.005456954332195891,
        -0.15055959949409778,
        0.1041916699420446,
        -0.16978782500304804,
        0.06010737806219137
    ],
    "statevector_imag": [
        0.08732827032692579,
        0.10804340980544029,
        -0.11762965097358043,
        0.18423699413862968,
        -0.08602746728379701,
        0.0516388884719981,
        0.030032889871947382,
        -0.23226761326477224,
        0.028116168407542528,
        -0.05499456877154339,
        0.014934084764582705,
        -0.10122873760561964,
        0.058985660519889856,
        -0.24415553937459397,
        -0.2013921243863218,
        -0.03533461330126768,
        0.07556970756912683,
        -0.04266374522943788,
        -0.17467445490572903,
        0.0159573806801159,
        0.0023537217623197017,
        0.18350545404730312,
        0.003391434722569033,
        0.0698374131480612,
        0.29494664885247757,
        -0.015942225663047458,
        0.01819308539278523,
        0.1362667167656182,
        -0.15170260456248175,
        0.03325358151800678,
        -0.004198409627966237,
        -0.007988535966316258
    ]
}