{
    "dataset": 3268,
    "last_cost_avg": 0.0730567706583943,
    "statevector_real": [
        -0.23534340078749857,
        0.01059805448178339,
        0.04770243037428537,
        0.03076399196188053,
        -0.1242175950296875,
        0.13161494404332974,
        0.19250893319547216,
        -0.06621556204044018,
        -0.04048502032524329,
        0.036036884336195694,
        -0.018212845476959446,
        0.036514267992181444,
        0.10699519348835124,
        0.21564510376124782,
        -0.22113692850558694,
        0.13322685081224536,
        0.030824405147996007,
        -0.16117302965918823,
        0.13871098098207565,
        0.18840815422805082,
        -0.09857728873382952,
        0.04362144371206278,
        -0.06375409502154003,
        -0.17793207072704506,
        0.1515978497636557,
        0.031538595758902555,
        -0.07513219452511069,
        0.08561812106069802,
        0.19640424106667337,
        -0.02279506424679376,
        -0.06371764603164533,
        0.015701876669877147
    ],
    "statevector_imag": [
        -0.10223109944991904,
        0.07430628387783732,
        0.1291184025764564,
        0.12068789754652774,
        -0.009561119111065304,
        -0.12223380050022,
        0.053537008782636716,
        -0.18394614699993297,
        0.17292728959559484,
        0.027462586882989793,
        -0.009755100086129245,
        -0.11876292318186654,
        0.16272406217072263,
        0.19557443026792867,
        0.09538268633073309,
        0.21532028976368472,
        0.08397643442719924,
        -0.19582096925010722,
        -0.010579160546048972,
        -0.12385334325128339,
        -0.23257872118950335,
        -0.07709186315171668,
        0.12564783742983338,
        0.051497166660162484,
        0.13502867938953958,
        -0.11793736180706972,
        0.10249532900416722,
        0.20457002699115454,
        0.09599519374669553,
        0.13755314848822664,
        -0.07411450735733409,
        -0.0841068952052563
    ]
}