{
    "dataset": 0,
    "circuit_id": 2,
    "layer": 1,
    "num_params": 12,
    "expr": 0.3134868702211935,
    "entcap": 0.7125139045849627,
    "num_iter": 1024,
    "last_cost_avg": 0.13331395712467042
}