{
    "dataset": 0,
    "circuit_id": 9,
    "layer": 2,
    "num_params": 12,
    "expr": 0.10211968734364038,
    "entcap": 0.9999999999999997,
    "num_iter": 60,
    "last_cost_avg": 0.015872955322265625
}