{
    "dataset": 1775,
    "last_cost_avg": 0.07453535736914,
    "statevector_real": [
        -0.07698168654888184,
        0.022968227169443772,
        0.018124544535795917,
        -0.04911529027662716,
        -0.09353349218968604,
        0.06412535110593735,
        0.08041331008087672,
        0.10911633122626029,
        -0.03457335920185214,
        -0.02432040247354267,
        -0.08575135468741384,
        -0.05333508302706572,
        -0.0441033390316912,
        -0.16672879834995386,
        0.00412410284147422,
        0.09285986891781287,
        0.11697208401606167,
        -0.0005752853934985285,
        0.10979937499784397,
        0.034620223108039375,
        0.06886933323478052,
        0.01784488180292072,
        -0.0643869657692892,
        0.02807950620477488,
        -0.08371205841292702,
        -0.1463938216246925,
        0.23572219664657335,
        0.18250358025584235,
        0.05735847644474623,
        -0.09032175653090742,
        -0.058194024426261155,
        -0.07090008171813328,
        0.021340847542529,
        0.07404223696523866,
        -0.10749846053507275,
        0.11467564834536324,
        0.05345308724055102,
        -0.021168816408081735,
        0.16231750028077524,
        -0.14351540880141112,
        -0.07718621604757374,
        0.1387869426519849,
        -0.1022360126348958,
        -0.03491762080522258,
        0.00596417829390472,
        -0.004184870115664838,
        -0.16863695184055683,
        -0.012425429375591903,
        -0.0674929309369043,
        0.1127272256190385,
        0.016797095077978618,
        0.15121003387213744,
        0.01921091495747372,
        0.12328744406282581,
        -0.0755779755973706,
        0.00092900044192547,
        -0.0027811885741112316,
        -0.11719862626233263,
        -0.01633873114501793,
        0.04622497986926478,
        -0.09286057785037083,
        -0.0656966424964749,
        -0.042443397181107304,
        -0.18087982040510628
    ],
    "statevector_imag": [
        0.13433791510671686,
        -0.011735665985222243,
        0.007666681044413331,
        -0.10614977358738902,
        0.09520897404656453,
        -0.15281472089400175,
        -0.0314919982482624,
        -0.0010166059637685561,
        0.09069570968520746,
        -0.05793187177782807,
        -0.10831426237243286,
        0.012099626434717162,
        0.017920654536275244,
        -0.02236002531776591,
        -0.0049446532097914804,
        0.10583896671178811,
        0.11121918588315413,
        0.02943382047459501,
        0.14869818631007922,
        0.12324143958751603,
        -0.004517557655850184,
        -0.17586331322429202,
        -0.1783155428935353,
        0.15005864465814273,
        0.0066661116446724055,
        -0.0820613473933959,
        -0.054915310080845686,
        0.030965736503175217,
        0.03514437993888015,
        0.08157057324723731,
        -0.12211310190493557,
        0.07246597880677441,
        -0.03615914233852588,
        -0.14891641088622387,
        -0.069090315145964,
        -0.09012873266650345,
        -0.08383207887298692,
        0.1117716855471404,
        -0.008894643913666983,
        -0.060416151227858025,
        -0.035293137272978094,
        0.08178881910598994,
        0.025628718367733925,
        0.06257794029173278,
        -0.010500935356947844,
        -0.00252753551256847,
        0.0020570613204271056,
        -0.0011915229413604314,
        -0.0005933183696911356,
        0.11138761543868231,
        -0.05408191905482854,
        -0.03780303894576643,
        0.007363947830508816,
        -0.06155982805472854,
        -0.07593773750283153,
        -0.016466611163450592,
        -0.1452115139298607,
        -0.04436645905332338,
        0.16300010136770604,
        0.10320673712675339,
        0.16115258786505357,
        -0.024013476163202305,
        -0.03352560759657704,
        -0.05908759160619463
    ]
}