{
    "dataset": 2175,
    "last_cost_avg": 0.08818622421391127,
    "statevector_real": [
        0.07120083475453877,
        0.12053179238939292,
        -0.228278506163584,
        0.021272309416443456,
        0.0836162352860837,
        -0.1294322239005043,
        -0.021782903047393366,
        -0.08591440139625041,
        0.0313728772623264,
        -0.03675717616586537,
        0.1251656282748127,
        0.06133842242788424,
        -0.16575780798659312,
        0.08140817519478687,
        -0.1202502401069051,
        0.15692267080827232,
        -0.0009426908267851597,
        0.05955962898040209,
        -0.1225033155502061,
        0.15869663224734218,
        -0.019829455074716503,
        -0.14203690269798266,
        -0.08826417790267202,
        0.2485134387277954,
        -0.09893295324135855,
        -0.0744620227390751,
        -0.08745732569692728,
        0.06923253554001861,
        0.29365219971965567,
        -0.02472910491951325,
        -0.14950738572997735,
        0.1531087207045268
    ],
    "statevector_imag": [
        0.08246698560734615,
        0.19321581318437384,
        0.07515494014862288,
        0.14679807276424386,
        -0.09384723642137055,
        0.027845501405703996,
        0.02528490280370913,
        0.00898414163264425,
        0.189903625202731,
        0.05172259881937766,
        -0.0652481772281651,
        0.14051452919837,
        -0.011276343836182565,
        0.06642322330450605,
        0.0951051792112313,
        0.11313162479767758,
        -0.019576075102934295,
        0.07409547176575441,
        0.05507249021988039,
        0.059979171496467254,
        -0.03379144337213025,
        -0.02911780889260568,
        0.24986693578748162,
        -0.09926958009360617,
        -0.2083503222306427,
        -0.10290156143293963,
        0.0153459909891205,
        0.3137059598634509,
        -0.0772132685581936,
        -0.18908117062309113,
        0.23442525287372326,
        -0.012835787167817659
    ]
}