{
    "dataset": 643,
    "last_cost_avg": 0.08326730415642311,
    "alpha": [
        0.04684641960616538,
        0.0002671583427476879,
        0.03436519767416357,
        0.0002086162799533518,
        0.02508184494840847,
        0.03670593460663982,
        0.02137181459905771,
        0.06369884670544251,
        0.02054699620136994,
        0.0011739974687364125,
        0.09711408595217201,
        0.019251983325964925,
        0.0003929707733460272,
        0.04341710475057569,
        0.01115379315649049,
        2.8391540830967765e-05,
        0.03724361736257558,
        0.008067728991066968,
        0.05526515206832271,
        0.036835354321379236,
        0.10010602698313353,
        1.1330722227495536e-05,
        0.07781333832379776,
        0.03957876394659672,
        0.02434498574353857,
        0.021247778205966496,
        2.897854450336958e-05,
        0.03424773419691414,
        0.0419776986623714,
        0.05241590575643832,
        0.009695807836922284,
        0.03949464240218044
    ]
}