{
    "dataset": 746,
    "last_cost_avg": 0.08245977321807585,
    "alpha": [
        0.029306922931816273,
        0.000352151506861186,
        0.040007599602883546,
        0.03303687451909835,
        0.01394053859957785,
        0.039390792102734454,
        0.005228264744335941,
        0.05690929423522455,
        0.017826854193790802,
        0.008204684644443544,
        0.11991017144299314,
        0.018539292212818012,
        0.015915120742807383,
        0.0355556092709926,
        0.025062493264786625,
        0.00019577929111906395,
        0.03762605428202493,
        0.03365478350771156,
        0.06610528396242107,
        0.0335970234816036,
        0.09369216927386301,
        0.023026545791676685,
        0.07777512878484244,
        0.015128748403730767,
        0.04154426844099929,
        0.000541832519338629,
        9.148458267624927e-05,
        0.031431701481185285,
        0.013624237377116839,
        0.06105969996208729,
        0.0077610855481145885,
        0.003957509294324257
    ]
}