{
    "dataset": 0,
    "circuit_id": 17,
    "layer": 6,
    "num_params": 102,
    "expr": 0.00990676785381505,
    "entcap": 0.7753922047498749,
    "num_iter": 83,
    "last_cost_avg": 0.09520339965820312
}