{
    "dataset": 1572,
    "last_cost_avg": 0.11104302737480246,
    "statevector_real": [
        0.09749772373648405,
        0.2147758318227002,
        0.15697454817814646,
        -0.24946943510123545,
        -0.11980248774420466,
        -0.08367732934319323,
        -0.18184879874031382,
        0.036456215480050694,
        -0.017446098586396494,
        -0.10017785074127865,
        -0.20489994770271458,
        0.18026572910484512,
        -0.1250343176802989,
        -0.0761756275877719,
        0.20400891309088406,
        -0.022315047222750486,
        -0.06775725484159349,
        -0.06219541972927896,
        -0.12643067892520746,
        -0.0984836720663016,
        0.09747801312947373,
        -0.030312096114597443,
        0.11352231341494054,
        -0.035193290397044476,
        -0.12185582279868358,
        -0.019812538164622535,
        0.08300501260867073,
        0.1937268794911501,
        -0.028846291517716935,
        -0.025938005070894075,
        0.13464066773598138,
        -0.036937336227957626
    ],
    "statevector_imag": [
        -0.1517446743910543,
        -0.07874003838839684,
        -0.024547161021282963,
        -0.10693958983971122,
        0.08591859691648474,
        -0.1251065483855363,
        -0.19805189047308924,
        0.028408421955780274,
        -0.0033858039736665026,
        0.22845698757674673,
        0.1602783989911824,
        -0.22325111343721352,
        -0.028963611646583017,
        -0.15689445387192233,
        0.008671784672914108,
        0.17776989935678864,
        0.14158762143521308,
        -0.16143830530887482,
        -0.07747974939791695,
        -0.04153056791957411,
        -0.10171431174445031,
        0.024431459351094018,
        0.19088318780787397,
        0.09879877121976983,
        0.16143280640342372,
        -0.029201816499545754,
        -0.1484448881494385,
        0.012069632201485847,
        0.10730376033889463,
        -0.03558169973618546,
        0.09045419769704867,
        -0.209245554187423
    ]
}