{
    "dataset": 575,
    "last_cost_avg": 0.0747168980651188,
    "statevector_real": [
        -0.08545549871669816,
        -0.002490579067955537,
        -0.07587053113186487,
        -0.052252323830694114,
        0.051184467492481865,
        -0.01295643494931344,
        -0.012537347644507436,
        0.042731409569079365,
        0.0050183448039754774,
        0.16313470110946712,
        -0.004770280656613293,
        0.05754547569351353,
        -0.002994346630230603,
        0.0021730529040614403,
        0.022935377146925517,
        -0.05905483176908311,
        -0.06430588939458612,
        0.03436793210759228,
        -0.12663938063609295,
        0.002627595115891146,
        -0.007710620240783668,
        -0.07518410853738833,
        0.03659970228880684,
        -0.030028208178940682,
        0.11200397307508406,
        0.00400215360414056,
        0.050487645312763174,
        0.12017720368281821,
        0.06041180434915695,
        0.048486357502118105,
        -0.09104714561961537,
        0.024026747875197818,
        -0.08906158667275621,
        0.11750293266360105,
        0.09542180310908366,
        -0.0028698967726541427,
        0.12050145026943528,
        -0.07367580670780835,
        0.005186445396246048,
        -0.1330858637560712,
        0.12210391852680132,
        0.038654280099311454,
        0.06690619970805023,
        0.09946416396988582,
        0.13949217782564122,
        0.008421876202320117,
        -0.15157075325876937,
        0.1638893979235586,
        -0.06084537029884442,
        -0.00011925313834930424,
        -0.006637542898530649,
        0.0016017718763316924,
        -0.02316319840497633,
        0.08058789482151019,
        -0.00970399449019746,
        0.039992608881470645,
        -0.0025142863783264866,
        -0.14470641252267524,
        0.14657916630154305,
        -0.06805802415042565,
        -0.10434532934259405,
        0.11656382112781147,
        0.1492653933858052,
        0.022966223558098263
    ],
    "statevector_imag": [
        -0.11081172629568983,
        -0.05357163523698045,
        -0.022457853458182672,
        -0.09002147476731659,
        0.08633173381526708,
        -0.13878990559234655,
        -0.10947115772593313,
        0.1055187679033462,
        0.0038976844648895637,
        -0.03541697166095576,
        -0.0022581816048137613,
        0.1539353983646176,
        0.10204483310241079,
        -0.16464407803219136,
        -0.03816000784804117,
        -0.14367837706602576,
        0.05955040762756745,
        0.1503169398665558,
        0.03157398935403516,
        0.14618385817836513,
        -0.06530690277459426,
        0.0007647472397187756,
        -0.10897211157014727,
        0.05865422890378037,
        0.06676236482363564,
        -0.01713992334378081,
        -0.13994388128033244,
        0.06712326408933292,
        0.10044271178281265,
        0.06190764013144697,
        0.10157382399891995,
        -0.05145208362875074,
        0.11884230487873691,
        0.12294757531152874,
        0.07931563017663211,
        0.00018271284426357173,
        -0.07625493751214879,
        -0.15663605637548222,
        0.18972081798573567,
        0.047863578353726594,
        0.114149008230095,
        -0.14563249451463378,
        0.05589258740354092,
        0.11428975009913878,
        0.004248789725283736,
        -0.07077461630216718,
        0.04520942281323609,
        0.05548378269364829,
        0.05002585220681313,
        0.17358611951653202,
        0.08188407881293974,
        0.014417912735439867,
        -0.0018621435323420625,
        0.11163458491051144,
        0.15238932125031654,
        -0.1216396135700878,
        -0.043328232232834225,
        -0.04713334683695973,
        0.03694615191618079,
        0.13705435016746503,
        -0.08900862612568136,
        -0.10778964845512286,
        -0.06119860808716675,
        -0.10909196531927255
    ]
}