{
    "dataset": 54,
    "last_cost_avg": 0.10362030884157486,
    "statevector_real": [
        0.17817532386540574,
        -0.16996398520375636,
        -0.07736640870539623,
        0.23358024907267638,
        0.06554899603322921,
        0.09523776210957441,
        0.002379002966104099,
        0.05503309297602265,
        0.13783648702325735,
        -0.1342984668199378,
        -0.06499977911200201,
        0.0300024352335298,
        -0.07497401674240269,
        -0.023066384055386212,
        0.16599005811037235,
        -0.18064799381080848,
        0.23888869286383058,
        -0.17881978567627796,
        0.003750363587595088,
        -0.05419532586215292,
        0.1990709833486068,
        0.23364363081084263,
        -0.08811853710148326,
        -0.04447398549687274,
        0.034922070193165754,
        -0.1692085043566016,
        0.04997948105712122,
        -0.11324125511709984,
        -0.014683067723126534,
        0.046305718831802734,
        0.2523526601185854,
        -0.042752609031959335
    ],
    "statevector_imag": [
        -0.06209566875113041,
        0.07502368992894749,
        0.22711550638714756,
        -0.05969996821995375,
        0.09681263049733609,
        0.18046705477465552,
        0.023561952369462565,
        -0.1847978210387602,
        -0.22171045828908362,
        0.01964729710560216,
        -0.09371284371460363,
        0.11435813408961007,
        0.058627380852342946,
        -0.08867019154717522,
        0.07591576515158534,
        0.19027109196081043,
        -0.03903210907365905,
        -0.02889337626245313,
        -0.017735588719006982,
        -0.0077050193829413475,
        0.13024352063199443,
        -0.20202464519752694,
        -0.009850782624282718,
        -0.07325641940472641,
        -0.07145740953489146,
        -0.10452463188124424,
        0.15572359753913342,
        0.11909523964094038,
        0.15626480045071645,
        0.019284265337813404,
        0.011038420815012351,
        -0.1833748547882051
    ]
}