{
    "dataset": 0,
    "circuit_id": 1,
    "layer": 7,
    "num_params": 84,
    "expr": 0.24029698311361272,
    "entcap": 4.142111297380723e-31,
    "num_iter": 66,
    "last_cost_avg": 0.14383697509765625,
    "accuracy": 0.9375
}