{
    "dataset": 0,
    "circuit_id": 3,
    "layer": 2,
    "num_params": 28,
    "expr": 0.15528279160905212,
    "entcap": 0.3571569098583335,
    "num_iter": 77,
    "last_cost_avg": 0.11241531372070312,
    "accuracy": 0.96875
}