{"f": [0.11932373046875, 0.105224609375, 0.11346435546875, 0.07037353515625, 0.123779296875, 0.1116943359375, 0.1165771484375, 0.0733642578125, 0.08929443359375, 0.0948486328125, 0.1322021484375, 0.1566162109375, 0.098876953125, 0.11944580078125, 0.15789794921875, 0.1451416015625, 0.125732421875, 0.1097412109375, 0.099365234375, 0.15557861328125, 0.104248046875, 0.1087646484375, 0.12786865234375, 0.0804443359375, 0.1087646484375, 0.14447021484375, 0.142578125, 0.0863037109375, 0.07073974609375, 0.0965576171875, 0.145263671875, 0.0816650390625, 0.13580322265625, 0.09564208984375, 0.12200927734375, 0.1038818359375, 0.0838623046875, 0.114990234375, 0.0731201171875, 0.1102294921875, 0.1173095703125, 0.06890869140625, 0.13189697265625, 0.093994140625, 0.11968994140625, 0.0926513671875, 0.09600830078125, 0.06304931640625, 0.1058349609375, 0.1248779296875, 0.06500244140625, 0.091064453125, 0.10272216796875, 0.14215087890625, 0.10028076171875, 0.1043701171875, 0.125, 0.12469482421875, 0.1090087890625, 0.09527587890625, 0.0538330078125, 0.10284423828125, 0.08685302734375, 0.11572265625], "accuracy": 0.34375}