{
    "dataset": 2905,
    "last_cost_avg": 0.07274377486415137,
    "statevector_real": [
        0.25755015016056726,
        -0.07165909070987397,
        -0.16827637116896885,
        0.20271658589063707,
        0.15675760303855313,
        0.28254254557906383,
        -0.0964092515416878,
        -0.08294539893810932,
        0.1285933688254486,
        0.07851933380226103,
        -0.14399946517397347,
        0.08057168884438873,
        -0.2059315856320224,
        -0.17304661827447138,
        -0.001505804359316661,
        0.09934410451112763,
        -0.026338073767280208,
        0.17633954057938933,
        0.18215336332121554,
        0.048156840625326554,
        0.14183485195386342,
        -0.05613988635374107,
        0.0607353997251252,
        -0.01326427499820116,
        0.09586822967667297,
        -0.08498682817539237,
        -0.010299248944427556,
        0.07064686669491678,
        -0.13209565864223133,
        -0.0579089170008534,
        -0.18926187962070226,
        -0.08577673328315154
    ],
    "statevector_imag": [
        0.10882476617690624,
        -0.006441455175339888,
        -0.12151243659401782,
        -0.0009171981330937285,
        -0.09622733150238712,
        0.010780924342829993,
        0.06121294655745486,
        -0.17631541465906703,
        -0.15179575576006604,
        0.12919693267367044,
        -0.05768279979567863,
        0.07939956118014455,
        -0.02650441064733024,
        -0.01448706647653366,
        0.11494355327329178,
        -0.043352876499870595,
        0.1975009522940322,
        -0.06624262073717481,
        0.14167636746339501,
        -0.051318851646521495,
        0.007071284328793545,
        -0.1719909922007767,
        0.20116624882579787,
        -0.0840385109367606,
        0.09367924023795085,
        -0.118390690904814,
        -0.10300889740912147,
        0.17702035973079597,
        -0.05364053016526566,
        0.20224992565026303,
        0.0023263756866433926,
        0.19611006527384223
    ]
}