{
    "dataset": 4072,
    "last_cost_avg": 0.0848741518553148,
    "statevector_real": [
        -0.05233170616025096,
        -0.09594445038393183,
        -0.00419704751913393,
        -0.031225527271250223,
        0.02270146053484566,
        -0.028662747008484372,
        0.21000431224224678,
        0.16397481700806943,
        -0.003114296069061204,
        -0.24381219787820776,
        -0.1129353099038863,
        0.14695116884617962,
        -0.1578657248823574,
        -0.19701059654422734,
        -0.10871810715136505,
        -0.14612371867097534,
        0.030744936497449946,
        0.18487948604202806,
        -0.08000565340029377,
        -0.1322002189259516,
        0.03499498480624607,
        -0.11316572783517667,
        -0.09538267666856055,
        0.19328794565001306,
        0.05953891032774182,
        -0.05242775145451543,
        -0.12700013761737408,
        0.1482408452303176,
        0.2655842767496527,
        -0.09889625437462779,
        -0.17374779686998063,
        0.03930447643738468
    ],
    "statevector_imag": [
        0.1035543284245788,
        0.007768086607092055,
        -0.009880866072327521,
        -0.04918147514892516,
        0.19480586645740233,
        0.007968474678277935,
        -0.12391195330077881,
        0.13411131749695154,
        -0.18933172995877875,
        0.08578612253650943,
        0.13449675981225767,
        0.03981745888169243,
        -0.017677318395856824,
        0.10621116638276068,
        0.026186494256139822,
        -0.08518646468324223,
        -0.004466530293501806,
        0.08976000847550375,
        0.2233462050772409,
        -0.19023750011334553,
        0.10892808499817343,
        0.056622160187018614,
        -0.18087141534725398,
        0.22381435961251372,
        -0.13154693869961923,
        0.01818497336130437,
        0.02579896005039061,
        -0.032484760233825835,
        -0.12201062292933271,
        0.0591685681571937,
        0.04468837890414154,
        -0.2219200555990065
    ]
}