{
    "dataset": 2366,
    "last_cost_avg": 0.09247752615252869,
    "statevector_real": [
        -0.26282538582155746,
        -0.027153500094703888,
        -0.11703636884654944,
        0.1707028639928773,
        -0.08559805362526814,
        0.18074160650434887,
        0.17226415618898783,
        0.04596855846345181,
        -0.19171324549804142,
        0.17510063692067834,
        0.04024102939197413,
        -0.0012610396722313017,
        -0.1552690366525933,
        0.05915140273169903,
        -0.13695940905488105,
        0.035542873239952505,
        0.013483230912911833,
        0.022728297514726544,
        -0.2811144431441354,
        -0.02318863269633823,
        0.05653087164347895,
        0.22094339365244337,
        -0.09723711517030637,
        0.12405917755343826,
        -0.09696058605114394,
        0.05258800471077562,
        -0.006505312659664246,
        -0.12826798607136697,
        0.17420617586445036,
        -0.15105118031564502,
        -0.1317771854954149,
        -0.11187756121408664
    ],
    "statevector_imag": [
        0.21915051193364546,
        -0.09518113820527321,
        -0.16868372534787007,
        -0.11757828688156231,
        0.044269246592910684,
        -0.1270675158088634,
        -0.016166345145913984,
        0.003378895517618316,
        -0.06367178173143814,
        -0.06392537546057077,
        0.053584525393283004,
        -0.024314801836361914,
        -0.10589768607437268,
        -0.08206516346320628,
        -0.18602867277680812,
        0.04901460437886335,
        -0.23002921429772855,
        -0.046226800815060275,
        -0.014945538024014044,
        0.07502257138138636,
        0.0004257775830422632,
        0.09343326112444267,
        -0.1500812346272074,
        -0.0612283304522498,
        -0.07735188910177063,
        0.021579546168362596,
        0.01775212369493472,
        -0.19434044347783683,
        0.20553431537884326,
        0.2117993663182351,
        -0.0014023489626121062,
        0.13500878807659863
    ]
}