{
    "dataset": 1930,
    "last_cost_avg": 0.08488866325491592,
    "statevector_real": [
        -0.03221777593578405,
        0.08588757839646124,
        0.1161954086416358,
        0.0172110574255024,
        0.05457181742809896,
        0.052860763832290235,
        -0.007721999372958339,
        0.13675726751542908,
        -0.03179691340876645,
        0.08647511114877446,
        -0.1579013346074485,
        0.12201736033735489,
        -0.05417614703549737,
        -0.05604901530981833,
        0.04776926021579307,
        0.10848955332145867,
        -0.18999276755508604,
        -0.04698108547846101,
        0.13673249153112801,
        -0.021227888320163295,
        -0.009303031419800139,
        -0.018405473013728732,
        -0.13839599132228345,
        -0.10647987811516584,
        0.10537339958171606,
        -0.1345947024598689,
        0.015351922006677428,
        0.026679663156197207,
        -0.018877899224772194,
        0.10359323880698174,
        0.012629655934504224,
        0.0685349398684592,
        -0.0205995479192458,
        -0.07742691803091524,
        0.009458909903019504,
        -0.04158827277576776,
        -0.014797974238013621,
        -0.02725340597244619,
        -0.007540613760713857,
        0.09724576756245801,
        0.07013994939042681,
        0.125042691110361,
        0.009897649536599246,
        -0.14166874320852152,
        0.09289351881574766,
        0.10893625459204205,
        0.13566689128333534,
        -0.058038944401007035,
        -0.010308650175528816,
        0.10897811003590008,
        0.04104531075898748,
        0.032139487970607915,
        -0.06188978469427386,
        0.06720476910647225,
        0.17021758814425278,
        -0.014468199412874725,
        0.08164369653253163,
        0.03223317528371387,
        0.1661359261320254,
        0.08004864397155298,
        0.024620659537597237,
        0.00386495374015778,
        0.005244207875634449,
        -0.1868408638895281
    ],
    "statevector_imag": [
        -0.1727175285300904,
        -0.10977605003616742,
        -0.0420330151038134,
        0.11041419118892999,
        0.0599098438373117,
        -0.10079434022884798,
        -0.021698327342889567,
        -0.04688531900118334,
        0.11341593790814095,
        0.15561223248216288,
        0.030704878905182163,
        0.020962809340214907,
        -0.02073005889881621,
        0.0037357423554902074,
        -0.06985624612807402,
        0.15146655662177821,
        -0.019761006917461684,
        -0.06068110701970387,
        0.09589285848335473,
        0.08940735127919876,
        0.0028926282541413624,
        -0.01426738560835917,
        0.014914742903347338,
        0.04361750961580079,
        -0.0950590530954725,
        -0.04933173059267519,
        -0.024546653233600797,
        -0.06847233294534188,
        -0.1543002864538039,
        -0.06553129349048711,
        0.004371440711233599,
        -0.15419607535227198,
        -0.1861696357197816,
        0.01420477075335209,
        0.22045037809000315,
        -0.10046984229281665,
        0.08070184846082958,
        0.12537274425442055,
        4.917598761442217e-05,
        -0.058310065632790106,
        0.005815524527105376,
        0.08054437843400263,
        -0.025141633997316337,
        -0.006084014483434753,
        -0.06021152400299956,
        -0.025731432107482324,
        -0.08068617501858595,
        -0.03482372633397359,
        0.16596753109888024,
        -0.022795572915819934,
        -0.060315582752777985,
        0.08756702502556193,
        -0.09277194704328467,
        -0.19592802688424246,
        0.0520268654497805,
        0.08895300844739099,
        0.09224583133397,
        -0.014993286996489458,
        -0.02716873538937175,
        -0.1447692820972381,
        0.0848474556936155,
        -0.006528312000027429,
        -0.08364606049793624,
        -0.08857463031497843
    ]
}