{
    "dataset": 0,
    "circuit_id": 14,
    "layer": 4,
    "num_params": 48,
    "expr": 0.006291800907842666,
    "entcap": 0.7596374472251973,
    "num_iter": 1024,
    "last_cost_avg": 0.11873453591932849
}