{
    "dataset": 0,
    "circuit_id": 3,
    "layer": 3,
    "num_params": 42,
    "expr": 0.058546689902836985,
    "entcap": 0.4651005051142134,
    "num_iter": 87,
    "last_cost_avg": 0.10743331909179688,
    "accuracy": 0.84375
}