{
    "dataset": 3145,
    "last_cost_avg": 0.11906103817156313,
    "statevector_real": [
        -0.049013908186063486,
        -0.07712073914592675,
        -0.04434388975364738,
        0.20605528828878014,
        0.10546859135073876,
        0.12502855809826774,
        0.06643608937010112,
        -0.0437647432687086,
        0.14697009027470037,
        0.1981848480490773,
        0.09604030688134661,
        0.15380375061517124,
        -0.04604923461264258,
        0.08248451351252958,
        -0.017540766653089984,
        0.010565679630794972,
        -0.0005075594441368768,
        0.040234119857856375,
        0.24272759939980715,
        -0.13525534858314978,
        -0.09721320439076937,
        0.004107609284983269,
        0.007960294211222923,
        0.12155726277136243,
        0.11443216715774711,
        -0.11940180266602438,
        -0.15620299415886532,
        0.04882876362742599,
        0.05251627698146263,
        -0.021544220397467465,
        0.06225767111258206,
        -0.05095035635313596
    ],
    "statevector_imag": [
        -0.1808456201937058,
        -0.23416966684908558,
        0.04966925887855299,
        -0.1875687981846997,
        0.11435203304021194,
        -0.19067637168229767,
        0.053542059478743236,
        -0.18538630685340735,
        -0.21332489189151116,
        -0.012058410029224392,
        -0.053987786571321895,
        -0.012973637865616797,
        0.16835720008134114,
        0.10084822920294717,
        -0.005773199154959071,
        -0.013823630241981022,
        -0.18734338306465784,
        0.1520322347588181,
        -0.0016051081585767486,
        0.19877614622566106,
        0.2360057436267585,
        -0.018144088289338316,
        -0.15684733769156836,
        -0.12469088674859453,
        -0.14279962128741755,
        -0.013616608021564463,
        0.05124089388962073,
        0.1634179857249195,
        -0.1120994480500915,
        0.26092693709826686,
        0.09341827327320563,
        -0.10748803911390642
    ]
}