{
    "dataset": 3819,
    "last_cost_avg": 0.08608703849028897,
    "statevector_real": [
        -0.0064484647499422456,
        0.01690530579561501,
        0.22632149000796042,
        -0.10673781313350901,
        0.2951677684168609,
        -0.04590195468955904,
        0.024879804328267325,
        -0.11270849774941294,
        0.026362203340214378,
        -0.14014384039101238,
        -0.002355393326818002,
        -0.14896620002507316,
        0.07577948399460264,
        0.03746636976708652,
        -0.13594148262031955,
        0.10161518350464037,
        0.07407625903457395,
        0.11581475287397212,
        -0.15279529015164678,
        -0.11517823429762014,
        0.21603543468570252,
        -0.10995582340463429,
        -0.15181045140936875,
        0.12796489082693926,
        0.07299872472830113,
        -0.0809748437458102,
        -0.1386492194306642,
        -0.04913996779338269,
        -0.10306593769772497,
        -0.040243614166648435,
        0.23001953025143387,
        -0.02376296394010958
    ],
    "statevector_imag": [
        -0.0032590580592484915,
        -0.21888566040425145,
        -0.10822643190263412,
        0.01957206377895902,
        -0.1117498514085696,
        -0.09642872790879929,
        -0.27992474646939475,
        0.08342091007342647,
        0.10604116779692647,
        -0.09502990775060642,
        -0.005409662627617019,
        0.07520620086334591,
        -0.1595370432918872,
        0.2533948161945562,
        0.09890036429422325,
        -0.05500782082483594,
        -0.17722344099905846,
        -0.0332007806800884,
        0.0030890429745116864,
        -0.026304102847978062,
        -0.05559301013860073,
        -0.12107001209360048,
        -0.10539046319399134,
        0.040753536182954096,
        -0.03530377089874628,
        0.11435533592004214,
        -0.03236871590878851,
        -0.1628614819171682,
        -0.19555788033334037,
        0.03517158944438548,
        0.1919396748001922,
        0.15997356980342453
    ]
}