{
    "dataset": 0,
    "circuit_id": 12,
    "layer": 3,
    "num_params": 60,
    "expr": 0.023827767070090683,
    "entcap": 0.7402206672174746,
    "num_iter": 1024,
    "last_cost_avg": 0.12059839811486586
}