{
    "dataset": 1813,
    "last_cost_avg": 0.0922506414173306,
    "statevector_real": [
        -0.1390997946546335,
        -0.05697181745991097,
        0.11773421821400192,
        -0.07031147673177449,
        -0.07364021123579616,
        -0.018262485645887158,
        0.07819891863978658,
        0.0815137935056663,
        -0.06799242551453324,
        -0.05926372993858384,
        0.10506680735540773,
        0.11033216915823323,
        -0.09134339894169076,
        0.11951675980866171,
        0.07576216430369913,
        -0.010115742471908513,
        -0.1020369787560248,
        -0.06806694048372328,
        0.08967018899388095,
        -0.07372728459660041,
        -0.04644170730033591,
        -0.03086671920377798,
        -0.12720022841441397,
        -0.0139996845372397,
        0.006077799085331795,
        -0.027109344422743254,
        0.04364976175718052,
        0.008193366704842898,
        -0.08248661728113152,
        -0.0038301290844878115,
        0.02323741759968375,
        -0.06546168288545048,
        -0.20323223084092046,
        -0.02449044414260172,
        0.05908701308292592,
        -0.13295819552262686,
        -0.1369291802714116,
        -0.05412084201287057,
        -0.010182581153594602,
        -0.09184696425288033,
        0.0648389660101748,
        -0.16359684700908472,
        -0.17753960487328718,
        0.07005744353956457,
        -0.05825236442926412,
        0.11276671227354444,
        -0.010459837690959596,
        -0.06159522683819362,
        -0.11418292752529006,
        -0.07745802330652417,
        -0.05113968464199989,
        0.14859666998953477,
        0.03939549842854859,
        0.022728796182544888,
        0.05939261430138648,
        0.02636318993869091,
        0.009205161189694985,
        -0.012644261804964842,
        0.005533360073551654,
        -0.15925424538113864,
        0.06184018297285506,
        -0.08218627619295817,
        0.031401031748898654,
        -0.07397763934229408
    ],
    "statevector_imag": [
        0.03984446599975212,
        0.09725018302770146,
        -0.08170688626187436,
        -0.1120551467170465,
        0.0035164134738135044,
        -0.09947887082419732,
        -0.13545530562588612,
        0.049487767779977744,
        0.16165812730816012,
        0.1548957007033108,
        0.19162390420480999,
        0.09600860898262023,
        0.15336208305007187,
        -0.15575419395715223,
        0.0999998157157458,
        -0.09642033079762835,
        0.016948979605063152,
        -0.12986100954167817,
        0.047152262564382263,
        -0.07691173140054168,
        -0.018034495575056445,
        -0.06005646600753029,
        0.08870782261994054,
        0.1257272524403775,
        0.0006185977517442889,
        -0.11328232314711503,
        -0.08630962414551148,
        0.015110819256303051,
        -0.029267829338964893,
        -0.1301936267381404,
        0.018531054532065185,
        0.10789043697418936,
        -0.011690487954979031,
        -0.20430768605287927,
        -0.057081474458497386,
        -0.036471876414681366,
        0.08777127037911005,
        -0.19022470183411389,
        -0.057360898850702266,
        0.05832909881297859,
        0.1400861636466461,
        0.012199475843285996,
        0.08922861285437052,
        -0.12960474007195993,
        0.07917249298065691,
        0.04200418727173409,
        -0.0018937693594970634,
        0.10976805567480058,
        0.004129384893580404,
        -0.023059990307277973,
        0.04037155579604152,
        0.006558817555098388,
        0.10691238380565148,
        0.004757008927741409,
        -0.019170077183428905,
        -0.02591679553404353,
        -0.013115595743420014,
        -0.04847412451204312,
        0.0076426283784111594,
        -0.021163456169734505,
        -0.04375683424554205,
        -0.17907196619618085,
        0.015417220915852167,
        -0.05935642276740897
    ]
}