{
    "dataset": 709,
    "last_cost_avg": 0.0501367843287601,
    "statevector_real": [
        -0.0983945784002193,
        0.012940639721013386,
        0.11504408270569218,
        -0.06824795233460064,
        0.017767032137870963,
        0.004489456441023311,
        0.08390430478299518,
        -0.011181860821258416,
        -0.11091393475539728,
        -0.05900155521005001,
        0.11313768206852269,
        -0.11215244973287587,
        0.09980745744057447,
        0.2318840658918243,
        0.004968755252343607,
        0.004418501725715529,
        0.008176398295853001,
        0.08697529014518794,
        0.03521606846960985,
        0.024269537678923033,
        0.0478751975593487,
        -0.1607495189076155,
        0.019492064878154667,
        0.05751176490196717,
        0.030865994269574513,
        0.10653080458115029,
        -0.1251912482988034,
        0.20374813887811125,
        0.009694763103759422,
        -0.086996467078661,
        -0.06081886183280852,
        -0.13609464683662578,
        0.08778294762191094,
        -0.12189550438078826,
        -0.0931013607216411,
        -0.10901644355290954,
        -0.1481591991583001,
        -0.05040447775679418,
        0.03299114717970317,
        0.037857594117244854,
        0.13664045870392166,
        -0.07987914130444906,
        -0.010484976422329087,
        0.06067065336783132,
        0.06300236170730172,
        -0.017225309758991503,
        0.06486919943843696,
        0.10245956143783636,
        -0.10735880306882183,
        -0.11791737833559268,
        0.03246181817622619,
        0.0749400750773544,
        0.07545350675871007,
        -0.004924273880739475,
        0.09011977395411597,
        0.0001784261247644546,
        0.03375331168393384,
        -0.011833237978170824,
        -0.004661663224820233,
        0.15750858794956019,
        0.04746119768127954,
        -0.10452021375799972,
        -0.007191247928126319,
        -0.08763705137917557
    ],
    "statevector_imag": [
        0.06951315637632034,
        0.09351803577111706,
        -0.025905271874050888,
        -0.08175514692822569,
        0.039368156059763654,
        0.00853889349168406,
        -0.021903841728353586,
        -0.0007015358852497464,
        -0.09148418615284523,
        0.043318018046326436,
        0.06379138255115133,
        0.08683486679902276,
        0.02134743239778181,
        0.00599033426619789,
        0.017747262169718194,
        0.009752546917315991,
        0.004790265116441653,
        -0.11714731713292448,
        0.06819771599129494,
        0.020121023715755127,
        -0.044958553466757735,
        -0.006809059713471337,
        -0.002870247328009032,
        -0.18130224986780874,
        0.11505788030876704,
        0.06741290282203376,
        -0.15594271302996768,
        0.07830073408763791,
        0.011847704650672464,
        -0.053450966937434605,
        0.04910789113074456,
        -0.06701472588885937,
        -0.04487989085720801,
        0.07746646979409136,
        0.04386183876152216,
        -0.020920942799298337,
        -0.09587265082212335,
        0.17571828434398662,
        -0.12070174140906789,
        0.06719596567520984,
        0.035461489378263496,
        0.14594653299182722,
        -0.06338751689519398,
        -0.09506857476950469,
        0.1344694858510676,
        -0.272092652433455,
        0.11999000124409544,
        -0.1147256844771412,
        0.07560040176263151,
        -0.14094936796767485,
        -0.03177120355021785,
        0.1415211153189253,
        -0.08015164998898036,
        0.003470104512662338,
        -0.07854032238428484,
        0.01783443254412595,
        0.17016787393811722,
        -0.12338197721939609,
        -0.031170739002594698,
        0.10133427113356928,
        -0.02169816604289713,
        0.06018330076881071,
        0.006586509203205417,
        -0.08169262184254371
    ]
}