{
    "dataset": 0,
    "circuit_id": 6,
    "layer": 8,
    "num_params": 320,
    "expr": 0.010395852875818236,
    "entcap": 0.9098489782235389,
    "num_iter": 116,
    "last_cost_avg": 0.10724639892578125,
    "accuracy": 0.71875
}