{
    "dataset": 328,
    "last_cost_avg": 0.0753064706233736,
    "statevector_real": [
        0.1418633624995752,
        0.06326348953481928,
        0.05608279599671999,
        -0.10288891963908543,
        0.062467324449606926,
        -0.07518548182088505,
        0.013773792556109936,
        -0.1195548350425218,
        0.018426622706934882,
        -0.023997206954811775,
        -0.013618723655412598,
        0.13686906376918728,
        -0.14638681397762335,
        0.06475192459511282,
        0.04219254826344244,
        0.0904042224363459,
        -0.016711871017140355,
        0.03090650691814418,
        -0.05756789163768982,
        -0.019897443661107884,
        -0.13783462017192355,
        -0.008497214328069668,
        -0.06458943472484378,
        -0.017940931639581097,
        0.08355378503037124,
        0.11812308295094724,
        0.10147888690778434,
        0.09257582935599773,
        0.00198287394815337,
        0.10849387589090412,
        -0.02882182631911254,
        -0.23758555842516985,
        -0.15164174138806588,
        0.04192083252981153,
        0.02521113970416079,
        0.13177022262726473,
        0.0857466575326209,
        0.012126291091445841,
        -0.08424844895141023,
        -0.04805959512862706,
        0.002418507902574935,
        0.0005683869452638912,
        -0.08257519438491115,
        -0.044884486261267495,
        0.034950987864504277,
        0.001049223242543057,
        -0.00019550509945591953,
        -0.04000665503927537,
        0.029445165928335192,
        0.0009548906164687976,
        -0.08792236846270679,
        -0.04113394151875626,
        -0.054258663359498624,
        -0.09677867579064121,
        0.08399312566698726,
        0.052635113130289166,
        0.04138289976560753,
        0.20161172970201496,
        -0.01606851403115963,
        0.13762446389872615,
        -0.08159098539935597,
        -0.05671650985954393,
        0.026538148110401418,
        0.12239681730133202
    ],
    "statevector_imag": [
        0.051968285024678505,
        0.14666162381813735,
        0.09805794508576243,
        0.10349787941546847,
        -0.1281203886579783,
        0.015668924670627207,
        0.008431699662682215,
        -0.01992371007868902,
        0.15197959865939561,
        0.02274557825259242,
        -0.09490953913544938,
        0.040526728133613084,
        0.142870915601826,
        -0.13172539357685756,
        -0.023108750801345303,
        -0.12446016082052677,
        -0.04775838071901849,
        0.017339933179979516,
        0.12211587486333653,
        -0.022006925300264994,
        0.13862885387723983,
        -0.0005576541456733506,
        -0.024377363515694146,
        -0.12344997129996639,
        -0.17186226806071475,
        -0.1181188787030618,
        -0.07761994169756017,
        0.051127083927225085,
        -0.012810763139574865,
        0.0011626108457423775,
        -0.01036439278701676,
        0.03107141694765538,
        0.10894447647562357,
        -0.11062998768341442,
        -0.17381799810674586,
        -0.012784760644392898,
        0.0049890333679207454,
        0.012934489538211634,
        -0.02344576569241129,
        -0.03804772819336371,
        0.09470329584671298,
        -0.008108121003576248,
        -0.1321928089496742,
        0.1751293333988861,
        0.18065698570739716,
        -0.0019160074383469383,
        -0.06004883116888959,
        -0.14802117371905374,
        -0.13051217915842694,
        0.02178894766126348,
        -0.0024729548753331756,
        0.00931102257279068,
        0.12733844318484566,
        -0.0864963269403449,
        -0.09882590853296382,
        0.027104335061549915,
        0.14285123487280715,
        -0.0036117889295883047,
        -0.04931298953736974,
        0.07174068426840848,
        0.1809002512558476,
        -0.022771615436113234,
        0.1151062431264672,
        0.007074452788671379
    ]
}