{
    "dataset": 2068,
    "last_cost_avg": 0.10316593680396725,
    "statevector_real": [
        -0.059023228630478326,
        0.048467026858220914,
        -0.033764500167775734,
        0.029411061003587115,
        0.14266399365353089,
        0.05714685803049158,
        -0.08557939105407399,
        -0.045450429170643424,
        -0.06733655133138018,
        0.15905326675174639,
        0.10660625146536956,
        0.025262917251647907,
        0.06989511336546907,
        0.08367118176932915,
        0.10211735491477701,
        -0.06514770866223542,
        -0.10845355285044093,
        0.15879067595331942,
        -0.029892784112439306,
        -0.19565918475684485,
        -0.16789202404999257,
        -0.12344175907711505,
        0.05749120951587044,
        0.11769785911945739,
        -0.13254877080058577,
        0.03216409685930749,
        -0.011579264386940003,
        0.18355066667734823,
        0.02728678911495508,
        0.0011941627235796004,
        -0.05882554747028867,
        -0.177348910911983,
        -0.11222011846221983,
        -0.09043444219834854,
        0.12080446015928087,
        -0.02088972302218197,
        0.05073358368154357,
        0.02855374953244977,
        0.010294113111376173,
        -0.1749646126103281,
        0.008666380237683444,
        0.033960137058293934,
        0.13123082349015494,
        -0.009268662767243077,
        -0.1258444308586859,
        -0.13947718890918723,
        -0.13265138065358315,
        -0.009320781211775892,
        0.04146313215266236,
        -0.03898001040250761,
        -0.012768880768340396,
        -0.01715571582484514,
        -0.00606053171719521,
        0.05188690716244398,
        -0.011499549476948576,
        0.03971070109516894,
        -0.0021847531454451904,
        0.038317975068081746,
        0.00386863371613205,
        -0.0025501082812650036,
        -0.07426487772975987,
        -0.16154121229581234,
        0.03855436868074127,
        -0.10054942201909077
    ],
    "statevector_imag": [
        0.025402084579058213,
        -0.12674594871796224,
        -0.04893588368574092,
        -0.09598580095147934,
        -0.010642769730239473,
        -0.10980540140808563,
        -0.034980025160087726,
        -0.031021650714378523,
        0.06307123099684835,
        -0.07806197690326715,
        -0.10258506305614108,
        0.12376198228640624,
        -0.016047092156158543,
        -0.02944926212611669,
        -0.13061162316229033,
        0.08946608043056148,
        -0.10112534838341211,
        -0.028962979524198802,
        -0.024304583579455835,
        0.09093096810469536,
        -0.020617162803912722,
        -0.10866810954595342,
        -0.05895724283397565,
        -0.01585371841905268,
        -0.10813138335408387,
        -0.0718041883886813,
        0.09434020135655222,
        -0.004698815180966705,
        0.1153989194084373,
        0.007638752152236126,
        -0.06236285257792817,
        -0.03428497941849885,
        -0.025266358606754385,
        0.10047075996199008,
        -0.08996756669064263,
        0.16278932134536547,
        -0.03986450490591603,
        0.14364080837851162,
        0.021183168438461044,
        0.05655300005203055,
        0.10871605096246574,
        -0.029609919741793,
        -0.07870966981564298,
        -0.008666233667768359,
        -0.09048882328947495,
        0.020124451554023447,
        -0.042322022968585345,
        -0.03939246561678007,
        0.16892868523878884,
        0.13724612369866926,
        -0.0024376062672315166,
        0.1751193524446508,
        0.053368968740285676,
        0.08441933291650787,
        -0.16168899342196846,
        -0.1242225748057554,
        0.0011092850995475846,
        0.0498724520110402,
        0.031762156228335496,
        0.16822854178231803,
        0.06871434577190497,
        0.020890913647589687,
        -0.006653461681437055,
        -0.13459290493903742
    ]
}