{
    "dataset": 2436,
    "last_cost_avg": 0.08830778838405871,
    "statevector_real": [
        -0.15969060958650502,
        -0.04613699819391442,
        0.08025080984579673,
        -0.18625361811431848,
        -0.13302254825769014,
        0.11158338943441927,
        -0.12041772613341854,
        -0.06756951664430026,
        0.07748359074740427,
        -0.046039376541021665,
        -0.07159865294769885,
        -0.1684998716023402,
        0.18727059039100935,
        -0.1326876766049868,
        -0.0030952798984718007,
        -0.12362929391463653,
        -0.18464993697702953,
        -0.16793561503516946,
        -0.11816944819612002,
        0.11042527843827674,
        0.1363540358243348,
        0.11127021076521759,
        0.12387305010657904,
        0.04883794512678601,
        0.10416541481319501,
        0.1641499594553852,
        -0.0065697914701287495,
        0.15253737515912139,
        -0.008874736574804412,
        0.18761346141253135,
        0.02415083589672564,
        -0.12435514202987774
    ],
    "statevector_imag": [
        -0.07573391333160472,
        -0.043076905765591575,
        -0.220298748951023,
        -0.18792980184138794,
        -0.12327418376313243,
        0.11222218719093935,
        -0.17644761596135894,
        0.159518705807823,
        -0.019385840174100687,
        -0.11015254195429976,
        -0.0162421574388216,
        -0.014797653985814008,
        0.07777174527160492,
        0.1389089240627006,
        -0.018079371421668055,
        -0.086438838353328,
        -0.1229265380766791,
        0.1368691684725694,
        0.025733303796130633,
        0.13192067416209471,
        -0.06594089350930583,
        0.18125752590504482,
        -0.10248750687102937,
        -0.17800893902733728,
        0.17081492546758664,
        -0.21205756562741965,
        0.19565708698967565,
        0.05217943043228582,
        0.07785049944342677,
        -0.02312214278765868,
        -0.2091233879603383,
        0.06402065302996121
    ]
}