{
    "dataset": 0,
    "circuit_id": 15,
    "layer": 5,
    "num_params": 30,
    "expr": 0.06304062712092605,
    "entcap": 0.9221586159533172,
    "num_iter": 1024,
    "last_cost_avg": 0.114524792611738
}