{
    "dataset": 8,
    "last_cost_avg": 0.09552389302764645,
    "statevector_real": [
        -0.15873461042415113,
        -0.030775250336283033,
        -0.23593089573765577,
        0.22017297779750067,
        0.10955863527673644,
        0.17787728804769068,
        -0.05716311062852203,
        -0.1129495383721534,
        -0.02476548012021529,
        -0.12047548252713133,
        0.07627596009957137,
        -0.18309363400414105,
        0.1513407150032869,
        -0.28887245914724424,
        -0.005732899727806244,
        -0.011108659944190292,
        -0.043021495586651005,
        0.036132661848552135,
        -0.007033957399140427,
        0.22238820692024128,
        0.04291035369751143,
        0.014044681141315183,
        0.03466158660080166,
        -0.03781708252429142,
        -0.08785521937716564,
        0.013376959649049286,
        0.07589983038933873,
        0.06396992980952937,
        -0.09788074165539884,
        -0.0052485704174085645,
        0.038238766972320586,
        -0.022537837491281208
    ],
    "statevector_imag": [
        -0.1884547714084621,
        0.001040222005270586,
        -0.08780075379827562,
        -0.12273534351269952,
        0.04887650459034452,
        -0.14037304865892924,
        0.10127236971101719,
        0.05269738750941311,
        0.21362390796363145,
        -0.14308276297167824,
        0.13529286973869203,
        -0.11037976372378877,
        0.12396758471455037,
        -0.06562732987823643,
        -0.17359697581641587,
        -0.1601566748150615,
        -0.025249245403290942,
        0.05382027183073267,
        -0.03696536263429067,
        -0.09934505183876137,
        0.016226449419842616,
        -0.02548110665177997,
        0.278348223555866,
        0.09978296704389064,
        0.26966215397472293,
        0.00964438944130607,
        0.008811744466411843,
        0.2021940111472479,
        0.19789041640209726,
        0.012861669675950439,
        -0.20177909448582895,
        -0.003017929181915567
    ]
}