{
    "dataset": 576,
    "last_cost_avg": 0.09801146685347971,
    "alpha": [
        0.033841230885639347,
        0.023132603523001893,
        0.018983954478982566,
        0.01704543515802136,
        0.040844399236200216,
        0.03967214352463636,
        0.00010885658534243761,
        0.038860333269948436,
        0.047667195779844865,
        0.010027887827269384,
        0.056336406143464496,
        0.024395993477723806,
        0.015434097767160267,
        0.01617016210017876,
        0.008874800617696873,
        0.02580241622800937,
        0.03659909485824656,
        0.04332629648375362,
        0.07160759289833576,
        0.023129391610320158,
        0.06436555591211335,
        0.041228262306553715,
        0.05963499360113564,
        0.024987829109333157,
        0.03973704991651814,
        0.01261583310362596,
        0.02205148626619508,
        0.028717564521470083,
        0.022448013213587532,
        0.0587256122032268,
        0.02408325789160518,
        0.009544249500858708
    ]
}