{"f": [0.03851318359375, 0.0528564453125, 0.06280517578125, 0.03546142578125, 0.11083984375, 0.01983642578125, 0.03094482421875, 0.0125732421875, 0.05133056640625, 0.03131103515625, 0.0262451171875, 0.0687255859375, 0.04901123046875, 0.06500244140625, 0.06854248046875, 0.09930419921875, -0.005126953125, 0.05718994140625, 0.0711669921875, 0.06634521484375, 0.0499267578125, 0.0614013671875, 0.0517578125, 0.03033447265625, 0.0291748046875, 0.04681396484375, 0.058349609375, 0.05364990234375, 0.0380859375, 0.03759765625, 0.010009765625, 0.0670166015625, 0.0625, 0.04754638671875, 0.0653076171875, 0.05108642578125, 0.0142822265625, 0.01910400390625, 0.03125, 0.0589599609375, 0.08172607421875, 0.01959228515625, 0.0242919921875, 0.03900146484375, 0.054931640625, -0.006103515625, 0.04119873046875, 0.0389404296875, 0.0201416015625, 0.01708984375, 0.033203125, 0.0565185546875, 0.02557373046875, 0.10540771484375, 0.0460205078125, 0.006591796875, 0.0615234375, 0.083251953125, 0.04351806640625, 0.05743408203125, 0.04779052734375, 0.026611328125, 0.06048583984375, 0.04327392578125], "accuracy": 0.375}