{
    "dataset": 814,
    "last_cost_avg": 0.08306526855086069,
    "statevector_real": [
        0.022989598558129112,
        -0.0685034477430681,
        -0.21555391018134798,
        -0.03724274045393826,
        -0.07963675819718471,
        0.05627214556380128,
        0.16247541663802506,
        -0.030195889614821142,
        0.05069655364262304,
        6.558548347848404e-05,
        0.02481936506337307,
        0.19125554330552136,
        -0.20740908096734098,
        0.24568785584957256,
        -0.17085395128208236,
        0.009283703709665405,
        -0.21001696210611576,
        -0.06873531178231687,
        0.13999531605420223,
        -0.15645371088694565,
        0.0013712984770757712,
        0.19845949201254506,
        -0.13797825462894894,
        -0.08909085010461146,
        0.15097486037314914,
        0.0913510130896964,
        -0.16573377646680107,
        0.005695152830337271,
        -0.1767473409280838,
        0.21281260562167134,
        0.06967894973231879,
        -0.04384069914441814
    ],
    "statevector_imag": [
        0.07544879855258135,
        -0.1957179622999782,
        0.14151947118072256,
        0.2520344248459606,
        -0.031221454222052476,
        -0.15582114000593605,
        0.1105801267354252,
        0.09257934454850665,
        0.05333850155298348,
        -0.02366182962159608,
        -0.0011032799219465891,
        0.10460209093276061,
        -0.1553205828892847,
        -0.008361166157060885,
        -0.028536618457739943,
        0.024605677343391797,
        -0.003987368455774255,
        0.2154322683522358,
        -0.05057642459685538,
        0.1284834928608311,
        0.015520300751824385,
        -0.043946353348887496,
        -0.005962811204767364,
        -0.2662664417897947,
        -0.06468500182613775,
        -0.15621895459937254,
        0.10754384731706775,
        -0.10938526321980782,
        -0.150417071734266,
        0.08488467510873444,
        0.04776082671281842,
        0.008836567848920361
    ]
}