{
    "dataset": 0,
    "circuit_id": 3,
    "layer": 4,
    "num_params": 68,
    "expr": 0.047386434876745584,
    "entcap": 0.5628875374521561,
    "num_iter": 71,
    "last_cost_avg": 0.009632110595703125
}