{
    "dataset": 313,
    "last_cost_avg": 0.09450327756990962,
    "alpha": [
        0.02530464365423258,
        0.011941164236162661,
        0.028632882267391076,
        0.015189077734234302,
        0.013326734444432836,
        0.038565996016546596,
        0.02853039157656432,
        0.022012530850476296,
        0.04763464783129118,
        0.009357893735794452,
        0.08570817793679326,
        0.027615616181114123,
        0.000559702307630857,
        0.03524276603793314,
        0.016229625897716912,
        0.00025098685143460975,
        0.024602938640556755,
        0.039801498688670535,
        0.057650282429606466,
        0.0282073029402767,
        0.056217527404690694,
        0.01617890054564628,
        0.06097550888342191,
        0.05762965261324995,
        0.044528920336597215,
        0.016352932786663745,
        0.003364993165203192,
        0.036572832758578554,
        0.013642646713385168,
        0.05945850035690199,
        0.042512872599910975,
        0.03619985157689054
    ]
}