{
    "dataset": 708,
    "last_cost_avg": 0.10465504927261117,
    "alpha": [
        0.01778597814895484,
        0.022666235518504586,
        0.0261412751865927,
        0.019289967178441204,
        0.007050046804763963,
        0.02828016134478674,
        0.00789388681982403,
        0.016787108483655333,
        0.04202855801449636,
        0.00992610311663164,
        0.07891344442402046,
        0.013689809451431903,
        0.050576523679778246,
        0.02024901009012887,
        0.04797847839932057,
        0.04157640577735292,
        0.03291494844925287,
        0.04342693229815441,
        0.06619681080680641,
        0.030292188290783107,
        0.03722526691402012,
        0.011581479061397074,
        0.04089448245317174,
        0.04099734139654919,
        0.040932403752488106,
        0.021004244274191876,
        0.004355500428215033,
        0.025080289046194647,
        0.023215091618267514,
        0.06105975120793837,
        0.015766327607483935,
        0.05422394995640129
    ]
}