{
    "dataset": 1422,
    "last_cost_avg": 0.09498534771896228,
    "statevector_real": [
        -0.12034905872672878,
        -0.21827482630685277,
        0.13794273559677667,
        -0.0025648439935771154,
        0.044806524688339476,
        0.05785368431314687,
        -0.048175236994901026,
        -0.22655409400640145,
        0.07366377139867239,
        0.004745956285870892,
        0.12751925501859407,
        0.029400743501038978,
        -0.18879046221932783,
        0.17140038169559163,
        -0.12127450708813288,
        -0.10794377091672268,
        0.027900181655905444,
        0.1298448168569001,
        0.07086833818324605,
        0.1617979657951466,
        0.06479901501813844,
        -0.1685316302847009,
        0.09326691688132177,
        -0.016386515819036506,
        0.004948301529089038,
        -0.06769307693275664,
        0.07203016463829325,
        0.16480661511782024,
        -0.08015403314806632,
        0.005966599088771631,
        0.003033736472275585,
        -0.1074974175470142
    ],
    "statevector_imag": [
        0.10684884009781818,
        -0.19387958632934812,
        -0.05577849670263406,
        -0.10181851594631411,
        0.08729513465805842,
        0.1822093872068569,
        -0.1520983144844412,
        -0.060175772497070824,
        -0.1083293201572154,
        -0.1793178914622268,
        -0.22895690361433485,
        -0.1619298958136187,
        -0.07176067947814158,
        0.08961200761040035,
        -0.16486826695282183,
        -0.166293391863269,
        -0.034739462566053494,
        -0.16158615021931103,
        0.014393433947184599,
        -0.022384122913757416,
        -0.05544920497364917,
        0.1215274688096898,
        -0.08728781998545262,
        -0.20935431650721958,
        0.006346042190952465,
        0.15815537129842433,
        -0.08736241987624804,
        -0.1955939928625402,
        0.05632627260331668,
        -0.20510190588997299,
        0.16090900623679685,
        -0.20122966871143613
    ]
}