{
    "dataset": 0,
    "circuit_id": 4,
    "layer": 8,
    "num_params": 136,
    "expr": 0.006498881012386215,
    "entcap": 0.8328551528192528,
    "num_iter": 80,
    "last_cost_avg": 0.096221923828125
}