{
    "dataset": 1290,
    "last_cost_avg": 0.1027039527011582,
    "statevector_real": [
        0.1674273774634948,
        0.15937802416738664,
        0.1379524158659995,
        0.17860998034053646,
        0.11388506197630294,
        -0.04451948603508024,
        0.20206642983509546,
        0.07571816980759143,
        0.15436195781067458,
        0.09198165550782753,
        0.18971520386325488,
        0.16839405377187075,
        0.09096833534888038,
        0.2110725748064333,
        -0.057239695203239876,
        0.07623593878310192,
        -0.12713236980080825,
        0.11340551489162447,
        -0.10229693394599675,
        0.02257554696082304,
        0.11111517496525473,
        -0.08384406374991589,
        0.023390677813482315,
        -0.1584381943245403,
        -0.07731530247733537,
        -0.02247166974431358,
        0.21552116675830812,
        0.23773342673034156,
        0.1347289010494667,
        -0.053793258417428005,
        0.10960380188880357,
        -0.13194109706315352
    ],
    "statevector_imag": [
        -0.05785989372944097,
        0.0786273824191332,
        0.04392526192918703,
        0.033835728015592606,
        -0.1644865032385261,
        -0.12392861257037359,
        -0.01563231432799501,
        -0.07171219589409286,
        -0.15738620575304918,
        0.06048605256129481,
        0.08581730764680504,
        0.034823848223135195,
        -0.1697767142559233,
        0.10281578988764822,
        -0.15814788862449078,
        0.10163359749767807,
        -0.03940920100429598,
        0.08940175745820239,
        -0.14494500986021497,
        0.004959193578573743,
        -0.1023021611915885,
        0.11383449090409116,
        0.1309150675476479,
        0.1634729349599336,
        -0.12327093765804262,
        -0.10114514439841649,
        -0.08060386977835299,
        0.12311913828105052,
        0.08862796399474744,
        -0.20994523560244113,
        -0.14166759326449432,
        0.20379097754422837
    ]
}