{
    "dataset": 200,
    "last_cost_avg": 0.0833766565335517,
    "statevector_real": [
        -0.11622815508186149,
        -0.1094790386573521,
        0.048530067982399824,
        0.017850966662716378,
        0.012351165749203682,
        0.14848519988241202,
        0.17000273111226502,
        -0.05225040613943447,
        -0.056883057383749665,
        0.009067673532863913,
        -0.06143271104701201,
        0.11506339973282155,
        -0.08002830808578924,
        0.12973942606472813,
        -0.022945022293743192,
        0.06158541686975217,
        -0.08109584552584374,
        -0.1708807877939053,
        -0.09931305384304466,
        0.02989230809883867,
        -0.11791183800105232,
        -0.14981695264010525,
        -0.005500564016968663,
        0.006813108721054147,
        0.07263133744994837,
        -0.062007545361075056,
        -0.09539586712407755,
        -0.03406971142809618,
        0.0044291252565853804,
        -0.005916075850586577,
        0.0595546935638388,
        0.11789529185923492,
        -0.08338225447414314,
        -0.011851446463908495,
        0.09688707229673799,
        -0.04287786072834765,
        -0.15785147570800345,
        -0.06912126067492393,
        0.15445983593859627,
        0.026094482036049076,
        -0.14937036054125316,
        -0.07873394229558939,
        0.12594421707091794,
        -0.16261070378111048,
        0.0308650472949449,
        0.09227403207845035,
        -0.07896273686924507,
        0.031150793187264228,
        -0.047734580937983745,
        0.0585020050071833,
        -0.061276022548046,
        -0.0786165741221866,
        0.011576592142541014,
        0.17101804886441252,
        -0.11355271052665918,
        0.04233391834701952,
        0.06394602172155806,
        9.697905086089703e-05,
        -0.021911478711855843,
        0.12871087492824573,
        0.06525273245220112,
        -0.17753877354342704,
        0.06877593225003607,
        0.07573766018170584
    ],
    "statevector_imag": [
        -0.07071263597036673,
        -0.08775359180380367,
        -0.13946618916953718,
        -0.09926481399011691,
        -0.011376547984102309,
        -0.009937995482083826,
        0.021471287917319844,
        -0.09436276487366026,
        0.05822020938112237,
        0.026853119836748346,
        0.025610552754944865,
        -0.14443730802258795,
        -0.11796158246891876,
        -0.05825293051515334,
        0.14264198480347154,
        -0.030547615899099916,
        0.0774631258292125,
        0.10028227444994353,
        0.09427651356079077,
        0.07748735539627939,
        0.13374018407431362,
        -0.015088795650427275,
        0.041790316616157695,
        0.045423026450264616,
        -0.10449812183058015,
        0.08533254670823433,
        -0.0703016343805298,
        0.05313356129341432,
        0.06471934907298761,
        -0.017675845820861725,
        -0.10445018549099445,
        -0.04049693201393023,
        -0.023976888337459028,
        0.008350337960946887,
        0.08174323097653569,
        0.07712574024972146,
        -0.05545204359544849,
        -0.1483772352280585,
        -0.1176502074613958,
        -0.09780939423545747,
        -0.06686893484986092,
        -0.007235269430652147,
        0.08186335368150743,
        0.07109064993614526,
        0.03732097586106117,
        -0.0838237559696658,
        -0.13257390901762472,
        0.15068252495655543,
        0.03588614677458972,
        -0.15367453043774404,
        0.05475242432312224,
        0.1854323912960215,
        0.0077955379867621945,
        -0.01389950679944474,
        -0.03712105209320143,
        -0.08049019952138398,
        -0.13291088090965916,
        -0.004237637599550852,
        0.09458695106696322,
        -0.012468161224943488,
        0.13053689417059466,
        -0.024527642237660595,
        -0.0818958255489688,
        0.05618713484173818
    ]
}