{"f": [0.0306396484375, 0.0465087890625, 0.02276611328125, 0.04412841796875, 0.07080078125, 0.09625244140625, 0.01715087890625, 0.005615234375, 0.02410888671875, 0.05987548828125, 0.093505859375, 0.0579833984375, 0.0318603515625, 0.01446533203125, 0.05694580078125, 0.09881591796875, 0.03985595703125, 0.03790283203125, 0.0445556640625, 0.0567626953125, 0.04864501953125, 0.079345703125, 0.054931640625, 0.01214599609375, 0.0677490234375, 0.05859375, 0.02166748046875, 0.04541015625, 0.03369140625, -0.000732421875, 0.07891845703125, 0.04205322265625, 0.025390625, 0.06982421875, 0.09405517578125, 0.03228759765625, 0.03619384765625, 0.0640869140625, 0.0140380859375, 0.0447998046875, 0.02947998046875, 0.030029296875, 0.09552001953125, 0.0274658203125, 0.05419921875, 0.073486328125, 0.0311279296875, 0.011962890625, 0.00494384765625, 0.1055908203125, 0.029296875, 0.0784912109375, 0.00341796875, 0.05987548828125, 0.055908203125, 0.09619140625, 0.0518798828125, 0.06182861328125, 0.05810546875, 0.03717041015625, 0.03472900390625, 0.045654296875, 0.0330810546875, 0.02178955078125], "accuracy": 0.328125}