{
    "dataset": 0,
    "circuit_id": 14,
    "layer": 5,
    "num_params": 70,
    "expr": 0.010083802113209828,
    "entcap": 0.8164046666262047,
    "num_iter": 1024,
    "last_cost_avg": 0.014728574385236143
}