{
    "dataset": 0,
    "circuit_id": 8,
    "layer": 6,
    "num_params": 174,
    "expr": 0.01398086676394247,
    "entcap": 0.7802394668501419,
    "num_iter": 1024,
    "last_cost_avg": 0.0597991943359375
}