{
    "dataset": 1122,
    "last_cost_avg": 0.08163862274514919,
    "statevector_real": [
        -0.07003026197165488,
        0.04045638035303245,
        0.11175571816494911,
        0.028316091550928565,
        -0.0941327862693231,
        -0.14285512383979404,
        0.10046794831324421,
        0.0660576526500417,
        -0.025008460498031442,
        0.06933471482325981,
        0.12551942492385904,
        -0.00893519141509141,
        -0.08283483206768698,
        -0.08595758872847688,
        0.07097740077093283,
        -0.014200580302235049,
        -0.11414815788453629,
        0.07124991509853458,
        -0.055435492991559,
        -0.1530467330718147,
        0.027115431433225774,
        -0.011003653126962278,
        0.019142329467479156,
        -0.08064299948073447,
        0.16753633538008333,
        0.08698956921029716,
        0.005024070247258741,
        0.1043166589848951,
        0.1636490637077586,
        -0.028982125999242252,
        -0.0063362308351179045,
        0.06364300763886474,
        0.006910235601370332,
        -0.07568796385421407,
        -0.06545501802310526,
        -0.07260815936652615,
        -0.027146940288529636,
        -0.14591318540021983,
        -0.03969832659289664,
        -0.0779284083313268,
        -0.008203477397309583,
        0.07488747351137134,
        0.053047467544922546,
        -0.016118463596939,
        0.07647866184914666,
        -0.039337269882657226,
        0.10869854160912958,
        -0.017487415400735482,
        -0.06524641206137059,
        -0.012551754209434727,
        0.08598462931553646,
        0.15263750744906115,
        0.11912111079821129,
        0.11309516006477315,
        0.07075120901752671,
        -0.08722574402543622,
        0.09660508348821671,
        0.020107374349662244,
        -0.07958482075758484,
        -0.10978315611072081,
        -0.06699446723133588,
        0.011310697809287359,
        0.014909872001527203,
        0.11312697579336434
    ],
    "statevector_imag": [
        -0.1467591857488262,
        0.045577911005997514,
        0.05088458144367186,
        -0.0777614282970138,
        0.12491353637201055,
        0.044579155655390265,
        0.016804888160492398,
        0.04479429033670562,
        0.10937578371575342,
        -0.0887476929062565,
        -0.052747979960450386,
        -0.0060219693782766455,
        -0.09667783993428156,
        -0.11993016921037314,
        0.12430654137153296,
        0.1422607019599668,
        -0.14385594507527452,
        0.059260514613660345,
        -0.10725390825154192,
        -0.02490159247716421,
        0.1038114067551968,
        -0.0027422785533115935,
        -0.11526424132146693,
        0.06227760741867891,
        -0.09189265435391807,
        -0.015144465776786116,
        0.009057615307205485,
        0.05809885583315831,
        0.02309234926717898,
        -0.15529131665355217,
        0.15035800988861628,
        0.11716347536865317,
        -0.009685907230743626,
        0.13365602881788202,
        0.01752938979393784,
        -0.08875642836801939,
        -0.1622591581209992,
        -0.1232104188315931,
        -0.095377005180702,
        -0.09035825314641556,
        0.05884379889083251,
        -0.12910202959666564,
        0.09312294093093486,
        0.17975249669874155,
        -0.0589878017942588,
        0.07543958927869483,
        0.10643436982015304,
        0.008794615246302609,
        0.1051266534395304,
        -0.010476217704231815,
        0.06665319569729045,
        0.10707867058358227,
        0.12340866714943559,
        0.09860174121120194,
        -0.08012653786831607,
        -0.028930776666376026,
        -0.04770037649242268,
        0.12266540830133926,
        -0.175563541530069,
        -0.012400469114805267,
        -0.006611334118910259,
        0.1273542846173038,
        -0.09537968757409716,
        0.01494990632320774
    ]
}