{
    "dataset": 0,
    "circuit_id": 9,
    "layer": 1,
    "num_params": 6,
    "expr": 0.44284678133195654,
    "entcap": 0.9999999999999999,
    "num_iter": 1024,
    "last_cost_avg": 0.07646210690668487
}