{
    "dataset": 892,
    "last_cost_avg": 0.05852136414601615,
    "statevector_real": [
        -0.0020173933218515564,
        -0.020621874698545033,
        -0.11744224446836715,
        0.14169241865608834,
        0.05021965580766446,
        -0.010517456220256951,
        0.007588824765706481,
        -0.16509390909450847,
        0.14591765991614453,
        -0.015972527814259025,
        0.005671330180429356,
        -0.053635807520167667,
        -0.0015202998937849624,
        0.00623812645977513,
        0.07869584440484204,
        -0.05803313095634801,
        -0.10973182098877356,
        -0.000704462923807081,
        0.0023966112215646042,
        -0.1788092281920888,
        -0.15824214063011732,
        0.06907298718057604,
        0.11236679146517528,
        0.019989560421143016,
        0.03818601469105447,
        0.01665177758290529,
        0.008673810190874879,
        0.008667000996134478,
        0.06784894829514529,
        -0.02202272344704231,
        -0.19039777800549043,
        0.09293849852434947,
        0.10193602254724238,
        -0.1424486112901422,
        -0.005759050828371765,
        0.02334025316640059,
        0.0023187694907604046,
        -0.11520277153918689,
        0.09130687502232342,
        0.01379755916112305,
        0.13167143297467324,
        -0.15815593490428606,
        -0.17086576242127796,
        0.10696626568111156,
        -0.009329163353574798,
        0.02503040522894782,
        0.12541130608232173,
        0.06359383273379784,
        -0.0372371534598169,
        0.12474943547602858,
        -0.005288558706941087,
        -0.10898365229433996,
        -0.05879415657635809,
        0.13029139442583632,
        0.15555044262175383,
        -0.05221951770012117,
        0.0018546788833242488,
        -0.05139982911637633,
        -0.0032513546186129787,
        -0.03668951602059854,
        0.08606485494371872,
        -0.19027399052925445,
        0.13515370364679685,
        -0.09421074826029902
    ],
    "statevector_imag": [
        -0.010103167421812631,
        -0.001680614221541269,
        -0.033819974702162046,
        -0.0054766716017209125,
        -7.814569798455159e-05,
        -0.1002870795160265,
        -0.001273480499042029,
        0.021853990011824306,
        0.02297104022285263,
        -0.1840599181419258,
        -0.01916298757336394,
        0.04040079946908564,
        -0.1468844224351681,
        0.10509865793437856,
        0.07538120397127687,
        0.018969789253156035,
        -0.10330714318837542,
        -0.1254810927174872,
        -0.008621346304015527,
        0.09512479516308472,
        -0.1609706509457769,
        0.05362236806891603,
        0.10871800854470896,
        0.007782110826737732,
        -0.0005513177893770704,
        -0.04795448843838351,
        -0.0007565329816696372,
        -0.007672995774299006,
        -0.12266932795026432,
        -0.22004563751089926,
        -0.08954578053287983,
        -0.1631667512925866,
        0.13938307695735638,
        -0.10173868423981136,
        0.005508924884087856,
        -0.052488171412826023,
        -0.02147343384909631,
        -0.05554029757498765,
        0.014924187610258877,
        -0.06788672223046535,
        0.05932727003608703,
        -0.05257073989724103,
        0.06006488712863325,
        0.016503511066929526,
        0.0010643613925948121,
        0.10181629278201859,
        0.05117871730825901,
        0.0727596010410703,
        -0.0773989221575568,
        -0.1281131248243027,
        -0.10634930929190507,
        -0.07896277160975317,
        0.0923438941026616,
        -0.1135211667683964,
        0.03216928347517289,
        0.11447537488318613,
        -0.09847145027191392,
        0.06716559201098748,
        -0.007504326599956549,
        -0.1062206300399209,
        -0.004887057173564013,
        0.004957745875089989,
        -0.0292174600908684,
        0.1434386181619159
    ]
}