{
    "dataset": 412,
    "last_cost_avg": 0.07968964519864058,
    "statevector_real": [
        -0.05032008904397919,
        0.055331732846864407,
        -0.01422060633244145,
        0.016314183567064405,
        0.0055650701415922675,
        -0.09078047439213545,
        0.030039383328027896,
        -0.07169686936901515,
        0.02772202492678962,
        -0.0192744524696554,
        -0.03575471471973981,
        -0.09750579094850718,
        -0.0894560301268627,
        -0.14669109853228574,
        -0.04575535882834537,
        0.008140268637707946,
        0.0319225190743371,
        -0.11618072818790058,
        -0.04382427533653924,
        -0.06186018275416096,
        0.15662126103995713,
        0.05755842331952171,
        0.15075878760946937,
        0.06246493304556265,
        0.07815027387479477,
        -0.010553451934188569,
        0.15330099731256458,
        0.15300282604540452,
        -0.09055464165475292,
        0.11012426523386935,
        -0.10430006286930847,
        -0.08799967872613491,
        -0.018615119356558157,
        -0.1509675385748068,
        -0.028552808711613628,
        0.1257597612376223,
        0.07104014862295364,
        -0.02673901430819238,
        -0.12537628602135106,
        -0.13570439640533344,
        0.07201628922894691,
        0.011711268531176423,
        -0.009395164210188028,
        -0.09809479625421258,
        0.08638283076903566,
        0.021219243826685788,
        0.08285083625670887,
        -0.0016319505533079098,
        0.16487999817805915,
        0.01828310619073305,
        -0.027402992697238882,
        -0.13671161304245555,
        0.019352184734460955,
        -0.08889452324833888,
        -0.10152957399870367,
        -0.0743216205862507,
        -0.11602660070405074,
        0.09915423524105198,
        0.07975564480591175,
        0.1422146767765411,
        -0.16987123825412626,
        0.09092294943529776,
        0.02050703465664174,
        0.005253253501958835
    ],
    "statevector_imag": [
        -0.050837140998959515,
        -0.11282224588173838,
        0.007552233606133968,
        0.019018238195170647,
        -0.1307705510832189,
        -0.09651514161563605,
        0.04812942194038916,
        -0.07051644650703398,
        -0.0767018099019069,
        0.033914684853756,
        0.038081563004260494,
        -0.0452354319088513,
        0.08206405925692212,
        -0.07135640096386515,
        -0.10917552770730064,
        -0.038876540616130925,
        -0.08978845551760768,
        0.09443258422624741,
        0.048151581804605735,
        0.16032759201156715,
        -0.1075050128950515,
        -0.06597240123299605,
        0.13999230408723518,
        0.12829683718139798,
        0.15199056459821383,
        0.08711595143596354,
        0.042729931846992926,
        0.03765651331793285,
        0.12838770563060545,
        0.02713763851910619,
        0.09582670332194985,
        -0.11576280459491718,
        -0.14776768677034183,
        0.0550432619132872,
        -0.12140052351842236,
        0.06860492863541452,
        0.19110566045781072,
        -0.033351228819567674,
        0.010365593370291857,
        0.020486771161692417,
        -0.05689561571984555,
        -0.004850204594643385,
        0.05913270663151279,
        0.09958664789891482,
        -0.029408874551607775,
        -0.08386035155214638,
        -0.07661070067478952,
        -0.020094870343204597,
        -0.06834466513490385,
        -0.09743827446426616,
        0.10149580273289978,
        -0.039551028442707234,
        -0.014213669519120628,
        -0.011093856713135074,
        -0.12612274941577178,
        0.14143353410490683,
        -0.033555128024551385,
        0.15008266102976972,
        -0.0790694976142623,
        -0.09573960395159527,
        0.05630262957135923,
        0.14337494872400952,
        -0.07853346906906049,
        -0.02689100953689547
    ]
}