{
    "dataset": 0,
    "circuit_id": 10,
    "layer": 4,
    "num_params": 30,
    "expr": 0.07376040359660652,
    "entcap": 0.7638239114420531,
    "num_iter": 76,
    "last_cost_avg": 0.021244049072265625
}