{
    "dataset": 858,
    "last_cost_avg": 0.10756908263084561,
    "statevector_real": [
        0.04582078780803789,
        -0.03372924293821591,
        0.16123263347711525,
        0.09545490399996326,
        -0.08138461880430023,
        0.032719857243010964,
        0.16470848904727112,
        -0.003705589664925275,
        -0.1401418351082526,
        -0.17510542260684023,
        -0.00970319802283115,
        -0.24200585991085613,
        0.15382324819728194,
        -0.23926997177681839,
        0.1963881727795241,
        0.011055605384621019,
        0.1287167047109504,
        0.11756003184038155,
        -0.053914525428587406,
        0.12663799745260135,
        0.12091355162659329,
        0.0015536185112824672,
        0.05835023029113028,
        -0.2085882770110058,
        -0.04312215479829836,
        -0.08271582643463123,
        0.020438947673588056,
        0.11664651536880105,
        -0.0883300808047455,
        0.1739442489293359,
        0.043044520585226446,
        -0.09634276293075313
    ],
    "statevector_imag": [
        0.11051073618527725,
        0.05147984445649005,
        0.12825249140664616,
        -0.1022774903370944,
        0.06513896078085712,
        0.07190852725527005,
        -0.2492445755083042,
        0.11768050353225205,
        -0.07439623122252113,
        -0.11499242442901196,
        0.02275452904545828,
        0.0040570582201419885,
        -0.10716450033796689,
        -0.07497539181738468,
        0.02469975095980355,
        0.11444095050695693,
        0.027886533655585716,
        0.13802410995516218,
        0.2176741000687872,
        0.0711902634474192,
        0.003653736258124707,
        0.1899330454056702,
        -0.20564227163641235,
        -0.04228125875613486,
        -0.28679858494898963,
        -0.16008209553874103,
        0.06569529793270491,
        0.19313519223783623,
        0.14532959133303155,
        -0.09973159025229547,
        -0.04501948028661353,
        0.05630464473414254
    ]
}