{
    "dataset": 557,
    "last_cost_avg": 0.10906822785158832,
    "statevector_real": [
        -0.09537079817756798,
        -0.00031565690981767903,
        -0.015576172027322251,
        0.05797038076543116,
        -0.0312386295684706,
        0.08994159292776915,
        0.017783688622130225,
        -0.21842496097922878,
        -0.17933182371550482,
        0.053574746371512987,
        -0.06854887622490531,
        0.003913002776629885,
        0.10864458230691151,
        0.034696207160907454,
        -0.10777278969312098,
        -0.01239253234107237,
        -0.04450113901155835,
        0.1948633797561663,
        -0.1797596515345792,
        0.07628002595903877,
        0.12613996118048873,
        0.11261606086188268,
        0.08222178497258414,
        0.13821874808975218,
        0.15572457321955777,
        -0.24228909184143793,
        -0.23726104445755763,
        0.16127019400719528,
        -0.10768612223318304,
        0.00022848576859586177,
        0.1349233557570942,
        0.024025300690393842
    ],
    "statevector_imag": [
        0.02463242394714427,
        -0.011836053638362475,
        -0.1917837327164822,
        -0.1292037564007137,
        0.18322879445116264,
        0.22768624054385664,
        0.01096778036253553,
        0.16564649809940027,
        0.20716132587469446,
        -0.2690928600921753,
        -0.18191576782386412,
        -0.027034424739985997,
        -0.09331483307881518,
        -0.04692713554166674,
        0.16921591310626258,
        0.02335347335952747,
        -0.20973473263065873,
        0.14673016532449548,
        -0.1408246317529043,
        -0.0414183646202655,
        -0.16541185337546588,
        -0.056031405726549924,
        0.16098233152531058,
        0.10500569245240629,
        -0.03547985825421785,
        0.0038435299149867834,
        -0.04313596206731769,
        0.054646556312561885,
        -0.02450341519500154,
        -0.01136609713588772,
        -0.13128788738311412,
        -0.04985153597095668
    ]
}