{
    "dataset": 2104,
    "last_cost_avg": 0.09300280282853197,
    "statevector_real": [
        0.22079566850963142,
        0.07061283886425272,
        0.18176915337738142,
        -0.13118526715950643,
        -0.1652068702329287,
        0.18062794427100365,
        -0.07435065443476255,
        -0.018702676229186272,
        0.05629024168034115,
        0.19058886213960438,
        -0.24399062043232755,
        0.043259996427890864,
        -0.04383705753753777,
        -0.16275069312372117,
        -0.020382433794441667,
        -0.25043289764605664,
        -0.1316193545305972,
        -0.008697675614300042,
        0.13033691081899756,
        0.15531985506182028,
        0.14982952990784879,
        0.08175201640916581,
        0.03571735482004372,
        -0.08763717368023767,
        0.13276343142537098,
        -0.03812643099716332,
        0.2166162775385339,
        -0.13137119386568785,
        0.11474937684392399,
        -0.081123853108136,
        0.12382876204138453,
        -0.02775546816519161
    ],
    "statevector_imag": [
        0.12063719750875468,
        -0.04634759151921442,
        -0.03536348697304552,
        0.19609515412325962,
        -0.10194577523720139,
        0.05166161118088409,
        0.09341135671786624,
        0.1133246290651525,
        -0.16624068857239682,
        0.07445356993886167,
        -0.05385432998658494,
        0.026381684323625927,
        -0.16136174202762724,
        0.020862334975068387,
        0.20395715186142002,
        -0.02759970139739022,
        -0.1480726501739572,
        -0.21134904880208719,
        0.02043423094102192,
        0.003412953738357473,
        0.0764931138675855,
        -0.2091524653117915,
        -0.16510751647837138,
        0.012880711047102842,
        -0.07212143916809949,
        0.0669573377900289,
        -0.15138540897071107,
        0.009043772582522525,
        0.016075867006053214,
        0.1944338528297803,
        0.0837382838318517,
        0.060144656666917505
    ]
}