{
    "dataset": 2113,
    "last_cost_avg": 0.08087333803167501,
    "statevector_real": [
        -0.034640447948441996,
        -0.05103399646986624,
        -0.12198783438978289,
        -0.060646488842353914,
        -0.050589306261034424,
        -0.05954517805210446,
        -0.02582702670647589,
        -0.19220387735970382,
        -0.04125766198434136,
        0.08732286196873743,
        -0.02337092826396778,
        -0.009133606001906588,
        -0.024703547008637743,
        0.05336477711841966,
        0.05105500578035959,
        0.06928326004626541,
        0.05205427012386235,
        -0.06419350236550334,
        -0.17406902557340417,
        0.07078278444794435,
        0.009664968154418006,
        0.13512717711737876,
        0.06672520828723132,
        0.012475232946008667,
        -0.099469333025736,
        -0.03451743352384803,
        -0.06508289568582844,
        0.12799918930705131,
        0.034855253685786985,
        -0.04053913673139846,
        0.14331626159914118,
        -0.06952827034736568,
        0.10674880683329377,
        0.18332747798671314,
        -0.008088422812922847,
        -0.009283963877625518,
        -0.029054409312114685,
        -0.07322399813154888,
        -0.028584833728925868,
        0.12336174099721386,
        0.11779490695198903,
        0.012444660300554758,
        -0.02668194438638168,
        -0.13235520755311422,
        -0.03588779837975284,
        -0.012048943174222542,
        -0.012891768062161038,
        -0.012853112506042827,
        -0.04305406012599455,
        0.06337204650218883,
        -0.04520498879774974,
        0.1269265600308128,
        -0.087627640320253,
        0.001425316811814578,
        0.05449147745354449,
        0.005943553607206208,
        -0.0008108773219421403,
        -0.11963263644890045,
        -0.08569649175317397,
        0.08209158920779379,
        0.09593121220433044,
        0.067163059863765,
        -0.17494884172012035,
        -0.15323246155300704
    ],
    "statevector_imag": [
        0.06047701016798419,
        0.047402656832751994,
        -0.021897240498016845,
        0.14334397056704368,
        -0.08074058760152963,
        -0.05494465618078572,
        -0.07621777578072186,
        0.07728472852965014,
        0.01306210349296437,
        0.05012614705962676,
        -0.018428580330277115,
        0.010191074934196171,
        -0.0005619860690101443,
        -0.13286983513835282,
        -0.11173897859433778,
        0.1334807191281493,
        -0.056777500346135504,
        -0.09241273995669584,
        0.07997525032711872,
        0.08857409835279283,
        -0.1327113428650882,
        0.10991430431367627,
        0.021762509904734204,
        -0.17078666759524358,
        0.01664757181101301,
        -0.08929263666870586,
        -0.15174985540810126,
        -0.062387390417043685,
        -0.17827204110187603,
        -0.17023671840452143,
        0.12929439596276723,
        0.09151072751874864,
        -0.049604580515066755,
        0.1035789997693437,
        -0.11583162572535328,
        0.1331420795934342,
        0.06755223602568622,
        0.06811187519870669,
        0.05100095613600483,
        -0.0011262919485670432,
        -0.1198361445653985,
        0.02859127429965877,
        0.14148754962667817,
        -0.006793109578558478,
        0.011638787875448083,
        -0.09576756583239025,
        -0.01564212072724089,
        -0.13390634689747943,
        0.050662968671191765,
        -0.15135891468966686,
        -0.03791103098498998,
        -0.03717758981309132,
        -0.10952556820778887,
        -0.14580357105130654,
        -0.07347907679320329,
        -0.00728767038881858,
        -0.01297657768748709,
        0.028123846622087216,
        -0.0319300903515008,
        0.14432637921489383,
        -0.12267562709427544,
        0.12479364996212529,
        0.040201234224191966,
        -0.09550711718763581
    ]
}