{
    "dataset": 0,
    "circuit_id": 19,
    "layer": 4,
    "num_params": 72,
    "expr": 0.009349928872646986,
    "entcap": 0.8074897481117865,
    "num_iter": 1024,
    "last_cost_avg": 0.1126373926636521
}