{
    "dataset": 3479,
    "last_cost_avg": 0.09980066432779264,
    "statevector_real": [
        0.0857138406840448,
        -0.012558566996083525,
        0.24778285728374064,
        0.042304350289603554,
        0.021078213261545416,
        -0.024139966779608397,
        -0.06122129426779235,
        -0.08955021192934237,
        -0.026427382406979633,
        -0.2595092935462061,
        0.02779145929443449,
        0.1375599288480144,
        0.12830747368977174,
        -0.033249060413066696,
        0.14573821116920732,
        0.083027094539902,
        -0.048883197746571364,
        0.18821909841910095,
        0.14680208288611085,
        -0.07464692815624063,
        0.1997368842108076,
        0.15062655413881354,
        -0.03881386049139276,
        0.008212425322925702,
        -0.003056628720742052,
        0.21956829466061872,
        -0.12190757837547651,
        -0.019459012827429744,
        -0.12983470070300454,
        0.192274696717155,
        0.011849738612120096,
        0.17949106367518539
    ],
    "statevector_imag": [
        0.16488526499633324,
        -0.26540645466139284,
        -0.013934338649563218,
        -0.03298490974460529,
        -0.24436971993194442,
        0.21675540735923118,
        0.13736868377958625,
        -0.16763877702671837,
        -0.0537289497511333,
        0.04715007504042903,
        0.0023147520391896973,
        0.048117711359454085,
        0.007757612240549569,
        -0.1462458295156258,
        0.18257020116808415,
        0.05385421859169449,
        0.1266313671846485,
        0.05242567992430744,
        -0.08347271047631391,
        -0.17867062332161393,
        0.0605626470630437,
        0.07861711341764974,
        -0.08047394407391242,
        -0.012051686493071699,
        0.13195223283662053,
        -0.08536373033548894,
        -0.17872977906904428,
        -0.013056968471222266,
        0.11414192705638274,
        -0.14325367115837961,
        -0.09026547644531827,
        0.11826436951840529
    ]
}