{
    "dataset": 0,
    "circuit_id": 10,
    "layer": 4,
    "num_params": 30,
    "expr": 0.12211763782300483,
    "entcap": 0.7714192127985247,
    "num_iter": 44,
    "last_cost_avg": 0.11832427978515625
}