{
    "dataset": 0,
    "circuit_id": 12,
    "layer": 15,
    "num_params": 300,
    "expr": 0.0038117394245055364,
    "entcap": 0.947341218551564,
    "num_iter": 1024,
    "last_cost_avg": 0.014036962041918295
}