{
    "dataset": 1924,
    "last_cost_avg": 0.08557324569758132,
    "statevector_real": [
        -0.025637755096798092,
        -0.11098984660378128,
        0.13244569065499656,
        0.13097519309008684,
        0.023770274371714417,
        0.18544538766292637,
        0.042475128268108106,
        -0.1313934436223004,
        0.16665578268440126,
        -0.09648334278592227,
        -0.08901779151563063,
        -0.22167999217194875,
        0.08778665660010596,
        0.05129575313011573,
        -0.20157940295935659,
        0.0023056328333309456,
        0.21894673994273167,
        -0.21505304660495397,
        0.09890332554824069,
        -0.05149747327518901,
        0.12136100138890245,
        -0.08434896387287372,
        -0.046465981909585403,
        -0.18860674184104306,
        -0.0786550568947553,
        -0.05272958014917151,
        -0.07325029173228845,
        -0.016637298795979492,
        -0.1455143841202634,
        -0.037810324959436245,
        0.06762163624740841,
        -0.03389841504003329
    ],
    "statevector_imag": [
        0.013472963575803088,
        0.1932318169983815,
        0.11831621083687312,
        -0.13716245687393722,
        -0.04974497831802468,
        -0.16892249281511088,
        -0.13233994933324697,
        0.01181209538478101,
        0.1969079544588371,
        0.14261530116260004,
        0.09760581202358198,
        0.10574959662703948,
        -0.11779208659253242,
        0.06110512320395972,
        -0.01296957545672935,
        -0.0034403649592822765,
        -0.13137881940513624,
        0.09008224171058979,
        -0.16245163075483954,
        0.2048523193591095,
        -0.08845252386413725,
        0.1336475416099947,
        -0.16674584148114807,
        -0.14228527847342465,
        0.1063358714766995,
        -0.19110319365789188,
        0.013793200841789104,
        0.0055862951487144355,
        -0.09332487649421803,
        0.26963662861363147,
        -0.1736916776923708,
        0.01859924825310991
    ]
}