{
    "dataset": 3175,
    "last_cost_avg": 0.08873491409992508,
    "statevector_real": [
        -0.03282294580221967,
        0.017630436271459344,
        0.22430967323271797,
        0.04445447424596896,
        -0.06385870595885057,
        -0.1005813239659453,
        -0.11747353235891547,
        -0.04539200951713973,
        -0.20201719032742704,
        -0.003605045138031089,
        -0.0256269257846406,
        0.05000845421788651,
        0.15105892999062653,
        -0.25582072737776135,
        0.028993974493973482,
        -0.2523911801165504,
        -0.13369396572002945,
        -0.043044384846117105,
        0.11273977665604624,
        -0.163178629043853,
        -0.016273486604007726,
        0.0064288197211365755,
        0.1871472648677461,
        0.0003578536857608386,
        0.056984728272531184,
        0.015388670625950453,
        0.14902682310939885,
        -0.009023616003767772,
        -0.23899245020326057,
        -0.008456487096037269,
        -0.056865632322704,
        0.19945203551758436
    ],
    "statevector_imag": [
        0.09347940647214474,
        0.2032310496985242,
        -0.033898904762242325,
        0.25013028699846956,
        0.036455758973826594,
        0.2141984071823832,
        0.19149848224344554,
        0.1472578620721636,
        -0.05411212625071424,
        -0.01719958369241679,
        -0.1682474215072303,
        -0.2312346387076138,
        0.10743782442483721,
        0.03749815882109009,
        -0.024922406094591648,
        -0.23058395840153426,
        0.13493413777590885,
        0.04243891642303296,
        0.15805031917691456,
        -0.06375540266280061,
        -0.013294719014391065,
        -0.0038499271139361144,
        -0.16150011304722126,
        0.12686063020105343,
        0.005887115331049761,
        0.006587669627182356,
        -0.1403079948689464,
        -0.005985162119666171,
        -0.08295998808668706,
        0.06121593211320665,
        0.07869683577766622,
        0.0009560156122064324
    ]
}