{
    "dataset": 830,
    "last_cost_avg": 0.0760493479773596,
    "statevector_real": [
        0.027531595120675975,
        -0.08294560513749863,
        -0.2544333556561677,
        -0.02457597949166239,
        -0.13419590896211403,
        0.04866934798402539,
        0.157033122022328,
        -0.04045260004053245,
        0.09144749010696075,
        0.0005238500719768865,
        0.171769437340587,
        0.21583062985638563,
        -0.1684414994245204,
        0.16637733602511237,
        -0.2417401617331727,
        0.04225849182472505,
        -0.20191294548646727,
        -0.05673084600640293,
        0.17485397435329927,
        -0.14599223848197346,
        0.007869550459791179,
        0.16902800465215964,
        -0.09810654623979201,
        -0.06210256863505472,
        0.17534542798373437,
        0.08282660610402413,
        -0.16087930490714017,
        0.005450628210328941,
        -0.1346680126810093,
        0.12202092615976397,
        0.043317921459121354,
        -0.16623564670424426
    ],
    "statevector_imag": [
        0.09035502594092089,
        -0.2369799674921115,
        0.16704532946261202,
        0.16631409989466192,
        -0.05261127553777647,
        -0.13476851131645654,
        0.1068761225187377,
        0.12402599310063647,
        0.0962130902915198,
        -0.1889938213910448,
        -0.007635560818660889,
        0.11804277554584683,
        -0.1261392787207866,
        -0.005662097324528938,
        -0.04037627874290399,
        0.11200258510781577,
        -0.003833506120512356,
        0.17780751296228142,
        -0.06316989095489577,
        0.11989228395029716,
        0.08906725410945543,
        -0.03742912139385934,
        -0.004239731940027914,
        -0.18560637772617472,
        -0.07512654293105063,
        -0.14164140474150994,
        0.10439380416143015,
        -0.10468874484353964,
        -0.11460635287289822,
        0.04867055052157908,
        0.02969189042482033,
        0.03350659546218113
    ]
}