{
    "dataset": 2557,
    "last_cost_avg": 0.07159357673038645,
    "statevector_real": [
        0.1359358012457184,
        0.21914242458782887,
        0.020737923197438675,
        -0.12032729116839871,
        -0.022608536644855223,
        0.2326421658752423,
        0.1132125975566655,
        0.10407460476728123,
        -0.12714143861187824,
        0.18002810577657527,
        -0.24744188465245465,
        -0.06628836001525615,
        -0.06368556512850437,
        0.22041378482675458,
        -0.007453518073145917,
        0.17873416670384282,
        -0.22286202007352407,
        -0.18995367655179346,
        0.18049189162922835,
        -0.0013905270919820551,
        0.045054234110929736,
        -0.09166476949807051,
        0.03835981058533568,
        -0.1835290676278056,
        0.0354391736863547,
        0.005122441139599495,
        0.09770945620580454,
        -0.09296280872011937,
        -0.061842856248886496,
        0.05524584906761246,
        0.19941403749025285,
        0.0010963977574331174
    ],
    "statevector_imag": [
        -0.02093185193221516,
        -0.0475445374008991,
        0.07584558551115089,
        0.05519025794386215,
        -0.09315005251557053,
        -0.0851959899650167,
        0.10453964867781483,
        -0.1938341387806388,
        0.04565742312301976,
        0.06530240829752733,
        -0.061877930704327774,
        -0.09734161880973373,
        -0.24945469743686327,
        0.1746776824390387,
        -0.020350576065696582,
        -0.0077572879285697175,
        0.05459384563099762,
        0.038628140611172604,
        -0.0133552013708913,
        -0.1245859186674907,
        -0.13659733971990443,
        -0.13867130841931755,
        -0.11099311743739779,
        0.24029778429610266,
        0.14733540977844367,
        -0.021404864971605018,
        0.10883671590384407,
        0.10978630004621419,
        -0.049499174294667186,
        -0.20281311866071924,
        -0.0680941742532161,
        0.015216449630567586
    ]
}