{
    "dataset": 1921,
    "last_cost_avg": 0.06607744176999916,
    "statevector_real": [
        -0.017757880431880032,
        0.017899041296676608,
        0.06705217740777451,
        0.011430672179204448,
        0.06430445639804558,
        0.0366294532313188,
        -0.043857124941370354,
        0.12884251955514087,
        -0.03928130613044719,
        0.05565176152630187,
        -0.1690815138861725,
        0.1590702040548843,
        -0.15950946347107958,
        -0.1305694264158476,
        0.04629462680504733,
        0.05544258301932479,
        -0.15891021937462715,
        -0.12946368608082087,
        0.09076893245443429,
        -0.002120914989752759,
        -0.08335868956458486,
        -0.08427830424516038,
        -0.1438788481395112,
        -0.133310974567176,
        0.07850293992049077,
        -0.16426403105561657,
        0.0760421610873392,
        0.0398936263691502,
        -0.0021525532960645095,
        0.12850969655093125,
        0.06269617688631139,
        0.02865448008545514,
        -0.0018265108577668406,
        -0.1326002386925974,
        0.007519412612225564,
        -0.03662764511464425,
        -0.023303493135471493,
        -0.02683730423116736,
        -0.022590869865442998,
        0.09341323959656048,
        0.10648897249289015,
        0.11535696037869232,
        0.047512225886860014,
        -0.20708948881157668,
        0.060918227681318236,
        0.04159616633837901,
        0.12160437366418064,
        -0.12091532651855659,
        -0.010131384157232335,
        0.19207390343072975,
        0.04068142544022315,
        0.044525595103242874,
        -0.08552019220659192,
        0.046642872956460225,
        0.15150142646614392,
        -0.022816911937982614,
        0.0315912808036111,
        0.14936125113356416,
        0.06665022503124668,
        0.0034158956160764203,
        0.037235260637071436,
        0.005599786431519729,
        0.007922404041774815,
        -0.18116494278588108
    ],
    "statevector_imag": [
        -0.09519891212355756,
        -0.022877418244503164,
        -0.024255736252169393,
        0.07333125398457738,
        0.07059449588472928,
        -0.06984465043123197,
        -0.12323573304452204,
        -0.04417185821278164,
        0.14011190708256582,
        0.10014551860793425,
        0.03287893304946711,
        0.027328556773332888,
        -0.06103498963312158,
        0.008702628117505903,
        -0.06769978915083831,
        0.07740558314653118,
        -0.016528134121773303,
        -0.16721622564121696,
        0.0636578204424565,
        0.008932842902797243,
        0.025919046145487182,
        -0.06533008220910257,
        0.015505622733200117,
        0.05460837125289113,
        -0.07081877555127743,
        -0.06020615059882201,
        -0.12158611531068521,
        -0.1023854630829932,
        -0.017594097003865192,
        -0.08129301427425735,
        0.02170071944167205,
        -0.06446942798691262,
        -0.016507200175542892,
        0.024326888379000725,
        0.1752482442877166,
        -0.0884858514819056,
        0.12708732569595596,
        0.12345856819708986,
        0.00014732598326278393,
        -0.05601202261423449,
        0.008829336730077214,
        0.07430545991318449,
        -0.12068875435810653,
        -0.008893531634160396,
        -0.03948584761364509,
        -0.009825277489811277,
        -0.07232266976621464,
        -0.07254994527764384,
        0.1631135780688089,
        -0.04017719402033117,
        -0.05978085772205947,
        0.12131412623154984,
        -0.12819360709870958,
        -0.13598210644981643,
        0.04630628606677281,
        0.1402823462991979,
        0.03569367978669144,
        -0.06947550418750557,
        -0.010899522876689589,
        -0.006177703100557499,
        0.12831976017213004,
        -0.00945862626469331,
        -0.1263637718951443,
        -0.08588387732343922
    ]
}