{
    "dataset": 0,
    "circuit_id": 9,
    "layer": 5,
    "num_params": 30,
    "expr": 0.0031126754979277113,
    "entcap": 0.9791035371840464,
    "num_iter": 47,
    "last_cost_avg": 0.01262664794921875
}