{
    "dataset": 991,
    "last_cost_avg": 0.06954066242922513,
    "statevector_real": [
        0.08943975004996187,
        -0.005475666830092871,
        -0.005492483781136382,
        0.021805859300085,
        0.018184026412422026,
        -0.18933415855609623,
        -0.128385992466632,
        0.07595927723018302,
        -0.05813396499955061,
        -0.05126132698425945,
        -0.12586160197511195,
        0.030639971200590956,
        0.11157445179260675,
        0.09842764539463054,
        -0.05487485237763625,
        0.1256390623507198,
        -0.040731063042432854,
        0.027432796459647774,
        0.11937024220123092,
        -0.00638852197645543,
        -0.05012428353779539,
        -0.09422537751238581,
        0.1428190590578254,
        -0.07519662892112178,
        -0.008578993771750136,
        0.02866332542661051,
        0.05225865573289195,
        -0.009957577419778518,
        0.0715256927700562,
        0.022370948815041158,
        -0.08994030063146662,
        -0.0403647313101782,
        0.08883181766931439,
        0.008857871272709338,
        0.018678986715283404,
        0.23299930392081908,
        0.02812522177543605,
        -0.00034234983173174146,
        0.12280830077256044,
        0.06522380248777361,
        0.05743846293594223,
        -0.11700345841201688,
        0.058600461041519177,
        -0.15467294725773287,
        -0.13376138726638806,
        0.024882150948085182,
        0.057035906514106005,
        -0.07873021451257683,
        0.029461361909599228,
        0.08428971605973815,
        0.11694885793108409,
        0.009617293798111543,
        -0.0773387381430391,
        0.050911157537955866,
        -0.1651009927124116,
        -0.10873395602831365,
        -0.047285083527689786,
        -0.0859847256577186,
        -0.11583510749934806,
        0.08080656224860816,
        -0.04059488287188333,
        -0.08782693836175275,
        -0.20174077064018667,
        -0.1429503838858011
    ],
    "statevector_imag": [
        -0.05318531851676381,
        -0.012985819026022976,
        0.10751340143996836,
        -0.0032384422364117498,
        0.03422420120696206,
        -0.01726445611233064,
        0.10886594449314359,
        -0.07342087109259868,
        -0.035789503912066714,
        0.09479500145231114,
        0.14204911113109997,
        0.011941831716542887,
        0.01087856942002163,
        -0.04181209919142648,
        0.16081510297419885,
        0.048606960857127166,
        0.12527706685923648,
        0.05062816978917348,
        -0.06339734196323292,
        0.19546894385431016,
        0.005574600051316539,
        0.025736512312058535,
        -0.04646407098159033,
        -0.0342133773893398,
        -0.09254980871774943,
        -0.13669756671163025,
        -0.11735252283568623,
        -0.06804297123802253,
        -0.10208538811252892,
        -0.1178972113681452,
        0.02827257315386703,
        -0.01468630631327486,
        0.056634882562889385,
        0.07300036205237592,
        0.10672967468781709,
        -0.0033761591071046165,
        0.04771466074788538,
        0.0014493228384084762,
        -0.03812319303758326,
        0.10028191703059314,
        0.06133082795659764,
        0.09865041426489556,
        -0.038260272371518245,
        -0.14968560266924744,
        -0.03939334734415948,
        -0.14878951789038491,
        0.008746282355281233,
        -0.14689825412117194,
        0.07327431648551072,
        -0.0935175328599805,
        0.00026169274423535667,
        0.0528016973331196,
        -0.09576339165255954,
        -0.029911008953744784,
        -0.06508641043995073,
        0.10530279921531933,
        -0.07559397541640137,
        0.10298011416665248,
        0.15485588344861212,
        0.14036295265193124,
        -0.09288633936309303,
        0.11238452297983743,
        -0.03318922914996452,
        -0.032420083750647095
    ]
}