{
    "dataset": 1355,
    "last_cost_avg": 0.0927466555042876,
    "statevector_real": [
        0.0005896834144436965,
        0.17887398600819407,
        0.0740735508049755,
        0.1154588343304641,
        0.12042018603638475,
        -0.1199463586786931,
        -0.15376168533474086,
        -0.013340030643226508,
        0.050838579466694095,
        -0.0028132969179038864,
        0.15620861327002697,
        -0.004587896212756417,
        -0.17878087169231685,
        0.16472588101746583,
        -0.030566662065181868,
        0.1268402229780658,
        0.019238248492366588,
        0.17165991248161977,
        -0.03959260737045137,
        0.11226983304005085,
        -0.08743030747987218,
        -0.017971038490386653,
        -0.014024911024247754,
        -0.007486108269087042,
        -0.09406253181543715,
        0.15019577865737452,
        0.13589820264917707,
        -0.08404444115298897,
        -0.059561917895628085,
        -0.1388489636764363,
        0.077603207696971,
        -0.01091770966140856,
        -0.007211283128793647,
        -0.09356393392740567,
        0.06664043096593926,
        0.02271992565182345,
        -0.020281308926559265,
        0.0986375900818851,
        0.138087764527318,
        0.1319552394429475,
        -0.1115302072371796,
        0.017675124632522323,
        -0.15211491282704262,
        0.05201853963959365,
        -0.06103372856726445,
        -0.008952018476282643,
        0.10115597687943437,
        -0.0565467376714061,
        0.005978446153875894,
        -0.13086381427850594,
        0.10208985170126095,
        -0.08064326260209279,
        0.08539586520368016,
        0.16318105449595752,
        0.15477090223051862,
        0.12885296146688563,
        0.0047348943045498314,
        0.0752862543512777,
        -0.1024992520558527,
        -0.10604928354888735,
        -0.017209523271097007,
        -0.07287156046476063,
        -0.08338128985714782,
        0.10141878959212942
    ],
    "statevector_imag": [
        0.00875037481472601,
        -0.00553856683943565,
        0.0948553350296234,
        0.03701779595040732,
        -0.02528806493893584,
        0.006549122516016505,
        -0.07989205946075204,
        0.06109351836720932,
        0.034620942771740215,
        0.03216312564766427,
        -0.08111929406115205,
        -0.035616816029999686,
        0.01606070702395164,
        -0.06365564925206892,
        -0.061883250393974784,
        -0.06743432156807494,
        -0.0064941937989763015,
        0.10432075106832797,
        0.033357411935932495,
        0.024245609743639547,
        0.0892167462375745,
        0.05724446481817685,
        -0.1289974128280057,
        0.031550040457135074,
        0.050004153058821166,
        -0.1253714827169778,
        0.10289761593372918,
        0.14083887252713287,
        -0.13071155788244973,
        0.0017644381525793544,
        -0.03179431917677891,
        0.1615215333035687,
        -0.04841755122398653,
        0.0753405073829678,
        -0.005368875279545836,
        -0.03825389986365437,
        -0.0473277473661904,
        -0.13807017650230557,
        -0.041844484074489534,
        0.1587907585075446,
        -0.05104028945326028,
        -0.015054666636020722,
        -0.03243322427372279,
        -0.09010785380738981,
        0.0013678223590145198,
        0.08494657106922433,
        -0.03330625488752979,
        -0.012191501569169238,
        -0.006528836682170759,
        0.020167755652292493,
        0.049547255053490454,
        0.11669131125840944,
        -0.08899372809627958,
        0.12110756159119278,
        0.003904639573993094,
        0.014342636321425394,
        -0.15384707815707366,
        -0.0931144808599085,
        0.08083099827685768,
        0.01057536340316833,
        0.015887681246109966,
        -0.09011414775743165,
        0.14399582224768642,
        -0.12683596954851548
    ]
}