{
    "dataset": 0,
    "circuit_id": 11,
    "layer": 2,
    "num_params": 40,
    "expr": 0.03524916566384312,
    "entcap": 0.7971838076191201,
    "num_iter": 1024,
    "last_cost_avg": 0.12184037797368771
}