{
    "dataset": 208,
    "last_cost_avg": 0.05913311830265748,
    "statevector_real": [
        0.1566329211534927,
        0.06432085382866891,
        -0.03495103864293552,
        -0.05221885723085946,
        -0.14107316436996992,
        -0.015947480130711726,
        0.04394129723343008,
        -0.05608666846738541,
        0.14221470824091897,
        -0.07134232036455695,
        0.09315918744335053,
        0.016403353219621684,
        0.06448389173701927,
        0.13927807784992308,
        0.03751808768578137,
        -0.020954398706986274,
        0.016638849169076105,
        -0.06437924047935785,
        0.16028031790426409,
        0.045046325968500285,
        -0.10967786130144908,
        0.1152710648473126,
        0.008940759250252811,
        -0.138947813754653,
        0.060208694712742254,
        0.15844665775026773,
        0.1042659203952885,
        0.1048182817485095,
        -0.1680893080684605,
        0.08746192635764888,
        0.07588694866116277,
        0.04807981275024583,
        -0.01452548218985811,
        0.09623792406536419,
        0.03500255855861289,
        0.04639351745534934,
        -0.001980525073506788,
        -0.17492695715219375,
        -0.11872399043625044,
        -0.09791986306296757,
        0.08610123487763961,
        -0.1436608307906799,
        -0.06557964785905848,
        0.08174767705710409,
        0.007095554960764499,
        0.12120660866863717,
        0.09454330272960956,
        0.039996928334925984,
        0.03267908386437628,
        -0.0036705767056638343,
        -0.08242448099493457,
        -0.030240894265400404,
        -0.10579460573173984,
        0.04015339755791169,
        0.1982939051516228,
        -0.13987967159557008,
        0.00013920315551124482,
        -0.014036957612432307,
        -0.055924926104924846,
        -0.019800393828768033,
        0.03751181172128164,
        0.030938011495084065,
        0.1194189440438243,
        -0.18118327407117968
    ],
    "statevector_imag": [
        -0.07417657793350259,
        -0.024371530753070855,
        0.046707245602816146,
        -0.08139598303683195,
        0.029875951606023455,
        0.13755228358181487,
        -0.03187786210876505,
        0.12371697578157145,
        -0.0027762205402617262,
        -0.06550295289304102,
        0.07501811727290712,
        0.07741078498537791,
        0.015197906286145741,
        0.0037886575002357677,
        0.09935274490197508,
        0.04224540647813526,
        0.004829351221773758,
        -0.1257113124463244,
        -0.09154424306422942,
        -0.04147024731723295,
        0.0510598773516071,
        -0.11813236472076928,
        0.00173774951565806,
        -0.13422657791718084,
        0.0991754401529368,
        0.15303447990557764,
        -0.0111875180855643,
        -0.10172030922613359,
        -0.029683938244676817,
        0.1278626612235241,
        0.03422026101913636,
        0.15345894664374293,
        0.01600339016929131,
        0.020440178029226926,
        0.09456309959761662,
        0.12623130675010583,
        0.09347009817941801,
        0.068682046396849,
        0.03611878076059354,
        0.06100146560762745,
        0.06491548112569212,
        0.08446085451932549,
        0.09886075766525475,
        -0.056224045950136185,
        0.01176982295914335,
        0.050652770805603035,
        -0.06790351808587956,
        0.0457553583508402,
        -0.09449156600017171,
        -0.001558949600825984,
        0.14113243002291212,
        -0.0008118901602802217,
        -0.053906067917573276,
        -0.14164181180089835,
        -0.04694916325868794,
        -0.01169013159655381,
        0.11688638142152397,
        0.11026914627190795,
        -0.024215805378182954,
        -0.12352930625534521,
        -0.05737863737625875,
        0.19274916662051073,
        0.0832424436536247,
        -0.0025945264981470997
    ]
}