{
    "dataset": 164,
    "last_cost_avg": 0.0847164698362843,
    "statevector_real": [
        0.004379648268792937,
        0.16580935620680184,
        -0.06192544850941569,
        0.03567767106174627,
        0.0872438344018693,
        -0.12981493069528774,
        0.06099694915042125,
        0.12504721266612948,
        0.11523437616563485,
        -0.051911644291964515,
        -0.1895016505324515,
        0.012295258271764089,
        -0.005354081043034202,
        0.07122881937581456,
        0.16201897872040735,
        -0.04947842755303089,
        0.08793735024137361,
        -7.258243349348035e-05,
        -0.12419154734605681,
        0.10780195932990827,
        0.12901447954891168,
        -0.046304939080658046,
        0.030156054886202675,
        0.17277288726082174,
        -0.009449442361164595,
        0.1210718652277128,
        -0.05061660111165183,
        -0.0016688272964506543,
        0.02304870417699847,
        0.16786434842209622,
        -0.07979929922341968,
        -0.11169723341155684,
        -0.08539960204637755,
        -0.014656262064871688,
        -0.07517276143643672,
        -0.08350104519805081,
        0.1358979940909998,
        -0.06085892554330952,
        0.1539749384620574,
        -0.12018019149257811,
        0.10372811042263595,
        0.03729390838793176,
        -0.06803443073488082,
        -0.011270100009271767,
        -0.09580976702624257,
        -0.034116653086871035,
        0.10873313167157712,
        -0.04198528178678784,
        0.01911451789355347,
        -0.10059647304619267,
        -0.15619613565554014,
        0.06456765864773392,
        0.03068613505980984,
        -0.04618904058870838,
        0.15200768229390463,
        -0.10642768861817671,
        -0.13601990084648674,
        0.13321814505516408,
        -0.1627615385391713,
        -0.01056760161299318,
        0.010279726950922299,
        0.0011097469582917834,
        0.11546640609879147,
        0.15831936468467428
    ],
    "statevector_imag": [
        -0.1936746215507888,
        0.020664161143803643,
        -0.006776707055566853,
        0.052075602660961444,
        0.12238018069417902,
        0.0023557327751700646,
        0.012691279068492324,
        0.07581935018231095,
        0.08309208293168431,
        0.034744551971743205,
        0.04681382814330142,
        0.005509243929881469,
        -0.017842629344498415,
        0.05603042396420909,
        0.02643546959423385,
        0.09893907877083104,
        -0.009218482991088071,
        -0.0035541808685543353,
        -0.07097660950657854,
        -0.0003253877859029115,
        -0.0029780010012854536,
        0.07747714511175272,
        -0.14320965464201071,
        -0.06636305828063176,
        0.016169648622232465,
        -0.021908253925934696,
        0.00962042074329989,
        -0.010356643924198385,
        0.038129622532214705,
        -0.0763000653992923,
        -0.18267283962119743,
        0.12639934621698828,
        -0.05619613216382337,
        0.10681762273290397,
        -0.021960773160368874,
        -0.10608609259583525,
        -0.08226127886185955,
        -0.11381661253303887,
        0.05240811822914372,
        0.05947701360798648,
        -0.10583896197413233,
        0.025617740387297902,
        0.04060446593182713,
        0.012627538835986957,
        0.010421942955220595,
        -0.014034052190821605,
        0.03948699927815063,
        0.1045653686584946,
        -0.20293356853486988,
        0.04343796590538867,
        -0.07225044744585761,
        0.08363769627943872,
        -0.04525419189899798,
        0.01195560152988686,
        -0.033308553656491345,
        -0.007866319781312194,
        -0.05531969440695943,
        0.13323411118979098,
        -0.05419758534816121,
        0.002270406571252738,
        -0.015231442635607181,
        0.17138098135977214,
        -0.11384781720896099,
        0.0780767901716824
    ]
}