{
    "dataset": 885,
    "last_cost_avg": 0.08778531181767335,
    "alpha": [
        0.06381775103553913,
        0.0007073570304327614,
        0.0378329604986258,
        0.013217404688324986,
        0.012329657702324442,
        0.03348504720626487,
        0.020543792324417227,
        0.06673111091766751,
        0.014594835763937488,
        0.035104491155912326,
        0.07586053062217755,
        0.040177646137598146,
        0.003938126228056684,
        0.022876758350874646,
        0.003545503618115146,
        0.03545592600096264,
        0.013495018007489994,
        0.03177247625980621,
        0.08686982880374507,
        0.03455267162734634,
        0.09688251806268629,
        0.011127729032437137,
        0.05297009249002683,
        0.005992115703426039,
        0.01995654102074192,
        0.001150845053925276,
        0.010688907873814796,
        0.037430096994507014,
        0.026645607651206736,
        0.04546453630633288,
        0.020470917788584134,
        0.024311198042692096
    ]
}