{
    "dataset": 19,
    "last_cost_avg": 0.09040649019436955,
    "statevector_real": [
        0.1400953910332447,
        -0.10643502200616599,
        -0.05153717674754764,
        -0.029834682835227777,
        0.055599953717384965,
        -0.08924356659222135,
        0.11819190226487629,
        0.14904740669457953,
        0.16115905570426112,
        -0.14185856063933983,
        0.11759314565307777,
        0.0761078160894456,
        -0.002692391080388767,
        -0.15882573429390473,
        0.01142011576938008,
        -0.06813098695445281,
        -0.052115996370124214,
        0.015306514835130364,
        -0.06814442498148118,
        0.04391305020762225,
        0.13019463076781518,
        -0.1344112225395507,
        -0.11892569000269672,
        0.12145781512588018,
        0.011199274091518727,
        -0.16971930510420152,
        0.011242587400625816,
        -0.031819234274606166,
        -0.08403174535938891,
        0.06627718484841295,
        0.16785116169312303,
        0.09095542718714879,
        -0.05896592699583871,
        0.061123126926393774,
        0.03264133755854038,
        -0.09526812109313047,
        -0.026630632330355213,
        -0.10403249580281207,
        0.0934860178005963,
        0.10442279712649416,
        0.12930320571363355,
        -0.1135583406700077,
        -0.11753275345515653,
        0.04485324833897737,
        0.01312494046047588,
        0.1642567387321669,
        -0.14522637548325668,
        -0.035442579677922845,
        -0.04266968871482584,
        0.08523406745333459,
        -0.0015157999270852777,
        0.006344538955717073,
        0.10353594749859482,
        0.06295671946135915,
        -0.07256367413645715,
        0.02887987534324932,
        0.042263905449726406,
        0.019002811491065627,
        -0.03334020681445509,
        -0.07512813156684135,
        0.012129699121896915,
        0.006667160547178028,
        0.06905302011655257,
        0.02271414705140132
    ],
    "statevector_imag": [
        0.0368460998163134,
        -0.00215974442051051,
        -0.02068218131511691,
        -0.04991167613830932,
        -0.1446028317955473,
        0.07909842235900434,
        0.0651759187254497,
        0.0006415585246810615,
        0.08376116941739462,
        -0.08491456620449053,
        -0.10499247143847948,
        0.08669150848979174,
        -0.11448941335909432,
        -0.00010247466247438023,
        0.013244392677982155,
        0.0114337793712796,
        -0.04686547512748312,
        0.04446092102193147,
        0.15139386135434965,
        0.1324822279714464,
        -0.1546931575572337,
        -0.0009058020257608059,
        0.10347459932462111,
        -0.1518119232684056,
        -0.06207472876035251,
        0.06720803605114166,
        0.016382636849988017,
        -0.08456584920835503,
        0.07836619396483967,
        0.029225556603712215,
        -0.00019753572617241393,
        -0.14369886731349746,
        -0.05090632124071691,
        -0.2037368210002422,
        -0.06769127174483715,
        0.08787855617167256,
        -0.006515100753655465,
        0.14827427145145597,
        0.0385484070305409,
        -0.1314302910019944,
        0.02932082246648217,
        0.1243357690958385,
        0.1081479651732488,
        0.0663244695775937,
        0.09705180622286236,
        0.013197170369029041,
        -0.10245623060962357,
        0.0049441365975437706,
        0.03955735636809082,
        -0.062042496031534555,
        0.1366706823219826,
        -0.06272817202106916,
        -0.03958653713381889,
        -0.058277676381569936,
        0.16100158673453283,
        0.010306787994739434,
        -0.041318050433091925,
        -0.011517278780861053,
        -0.1667692233327506,
        0.02194492775316863,
        0.08292725061236982,
        0.0046270886920519476,
        0.016364784534352732,
        0.0984516625771563
    ]
}