{
    "dataset": 924,
    "last_cost_avg": 0.08826682690183428,
    "alpha": [
        0.0646581985817189,
        0.0007346995469316235,
        0.028018139391963612,
        0.026076354848804224,
        0.016749183314395302,
        0.03226959022428907,
        0.0005211578234066421,
        0.06264496201046317,
        0.04274202329386972,
        0.029848553873740927,
        0.07927074598781865,
        0.011416430751103025,
        0.020124589314235303,
        0.04667253549155627,
        0.016088077709693387,
        0.01124313221235557,
        0.01775590772883128,
        0.016257019874859058,
        0.05410631580694218,
        0.04739329479266442,
        0.08583480857531006,
        0.027686074509979217,
        0.0590830116303015,
        0.00585535698466974,
        0.029570370234735986,
        0.0058565736908212955,
        0.017383335703589353,
        0.036267649097828106,
        0.008906663869261974,
        0.04705604769861245,
        0.008844749067388582,
        0.0430644463578598
    ]
}