{"f": [0.09429931640625, 0.0062255859375, 0.11590576171875, 0.055419921875, 0.06829833984375, 0.07958984375, 0.10015869140625, 0.010498046875, 0.11126708984375, -0.0137939453125, 0.0262451171875, 0.0928955078125, 0.09844970703125, 0.06427001953125, 0.1107177734375, 0.05401611328125, 0.08026123046875, 0.10400390625, 0.062744140625, 0.101806640625, 0.075439453125, -0.00970458984375, 0.04791259765625, 0.1192626953125, 0.01312255859375, 0.1209716796875, 0.124755859375, 0.03448486328125, 0.0694580078125, 0.05181884765625, 0.06719970703125, 0.0557861328125, 0.06805419921875, 0.05389404296875, 0.08660888671875, 0.0836181640625, 0.10296630859375, 0.06414794921875, 0.0230712890625, 0.03851318359375, 0.07366943359375, 0.08660888671875, 0.06707763671875, 0.01043701171875, 0.02313232421875, 0.0894775390625, 0.07037353515625, 0.1241455078125, 0.0687255859375, 0.05780029296875, 0.09075927734375, 0.0244140625, 0.12548828125, 0.07574462890625, 0.02093505859375, 0.07427978515625, 0.032958984375, 0.0301513671875, -0.01123046875, 0.05450439453125, 0.0164794921875, 0.0565185546875, 0.07476806640625, 0.10699462890625], "accuracy": 0.359375}