{
    "dataset": 3110,
    "last_cost_avg": 0.06595542616298553,
    "statevector_real": [
        0.007763424011757823,
        -0.004629742289971373,
        0.10647726397008547,
        0.25072886598229865,
        0.01934150251323056,
        0.1003632126312945,
        0.16701390130306806,
        0.12086452751525302,
        0.008517601486018656,
        0.006655971600626971,
        -0.267078047655793,
        0.12194085904213223,
        0.24488836322625207,
        -0.011942385633978448,
        0.08800459029540827,
        0.2567779652220689,
        -0.09769262992985728,
        -0.07994493254983531,
        -0.046998582642886075,
        0.01407375883570488,
        -0.1052836536392714,
        -0.11988779262347918,
        -0.11437922672670427,
        0.15042111200842673,
        -0.1111888426694252,
        0.12380121007031612,
        0.012101790238957818,
        0.0010018773217787653,
        0.021496801007058974,
        -0.13838895322036468,
        0.0069812929092901805,
        0.19052539369059404
    ],
    "statevector_imag": [
        -0.20612691614244935,
        -0.11675448416308781,
        -0.034113954648283276,
        -0.08454868586894117,
        0.0005532918001199521,
        0.06592762769321926,
        0.04320753914430775,
        0.018625315935827374,
        -0.12642419467064933,
        0.13297495216297,
        0.04519617577494916,
        0.011117173396332444,
        0.02733853165777858,
        -0.18466985695336838,
        0.1338619760612806,
        -0.05558441608324102,
        -0.16271946185762068,
        -0.2557956450752184,
        0.29258307521501664,
        -0.014796900926366619,
        0.013505008824046972,
        0.021071423848133514,
        -0.03697575592414732,
        -0.16233313753756928,
        -0.09007019312952856,
        -0.2575249471061866,
        0.007410027833913213,
        -0.16266012141170835,
        -0.002051891481162013,
        0.12915100717296998,
        0.01630716674772761,
        -0.051886071535217564
    ]
}