{
    "dataset": 2597,
    "last_cost_avg": 0.06231516957164568,
    "statevector_real": [
        -0.1909532091127662,
        0.014606609808600818,
        0.21169449567883347,
        0.10901257753899676,
        -0.1627264203963704,
        0.07261614735054822,
        0.03497718601155314,
        0.07763167044179771,
        -0.03247731545579112,
        0.006057295747423989,
        -0.036180734049173005,
        0.010930196052143609,
        0.09522240462846498,
        0.25147722021519353,
        0.0738917218507712,
        0.047822130464844466,
        0.10717792369123598,
        0.00824195273160889,
        0.11384100744704667,
        0.010637176612162985,
        0.14105394707904392,
        -0.06117357339593632,
        -0.08626292410125042,
        0.09522354093088262,
        0.17077647581273647,
        -0.11349783001003576,
        -0.019601919518770154,
        0.016647523583505665,
        0.07146870861772463,
        0.030752538530511585,
        -0.1965767841388577,
        -0.06246348904516558
    ],
    "statevector_imag": [
        0.08689069880662378,
        0.17812691786980506,
        0.06164347550567056,
        -0.11716609530086555,
        -0.23161714624506238,
        -0.0658103440538574,
        0.23684131053303173,
        -0.03902868410657023,
        0.0045196904016751764,
        0.26092476633613654,
        0.21479159754723923,
        0.019294245497644625,
        -0.03175303477148631,
        -0.14676421393601677,
        0.1445055207241277,
        -0.22376156008850645,
        0.044724212116563924,
        0.008097689034315642,
        -0.006104960263565711,
        0.009446618031605316,
        0.016184567108494967,
        0.19794083840948307,
        0.11654942841737571,
        -0.009930799785530638,
        0.02070895013669429,
        0.18599633899140788,
        0.19659564345510988,
        0.05576325281023496,
        -0.23846151026954296,
        -0.16685182941572987,
        0.12145748725264369,
        0.13000235905917462
    ]
}