{
    "dataset": 0,
    "circuit_id": 6,
    "layer": 7,
    "num_params": 490,
    "expr": 0.0006754634843873255,
    "entcap": 0.976553139211569,
    "num_iter": 1024,
    "last_cost_avg": 0.030218080128658245
}