{
    "dataset": 843,
    "last_cost_avg": 0.07825863043493646,
    "statevector_real": [
        -0.1140276676936847,
        -0.0773237719967143,
        -0.02442554003838306,
        -0.10287484467040395,
        -0.17841251108629325,
        -0.03449254166485946,
        -0.0016248922055738118,
        0.061338824924347425,
        -0.005212947850528835,
        0.1339372008187974,
        0.01005632486358381,
        0.08641089673233579,
        -0.11499301080851586,
        -0.1366166582491609,
        0.1380718188090547,
        0.13114378869783272,
        -0.17034243322067436,
        0.22636343477240392,
        -0.02235158302211375,
        -0.2931204446976643,
        0.13461034335645883,
        0.2546821216113617,
        0.09281700771462004,
        -0.22835692038312552,
        -0.0030076066357573347,
        0.009543927148556574,
        0.14963826191748408,
        -0.20182524514821115,
        0.22404031157761836,
        -0.0037303135520593547,
        0.012739810925755117,
        0.04653679122170571
    ],
    "statevector_imag": [
        -0.024672046140477376,
        0.19029389744883843,
        -0.13733794822393355,
        -0.16887156113377538,
        0.0077282612525616376,
        0.13854028082752257,
        0.014603882647314008,
        -0.12705150039587113,
        -0.005354879288224843,
        -0.1553582032949279,
        0.0038188681445088706,
        -0.1639925242422728,
        -0.17487818989010534,
        -0.017873340605351704,
        -0.10281284743019181,
        -0.14253920366424916,
        0.06192052591471793,
        0.037144772581284534,
        0.05878145649447685,
        -0.03392153334585055,
        0.15313385223101136,
        -0.003032831434636815,
        -0.23348594689605287,
        0.12223606350849897,
        -0.004291614201621605,
        -0.00038725135944519905,
        -0.0865583556424355,
        0.09866952856827216,
        0.09746690949581084,
        0.006276853316978968,
        0.0034169263956929864,
        0.22579152550259068
    ]
}