{
    "dataset": 576,
    "last_cost_avg": 0.09946855048841796,
    "statevector_real": [
        -0.119410085728403,
        0.04891923748138409,
        -0.09428243184928695,
        -0.17348735755142658,
        0.02422026047744976,
        -0.077775552332828,
        -0.013816474298835759,
        -0.0006833038890933269,
        -0.024487170728110498,
        -0.11144221227415045,
        -0.08665822707899613,
        0.16673954206070987,
        0.0622621091002373,
        -0.004052437623001758,
        0.018258647536454953,
        0.037295034768014344,
        -0.08675249186652903,
        -0.08005745067755832,
        0.17365477792393344,
        -0.14231736227539316,
        0.13403906937047821,
        -0.049434646474696795,
        -0.23308391823759042,
        -0.07730309287087804,
        0.16842475670011955,
        0.12290339811570603,
        0.22766302533935778,
        0.08702478511842271,
        0.10590293655276636,
        0.03347878887138556,
        -0.007433692141354324,
        0.010290843504286674
    ],
    "statevector_imag": [
        -0.03955612322772918,
        0.2241216340059997,
        0.2218865953229308,
        0.07970258163380357,
        0.04324478648722792,
        0.23342925068352566,
        0.21679516152663697,
        0.1034855532008024,
        0.22162254513192708,
        0.13595040951611298,
        -0.20517755984809075,
        0.043908862740918125,
        0.1873926929679333,
        0.009122408017697082,
        0.03523018629734273,
        0.172984174088215,
        0.13767235207475625,
        0.029912317149468216,
        0.07089155130684845,
        0.12202318962286238,
        -0.07023002124052279,
        0.18769550741839836,
        -0.1305467418156412,
        -0.1572011016301158,
        0.022950320136365745,
        0.033529237808708964,
        0.008789286173814786,
        0.13834870775855526,
        -0.085846550755046,
        -0.2414023657367028,
        -0.031409489795364585,
        -0.12055820147541528
    ]
}