{
    "dataset": 0,
    "circuit_id": 4,
    "layer": 1,
    "num_params": 14,
    "expr": 0.21243412016457242,
    "entcap": 0.3404080802382945,
    "num_iter": 1024,
    "last_cost_avg": 0.1653242456246101,
    "accuracy": 0.90625
}