{
    "dataset": 2062,
    "last_cost_avg": 0.09332264130212625,
    "statevector_real": [
        0.007463727704346507,
        -0.053387983960345956,
        0.09783895384540302,
        -0.10191963711362989,
        0.01943931505660333,
        0.11978884048861163,
        -0.030339733297892153,
        0.13498549663382656,
        -0.15993154459157324,
        -0.143816171680509,
        0.10491084587016394,
        0.11592528467088231,
        -0.0901076882966022,
        0.009994151648296855,
        -0.04540934227086133,
        0.19343102143085464,
        -0.06555709696112963,
        0.008686645021073518,
        0.09774739050780432,
        -0.012418519883506033,
        0.001738688008175906,
        0.05001615830186208,
        0.034619017127892615,
        0.04820292845589022,
        -0.13869957829969085,
        -0.006722689646955051,
        -0.07941482670173512,
        -0.004132824688723444,
        0.005173938105433932,
        0.04497238024233339,
        -0.02071133245983123,
        -0.009836192944805823,
        0.03826699104976129,
        -0.1504160863774734,
        0.004333571025707394,
        -0.012843568366138258,
        0.05676662162451108,
        -0.029873120644962867,
        -0.04027566361268971,
        -0.13784960802526972,
        0.08839773427686116,
        0.0033018546418724067,
        -0.06320849888572044,
        0.09383402853458951,
        -0.015476772433809684,
        -0.0010437834996152246,
        0.01689328937152514,
        0.06226647142561962,
        -0.11226067160899908,
        0.001295044806997156,
        0.1691796531420077,
        0.031766846637020535,
        -0.03504060636945042,
        -0.04569306300969558,
        -0.05179095245043846,
        0.0008624826787973244,
        0.08884694680697404,
        0.00797980512289603,
        0.08247188586341307,
        -0.11608458196706019,
        0.14319429913771206,
        0.01727181669706596,
        0.0646684238954205,
        0.05393158537419563
    ],
    "statevector_imag": [
        0.06738669395253945,
        -0.09981443966031543,
        -0.010395526779559952,
        -0.17070807852939004,
        -0.020299388623370943,
        -0.0016789522621114843,
        -0.07335781379787706,
        -0.15253082562488182,
        0.03965258389712304,
        0.16401537243664827,
        -0.10030226230326418,
        0.0775491371748708,
        -0.021584410240761714,
        0.006555296502498241,
        -0.0486105652254377,
        -0.021658261646252955,
        0.11172866163426079,
        -0.07968564065979851,
        -0.13218047339872477,
        0.006444615595290678,
        0.012856814195384581,
        0.017145615271969412,
        0.11915674232826182,
        0.06624659375984972,
        -0.10121994794045457,
        0.18249342179615674,
        0.09401756792280133,
        0.011674928630298807,
        -0.00926565485764641,
        0.16454199324192034,
        0.0748428091084208,
        -0.0055516677970753065,
        0.05752881273128891,
        -0.10094576310862438,
        -0.013471145588474434,
        -0.029876396716401403,
        -0.025319063086980585,
        0.11687221212373114,
        0.062364124707817443,
        0.07367850542256862,
        0.16301171453365873,
        0.004519189716551512,
        -0.07225698641104678,
        0.13559216669142152,
        -0.002725215582484446,
        0.043888933496747926,
        -0.1475988853340074,
        -0.10163196009004574,
        0.014840192152700946,
        0.018165792143918277,
        0.07451373701117844,
        -0.15306467544557803,
        -0.11731807653044202,
        0.20271608118714612,
        0.1617970238239177,
        -0.05288856810403782,
        0.00839843446238805,
        0.1566068156312027,
        -0.024790226260701948,
        -0.09909528472558515,
        0.11972120412104376,
        -0.19206217460219036,
        0.09360059493690695,
        -0.07706685913949587
    ]
}