{
    "dataset": 163,
    "last_cost_avg": 0.046423327534336874,
    "statevector_real": [
        0.2008315292724974,
        0.008640575763099899,
        -0.08797143337138105,
        -0.1499712388918963,
        -0.09201181931601358,
        0.23186911431525026,
        -0.06005154267181599,
        0.01929627629584938,
        0.023476866034141824,
        0.05638548437537993,
        -0.07322182880540216,
        -0.003684916189393493,
        -0.1120645144273194,
        0.2784647799600873,
        0.023634228778902474,
        0.16835206105272416,
        0.026330721978828575,
        -0.010051535552902642,
        -0.18848423947698378,
        -0.16472643665083914,
        0.14175008087260188,
        0.10893320212989073,
        0.07352652651630602,
        -0.005594662043032672,
        -0.0006199690486381384,
        0.06559923301764768,
        -0.03816472601519345,
        0.05699551616170718,
        -0.09252040100490383,
        -0.15741771944089672,
        0.0037843851328903315,
        -0.0007740333319614443
    ],
    "statevector_imag": [
        -0.29545095267881194,
        0.021825004693283148,
        -0.17798264154797572,
        -0.07480922359700695,
        0.3575305400076641,
        0.0030575387580943905,
        0.20216703808528103,
        -0.3076865082044818,
        0.13086552250330297,
        -0.22787981600103951,
        -0.06555963528773535,
        -0.010837869794713581,
        -0.03212484862078964,
        -0.1297628133124549,
        0.012058594123663443,
        -0.08629067444519932,
        0.12212953934695549,
        -0.028038945697589624,
        -0.029915265976673558,
        -0.0865013519630727,
        -0.01765515306721135,
        -0.1925996860986836,
        0.014999557331867372,
        -0.007934953358787222,
        -0.018986867529820733,
        0.1205119280971803,
        -0.11474248010724394,
        0.11353831445911165,
        0.028000173359561193,
        0.02825699010437597,
        -0.007496459151231367,
        0.011088997164446262
    ]
}