{
    "dataset": 2629,
    "last_cost_avg": 0.08350503312220908,
    "statevector_real": [
        -0.15619137052562526,
        -0.05344106078135647,
        -0.00994346062201918,
        -0.02731037351979582,
        0.05510391749768582,
        -0.0241901395912468,
        0.10607859723181622,
        -0.16953787203748522,
        0.28882992722457396,
        -0.013154458196119432,
        0.06095751996150793,
        -0.05401577992906485,
        -0.1902403191361363,
        -0.03281639841018105,
        -0.11307391899324483,
        0.03426213741417388,
        0.03174382589186198,
        0.019767254983792712,
        -0.058017083662037255,
        0.16125035525022935,
        -0.16371922869380795,
        -0.2578010095216877,
        -0.1015873324614375,
        0.0019412524416305595,
        0.030366329080058097,
        0.012307176661274618,
        -0.1499449906550372,
        0.1458251997014408,
        0.15906979599518883,
        -0.048756154848517405,
        0.011264332190737782,
        0.03057179713940344
    ],
    "statevector_imag": [
        -0.016853070308752483,
        0.12918567940823505,
        0.21829497689299499,
        -0.024247299785962847,
        -0.08620204948201252,
        -0.10934463904390473,
        0.11544814875121642,
        0.07573481497075935,
        0.13144413892952272,
        -0.22790737238242326,
        0.07916369215727394,
        0.1023495137618753,
        -0.014206667867529369,
        0.0006001790450844806,
        0.16029742929866037,
        0.1759099449217636,
        -0.1752123098473122,
        -0.008719739667309505,
        0.2572474111774751,
        -0.19249550413083796,
        0.1671006690710992,
        -0.07220657236382029,
        0.14845893713197314,
        0.0002809031157902118,
        -0.005878465978057595,
        0.1144454213412838,
        -0.05988463048062296,
        -0.05575800210472843,
        -0.012532374086759801,
        -0.16677467831798573,
        0.033784382065194137,
        0.30711471321668893
    ]
}