{
    "dataset": 927,
    "last_cost_avg": 0.07920726248232283,
    "statevector_real": [
        0.034238478486801636,
        0.10284297981011495,
        0.20263592369665342,
        0.22043185382756295,
        -0.14967425488654748,
        0.060192642558792336,
        -0.004863452787418954,
        -0.1753598280473757,
        0.14654014959797138,
        -0.18940048775471294,
        0.06131976113063006,
        0.003583525745014162,
        -0.06152763180080183,
        -0.18101090294723504,
        -0.13247896697695846,
        -0.12347971194653706,
        -0.1446887019037738,
        -0.1302434594424438,
        0.17765766229174706,
        0.0477946756166367,
        0.11907550915853106,
        -0.020524236918969443,
        -0.05635405113480107,
        -0.10080392861197082,
        -0.027036515902462376,
        0.10229405278529716,
        0.006820985964692124,
        0.013152156431258503,
        -0.1261199484887866,
        0.08545820329668016,
        0.07882058430582758,
        -0.00938571212096283
    ],
    "statevector_imag": [
        0.22845644969354545,
        0.21443258623627715,
        0.039896076949789645,
        0.12940649431961465,
        0.10378203296135431,
        -0.10957922731112921,
        0.010532078661694632,
        0.10444544838873986,
        -0.1696151189890562,
        0.025112129550036118,
        -0.05394437945052216,
        -0.04070441068618173,
        0.004658338019895687,
        0.22795716000075264,
        0.13240382080317792,
        -0.0373925949968973,
        -0.0727448076061648,
        0.15324400185170362,
        -0.07902425640157046,
        -0.038242090063654,
        -0.014781195791622083,
        -0.12341348234568528,
        -0.1113327471540861,
        -0.1508278628876856,
        0.29683848474446867,
        0.10193176597419959,
        -0.2644196516454725,
        0.10616394079842226,
        -0.1838227558114611,
        0.12153468374222214,
        0.013987068950482823,
        -0.002814575705284364
    ]
}