{
    "dataset": 753,
    "last_cost_avg": 0.08411768256508637,
    "statevector_real": [
        0.2061400670972625,
        0.1755629335080947,
        -0.17224763471635446,
        -0.11948089072893238,
        -0.011488423150591757,
        0.20915699872358595,
        -0.10570262037549762,
        -0.12008500628209032,
        0.14934189797416944,
        0.09746391213892873,
        -0.10935939655787086,
        0.1701029979250778,
        0.058112382966730845,
        -0.19977228660716512,
        0.20130692450859203,
        0.13927092546216097,
        -0.21320886271222678,
        0.02126318038748158,
        -0.24152046617058054,
        -0.004820055401131492,
        -0.26328477053841187,
        0.003209088734148302,
        0.014335770411948785,
        -0.1336095512671197,
        -0.09912102778018486,
        0.029502177025819122,
        0.13190870024933846,
        -0.013437861571693856,
        -0.07681109962533922,
        0.19021760751804728,
        0.00011675815873708546,
        0.14455266029286543
    ],
    "statevector_imag": [
        -0.0010977004501792446,
        0.040147326920666374,
        0.08272500068224191,
        0.017626509035662232,
        0.1152295349961477,
        0.09974744519654112,
        -0.014230175604174668,
        -0.07793214889151082,
        -0.0801508769664437,
        0.16738643510377701,
        0.10486970823795821,
        0.13741215163641612,
        0.1143427750004442,
        0.14755933331767754,
        -0.06981912182803143,
        -0.09385263077154517,
        0.06989177389444938,
        0.09089230741753483,
        0.14054955985167972,
        0.12327319633590963,
        0.05827800771968632,
        -0.15998702802931478,
        0.07157964271933272,
        -0.17967522143724568,
        -0.11897125180688713,
        -0.09314115378990671,
        -0.14553633447765835,
        -0.12728818820228222,
        0.09158649246432726,
        0.14114460351113178,
        -0.015525040468296246,
        -0.008646568174250384
    ]
}