{
    "dataset": 0,
    "circuit_id": 6,
    "layer": 5,
    "num_params": 200,
    "expr": 0.006721503508064788,
    "entcap": 0.9088612242420907,
    "num_iter": 86,
    "last_cost_avg": 0.10537338256835938,
    "accuracy": 0.90625
}