{
    "dataset": 0,
    "circuit_id": 11,
    "layer": 2,
    "num_params": 40,
    "expr": 0.044479183819796826,
    "entcap": 0.7976895169582525,
    "num_iter": 83,
    "last_cost_avg": 0.010875701904296875
}