{
    "dataset": 299,
    "last_cost_avg": 0.10782009784948429,
    "alpha": [
        0.06747346932470272,
        0.011652091451210107,
        0.04644304748457708,
        0.042901702927494643,
        0.03180068221113222,
        0.0503351658945783,
        0.04008665954736667,
        0.01897521932798911,
        0.04363054812481956,
        0.0008112165582661858,
        0.04928541748320231,
        0.016059652341474693,
        0.012326615307444668,
        0.042152447956340496,
        0.0566332260742499,
        0.021510810992772366,
        0.022158382395700334,
        0.03114181781652919,
        0.06265919467754717,
        0.031553438158294964,
        0.04837128499246507,
        0.018171976328778542,
        0.01867561631674284,
        0.007630561766046963,
        0.018795628465298395,
        0.020883441544458148,
        0.004325187256134176,
        0.011239943607977422,
        0.03686535440282661,
        0.03724956306029034,
        0.055611853488209226,
        0.022588782715079806
    ]
}