{
    "dataset": 387,
    "last_cost_avg": 0.1244091745907252,
    "statevector_real": [
        0.0012497611129374101,
        -0.18109333098986863,
        0.0512930417958258,
        0.02760512537349207,
        -0.09153426529654658,
        -0.13947245057234417,
        -0.04621330516293975,
        0.1127317287651904,
        -0.23575365122526537,
        -0.055519219017074094,
        0.11938457153442884,
        -0.09777867054667747,
        0.21713047091532897,
        0.15870848546062138,
        -0.15443773003379882,
        0.021908495840840057,
        0.004783868303462309,
        0.15010308431598918,
        0.0045969250603066095,
        0.20985537809244073,
        -0.19825557689004156,
        -0.06789625123941866,
        0.039802713365130464,
        -0.21253640944825472,
        0.10404325426781716,
        0.10710666668714625,
        0.12850431955099256,
        0.0035667269072007456,
        0.03631520344644336,
        0.0706267743729488,
        0.10279082971587375,
        0.030028568654316336
    ],
    "statevector_imag": [
        -0.07356067832305134,
        -0.00029409696407290136,
        -0.00914270046048003,
        -0.19855666980225428,
        -0.11501539486109404,
        -0.08158784724265557,
        -0.2100509221634122,
        -0.20350171372411666,
        0.07978200137763028,
        0.175000606835763,
        0.14732928451495647,
        -0.19630837986642588,
        -0.07259866039720005,
        0.1609895428891574,
        -0.002602730972704107,
        0.20952974193064672,
        -0.0040171020786746725,
        0.020818325631968716,
        0.00298710401418899,
        -0.04161776656319234,
        0.1338587483560195,
        0.00015405557692029916,
        0.05914327334388913,
        0.00969339113612277,
        0.11624318030248079,
        0.17748386999198035,
        0.11459162609796801,
        0.21843935526531394,
        0.16041982020587303,
        -0.07098135498421393,
        0.1390525304796856,
        -0.16053944739255624
    ]
}