{
    "dataset": 1441,
    "last_cost_avg": 0.12337356924905493,
    "statevector_real": [
        -0.18278244718506564,
        0.10584783897677255,
        -0.20447941251897542,
        -0.05209550380524432,
        0.08910837090499685,
        0.0756097453759072,
        0.08333809877689154,
        -0.17520115852169318,
        0.1576110493359726,
        0.13151889085981866,
        0.10658796454632677,
        -0.04927981787601733,
        0.20925649170448482,
        0.07357845179998788,
        0.09972545776294411,
        0.05357703761649736,
        -0.16545517460781914,
        0.09188993442594329,
        -0.01828029084961769,
        -0.2261500039403113,
        0.11393455909344433,
        -0.009388799868407356,
        0.09462900590965001,
        0.013612989380760809,
        0.19085384283650308,
        -0.21918335561597094,
        0.19928355790603108,
        0.06423692816018772,
        0.081324395503958,
        0.13472887411806836,
        -0.14967786791163992,
        0.015237143244971083
    ],
    "statevector_imag": [
        0.1577734086664379,
        -0.0801491594501913,
        0.06626614687990443,
        0.06179305472124474,
        -0.0387751381724028,
        -0.13675067026138182,
        0.011436172535332832,
        0.15220551657740228,
        -0.08746039506540006,
        -0.054477946078308206,
        -0.1376883469363459,
        0.10339200355253543,
        -0.08993889320260826,
        0.20025026108551686,
        -0.15941445170944082,
        0.14001889257589778,
        0.04285228541298942,
        -0.020565390772019018,
        -0.004142594236972658,
        0.11181545087907027,
        0.0962987351114952,
        0.14588552007152025,
        0.05048157798744993,
        -0.18273823496513028,
        0.10157181738255343,
        0.035686733993579335,
        0.07576034467460775,
        -0.1449298990993073,
        -0.191612852922588,
        -0.2232357390639716,
        0.0146351460369821,
        -0.18310582348224308
    ]
}