{
    "dataset": 0,
    "circuit_id": 15,
    "layer": 4,
    "num_params": 24,
    "expr": 0.06942918136136733,
    "entcap": 0.8960277940009427,
    "num_iter": 45,
    "last_cost_avg": 0.12076568603515625
}