{
    "dataset": 2934,
    "last_cost_avg": 0.09949687233437823,
    "statevector_real": [
        -0.0011782367280706886,
        -0.11051805045438991,
        -0.015800341709426922,
        -0.1135665117647934,
        0.032739268454513866,
        -0.004389130056153159,
        -0.15060292555065652,
        0.011184408710536393,
        -0.003063284726285768,
        -0.0721935790129286,
        -0.051227101300750255,
        -0.015717989339420507,
        -0.19435115533618558,
        0.13525145473559197,
        -0.04959737889127482,
        -0.12339674077000581,
        0.08991850976719386,
        -0.16004710401049563,
        0.15261127964909355,
        -0.07541438770338357,
        0.10918271437032044,
        -0.1287845754422403,
        0.11258623473997441,
        -0.11091780427670755,
        -0.0014102187737637364,
        0.08792321624470417,
        -0.007814392818569034,
        0.017548180733086803,
        -0.056093491905598244,
        0.1399385530093774,
        -0.189444168210529,
        0.26417391841117055
    ],
    "statevector_imag": [
        -0.2150977302250085,
        -0.07359362790322642,
        0.06197430673657622,
        -0.07443505441852837,
        -0.12957177713415352,
        0.028296140459041497,
        -0.012323336968003706,
        0.00706637809251587,
        -0.0009743899933652073,
        0.07892537340249887,
        0.005197986773818433,
        0.01945272622235585,
        0.13726755226550638,
        -0.2980977088969078,
        0.3028467768365259,
        -0.07837644206068514,
        -0.16560729416437103,
        0.09399632374268621,
        0.1221993104571079,
        0.24825053565207655,
        0.048155761319161564,
        0.020555885087681438,
        0.16105349250651066,
        0.1547410012702419,
        0.010299636026936511,
        0.031087112834448784,
        -0.0007886007771062889,
        0.1587077686318486,
        0.13488436463996922,
        -0.2875336204844061,
        0.08589902125712995,
        0.158789281489224
    ]
}