{
    "dataset": 874,
    "last_cost_avg": 0.0898297747559604,
    "alpha": [
        0.06650936849019774,
        0.00019226002638926358,
        0.04348888099738135,
        0.011189047208862069,
        0.017808245869071034,
        0.0353821281557679,
        0.02966612599013256,
        0.06579415417461748,
        0.03942792001918,
        0.01660462783456656,
        0.0751201201291952,
        0.04046454430030742,
        0.005048916790320054,
        0.0310226983017697,
        0.00605169374563572,
        0.03230921486888241,
        0.013184225347380747,
        0.013251320969630614,
        0.05851047502425966,
        0.03554356098886559,
        0.08769484626646568,
        0.0012683478855795769,
        0.05529488143583742,
        0.0009181937372932598,
        0.016340585384450348,
        0.010955627445230627,
        0.007022530283099523,
        0.036107523200087345,
        0.03768675803220022,
        0.04465593396484313,
        0.029775132555332356,
        0.03571011057716755
    ]
}