{
    "dataset": 1554,
    "last_cost_avg": 0.09606529620423122,
    "statevector_real": [
        0.11527293671443323,
        0.13548913740422938,
        0.02080032425567978,
        -0.09460227779466707,
        -0.1557131112126171,
        -0.15359878206135283,
        -0.1299850427764034,
        0.14000971188362277,
        -0.2294809259641393,
        -0.05986285225778428,
        -0.11017821497036401,
        0.16800287041808262,
        -0.16032996074620504,
        -0.0769962672113683,
        0.14996343075490168,
        -0.02548393932549396,
        -0.039358643990409774,
        -0.07732161904227958,
        -0.18290803658735982,
        -0.1411215328867029,
        0.09537710004947939,
        -0.11634548186713016,
        0.08281764394168063,
        -0.0631864142252227,
        -0.12164589886702094,
        -0.06194442843342285,
        0.10725508634266856,
        0.1806553693620576,
        -0.017817266566999425,
        -0.07944244382916284,
        0.15756212025324395,
        -0.0304335548027013
    ],
    "statevector_imag": [
        -0.17940987314852233,
        -0.04967234809374033,
        -0.003252685959125137,
        -0.04055297909003849,
        0.11167257282214316,
        -0.22964659138564197,
        -0.14156697010605526,
        0.10910224554914906,
        -0.04453588446507436,
        0.13651807054520854,
        0.08618444317407853,
        -0.208064106626004,
        -0.0371396813652279,
        -0.15858467697407486,
        0.006374479235319654,
        0.20301446301618806,
        0.08224502008745203,
        -0.20070081038536233,
        -0.1120904274035987,
        -0.05951095530353452,
        -0.09952209504751473,
        0.09377411249205475,
        0.13925452544772507,
        0.17738438244352545,
        0.1611547022583676,
        -0.09130025730433823,
        -0.19181334711263737,
        0.011255246918501145,
        0.06627748667190972,
        -0.1089789740927295,
        0.10585327163484008,
        -0.17240241692806693
    ]
}