{
    "dataset": 1584,
    "last_cost_avg": 0.10715211632111575,
    "statevector_real": [
        -0.147706943248795,
        -0.11086152868203596,
        -0.20953918127969312,
        -0.148793382183722,
        0.009126131285034174,
        -0.09400536871745262,
        -0.17485382699845367,
        -0.05493463485807758,
        -0.06853003604398929,
        0.11983134949336408,
        -0.22437687942606355,
        -0.13271875780523976,
        0.07475616115032835,
        0.09763837533330322,
        0.09183303043866453,
        -0.1318195330064076,
        -0.1331027797243397,
        0.05886306421502226,
        -0.048020277760143205,
        -0.09752139722225113,
        -0.04261692098698555,
        0.206060752605372,
        0.11321232756437877,
        0.18582084466086396,
        0.12109780460584202,
        0.227076585328866,
        -0.09275008877457916,
        0.22967882299108353,
        -0.10926977699777211,
        -0.02197734702927685,
        -0.014928250263915078,
        0.17759133046715528
    ],
    "statevector_imag": [
        -0.025204661905300112,
        -0.025228273659499076,
        -0.0304352226368105,
        -0.17886009487808532,
        -0.003268129602378865,
        -0.17079214536499776,
        0.08389307470704926,
        -0.08348842450306271,
        -0.004985808035924188,
        -0.22690123204783605,
        -0.023847890356388148,
        -0.016089832418426434,
        -0.19449260870113702,
        0.10274504233910109,
        -0.10775847209991209,
        0.08957964626013336,
        -0.024411656371892475,
        0.18336118509382363,
        0.19579251991269925,
        -0.0029470379452247457,
        0.03485391711752648,
        0.008047734109695344,
        -0.04292732472996397,
        -0.02517183847229941,
        0.03302219295339265,
        -0.0439469826808977,
        -0.22010129299807804,
        -0.0388648296922095,
        -0.21373745307072503,
        -0.1688901361048772,
        -0.07981894314405938,
        0.15934743104529714
    ]
}