{
    "dataset": 0,
    "circuit_id": 3,
    "layer": 3,
    "num_params": 51,
    "expr": 0.07203568266434625,
    "entcap": 0.47333335048606234,
    "num_iter": 82,
    "last_cost_avg": 0.0076446533203125
}