{
    "dataset": 2202,
    "last_cost_avg": 0.10816129501693086,
    "statevector_real": [
        0.184509165732659,
        -0.10772656676954279,
        0.19188339775757626,
        0.012114486254033158,
        -0.0006185334171993601,
        0.1092873266023807,
        0.12131627621091547,
        0.006693977924545905,
        0.13262826705017572,
        0.1760367902053368,
        -0.18036621401682307,
        0.21091403049054086,
        0.07431728789572908,
        -0.13157405894966395,
        0.06206389687319902,
        -0.04011447527531159,
        -0.032008357221394355,
        -0.022875029456098483,
        0.01942648456405815,
        -0.09559689481019477,
        -0.16330112504763594,
        -0.001776302270737879,
        -0.01153169819563664,
        -0.16561876519729005,
        0.04330452125639325,
        0.26408858151793124,
        0.09348282030767618,
        -0.07405967606350168,
        0.13649095371550915,
        -0.14363112135757639,
        -0.05789181548387186,
        -0.24743340045337142
    ],
    "statevector_imag": [
        -0.0975161699350269,
        -0.17089236067338295,
        -0.0852390985567459,
        0.015761915369841818,
        0.054778891951731044,
        0.2623086035895807,
        0.022380331890011564,
        -0.009630652996301885,
        0.007668379913464325,
        -0.014087533805968926,
        0.16278236777830793,
        -0.1229226274407173,
        -0.22200952365554796,
        -0.17048695125353405,
        -0.002780709170074378,
        -0.17281216758347243,
        0.06404804471358493,
        -0.24082300823666475,
        -0.07850892949260933,
        -0.07183922434975228,
        0.010982691913872916,
        0.0013236536615911303,
        -0.05620955639134877,
        -0.2055616971642266,
        -0.14313478767051507,
        0.01803919240419607,
        0.17102624489292292,
        0.019863171455986327,
        0.1834157201534483,
        -0.03876763847232817,
        -0.024404238698044037,
        -0.08909237967868355
    ]
}