{
    "dataset": 0,
    "circuit_id": 17,
    "layer": 13,
    "num_params": 260,
    "expr": 0.0011091581878167431,
    "entcap": 0.9221403053049817,
    "num_iter": 1024,
    "last_cost_avg": 0.011066462437348197
}