{
    "dataset": 0,
    "circuit_id": 1,
    "layer": 7,
    "num_params": 84,
    "expr": 0.21058179028801455,
    "entcap": 4.095813712585228e-31,
    "num_iter": 77,
    "last_cost_avg": 0.13772964477539062,
    "accuracy": 0.953125
}