{
    "dataset": 2576,
    "last_cost_avg": 0.09722542294668995,
    "statevector_real": [
        -0.13574687950228623,
        0.01373478376557411,
        0.20816523306183637,
        0.0868680724615784,
        -0.06200701151795453,
        0.137268343084275,
        0.011839912620252012,
        0.1925257928058714,
        -0.2936081419947161,
        0.0076876364653329565,
        -0.03293738978316673,
        0.08711279918097521,
        0.22311551308914673,
        0.11175206162369376,
        0.12371727821543334,
        0.02058811368955939,
        0.11312785720741005,
        0.00877253161055907,
        0.06021135667748591,
        0.044616519824636804,
        0.03516630664901285,
        -0.08390515639825691,
        -0.07831739929047611,
        0.17918517968538164,
        0.0459092458361155,
        -0.10462935930150728,
        -0.026436878235114213,
        0.038177350184474386,
        0.05430219937507727,
        0.026545543621858944,
        -0.03220994981203283,
        -0.06034019668939524
    ],
    "statevector_imag": [
        0.061769798347859436,
        0.16749504038434412,
        0.060615786934995586,
        -0.0933653078058341,
        -0.08825786875905299,
        -0.12440314194127892,
        0.08017169879391764,
        -0.09679075958336864,
        0.040859839632791335,
        0.3311535100869426,
        0.19553706569212642,
        0.15377361260186373,
        -0.0744005013612088,
        -0.06521944001884512,
        0.24194631365064592,
        -0.09633256389198236,
        0.04720705633944171,
        0.008618980882233784,
        -0.003228958950511902,
        0.03962284693110745,
        0.004034991304425674,
        0.27149398150824783,
        0.10581426745662642,
        -0.018687103279234916,
        0.005567115015746509,
        0.17146299430902073,
        0.2651462313473858,
        0.12788047539220904,
        -0.18118397162037625,
        -0.14402624068734216,
        0.019901330596291664,
        0.12558324928093498
    ]
}