{"f": [0.064208984375, 0.14422607421875, 0.16790771484375, 0.15838623046875, 0.1400146484375, 0.13458251953125, 0.11651611328125, 0.10986328125, 0.10968017578125, 0.12567138671875, 0.1943359375, 0.1688232421875, 0.115966796875, 0.095458984375, 0.13873291015625, 0.16839599609375, 0.09503173828125, 0.16143798828125, 0.0950927734375, 0.138671875, 0.13128662109375, 0.120361328125, 0.14019775390625, 0.12158203125, 0.14013671875, 0.11639404296875, 0.12310791015625, 0.18328857421875, 0.16796875, 0.13897705078125, 0.11322021484375, 0.16094970703125, 0.0816650390625, 0.1307373046875, 0.1864013671875, 0.07977294921875, 0.09820556640625, 0.10333251953125, 0.1217041015625, 0.135009765625, 0.1212158203125, 0.11688232421875, 0.15655517578125, 0.16455078125, 0.15972900390625, 0.09893798828125, 0.1446533203125, 0.13690185546875, 0.09320068359375, 0.1610107421875, 0.13946533203125, 0.12933349609375, 0.10211181640625, 0.16424560546875, 0.14996337890625, 0.1273193359375, 0.16583251953125, 0.13330078125, 0.12384033203125, 0.1458740234375, 0.1524658203125, 0.09033203125, 0.13580322265625, 0.09869384765625], "accuracy": 0.34375}