{"f": [0.09967041015625, 0.10101318359375, 0.11224365234375, 0.1331787109375, 0.16558837890625, 0.0628662109375, 0.10528564453125, 0.09039306640625, 0.0626220703125, 0.10015869140625, 0.093017578125, 0.09246826171875, 0.1141357421875, 0.10418701171875, 0.13751220703125, 0.1419677734375, 0.07366943359375, 0.1026611328125, 0.08197021484375, 0.10369873046875, 0.09857177734375, 0.10150146484375, 0.10382080078125, 0.0709228515625, 0.116455078125, 0.11248779296875, 0.13702392578125, 0.10565185546875, 0.07476806640625, 0.0655517578125, 0.10723876953125, 0.11492919921875, 0.10345458984375, 0.06903076171875, 0.1143798828125, 0.09100341796875, 0.089111328125, 0.07647705078125, 0.090087890625, 0.13580322265625, 0.07550048828125, 0.07489013671875, 0.11505126953125, 0.09576416015625, 0.095947265625, 0.03997802734375, 0.15753173828125, 0.096435546875, 0.08831787109375, 0.10748291015625, 0.0516357421875, 0.05706787109375, 0.07818603515625, 0.15814208984375, 0.1143798828125, 0.045654296875, 0.12127685546875, 0.149169921875, 0.08709716796875, 0.1702880859375, 0.11151123046875, 0.1236572265625, 0.08984375, 0.08746337890625], "accuracy": 0.34375}