{"f": [0.00140380859375, -0.02880859375, -0.059326171875, -0.0396728515625, 0.0284423828125, 0.00335693359375, -0.0157470703125, -0.02886962890625, 0.0203857421875, -0.0343017578125, -0.06170654296875, -0.06146240234375, 0.0364990234375, -0.02410888671875, -0.05242919921875, 0.02923583984375, -0.00823974609375, -0.04913330078125, 0.00042724609375, -0.04632568359375, -0.016845703125, 0.02728271484375, -0.051513671875, 0.01959228515625, -0.01446533203125, -0.05450439453125, -0.00537109375, -0.0311279296875, 0.03717041015625, -0.02093505859375, -0.01788330078125, -0.01947021484375, -0.01312255859375, -0.04437255859375, 0.04156494140625, 0.0146484375, 0.00164794921875, -0.0108642578125, 0.0032958984375, 0.01702880859375, -0.01873779296875, 0.0257568359375, -0.05548095703125, -0.026123046875, -0.029052734375, -0.0068359375, -0.029296875, 0.01751708984375, 0.005615234375, -0.03961181640625, 0.03253173828125, -0.0172119140625, 0.02239990234375, 0.043701171875, -0.04425048828125, -0.0008544921875, -0.0458984375, 0.022705078125, -0.030517578125, 0.014892578125, -0.0281982421875, -0.00946044921875, 0.02606201171875, -0.005126953125], "accuracy": 0.5625}