{
    "dataset": 1835,
    "last_cost_avg": 0.04152126587748763,
    "statevector_real": [
        -0.024572890774674134,
        0.04087866756940266,
        -0.07894498012344245,
        -0.07855096359771953,
        -0.17191855241058554,
        -0.018674473888243295,
        0.14838594509955247,
        -0.04019774415072349,
        -0.015578789937819096,
        -0.035693433415985125,
        0.010351419686801118,
        -0.03487145200794582,
        -0.018514567937916237,
        -0.010180404750032807,
        0.10994794938906231,
        0.17272655113221325,
        -0.011182797684540773,
        0.14200470468688747,
        0.052536056369932825,
        0.07589747089199791,
        0.004005825422618083,
        -0.1254488816541156,
        0.007538800777609212,
        -0.09565568148903775,
        0.07933942022849594,
        -0.008553202566259391,
        -0.16009278544379027,
        0.03317674448483041,
        0.006066305131317352,
        0.017050670880869603,
        0.015098378812537862,
        0.05738791562890428,
        -0.00921674353092383,
        -0.02837079533901427,
        0.017211224696910533,
        -0.049931754095211375,
        -0.04947821827525414,
        0.11677776345579176,
        -0.00699377292311373,
        0.1591989168974554,
        -0.004422382789314098,
        0.10451078662420571,
        -0.046405649859507334,
        0.0361161177292921,
        -0.0018164981118548866,
        0.017056732906081,
        -0.012112293742312501,
        -0.12594358865214073,
        -0.0024063504152397833,
        -0.00849691921609246,
        0.0210508795019289,
        -0.03417033220064462,
        -0.10562437278802364,
        0.16279561633361664,
        -0.13882223009378616,
        0.11903498783893207,
        -0.17845114897667946,
        0.12242013171983916,
        0.14779105961019715,
        -0.03466810237521985,
        0.029927715799198337,
        -0.1115276823411948,
        -0.006199602794407171,
        -0.007649946136225794
    ],
    "statevector_imag": [
        0.0016385351388684979,
        -0.14851663655746092,
        -0.14674372820184892,
        0.10959720155560303,
        -0.019502672313806525,
        -0.2007552012009646,
        0.2069393324971404,
        0.05872567739600155,
        -0.06501550651719541,
        0.09171287929518873,
        0.031577883883187295,
        0.033134257751734224,
        -0.0015429347959479832,
        0.09127283297733879,
        0.06180081780242935,
        -0.04747780797805524,
        -0.005330632139955993,
        -0.09443514687289634,
        0.08249916742312154,
        0.005654830581574329,
        -0.035978021655097336,
        0.06925755960730885,
        0.02804759714936747,
        -0.16648233280699548,
        -0.08006633227657865,
        -0.01154997567091332,
        -0.06131488229194673,
        -0.08346188639551906,
        -0.0037133733973516965,
        0.060232035701564275,
        0.010457968848432874,
        -0.06714066075970153,
        0.002117671869710582,
        -0.042156988191609006,
        0.038234594432444896,
        0.12211088535370959,
        -0.13235546191264969,
        0.07692799016781401,
        -0.08394727786753467,
        -0.1585637242755838,
        0.12907859394360213,
        -0.1948873389959589,
        -0.03351767835774317,
        0.13554830512620983,
        0.007460985366707918,
        -0.055266440319278284,
        0.0031880138328192436,
        0.14673553992980934,
        -0.014908387569424473,
        0.01796925079584699,
        0.17547099066726313,
        0.02367520551013439,
        0.11957467692363893,
        0.02516141637243837,
        -0.005123110923567902,
        0.033660177633170606,
        -0.14072913669915205,
        0.0220310148255917,
        -0.12417083100258343,
        0.23385971519734683,
        -0.058982206341132985,
        -0.030692611292932322,
        -0.030250132629192718,
        -0.0010343183796241464
    ]
}