{
    "dataset": 1089,
    "last_cost_avg": 0.07192132590540665,
    "statevector_real": [
        0.0466767573261994,
        -0.013859334216069377,
        0.11811953518290867,
        0.08773456822472923,
        0.04387677938141423,
        0.0170655713815426,
        -0.05644098346735775,
        -0.06326034679648732,
        -0.12111332840359354,
        0.03690501449631508,
        -0.10616245771309515,
        -0.0027991921950780486,
        0.16046019838506306,
        -0.030639686247889975,
        0.02933143272349632,
        0.14211221702826218,
        0.15814052273272328,
        0.13265448770959,
        -0.07090536197566813,
        0.20560523821859375,
        0.05553069508355706,
        0.00037878589594532664,
        -0.12810073218881166,
        0.05780453149958875,
        0.050966000390085496,
        0.1041126002372437,
        -0.1441474848269645,
        -0.007791626950295184,
        0.011572574058332443,
        -0.042947909712669485,
        0.026939346759066823,
        0.10952989536921036,
        0.0928024354642297,
        0.1393785064813034,
        -0.055118315376960936,
        0.0333841088347583,
        0.059139215104694144,
        -0.0728696130030959,
        -0.009800823547679721,
        0.08836550910597159,
        -0.044477556264627315,
        0.016732638659262052,
        0.045655858030916305,
        0.04217782453787079,
        -0.01279931079309891,
        -0.015597948211353541,
        -0.04467788467578953,
        -0.033509032135071865,
        0.09499434788117077,
        -0.008293862641956785,
        0.1438022708492924,
        0.11391333176562744,
        0.04606194608037896,
        0.02644772300921781,
        -0.035091323421118814,
        -0.07894385895212551,
        0.00775102269546228,
        -0.04390591651905479,
        0.16323872818843999,
        0.1322875552944755,
        -0.034795627008226956,
        0.14298521260091432,
        0.15420720476008495,
        0.057902012104694055
    ],
    "statevector_imag": [
        0.16742514506584152,
        0.1569127482158749,
        0.014602941599090754,
        -0.016438403288262075,
        0.017828388620320282,
        0.013980715530821577,
        -0.1010084386423299,
        -0.12947810848460922,
        0.11356475628297412,
        0.14717644063349095,
        -0.16877445766862864,
        -0.05894696614139427,
        0.09934435005529108,
        -0.0789434859887861,
        0.123305758714515,
        0.004153279676820641,
        -0.014276926694144421,
        0.04194571288328,
        -0.09742393553151116,
        0.0009823955518226091,
        -0.1561358972460474,
        -0.11198535164165271,
        -0.06492068553951812,
        -0.10266062522993387,
        -0.014371412424175141,
        0.053467888866748324,
        -0.09342452868361593,
        0.004836217152173099,
        0.0574079292432438,
        -0.030433679477028408,
        0.19762483133335546,
        0.0688313610516854,
        0.0020058343050433987,
        0.06747152942240182,
        -0.0038893344028388286,
        -0.07011443025785229,
        -0.10251455314018894,
        -0.0019409968728531062,
        0.16146184341353245,
        0.10967817818542185,
        -0.12396832555895457,
        -0.06950791412192298,
        0.1564282659175076,
        -0.08632003211734159,
        0.10228623272440653,
        0.0207299427647847,
        -0.004437525834288839,
        -0.018042729243322526,
        -0.004381444742566789,
        -0.13495723103538732,
        0.07999565255602296,
        0.01565091406277733,
        -0.0439174445245608,
        0.1247143750797101,
        -0.048032667476012814,
        0.1889256955539516,
        0.0006563648298672434,
        0.013873691131759501,
        -0.05882734505457972,
        0.03741947686946215,
        -0.07549401251547079,
        0.07275533099810226,
        0.017843522035143076,
        -0.0608229107952977
    ]
}