{
    "dataset": 0,
    "circuit_id": 12,
    "layer": 8,
    "num_params": 160,
    "expr": 0.003537026229493116,
    "entcap": 0.9107275077825899,
    "num_iter": 49,
    "last_cost_avg": 0.1218109130859375
}