{
    "dataset": 651,
    "last_cost_avg": 0.08516868028716695,
    "statevector_real": [
        0.043777287559984834,
        0.00579958678831842,
        0.11374228043459521,
        0.05061644946984169,
        -0.12026823438806916,
        0.177834667735713,
        0.03371245290477265,
        0.1078979192961645,
        -0.11137486043962477,
        0.10308075439368293,
        -0.11417501342091378,
        -0.16724848649256224,
        0.06551457774305657,
        0.06235639030289898,
        0.022773305908894106,
        0.04953378507523399,
        0.05568189069474295,
        -0.011845650130450374,
        0.05491574051230578,
        -0.018564907426148008,
        -0.10105169784817196,
        -0.008373290896079523,
        0.10604950855152655,
        0.010646250678047465,
        0.08290430788756233,
        0.055367891208906415,
        -0.004572715187852595,
        -0.07310449110541539,
        0.136698424684755,
        0.034139699086946106,
        0.09763813090215019,
        -0.09827457980952672,
        -0.01152700703211572,
        -0.05204721542508871,
        0.020336567579502748,
        -0.09077728643616845,
        -0.003760700111302929,
        -0.010560431235970778,
        -0.015199492783289666,
        0.168183025009771,
        0.1418281507696562,
        -0.01471907130513091,
        -0.16408277043221223,
        -0.07135980854174265,
        0.18601871997050487,
        -0.007994912561327222,
        0.0736144642081567,
        -0.02008366361176986,
        0.011488471072010792,
        -0.00337793108873745,
        0.0058058044092287936,
        0.12531535813152503,
        -0.17120268634410438,
        -0.008582623067797347,
        0.05221199979542314,
        -0.07149924835321723,
        0.16177834419963988,
        -0.09669699004367853,
        -0.03986953319177585,
        -0.0531375120007032,
        0.08565890005785766,
        -0.09148163441750093,
        0.09296287668848185,
        0.15930827528350258
    ],
    "statevector_imag": [
        -0.023815296497065673,
        -0.006395826147268628,
        -0.14317913135039345,
        -0.21733560992909304,
        0.020931716940636242,
        -0.05479987554417235,
        -0.09650596981074251,
        -0.052959515709084484,
        -0.05157794095414742,
        -0.13138221979377387,
        0.034328077211077224,
        -0.002177056543064012,
        0.04943454666423752,
        0.1216580066170773,
        0.05636620612416653,
        -0.15020412100189648,
        0.01886512766039069,
        0.041164034714386184,
        0.19165933043321984,
        -0.0025709204645799856,
        0.062073316289651966,
        -0.04647181374503724,
        0.04267974805802967,
        0.03354930538810815,
        0.08290517032351549,
        -0.1608071185772279,
        -0.012672030516560228,
        -0.022149640456233008,
        -0.09524989812676454,
        0.021872803638593397,
        -0.10074758127808568,
        0.09212584393759468,
        -0.004138498839612652,
        -0.11125341990588698,
        0.15525556617827188,
        -0.07017253918536252,
        -0.16288039623631004,
        -0.00512857420699082,
        -0.08476371816698099,
        0.13083652047285796,
        0.0972580841799839,
        0.009867402454217975,
        0.006713689875314076,
        -0.04400751569958899,
        -0.02962998326079779,
        0.0067931921633719375,
        0.09946320359829834,
        0.025721531252426908,
        -0.006168186519209926,
        -0.12648910517820824,
        0.06205489900974415,
        0.029150093628010767,
        0.04440382741819995,
        0.06770568205336762,
        0.0054865842096538915,
        -0.19429991624726659,
        -0.11158107457872515,
        -0.11360185236670524,
        -0.12904432390320067,
        0.017029234236318185,
        -0.035782144993701984,
        0.032257641407469805,
        0.03079862886761587,
        -0.08310278910149695
    ]
}