{
    "dataset": 5,
    "last_cost_avg": 0.09322841977654409,
    "statevector_real": [
        0.10023852919911475,
        -0.09139955386116183,
        0.10955357402171512,
        -0.1038858086283795,
        -0.059046350341738364,
        0.006502470517343001,
        -0.11142260800066514,
        -0.01758115027302114,
        0.12537839736126402,
        -0.16368610393308036,
        -0.007326344997522979,
        0.08441218214647132,
        -0.028686694897766003,
        -0.09053729302522043,
        0.08149361789261843,
        0.17212232124580087,
        0.003875317349141002,
        0.12591334520071684,
        -0.06751648177903387,
        -0.06808030760412864,
        -0.059893031345728064,
        0.14880239209582535,
        -0.12891899292557069,
        -0.11983294188185462,
        -0.0692580561254516,
        -0.12120054110841935,
        0.008316538954235302,
        0.03574150881548316,
        -0.024825605314341286,
        0.04422837285180268,
        -0.0844982882731987,
        0.011445140015936566,
        -0.06515215763709807,
        -0.046157845125624986,
        -0.08996317495765925,
        0.04163586743315914,
        0.10752458743909071,
        0.060580226377733165,
        -0.05491477795135035,
        0.027266498391144377,
        -0.06626850277358164,
        -0.08201227758113934,
        -0.03741781054481417,
        -0.000568415256364154,
        -0.11757719549078169,
        -0.03292703905499351,
        0.02285198337346347,
        0.0668641367619215,
        -0.11671719103626997,
        0.05580528979472095,
        0.11640898521400714,
        -0.08061734841854512,
        0.021872738766688864,
        -0.020410068497449647,
        0.09040683436232214,
        0.15168497413080315,
        -0.07650970355721669,
        -0.1209547762284049,
        -0.13586375103569445,
        -0.00043140413445820377,
        0.018806451338801322,
        -0.02665140904617375,
        -0.2066276099840707,
        0.03916545538020539
    ],
    "statevector_imag": [
        -0.007341319537792124,
        -0.03653931684521122,
        0.08647901114095635,
        -0.12863243788566125,
        0.0025550792056665203,
        0.017578650121570356,
        0.06954827349572523,
        -0.13558333962719427,
        -0.013338511852602146,
        -0.014933634065607887,
        -0.03820874197330087,
        0.10578108993182084,
        0.04928996370320539,
        -0.021068253370454038,
        -0.07253135131182488,
        0.056929111173587545,
        -0.116777022635368,
        -0.0016115367360089521,
        0.05929020463636284,
        0.11822829122265505,
        0.10325822981119558,
        0.0353011707817428,
        0.030933864016875603,
        0.00937662740397616,
        0.05784603654561001,
        0.04051484925517772,
        -0.038556367493367445,
        0.08761963195719781,
        -0.04992893518556444,
        0.08150475708007353,
        0.13842380118283645,
        -0.16736295955388594,
        0.1705498659432218,
        -0.13504941812433666,
        -0.12076394316396201,
        0.03313535505295157,
        0.11612697683934384,
        0.1891269450437516,
        0.06776513414959637,
        -0.12497072845646588,
        0.0013830285747737287,
        -0.10750745056051607,
        -0.028508862515610335,
        -0.014967340062844541,
        0.04158950647840611,
        0.16473451699563402,
        0.15773768354702608,
        -0.014674690874830858,
        0.12961761220863738,
        0.10671681844498354,
        -0.09282688013388751,
        -0.003960895409257138,
        0.09586880628347408,
        -0.014556794870894662,
        0.05669785936228818,
        0.05116882789366902,
        0.07316883626332898,
        0.053787768452589126,
        -0.005839803059081263,
        -0.11181451278928042,
        -0.16492848469813973,
        -0.14919473228843178,
        -0.03692841308699824,
        -0.06160316558980001
    ]
}