{
    "dataset": 0,
    "circuit_id": 6,
    "layer": 4,
    "num_params": 160,
    "expr": 0.012641325415650141,
    "entcap": 0.9080436516167412,
    "num_iter": 88,
    "last_cost_avg": 0.09738922119140625,
    "accuracy": 0.9375
}