{
    "dataset": 0,
    "circuit_id": 11,
    "layer": 8,
    "num_params": 160,
    "expr": 0.004468250593299292,
    "entcap": 0.9516859371267709,
    "num_iter": 1024,
    "last_cost_avg": 0.06683349609375
}