{
    "dataset": 0,
    "circuit_id": 19,
    "layer": 7,
    "num_params": 126,
    "expr": 0.0045703688592488795,
    "entcap": 0.9075809887243915,
    "num_iter": 1024,
    "last_cost_avg": 0.09680089920056201
}