{
    "dataset": 545,
    "last_cost_avg": 0.06636885804981751,
    "statevector_real": [
        -0.079706688449086,
        -0.013071183730737844,
        -0.06348202157117581,
        0.0793701172732845,
        -0.08233580190463008,
        -0.0055087705229855555,
        -0.10686078438707149,
        0.07150453712406883,
        0.1289843016868995,
        0.05224439743187274,
        -0.06839701874927706,
        0.016260058158025118,
        -0.07495861135107584,
        -0.06562290213406397,
        -0.10855817439818248,
        -0.03922154946916724,
        -0.029390569764767928,
        -0.004960089811504469,
        0.049033146525415565,
        0.040661108015996685,
        0.08771707211425935,
        -0.018261681567428634,
        0.08387632287884318,
        0.102497862777199,
        -0.09131401167622544,
        0.16268825211519214,
        0.13699324800886797,
        -0.02145185022053369,
        -0.012877514106603255,
        0.08904799874027994,
        0.014671550407899147,
        0.11666046627859956,
        0.1111867375773474,
        0.03252786685115759,
        0.03728444992385779,
        -0.19425237210180724,
        -0.12982909281777025,
        -0.02453605262500563,
        -0.14691307846282423,
        -0.05425190327375742,
        0.061737806260520715,
        -0.22353574124373418,
        0.014878247826715901,
        -0.1187097081383277,
        -0.08793114110008936,
        -0.11287289375475135,
        -0.0034636534529877507,
        -0.13439312367976425,
        -0.15668768546363102,
        -0.16781451937661834,
        0.02773602314290983,
        -0.10355625814265734,
        -0.03363403901838844,
        -0.06335421013413939,
        0.012698637729846168,
        0.02155120399788534,
        -0.10356171939522679,
        -0.10565592486159209,
        -0.022247310696986856,
        0.039780087521496886,
        0.029371719196265737,
        -0.1539662286721527,
        -0.0988933741258452,
        -0.1330951973232931
    ],
    "statevector_imag": [
        -0.043886622899577545,
        -0.018717268596831326,
        -0.04720941466655264,
        -0.08975277293345128,
        -0.07260216860139433,
        0.15948633644204474,
        -0.024658297780552486,
        0.007809431254493312,
        0.0803137715723751,
        0.05560633489724781,
        -0.06194954607513563,
        -0.03020846928150363,
        -0.12490759261627349,
        -0.023367929425131922,
        -0.06316854029150064,
        0.1101196707043984,
        0.024878425999929718,
        -0.1309728730162577,
        0.03834393275666122,
        0.09778358258781614,
        0.05332126543360132,
        -0.11229734262641625,
        0.06003344451685488,
        0.11452338497324525,
        0.18043448134319565,
        -0.009558585535478701,
        0.010606628960034234,
        -0.1402132832200374,
        0.002557000238111539,
        -0.12204368763639643,
        -0.010046611228307646,
        -0.0023602209282196267,
        0.15653928337322406,
        0.12005080136318658,
        -0.11397327856326286,
        -0.044138194357443955,
        0.1288837925673313,
        -0.06552648009455257,
        0.05424059608361929,
        -0.13976334952215325,
        0.07418866874185281,
        0.005841541407159401,
        -0.13720267115341814,
        -0.06464314876845063,
        -0.05462145264673483,
        0.07977175571259323,
        -0.029645911841822012,
        -0.0638415747435172,
        -0.10527414649471062,
        -0.0704216946309944,
        -0.11182495411116401,
        -0.09556081109423946,
        0.09256413140356667,
        0.009745614358964488,
        -0.0408496460572492,
        0.06370783463332505,
        -0.07800455821637471,
        0.14630320472020436,
        0.0167532701109927,
        -0.022118261562163833,
        0.05758364496048746,
        -0.01333513337422552,
        0.11833659013900914,
        -0.042457934286886205
    ]
}