{"f": [0.00469970703125, 0.032958984375, 0.06634521484375, 0.0281982421875, 0.049560546875, 0.02447509765625, 0.03350830078125, 0.06378173828125, 0.04559326171875, 0.0302734375, 0.02166748046875, 0.02069091796875, 0.03375244140625, 0.01312255859375, 0.0557861328125, 0.0401611328125, 0.0599365234375, 0.0721435546875, 0.030517578125, 0.0589599609375, 0.0677490234375, 0.0928955078125, 0.0, 0.03814697265625, 0.03948974609375, 0.05975341796875, 0.09942626953125, 0.0518798828125, -0.00408935546875, 0.02044677734375, 0.0428466796875, 0.03021240234375, 0.01519775390625, 0.03070068359375, 0.02899169921875, 0.0380859375, 0.00921630859375, 0.02777099609375, 0.0032958984375, 0.0595703125, 0.04791259765625, -0.00054931640625, 0.03033447265625, -0.02032470703125, -0.013916015625, 0.02435302734375, 0.0391845703125, 0.03460693359375, 0.07781982421875, 0.0435791015625, 0.05560302734375, 0.01068115234375, 0.0418701171875, 0.03363037109375, 0.05194091796875, 0.020263671875, 0.00390625, 0.0828857421875, 0.040283203125, 0.041259765625, 0.02911376953125, 0.03466796875, 0.0191650390625, 0.036376953125], "accuracy": 0.421875}