{
    "dataset": 0,
    "circuit_id": 17,
    "layer": 3,
    "num_params": 51,
    "expr": 0.039002356429342494,
    "entcap": 0.6204525944268416,
    "num_iter": 47,
    "last_cost_avg": 0.00955963134765625
}