{
    "dataset": 449,
    "last_cost_avg": 0.10131014258447596,
    "alpha": [
        0.049905924994225616,
        0.051300639612343345,
        0.04776315934208367,
        0.03960530988552095,
        0.04431388987451899,
        0.018967270624765612,
        0.020334566668744,
        0.054171650527534865,
        0.0003453760570235129,
        0.0007019635591215339,
        0.07495707216321743,
        0.05307093981890793,
        0.006482633550259273,
        0.038990404442741766,
        0.02429145335743213,
        0.0003088623372226849,
        0.029000970362839173,
        0.01754119200685966,
        0.01690721539069734,
        0.03912817527670982,
        0.0741913302465184,
        0.009746635830447353,
        0.03386405681291705,
        0.009182193970350463,
        0.02415135346240689,
        0.010420495383852167,
        0.041336744838113545,
        0.022466904816610702,
        0.03743442805865579,
        0.04663744217920778,
        0.048202326022905924,
        0.014277418525244792
    ]
}