{
    "dataset": 1476,
    "last_cost_avg": 0.08069702165985208,
    "statevector_real": [
        0.013588655863942187,
        -0.000455157286054778,
        -0.09712588005772814,
        -0.16101596268966992,
        0.09841269824036061,
        0.06416298223667484,
        -0.042558406144626845,
        0.06667876245110058,
        0.06539771145335357,
        0.08219234673201128,
        -0.004905190402236487,
        -0.1532497707166352,
        0.0984609836662587,
        0.03773613038320397,
        -0.18866384920563728,
        0.009028109501864778,
        -0.0011050915368536905,
        0.10373560650716492,
        0.04714724236309132,
        0.09877675124618208,
        0.11250496530269428,
        0.054086188773666874,
        -0.10436002663467805,
        0.0638206093979086,
        0.1429199593203435,
        0.07401232264713142,
        0.10866516583207837,
        -0.04887911074377532,
        -0.19492346080338085,
        0.001497255216177619,
        0.08806592486722475,
        0.1065938532650598,
        -0.022489459550635412,
        -0.06672542219123256,
        0.12332004819270252,
        -0.13597505359553855,
        -0.15255951016948452,
        0.08408068839985511,
        0.004896202907581959,
        0.07269168472806052,
        0.12478174000913071,
        0.11763318585193183,
        0.050499501044159116,
        0.06847692846695327,
        0.02077287719620594,
        0.18566713906333435,
        -0.06782625428887397,
        -0.11469644750028893,
        -0.00692827562193112,
        -0.12367512372938627,
        -0.12475631922034869,
        -0.016707488738547917,
        0.13239648883714714,
        -0.09774679218051663,
        -0.10550930087635824,
        0.042393518502721945,
        -0.06674876252764843,
        0.0018625212345200269,
        -0.010697663559870826,
        0.06376493988739645,
        0.1228789811631466,
        0.008189016511751078,
        0.10766416904619847,
        -0.10704094548937673
    ],
    "statevector_imag": [
        -0.22010359607478103,
        -0.01786512192969596,
        -0.08337791293273096,
        -0.0174080441534109,
        -0.014408743806582927,
        -0.06936866747530823,
        -0.027510842181266777,
        0.0900284063497469,
        0.12055282234480853,
        -0.1720566305701191,
        0.061094546115041844,
        0.08188918204875038,
        0.1683338975010839,
        -0.02566951379883421,
        -0.05151389411741902,
        -0.015512534323533526,
        -0.028013313232323065,
        0.019814011759908455,
        -0.02187328448973356,
        0.06361635786253471,
        0.10421759881381691,
        0.02055877704281776,
        -0.0952462885956713,
        0.08381081045934519,
        -0.09084618848862476,
        0.027310026062656343,
        0.0400341629202185,
        0.06622954637892951,
        -0.0782227382040128,
        -0.02308588444222591,
        -0.10829287721653937,
        -0.13980001704870915,
        -0.00858069371842063,
        -0.07552369802416692,
        0.03900454869673601,
        0.05768052705196135,
        0.045623050584153405,
        -0.06858736600214935,
        -0.002278987158227364,
        0.13708325907505706,
        -0.047177784981143514,
        0.13610181384629524,
        -0.1417979597496691,
        -0.011212085719763298,
        -0.11315032748190723,
        0.062086673395597126,
        -0.00997234037404877,
        0.016238828110253442,
        0.010651080102353456,
        -0.0028250124876545244,
        0.1479843359028889,
        0.006905826602382012,
        -0.08517477823992604,
        0.008918174869088932,
        -0.029635669199028426,
        0.13500660629885983,
        -0.11660607426410226,
        0.0836637363260112,
        0.11841091013632024,
        0.06480386752389504,
        -0.018728829205374865,
        0.001347600056182313,
        -0.03509602775375618,
        -0.07352724139010781
    ]
}