{
    "dataset": 0,
    "circuit_id": 12,
    "layer": 6,
    "num_params": 96,
    "expr": 0.010904958246231677,
    "entcap": 0.8425608847443812,
    "num_iter": 119,
    "last_cost_avg": 0.1025390625,
    "accuracy": 0.96875
}