{
    "dataset": 660,
    "last_cost_avg": 0.082934802947723,
    "alpha": [
        0.023654083371180985,
        0.0008611367613765731,
        0.04406146956425685,
        0.000839198397441488,
        0.004583457053271437,
        0.045944205186032996,
        0.01234643343645363,
        0.0474979611879225,
        0.029204826032868822,
        0.03620234168733223,
        0.1135764127401978,
        0.027809015510447,
        0.0005185772006766561,
        0.024851563993106004,
        0.00016558658677148577,
        0.007960001008403378,
        0.01827176912586711,
        2.347409582993892e-05,
        0.09363672972962019,
        0.02370286343000162,
        0.10051795698480294,
        0.02408446592623851,
        0.06022083212138527,
        0.04411468424929042,
        0.04130262338199625,
        0.0004515561432112546,
        0.0002668719845138815,
        0.0377744119345716,
        0.01666995553998011,
        0.06401072621917255,
        0.013152237141789624,
        0.04172257227398892
    ]
}