{
    "dataset": 190,
    "last_cost_avg": 0.08627634374132875,
    "alpha": [
        0.06783406723700716,
        0.00040710361682296594,
        0.03626079376112358,
        0.036076485461180134,
        0.022562564552891618,
        0.04328276117915655,
        0.000451075689225904,
        0.04814820790349353,
        0.019666226197163617,
        0.01939598232621682,
        0.09787642600380542,
        0.017816352114854512,
        0.003135264028412513,
        0.003981510544344548,
        0.005317220028682504,
        0.019101096239017887,
        0.024676804517048626,
        0.029427819905840633,
        0.10038209680815043,
        0.04495959672537602,
        0.06913568571246159,
        0.02374400919408726,
        0.07460587174730865,
        0.0038986638565899324,
        0.03634254602779504,
        0.014647207888102488,
        0.018534703464898293,
        0.04006419707912835,
        0.003077668381972068,
        0.0362937643910992,
        0.016350131706558396,
        0.022546095710183605
    ]
}