{
    "dataset": 0,
    "circuit_id": 7,
    "layer": 8,
    "num_params": 192,
    "expr": 0.021226974085085316,
    "entcap": 0.7634909585072402,
    "num_iter": 65,
    "last_cost_avg": 0.0979156494140625,
    "accuracy": 0.9375
}