{
    "dataset": 1723,
    "last_cost_avg": 0.059260248196118935,
    "statevector_real": [
        0.14555615338212363,
        -0.028168505974256866,
        0.028058820896680096,
        -0.14564408064976328,
        0.006539850479632165,
        -0.13992761467339587,
        -0.19736702526639993,
        0.11510806678465403,
        0.09484140879889662,
        0.06455402659498978,
        -0.12395902622557278,
        -0.06561241207342405,
        0.010097753256789263,
        0.1711712493096807,
        0.014513531867786296,
        -0.07252289830010253,
        -0.07822051943152217,
        0.15106935519720027,
        0.031158705714303826,
        -0.12138610108508738,
        -0.004835179275867127,
        0.01033014719827347,
        0.05565543699821768,
        -0.1388326358869729,
        0.04761878003909377,
        -0.046678627490310626,
        0.000703878692753037,
        -0.010388533573078352,
        -0.017816597507177106,
        -0.013719361703266632,
        -0.11430151413541062,
        -0.11096732468367476,
        0.007448505708971304,
        0.10624443253060976,
        -0.17993773952350908,
        0.04986706854772515,
        0.1245626566595845,
        -0.04086761503267965,
        -0.1198902584957053,
        0.04278192241005493,
        0.046699209253079826,
        0.10833707750652256,
        -0.13619666664493846,
        -0.012364997237546378,
        0.02687792469532872,
        -0.056011243826070686,
        -0.013862954833100963,
        -0.06396015138337197,
        -0.08517271435543464,
        0.06101864454749893,
        0.07405551435284867,
        0.1738794838123915,
        -0.049017985767462004,
        0.18705601363426716,
        -0.004116943518532935,
        -0.05145876396890951,
        -0.06823899648174511,
        0.04605310317563302,
        -0.10144031578339432,
        0.15872376445617542,
        0.0865942057638322,
        0.046764047795790104,
        -0.018899105601177833,
        -0.00016044418560100612
    ],
    "statevector_imag": [
        -0.004202868187365197,
        0.010087887913660193,
        -0.004129876006140384,
        0.08579005092425653,
        0.008709579917550694,
        -0.09417556321133488,
        -0.031230963425766985,
        0.011823692784547382,
        -0.03418774920839039,
        0.0997816280949068,
        -0.0408644806074072,
        0.14504831193883735,
        0.028438432708771926,
        0.0283404037106396,
        0.11140211873476778,
        0.11456908813432616,
        0.17466679847094035,
        0.05160028659819694,
        0.08165338156693079,
        -0.007606736136245376,
        -0.027571152435068757,
        0.037795115710005024,
        0.18847196518128193,
        -0.0060995035619538975,
        0.0802382221225261,
        0.010325004296500916,
        -0.1129488959003694,
        0.014764005935516472,
        0.096268261737987,
        -0.0035806345226571602,
        -0.04120952999127899,
        0.11799153159910292,
        0.01010758714315357,
        -0.09256548340327529,
        0.11156423404935124,
        0.06573545554162398,
        0.11311755454850962,
        0.11045150593822832,
        0.04006861545729893,
        0.01607903717219475,
        -0.13727298919946462,
        0.08296782944476543,
        -0.0013021424496833273,
        0.1235722505867033,
        0.005364960865278607,
        0.12499046810602943,
        0.15530001156972467,
        0.05776107456722944,
        -0.19853838230395246,
        0.07673921545532153,
        0.00612442769696634,
        -0.026084847861829838,
        -0.028646709775720532,
        0.059573483277511476,
        0.0021557204765377982,
        -0.10771439657101785,
        0.027473201686556585,
        -0.1301233966208973,
        -0.08853769977206095,
        0.01628530751048496,
        0.09861172504390373,
        -0.11803440465669361,
        -0.01174095635364208,
        -0.10436698682888065
    ]
}