{
    "dataset": 2090,
    "last_cost_avg": 0.080133754384906,
    "statevector_real": [
        0.10900916711678042,
        -0.14875393122212952,
        0.14207252047494362,
        0.06396063400273146,
        -0.09316107609736396,
        0.014691052395883496,
        -0.24974059332771623,
        -0.192619743912046,
        -0.07048638090148707,
        -0.0266942806020779,
        -0.038020590728513354,
        0.16629961786157466,
        -0.21882440189812027,
        -0.06193476011755582,
        0.14891196285896982,
        0.021547372469154877,
        -0.07659728033975982,
        0.19774259191198185,
        -0.05862698789888571,
        0.16122570907506054,
        0.16101846373149825,
        -0.03026569550675748,
        -0.09176925159332289,
        0.04488468188825221,
        0.1404391382847444,
        0.10001287412501546,
        0.14985323105365134,
        0.09181975190185347,
        -0.14535744223867647,
        0.10328638709128188,
        0.013195370851276002,
        -0.034212154489206344
    ],
    "statevector_imag": [
        0.04171834282916532,
        -0.07322563639217446,
        -0.0661654604205597,
        0.17196900536541362,
        -0.19220762184586665,
        0.09690595500027127,
        0.03156570973097721,
        -0.14811384116216128,
        0.20322313163751857,
        -0.11196587107891362,
        -0.15663335644266102,
        0.09186830961502065,
        -0.04908885076089197,
        0.14546782674309094,
        -0.1098381138071119,
        -0.09254900104464281,
        0.007969891594168218,
        -0.03637866546473633,
        -0.16262627449791914,
        0.11903972822914524,
        -0.15995359150255123,
        -0.23609393339218157,
        -0.22113646014343552,
        -0.12903188784638916,
        0.06372263701853692,
        0.17674627502635296,
        -0.09227199810992426,
        -0.0025256585071402275,
        -0.13253981653831162,
        0.16427168902916153,
        0.0042939188424657646,
        0.012953366527455238
    ]
}