{
    "dataset": 370,
    "last_cost_avg": 0.08918523762108305,
    "statevector_real": [
        0.1352414045249834,
        -0.057758332246723935,
        0.005238346672828415,
        -0.11384323354640768,
        -0.07111364480273445,
        0.06730535825914287,
        -0.013223479743724557,
        0.17117003653744312,
        -0.15033559457069434,
        0.05609780506411427,
        0.02127823955564887,
        -0.06115835222376641,
        -0.08067846918447731,
        -0.08671276309617788,
        0.049642437556733275,
        -0.1474307718091324,
        -0.009801572328243436,
        -0.019596220559580557,
        0.006655227821934943,
        0.19219019947494137,
        -0.05219148124548715,
        0.010911557449329088,
        0.029988723354973892,
        0.144671655238826,
        -0.017802959736015627,
        -0.0056986987512678035,
        -0.08133734601248767,
        0.06584730334530178,
        -0.09560380633052344,
        0.10402230258652113,
        0.013395647646901859,
        0.10071070843823568,
        -0.13512942348142348,
        0.06685268171075025,
        0.014811391990830987,
        -0.0965515975412857,
        0.16172457308302352,
        -0.047805455990768124,
        -0.004598609700135293,
        0.028514184980456023,
        -0.1428418950036924,
        -0.013514235976790955,
        -0.026627252143454027,
        -0.006104415363503504,
        -0.13917468130255908,
        0.00967307542526926,
        -0.14924311886209482,
        -0.07050850248074182,
        -0.009625258533416607,
        -0.03857992490549531,
        -0.030397616413599966,
        0.016328261147635723,
        -0.008462375142724734,
        -0.09231046180775673,
        -0.14246913721202456,
        -0.16699343878907114,
        0.16598964623882534,
        -0.11952311007102963,
        0.03328404186086072,
        0.10943475606290165,
        0.007246577633019517,
        0.03376827722561099,
        0.001841865306046594,
        -0.11466781004023101
    ],
    "statevector_imag": [
        0.040672308677874275,
        -0.05715827874104172,
        -0.04618967932933222,
        -0.09626747450712067,
        -0.011426660829785553,
        -0.058140753696366815,
        0.00015079002368166994,
        0.018777257680845812,
        0.13630399456895567,
        0.046572737592033335,
        -0.173525743420012,
        -0.015210787344906664,
        -0.16132388978785214,
        -0.10997827535200326,
        -0.09197113964898603,
        0.04595218985238253,
        -0.000400952324106201,
        0.17855377409009865,
        -0.00012461625527636678,
        -0.015567337459947947,
        -0.008898036498308472,
        -0.028357287152698467,
        -0.05928201049345165,
        0.01770904821205629,
        -0.10371985130543596,
        0.12687945187380584,
        -0.11873232340072397,
        0.07928470263422735,
        0.07231660565018459,
        0.06361430959621174,
        0.04944497951075184,
        -0.14774839842006204,
        -0.10895055382580737,
        -0.08144499410639836,
        -0.07211829378184904,
        0.13116996028941402,
        -0.033312994939308754,
        0.026350085855874325,
        0.014301506609732631,
        0.04716328318918691,
        -0.036410510880455334,
        0.14633508093368325,
        0.033609423223885646,
        -0.016375158853923863,
        -0.11109383831490104,
        -0.0078039622285451336,
        -0.06542871633970906,
        -0.08639945940407344,
        -0.15914816337726745,
        0.03915301712511775,
        -0.19122139596020035,
        -0.0015229599712089348,
        0.012513060355830429,
        -0.11389467836596427,
        -0.04852543173003976,
        0.07657244470589797,
        0.05102459603182834,
        -0.09347075439098781,
        -0.14976476888799028,
        0.04612682247507035,
        0.1774341335124502,
        -0.0711282101181965,
        -0.017922784929929974,
        0.08647509284353189
    ]
}