{
    "dataset": 760,
    "last_cost_avg": 0.09953689195175372,
    "statevector_real": [
        0.03373202255105373,
        0.026506398008056726,
        -0.024438520005999154,
        -0.1333294470500391,
        -0.006624837466250218,
        0.1353650829676574,
        -0.23563386579928877,
        -0.12616024508625018,
        0.08939188259753604,
        0.04806468890374781,
        -0.19396500770573522,
        0.14618503360807517,
        0.12095288665020856,
        -0.19086968604422602,
        0.2307812725653366,
        0.18830830959992986,
        -0.10433368158396374,
        0.05451559859512084,
        -0.004333754830437053,
        -0.014948368692779079,
        -0.1623870530183232,
        0.000576685471990825,
        0.00511864323587494,
        -0.047922963876328786,
        -0.11014400533268712,
        0.08967255088361042,
        0.02756650236423705,
        -0.03277220052442476,
        -0.015714934786071378,
        0.0781444833072164,
        0.001273124856834819,
        0.018980807841243102
    ],
    "statevector_imag": [
        -0.00017962377164783524,
        0.006061421992984002,
        0.011737035388023878,
        0.019669527811599054,
        0.06644749507000437,
        0.0645559138696851,
        -0.031722120763920766,
        -0.08187482608074358,
        -0.04797607289759461,
        0.08254723982864787,
        0.18600188375865517,
        0.11809080527772377,
        0.2379886695029648,
        0.14098353731428057,
        -0.08004168671395923,
        -0.12689820358017034,
        0.03420151484361207,
        0.23303421483814687,
        0.002521969850343116,
        0.38230539597821733,
        0.035944327163421184,
        -0.0287502784792834,
        0.02555779309399883,
        -0.06444576053693771,
        -0.13220171831262867,
        -0.28310469580851877,
        -0.030414428319567068,
        -0.3104299003156116,
        0.018737861629142958,
        0.05798449605635406,
        -0.1692842293621786,
        -0.0011353568219993181
    ]
}