{
    "dataset": 923,
    "last_cost_avg": 0.08592549785079467,
    "alpha": [
        0.04283366705443769,
        0.02731409408168859,
        0.0346218308051437,
        0.0042251467131647884,
        0.020704686839464012,
        0.027075507869548175,
        0.03168309145581346,
        0.060302642443141305,
        0.001027132545228657,
        0.00011810880843893806,
        0.09964266989043977,
        0.042987223780713055,
        0.00024245772946125698,
        0.02024528281047207,
        0.01898372874027087,
        4.775633683417046e-06,
        0.039104458285322226,
        0.0007489983621667226,
        0.05456287059870582,
        0.040174038673547255,
        0.07991502610276373,
        0.015854371809107738,
        0.08480673019402203,
        0.03777013953730704,
        0.029331156326529037,
        0.037610728869785184,
        4.139631684395388e-05,
        0.037974253441198855,
        0.01735690954931882,
        0.05911808767608373,
        0.013643597674817995,
        0.019975189381370106
    ]
}