{
    "dataset": 0,
    "circuit_id": 4,
    "layer": 5,
    "num_params": 85,
    "expr": 0.015207267166412162,
    "entcap": 0.7435486564445807,
    "num_iter": 1024,
    "last_cost_avg": 0.055511474609375
}