{
    "dataset": 0,
    "circuit_id": 6,
    "layer": 3,
    "num_params": 162,
    "expr": 0.004453896603358032,
    "entcap": 0.9535710769104727,
    "num_iter": 62,
    "last_cost_avg": 0.016357421875
}