{
    "dataset": 3191,
    "last_cost_avg": 0.058670308034516255,
    "statevector_real": [
        -0.0848953455222705,
        -0.06688509563938731,
        0.22585604404236878,
        0.11767296945195024,
        -0.11760262745526405,
        -0.11603511806792728,
        -0.006090462727626852,
        -0.07690408323911488,
        -0.03732518299088489,
        0.21535536057147642,
        -0.05353271670465216,
        -0.10426090059264985,
        0.11710174688063822,
        -0.001054084415885032,
        -0.053573173373817624,
        -0.09485762699828282,
        0.08869992232949561,
        -0.10092748960205876,
        0.12090986651309854,
        0.1425925044163926,
        -0.13560978185697434,
        0.004415286372643567,
        0.0017814598861923112,
        0.00042491639469330187,
        -0.26501502250126924,
        0.13591528647926937,
        0.0844859991807057,
        -0.08257305350147935,
        0.006465517943426943,
        -0.043023995830404976,
        -0.05369530027807513,
        -0.1659334542439372
    ],
    "statevector_imag": [
        -0.14449272804427343,
        -0.0549854998259054,
        -0.047453096534755455,
        0.17300309858887838,
        -0.08066039210048528,
        -0.09789797163516487,
        -0.14902627959831652,
        0.12477992473843455,
        0.17058596904817763,
        0.2364755456517419,
        -0.01034602273483911,
        -0.09000780513352558,
        -0.23027781557309937,
        0.07174558308358146,
        -0.11783343179584384,
        0.03906263301039527,
        -0.04027351665271026,
        0.1159211763648246,
        0.20738441211882316,
        -0.06262985581836007,
        0.07817811768350194,
        -0.0630504979421318,
        0.1982952878922917,
        0.001975855049646037,
        -0.07245950405028696,
        0.01466267337901423,
        0.15823071807829608,
        -0.14835861162975006,
        0.1274186235877158,
        -0.2578971416415809,
        0.03180384042264509,
        -0.26887791928705435
    ]
}