{
    "dataset": 2883,
    "last_cost_avg": 0.09553500346756383,
    "statevector_real": [
        0.018663935701727134,
        0.013246309533588903,
        -0.0971165375147165,
        -0.20264331100488964,
        -0.25156971417855106,
        -0.14489087616053417,
        0.12777826656665506,
        -0.12262453383084891,
        -0.1981086602933046,
        -0.09151073518113638,
        0.11996632778627009,
        -0.010802931063115064,
        -0.0791530429295269,
        -0.06480850347150534,
        0.0014100592502864337,
        -0.13387874790786022,
        -0.18880578408851,
        0.24122528889220865,
        -0.08240913016542481,
        0.04323199643534431,
        0.11620528526008625,
        0.09601319989179832,
        -0.11873335210358482,
        -0.10416840259936928,
        0.0962701704441876,
        0.04226861096942266,
        0.14809645166703048,
        0.05213077656616619,
        -0.007365625367035842,
        -0.0753106778859886,
        0.019439078250050437,
        -0.011231289788350408
    ],
    "statevector_imag": [
        -0.004152549380611557,
        -0.004333832919466909,
        0.08792201983497652,
        0.09145938562692997,
        0.02841025804277952,
        -0.08187510225006554,
        0.02794487555377045,
        -0.0406970124165441,
        -0.20857624195546118,
        -0.26204943577893436,
        0.1577409067923771,
        -0.21199123729561895,
        -0.2300052071993592,
        0.0836593046799759,
        0.030876799210906504,
        0.22418324314612834,
        -0.00987239093262768,
        0.11426541531730437,
        -0.12508311117157028,
        -0.13569882609226067,
        0.0005739392142355577,
        0.06293483842010765,
        -0.14968855997694971,
        -0.15725088572229926,
        0.1580761280696415,
        -0.07918633386016123,
        -0.08262055024593784,
        0.010877998842552411,
        0.013740686118505412,
        0.06642178073328572,
        0.2237017093151846,
        -0.20091714271681113
    ]
}