{
    "dataset": 382,
    "last_cost_avg": 0.08754874484084345,
    "statevector_real": [
        -0.21219535313896618,
        0.14334880314200057,
        -0.02684605406431221,
        0.15292517582597573,
        -0.09897920651032009,
        0.21182953385591302,
        -0.11157994510485889,
        -0.03242162346781593,
        0.2686208214240323,
        0.24355430730898384,
        -0.012482346879687726,
        0.09609348455839521,
        0.07891120015539992,
        0.10438939948377325,
        -0.12909556265605784,
        0.007875537675547854,
        -0.043441301963000147,
        -0.12745247900679132,
        -0.047049667884268766,
        -0.021397501743822146,
        0.005858912830105855,
        0.267928845019169,
        0.12353606973479693,
        -0.2035241568027211,
        -0.123497599480521,
        -0.182906188358913,
        0.09332929455165011,
        -0.019530081003882007,
        0.03430650969505281,
        -0.04300648965387178,
        -0.016522416954270144,
        -0.16088473597281133
    ],
    "statevector_imag": [
        0.1532185046765426,
        -0.024570333119596503,
        -0.07180659774811536,
        -0.036134303537602885,
        -0.020135257800122996,
        0.095923829459897,
        -0.18878196091066504,
        -0.11563208091747312,
        0.011686175671751281,
        0.10272639848939537,
        -0.0012960930022123047,
        0.18622072128784545,
        0.06702633669578463,
        0.13034432069112847,
        0.0019481944494030398,
        0.24194847538147626,
        0.065744116623718,
        -0.17504222068936962,
        0.12402833535215323,
        0.001733231919716478,
        -0.02055208501062742,
        -0.021347799541804168,
        -0.09338477736784073,
        0.08441141418038105,
        -0.16465816065771063,
        0.012919442891046183,
        -0.21529107938612194,
        -0.14319535273338035,
        -0.1945938528265391,
        -0.0006971397137172337,
        -0.007098604866780317,
        0.13216010839209524
    ]
}