{
    "dataset": 2141,
    "last_cost_avg": 0.07297744595475913,
    "statevector_real": [
        -0.05089799438720759,
        0.06049762574384745,
        -0.019896190057019716,
        0.06172518666904047,
        0.09973546954131679,
        0.08718422881921209,
        -0.05752257097571002,
        -0.06288208267494261,
        0.045151434252406884,
        -0.13154359363282825,
        0.058195795997388895,
        -0.10424775137579144,
        0.07654549380075344,
        0.1470706261788222,
        0.07212388955109338,
        -0.1052111752475686,
        -0.07119499154021348,
        -0.0003390487865104674,
        0.060995473161956595,
        -0.038568594022999295,
        -0.030869898912073167,
        -0.07644048981385212,
        0.01510101861935954,
        0.025275033130605442,
        -0.023384682363895903,
        -0.009943247716575416,
        0.14642148407222236,
        0.10044206772474944,
        -0.1186924003562926,
        -0.014865699966333733,
        0.022632068756509468,
        0.02042841887978622,
        0.13026638537378815,
        0.03504982935223798,
        0.025254191265248048,
        0.1423006933256156,
        0.1265713119084185,
        -0.012951817621473707,
        0.017863877906696062,
        0.11914688949082049,
        0.13800114415862172,
        0.08342460280998562,
        -0.0057815126184710885,
        0.046723813841989564,
        0.06891333402948048,
        -0.0646967052367289,
        -0.030246059861564967,
        -0.0932924981686,
        0.08115297994195109,
        0.04533853986931838,
        -0.13026674772869967,
        0.06242777184985959,
        0.10106223614749985,
        -0.0789739854122602,
        0.05619630127680447,
        -0.006848131785432984,
        0.160913349472056,
        0.02761625248780809,
        0.10031441733401433,
        0.0347562663342294,
        0.061355200538597325,
        -0.13349564242715825,
        -0.03967862648920118,
        0.14522779368368557
    ],
    "statevector_imag": [
        0.05201430858822385,
        -0.019123458924439455,
        -0.008381299318715368,
        -0.1142748265395099,
        -0.09655448379662337,
        0.06887714564631986,
        0.08839888519471699,
        0.050815165316065794,
        -0.13400492384433488,
        0.04992147372340891,
        -0.163405143436306,
        -0.04809299006347908,
        0.13529041038406595,
        -0.040730729715617295,
        -0.023793415859376728,
        0.10821974238749527,
        0.17844129314838583,
        -0.0431212387180292,
        -0.08187300338152209,
        0.0939555492674687,
        -0.07110620037972733,
        0.15690583999309501,
        -0.07897867910588395,
        -0.02391581728096353,
        -0.07069576850626284,
        0.04629791163222267,
        -0.041905676954452895,
        0.0013050885370782487,
        -0.03933268289339421,
        0.11749748428790939,
        0.028675568742235577,
        0.1775404044488361,
        0.010921924605821974,
        0.11106580086704414,
        -0.03770130864114371,
        0.02538796494591314,
        -0.014343005579761361,
        0.040795075294724197,
        -0.13480927392748585,
        0.03592995286970572,
        0.007920581874919383,
        -0.16624414785202762,
        -0.0028470004989329546,
        0.13304015297186453,
        -0.14083483943725672,
        -0.13435491059542315,
        -0.05342424732775975,
        0.06044172463175194,
        0.11141805616244231,
        -0.10417612976820627,
        -0.0011468786566421615,
        -0.1614490631721846,
        -0.0564893529512797,
        0.19328667865931204,
        0.12804722096030197,
        0.02671293476342895,
        -0.10007913477530937,
        0.056578158660990405,
        -0.1283578406533115,
        -0.0414643351934611,
        -0.08282965833363476,
        0.10651198119277604,
        -0.15531871188937582,
        0.055228451910162166
    ]
}