{
    "dataset": 0,
    "circuit_id": 12,
    "layer": 4,
    "num_params": 80,
    "expr": 0.01949457618464647,
    "entcap": 0.8008684431409928,
    "num_iter": 1024,
    "last_cost_avg": 0.10693969997234866
}