{
    "dataset": 0,
    "circuit_id": 3,
    "layer": 2,
    "num_params": 28,
    "expr": 0.11417873446397843,
    "entcap": 0.3551720636519144,
    "num_iter": 1024,
    "last_cost_avg": 0.09300770377753673,
    "accuracy": 0.9375
}