{
    "dataset": 2388,
    "last_cost_avg": 0.13851705886457472,
    "statevector_real": [
        -0.11093719589209404,
        0.08811391695490017,
        -0.04378302785169062,
        -0.21644396310635755,
        0.014218282531721627,
        -0.05953040638468272,
        -0.07305325222933737,
        0.049668639026778136,
        0.22403469068315213,
        0.004199371674454494,
        0.0373690105701698,
        0.05661788658185735,
        0.1623036001043452,
        -0.03968434763499546,
        -0.012774519357797902,
        -0.05431686443364673,
        0.14440727746665885,
        0.17311565306550003,
        0.09780174563719791,
        0.1145762455573526,
        -0.06424924164611899,
        0.06922437421877,
        -0.01572648995303852,
        -0.22563237047802287,
        0.1871272116075963,
        -0.18918653474745967,
        -0.1264414718215268,
        0.007657061940871103,
        -0.19806714528849603,
        0.03587121024346736,
        -0.22136340834451287,
        -0.025234059002550133
    ],
    "statevector_imag": [
        0.06890857578070789,
        -0.07387046852957013,
        0.033548401673628644,
        -0.006884886024149954,
        0.17225222472239124,
        0.1474283166165616,
        -0.17088732282369387,
        -0.08257158800202588,
        0.09491486571810372,
        0.10706427347941944,
        0.12981733204651302,
        -0.12483080606827791,
        -0.1425014418269989,
        -0.0881537171124071,
        -0.20207336433401463,
        0.009897099558012783,
        0.04944036940502488,
        -0.21587810305896718,
        0.1462725004668686,
        0.20996571568198985,
        0.04004857105889954,
        0.2308654951503245,
        -0.11902325691878564,
        -0.07293084238199236,
        0.03650737131507203,
        -0.1352462631859462,
        0.14798420042372096,
        0.18943304257169583,
        0.06459545499116377,
        -0.09692308822748089,
        -0.07243959792434401,
        -0.13156268219265133
    ]
}