{
    "dataset": 0,
    "circuit_id": 8,
    "layer": 1,
    "num_params": 24,
    "expr": 0.09002596133783414,
    "entcap": 0.32598138723393705,
    "num_iter": 132,
    "last_cost_avg": 0.098663330078125,
    "accuracy": 0.96875
}