{
    "dataset": 618,
    "last_cost_avg": 0.08038893395566823,
    "alpha": [
        0.04284579462767257,
        0.011054928109200893,
        0.041708474899304036,
        0.012200736830124397,
        0.018916766222950025,
        0.029436443776963174,
        0.0007584316410417654,
        0.06742953321814352,
        0.016582747610890885,
        0.020577284904628165,
        0.10639621302027828,
        0.02146311974853234,
        0.00013099008496175035,
        0.03197180003100406,
        0.008515808052071697,
        0.0001266166401134721,
        0.02324525031264961,
        0.007790620153153304,
        0.08222305598579108,
        0.02520456618225599,
        0.10565997710950646,
        0.0141487017813797,
        0.07976922125598956,
        0.019170345750632173,
        0.03551385415318621,
        0.00023164857001409743,
        0.00011965425026006112,
        0.035525612249063004,
        0.02801070531076124,
        0.06641779695323245,
        0.013676867806898097,
        0.03317643275734595
    ]
}