{
    "dataset": 2133,
    "last_cost_avg": 0.07495239540097118,
    "statevector_real": [
        -0.07616754512376746,
        0.15442173768768894,
        -0.08851279760348903,
        0.07029296126879142,
        0.0477252320619941,
        0.11608987795452216,
        -0.08511330589138988,
        -0.062063762179145325,
        0.02132159341515181,
        -0.06353455878633148,
        0.04378443152015511,
        -0.12229745974387977,
        0.021453540265282702,
        0.11726617433713767,
        0.08945649277771824,
        -0.024426947320194483,
        -0.06511298652800043,
        -0.00010199922931242847,
        0.09155793679077459,
        -0.04833140692266944,
        -0.025326108483662887,
        -0.07278126014104226,
        0.0347580799208599,
        0.007231343895284036,
        -0.04146413495644963,
        -0.03164199629828141,
        0.12316524338698945,
        0.15806156357290083,
        -0.09412922180286598,
        -0.01582606880147308,
        0.08219935340730365,
        0.016856978065091323,
        0.17233061096408733,
        0.06851157547236707,
        0.011387691571631137,
        0.09644592622661775,
        0.10513415442317442,
        -0.05995936231624312,
        0.0014094462386907082,
        0.12318666477553336,
        0.1974590840694994,
        0.037028627952876585,
        -0.1092577242733723,
        0.05327074355079301,
        0.053857771348255694,
        -0.04795224207072028,
        -0.03941947297701533,
        -0.13338655272900646,
        0.04752312620546888,
        0.02006863705533497,
        -0.08285112339105981,
        0.054198197888954316,
        0.061916858870715206,
        -0.054381449340951536,
        0.05818492439665572,
        -0.04359794214923383,
        0.11409832736325136,
        0.05305038432863354,
        0.08847338689740664,
        0.025779796793679657,
        0.006583091657912216,
        -0.0988328892136829,
        -0.013635255640891507,
        0.1475860795768798
    ],
    "statevector_imag": [
        0.07783808073724102,
        -0.048813118224088466,
        -0.037286146147863915,
        -0.1301367624695836,
        -0.04620307265822755,
        0.09171314055570473,
        0.13079946233997292,
        0.05015387851533401,
        -0.0632803486565874,
        0.024111693465159224,
        -0.12294017446121148,
        -0.056419926939709396,
        0.03791808142535767,
        -0.032476484093451094,
        -0.02951138031003922,
        0.025125448319383306,
        0.16319751242960795,
        -0.01297256705002376,
        -0.12289638689370265,
        0.11773838272613844,
        -0.05833654816322507,
        0.14939470934835333,
        -0.18178556755681216,
        -0.006842463802194088,
        -0.1253529485916541,
        0.14733197746274196,
        -0.03524976497879181,
        0.002053764318521971,
        -0.031192854985326045,
        0.1250881744251336,
        0.10414925982055864,
        0.14650153401851487,
        0.014448715490371833,
        0.21709928804590659,
        -0.017000381051323264,
        0.01720698428794464,
        -0.011913756291047713,
        0.18885740764750408,
        -0.010636348113782093,
        0.03714818807671982,
        0.011333173009938037,
        -0.07378869653328349,
        -0.05380197468129518,
        0.15168170763820266,
        -0.11006651596678318,
        -0.09958187472898049,
        -0.06962743853225463,
        0.08641759463933811,
        0.0652463328932991,
        -0.04611248937821252,
        -0.0007294277837804519,
        -0.14016595523923106,
        -0.03460880569946633,
        0.1330971163342145,
        0.13257843846481523,
        0.1700652120815746,
        -0.07096280028530005,
        0.1086857481078229,
        -0.11320658783894919,
        -0.030755378762295556,
        -0.008887188502641245,
        0.07885565884968489,
        -0.05337408397949439,
        0.056125280786639975
    ]
}