{
    "dataset": 0,
    "circuit_id": 1,
    "layer": 4,
    "num_params": 48,
    "expr": 0.1768301724802238,
    "entcap": 2.0975467034206237e-31,
    "num_iter": 1024,
    "last_cost_avg": 0.1419713451822501
}