{
    "dataset": 0,
    "circuit_id": 13,
    "layer": 4,
    "num_params": 48,
    "expr": 0.03453237895001214,
    "entcap": 0.633221418038261,
    "num_iter": 46,
    "last_cost_avg": 0.16021728515625,
    "accuracy": 0.890625
}