{
    "dataset": 710,
    "last_cost_avg": 0.10676546701318718,
    "alpha": [
        0.02111230730122963,
        0.03361005087104217,
        0.0368502079125717,
        0.024278709172524792,
        0.014725899517950038,
        0.02162636690744231,
        0.014318009325575212,
        0.01592842894416329,
        0.02965752468269218,
        0.004039928604212951,
        0.07717982994966084,
        0.010925887199897366,
        0.022101505862666425,
        0.01226167481562286,
        0.04734021401635893,
        0.04624429846686331,
        0.02975294851762826,
        0.044801697754979504,
        0.060400471652832355,
        0.04209037375751716,
        0.04364726064082465,
        0.009485503502972071,
        0.036862409990060074,
        0.046722581566684844,
        0.04240626089240701,
        0.05291343962676037,
        0.012151230288811028,
        0.039612935791200114,
        0.01385539457284004,
        0.04927710847538493,
        0.000776024975701948,
        0.04304351444292153
    ]
}