{
    "dataset": 0,
    "circuit_id": 6,
    "layer": 3,
    "num_params": 162,
    "expr": 0.003677534419917642,
    "entcap": 0.9527171384722247,
    "num_iter": 1024,
    "last_cost_avg": 0.10421640262758695
}