{
    "dataset": 2687,
    "last_cost_avg": 0.0860062778802127,
    "statevector_real": [
        -0.05252081995038611,
        0.003380566628523556,
        -0.14229001787286782,
        0.07019206288162418,
        -0.06871382186405448,
        -0.21319236118831233,
        -0.1367761169244867,
        -0.019860226170460023,
        -0.1257687720104706,
        -0.027459490658656785,
        -0.023443593702487966,
        0.006828383573642845,
        -0.06780363294644783,
        -0.15959452776040411,
        -0.11298685557638143,
        0.16988387227168283,
        0.02689377069894786,
        -0.16613359207184128,
        0.130441227499706,
        0.23228723861067344,
        -0.1754651187971178,
        0.03006379169337827,
        0.14417830803576864,
        0.11631035201974921,
        -0.1497338937353387,
        -0.18164880484258933,
        0.08562200872311314,
        -0.05975854426603914,
        0.1105316182924256,
        -0.2621767753329798,
        -0.028871951867834512,
        -0.016080292737141195
    ],
    "statevector_imag": [
        0.1564471159203301,
        -0.10736341080565252,
        0.1625038076627175,
        -0.06839553259988217,
        -0.0886762333075896,
        -0.12049705178434274,
        -0.11425543265104718,
        -0.0816704809636415,
        0.06751494937239493,
        0.06552837799076155,
        -0.19627082128796183,
        0.0147154121593162,
        -0.003174199844133102,
        0.19403587037532238,
        -0.20007657008434554,
        0.01311590925082851,
        0.18888921656318539,
        -0.18217416364491915,
        -0.12054989379740919,
        0.07395585873327352,
        -0.19725285400702258,
        0.1661137767668699,
        0.03211777800240193,
        0.03625073664577409,
        -0.008313170862573991,
        -0.07520951603357165,
        0.17080416073717705,
        0.046335144160300795,
        -0.1302788732500694,
        0.03571489725998172,
        -0.0788092242150763,
        -0.21536132282981066
    ]
}