{"f": [0.04791259765625, 0.0435791015625, 0.03070068359375, 0.0802001953125, 0.13018798828125, 0.06451416015625, 0.03631591796875, 0.10205078125, 0.0091552734375, 0.10040283203125, 0.04571533203125, 0.00299072265625, 0.04473876953125, 0.02362060546875, 0.02972412109375, 0.1173095703125, 0.0697021484375, 0.02093505859375, 0.00653076171875, 0.0106201171875, 0.056396484375, 0.1240234375, 0.03515625, 0.025146484375, 0.0794677734375, 0.0316162109375, 0.056884765625, 0.09832763671875, 0.04296875, 0.01611328125, 0.1224365234375, 0.042236328125, 0.02362060546875, 0.0340576171875, 0.1026611328125, 0.02276611328125, 0.07855224609375, 0.10406494140625, 0.041259765625, 0.109619140625, 0.01531982421875, 0.0302734375, 0.05291748046875, 0.0457763671875, 0.02593994140625, 0.03662109375, 0.09918212890625, 0.0380859375, 0.0927734375, 0.07037353515625, 0.0458984375, 0.0576171875, 0.02227783203125, 0.14404296875, 0.0546875, 0.09405517578125, 0.030517578125, 0.15411376953125, 0.06524658203125, 0.14990234375, 0.088134765625, 0.1505126953125, 0.0281982421875, 0.0233154296875], "accuracy": 0.34375}