{
    "dataset": 599,
    "last_cost_avg": 0.13128625484138073,
    "statevector_real": [
        0.16260573865886913,
        0.004566931236049585,
        -0.03293884810576163,
        0.14409803425979867,
        0.09399106584072964,
        0.0402359860480905,
        -0.10729162037175867,
        -0.011490350993666736,
        0.018105212161575002,
        0.15768243096563786,
        -0.015308386217255667,
        -0.13331766615865928,
        0.14891952539716805,
        -0.009197006428316232,
        -0.046644575941656184,
        -0.06499044996148495,
        -0.2052874058413382,
        -0.016016243016333934,
        -0.13187823251286804,
        -0.11809002191917335,
        -0.19662459785987757,
        0.1604238036788545,
        -0.07499763747480193,
        0.20333235846616923,
        -0.12945266739524652,
        0.23270333271402618,
        -0.11609675857560708,
        -0.13279934568048363,
        0.174093986366715,
        -0.07113907123738761,
        -0.14222349370087423,
        0.006485487932735891
    ],
    "statevector_imag": [
        -0.009858922318677006,
        0.02907297785597149,
        0.10589530584285282,
        0.08885296883898067,
        0.12652541397468026,
        -0.22319715331019083,
        0.1469714485920974,
        -0.1717625929995687,
        0.12670622837354703,
        -0.0114759521891891,
        0.1983083861683673,
        -0.19010024903400352,
        0.05693547557789178,
        -0.15268756924980761,
        -0.0416557230746049,
        0.050002611510886606,
        -0.11236147854054641,
        0.06362187841680092,
        0.0431414810653223,
        -0.14936656960546105,
        0.151413201863114,
        0.11958878172986799,
        0.15230496483845293,
        -0.08094255514485245,
        -0.1942475072696005,
        0.12047661449468815,
        -0.17665338841728787,
        -0.24547723251319573,
        0.0027962642289211053,
        0.05351143894561065,
        -0.028915010636398467,
        0.017518472630311987
    ]
}