{
    "dataset": 0,
    "circuit_id": 19,
    "layer": 1,
    "num_params": 18,
    "expr": 0.13502838810087517,
    "entcap": 0.37468473865461893,
    "num_iter": 1024,
    "last_cost_avg": 0.07091140747070312
}