{
    "dataset": 17,
    "last_cost_avg": 0.09070123150370264,
    "statevector_real": [
        0.03455445004934438,
        -0.12070888840953375,
        -0.07078048468389109,
        -0.06858731006060442,
        0.013601587568688086,
        -0.003797431270684298,
        0.10843576612405939,
        0.1944367297195516,
        0.13127442673592063,
        -0.0956650613449655,
        0.13477166616343456,
        0.08869604670134018,
        -0.003740420856089645,
        -0.16880921566798893,
        0.0017700973986177944,
        -0.07347557797035877,
        -0.11254891982756499,
        0.038000700533706425,
        -0.03551734921078629,
        0.020816367834598715,
        0.027405586735885522,
        -0.05427572877275919,
        -0.12705907496855987,
        0.11399581369509555,
        0.01926872730040448,
        -0.06383397122649499,
        0.10824792991864829,
        -0.03524621966621651,
        -0.10667215115018398,
        0.021562057648021004,
        0.1604694949846207,
        0.03481610397595973,
        -0.09898753194769645,
        0.016266730533777432,
        0.0927669452567697,
        -0.02368165877328763,
        -0.12562613739074768,
        -0.0120500005042715,
        0.1979442101624475,
        0.020608660026238852,
        0.09070141785207557,
        -0.1324746083694738,
        -0.12471252055426701,
        0.05638885841295971,
        0.023128102462034252,
        0.17787174373380144,
        -0.11914686660787843,
        -0.10003399543383867,
        -0.06377483144483044,
        0.07130668647970638,
        -0.0002411017719415758,
        0.00206395113795897,
        0.11855597599780576,
        0.11401459681080918,
        -0.03262164688739402,
        0.14987142924355182,
        0.11718095246874141,
        0.10782434300837716,
        -0.0221588517918651,
        -0.14861685098654046,
        0.02000387136413178,
        0.10690506060044068,
        0.07935743777076282,
        0.023748387230901807
    ],
    "statevector_imag": [
        0.009088069965940766,
        -0.002449385017587664,
        -0.02840463739360246,
        -0.11474255066993934,
        -0.0353746351902524,
        0.003365742024860513,
        0.059795980472461034,
        0.0008369319817707528,
        0.06822886526573309,
        -0.05726377843129597,
        -0.12033023040412515,
        0.10103028152303678,
        -0.15905512117058027,
        -0.000108916023433149,
        0.00205285703744152,
        0.012330711549092387,
        -0.10120997333224863,
        0.11038085177492336,
        0.07890753562823478,
        0.0628013489375444,
        -0.03256245454886139,
        -0.00036576607327221523,
        0.11055127678999048,
        -0.14248505708474385,
        -0.10680165615694873,
        0.02527794841514237,
        0.1577382912336935,
        -0.09367373431222253,
        0.0994801482693231,
        0.009507994911462106,
        -0.00018884860790097406,
        -0.05500534558889141,
        -0.08545767626973418,
        -0.05422058938526428,
        -0.1923791416038783,
        0.021844767765623566,
        -0.03073404086843056,
        0.017174489874270976,
        0.08162112540675882,
        -0.025938801286165845,
        0.020567472829627738,
        0.14504731418322697,
        0.11475444021412237,
        0.08338216880215489,
        0.17101975625773386,
        0.014291064853776693,
        -0.08405731259882782,
        0.013954450898252275,
        0.05912308738970323,
        -0.0519046543843659,
        0.021738715704820305,
        -0.020406192306268056,
        -0.04532938230305928,
        -0.10554085143832345,
        0.07237969925402817,
        0.053486832242956785,
        -0.11455847377049601,
        -0.0653504887092382,
        -0.11083957948553202,
        0.04341098320675538,
        0.13676069267343383,
        0.07419338315421231,
        0.018806814939083857,
        0.1029344487872437
    ]
}