{
    "dataset": 2482,
    "last_cost_avg": 0.10323270330383863,
    "statevector_real": [
        0.040673915239981755,
        0.11404713285660059,
        -0.022675208056418518,
        -0.16415874889716695,
        -0.0346346784854885,
        -0.05178330342311821,
        0.22374397977098873,
        0.1593429090904943,
        0.06792628610675533,
        0.03466937703461784,
        0.06547129747583154,
        0.18970416915721386,
        0.2283328302994316,
        -0.1366684857226386,
        0.0518919394946904,
        0.0501181864081533,
        0.13286557241226027,
        0.09423655662629664,
        0.03337433082768238,
        0.20537034061046378,
        -0.17949911217629835,
        -0.11113525098396515,
        0.03757512514182345,
        0.1164883127378106,
        0.03764115573653894,
        0.04034338949300465,
        0.09987176748691437,
        0.19956506142079775,
        -0.0038301916840632728,
        -0.05725743409598882,
        -0.048119378359562315,
        0.17237823892770746
    ],
    "statevector_imag": [
        0.15466536003783488,
        0.1641533411133377,
        -0.2131156687651252,
        -0.014693674163612076,
        0.027021804519397324,
        0.23615353588916177,
        0.029206618756595238,
        0.10922242798697292,
        0.09530960449527974,
        0.10016435512870327,
        -0.01711279913135735,
        0.20920293760420786,
        -0.08392058333834194,
        0.06333137297018059,
        0.12666175050822165,
        0.02146544281480508,
        0.004489369351098056,
        -0.10474542876413648,
        -0.034332896405889254,
        0.15648150180446405,
        -0.0899465150410149,
        -0.2386847277778597,
        0.1197855885987213,
        0.19765419623723388,
        -0.01710454915028017,
        0.2582279902200667,
        0.01950097451636345,
        -0.01940817830205534,
        0.16609388465163807,
        -0.14210194928681463,
        -0.10254041039279292,
        -0.03485309096705021
    ]
}