{
    "dataset": 3842,
    "last_cost_avg": 0.06016016143164724,
    "statevector_real": [
        -0.05324671885842821,
        0.02397363654489298,
        0.06157131586189069,
        -0.1935215252730694,
        0.16842657461976565,
        -0.11263118262283854,
        0.0183482106362849,
        -0.12168725689821529,
        0.008291439229578647,
        -0.22368997704143911,
        -0.06397288456758632,
        -0.1260986193683169,
        0.05314687662337142,
        0.02509578632118051,
        -0.10829716884657399,
        0.15790224768367025,
        0.04456269394775977,
        0.1286631660598053,
        -0.19068660177495284,
        -0.15185378875573913,
        0.17661007108597748,
        -0.1253651536898778,
        -0.09571151222804526,
        0.09169078928654638,
        0.01263370812745819,
        -0.11574650763144353,
        -0.15689992221557178,
        -0.0884609252055688,
        -0.04987900552097729,
        -0.007533179128874017,
        0.20958791755146766,
        -0.03133242659867091
    ],
    "statevector_imag": [
        -0.026910924530626195,
        -0.3104046345486112,
        -0.02944326596227388,
        0.0354852279998312,
        -0.06376592128593003,
        -0.23661043928602937,
        -0.2064372429446189,
        0.09006651599028023,
        0.03335206421386393,
        -0.15168157104638957,
        -0.1469273598111326,
        0.06366140839471,
        -0.11188906429206219,
        0.16972933864811682,
        0.07878852903843661,
        -0.08547795958096706,
        -0.10661383369702622,
        -0.03688405364561636,
        0.0038550868090358958,
        -0.034679969715151554,
        -0.045447569685712896,
        -0.13803689703177544,
        -0.0664452316231539,
        0.02920116505930101,
        -0.00610993601591638,
        0.16346102257777206,
        -0.03662948142918751,
        -0.29318043982688113,
        -0.09464070099885785,
        0.006583749720753181,
        0.1748905264387976,
        0.21093160542708134
    ]
}