{
    "dataset": 690,
    "last_cost_avg": 0.07006058867282089,
    "statevector_real": [
        -0.03198356771257373,
        -0.10263338717264349,
        0.06568083473721531,
        0.13506603286030253,
        -0.09155819183423772,
        0.057299311705519815,
        -0.14096768927191494,
        -0.02561446336571838,
        -0.06203974863224683,
        -0.07673757259025746,
        0.004329210528850369,
        -0.0031353894975478256,
        0.09718513400657776,
        -0.0005949298341792809,
        0.06674538481502891,
        -0.05445769811028897,
        0.06100164195748361,
        -0.10273528576456875,
        -0.11106020315037071,
        -0.1631558235352298,
        -0.05059776170491014,
        -0.0632507050307409,
        -0.02115442893130449,
        -0.12114260669953307,
        -0.13904679193926697,
        -0.024188844553346658,
        0.0044852948784786075,
        0.04935390699500701,
        -0.03291326463662921,
        0.18136421027933072,
        -0.021051587193264398,
        0.017753701651115197,
        0.02145555698478725,
        -0.031934133607245355,
        -0.15511251341311702,
        0.15648662045148742,
        -0.05519815214370824,
        -0.03351788138841504,
        -0.03874983024995727,
        0.0006052955796142476,
        -0.023400357787562682,
        0.06580816815603374,
        0.03635648378553588,
        0.17882038824503924,
        0.008991944469238669,
        0.14502733953414826,
        0.03484346684869095,
        -0.0985018868988697,
        -0.11706195886860643,
        -0.1352545860288745,
        -0.07751547601667369,
        0.1056834939978617,
        0.11868308669741524,
        0.011584533568301221,
        0.1355524110436974,
        0.022294698826265433,
        0.14228836116700647,
        0.1459233015839264,
        -0.08901410828207493,
        0.1327228205716245,
        0.0232270216628263,
        0.006888420694818006,
        -0.11177087417339125,
        -0.00017876200398714572
    ],
    "statevector_imag": [
        -0.052716903832178794,
        0.03420041794520266,
        -0.10682021805939147,
        -0.0844219504095083,
        0.13578659969951645,
        0.0319350859601681,
        0.12603622849207538,
        -0.02650889334714221,
        -0.01335300373053174,
        -0.022979199863972264,
        -0.009125038283040735,
        -0.12506806971565754,
        0.06146861774594682,
        0.0013104314885996704,
        -0.1629047097144012,
        -0.0970600707963637,
        0.03705122870737458,
        -0.048868761210779904,
        -0.02448093617261414,
        0.049545924081606886,
        -0.07837002421562278,
        0.1830812998622855,
        -0.00945561695561031,
        -0.12789330635818782,
        -0.08428823748228656,
        0.07224075451182185,
        0.1261922601351577,
        -0.0205088841660931,
        0.05635031310397942,
        0.1053932053007642,
        0.013703044938968139,
        -0.17124035670915722,
        0.006538150044342062,
        -0.13464543214529037,
        -0.03521091006583778,
        -0.0738576851018109,
        -0.10098697140576054,
        0.018857250619344696,
        -0.13783438797985817,
        0.029020283785873943,
        -0.04393568978868098,
        -0.066082626357349,
        0.14872446502972383,
        0.05646303986279039,
        -0.17243535326092865,
        -0.10110936593949042,
        -0.0033119777857233534,
        0.09938525839612933,
        0.11385960263573836,
        -0.04157983624358333,
        0.027388841013466097,
        -0.10899666901230211,
        0.07981819633354739,
        -0.008964917810474773,
        0.02935215998967093,
        -0.005231602541962374,
        -0.06400819727194572,
        0.12734136713523264,
        -0.13108572832965318,
        0.10510240801893453,
        0.1014577159538108,
        -0.002009289913132663,
        -0.07992157782329246,
        0.00395597775289474
    ]
}