{
    "dataset": 405,
    "last_cost_avg": 0.09176191102937219,
    "alpha": [
        0.07461323080871825,
        0.00551531997395222,
        0.043378006219255194,
        0.02044861185080859,
        0.009464426923323175,
        0.04491876144088761,
        0.032425971861410066,
        0.04391415884004812,
        0.034578272803448676,
        0.0035527033652417972,
        0.07137711664490763,
        0.005424546951854809,
        0.0288165124478063,
        0.02460821057278882,
        0.013655720953891705,
        0.00018801283875867486,
        0.044723451821679486,
        0.04357593387486343,
        0.06262976541231105,
        0.044349327922765316,
        0.06198514826889579,
        0.029031609584413216,
        0.057541584718739464,
        0.015494093638594737,
        0.02329944793902313,
        0.00318245370242937,
        0.001860889504160732,
        0.04577948633882164,
        0.01834184044713037,
        0.04256201775643812,
        0.03204787016429567,
        0.016715494408336744
    ]
}