{
    "circuit_id": 1,
    "layer": 4,
    "num_params": 40,
    "expr": 0.24870396600649491,
    "entcap": 1.5991595290405296e-31,
    "num_iter": 1024,
    "last_cost_avg": 0.13963993768860872,
    "accuracy": 0.8125
}