{
    "dataset": 0,
    "circuit_id": 12,
    "layer": 8,
    "num_params": 160,
    "expr": 0.012190678163771387,
    "entcap": 0.9066784155462663,
    "num_iter": 1024,
    "last_cost_avg": 0.0613861083984375
}