{
    "dataset": 2834,
    "last_cost_avg": 0.09449620847679426,
    "statevector_real": [
        0.09747643366801419,
        -0.004852250408745053,
        0.18871627706467564,
        0.04750427742109441,
        0.0035424967344355146,
        0.20572051663204802,
        -0.13283066292357884,
        0.19801925646102253,
        0.03661375345722334,
        0.020155608075803834,
        -0.09528767502513612,
        0.0043362999311219496,
        -0.14638624680037807,
        0.002828088856160582,
        -0.07259616893080563,
        -0.06519701153479257,
        -0.04850504528810127,
        0.08528873835232025,
        0.015416090553108271,
        -0.10042605364356687,
        0.12423750307874933,
        -0.16163831422996344,
        0.09014598083012525,
        -0.19569034695642545,
        0.11230347811617185,
        0.10750655385579454,
        -0.21642760957621826,
        0.21361098609236281,
        0.1841867926016471,
        0.1323838787565545,
        -0.021066718125287525,
        -0.20655803492303257
    ],
    "statevector_imag": [
        -0.18201221740262613,
        0.0047922762470940915,
        -0.09834279569072205,
        -0.1744972567791417,
        0.20165030105839285,
        -0.07063812524834684,
        0.015316958235042097,
        0.04051161913660319,
        -0.15393912653266753,
        -0.2308403490975976,
        0.20673765322341475,
        0.006880151811537946,
        0.06277799468711781,
        0.0982542714204969,
        -0.012498374975572286,
        -0.1753982449573826,
        0.198814696527555,
        -0.13301221236306096,
        -0.008451068332570309,
        -0.1903368186132868,
        0.018611049984857717,
        -0.15480277131257167,
        -0.043453868469181846,
        0.032850550545604325,
        0.1504417936403158,
        -0.10890100220565258,
        -0.05015554079792878,
        0.036482157653058934,
        -0.1339612425970636,
        0.15962961555124755,
        0.01243676288538643,
        0.06835829994988112
    ]
}