{
    "dataset": 3406,
    "last_cost_avg": 0.14021773155711179,
    "statevector_real": [
        -0.044380324934656316,
        -0.11576219010529835,
        0.20305325022813828,
        -0.14670584160891062,
        -0.15337362985481137,
        -0.06144714078437101,
        -0.048882553060834846,
        -0.14645374323529325,
        0.012678623139707116,
        -0.0340560642344126,
        -0.06223294596564725,
        0.08566748869435205,
        0.17988495304531255,
        -0.14762735801066626,
        -0.016078517411067892,
        -0.1557699545058503,
        -0.07239282935250049,
        -0.06865514136845284,
        -0.09489866971181314,
        0.18822358281723536,
        0.07996002424581072,
        0.08484098131237021,
        -0.08253343098010885,
        -0.032839171265974354,
        -0.1671900452724336,
        -0.039745458182201245,
        0.01570663663762873,
        -0.1814828603192255,
        -0.10614042637694655,
        0.1484528612457903,
        0.023326929666198204,
        0.05999614130284128
    ],
    "statevector_imag": [
        0.2314086249898088,
        0.18876249492528252,
        -0.07459668107622322,
        -0.05918882438674358,
        0.052328654972780664,
        0.21042297415427735,
        0.19912096849253538,
        0.1646831522371356,
        -0.034682477824396395,
        0.20192672622994406,
        0.07555800668713307,
        -0.13786945426781322,
        0.01000353289465913,
        0.1697685431414249,
        -0.02184298095350336,
        0.01365519549322015,
        -0.12029978097722098,
        -0.19125030515999047,
        -0.0841596515923268,
        -0.11487872815662684,
        -0.06711969455398599,
        0.02313846175445632,
        -0.04533637693377937,
        -0.21102817254940567,
        0.08643085338457218,
        -0.08216128903481665,
        0.2259060361330223,
        -0.0048805635990483084,
        0.09526292827181465,
        -0.03709501924180732,
        -0.21356511890643462,
        -0.2255829392796541
    ]
}