{
    "dataset": 388,
    "last_cost_avg": 0.10387970969046459,
    "alpha": [
        0.06380602051037894,
        8.347842605161596e-05,
        0.021236746588143098,
        0.04427637549062017,
        0.006773508959507271,
        0.024646069120700116,
        0.05330642357764262,
        0.0316536912199143,
        0.016285245110576576,
        0.019330424621254047,
        0.07566907624245033,
        0.022693204496189407,
        0.05196504009465491,
        0.058627016405738155,
        0.04990810059295022,
        0.013853224203180598,
        0.016816350931635922,
        0.031822997476883365,
        0.03443071495681025,
        0.0075389994451702195,
        0.05977885253040033,
        0.04267649869896542,
        0.03397470749559827,
        0.009918996584937386,
        0.026276585334116326,
        6.373388106962346e-05,
        0.02347192144340654,
        0.023802575278253763,
        0.0512625513582279,
        0.031600033092750765,
        0.025693704893030394,
        0.026757130938790966
    ]
}