{
    "dataset": 1200,
    "last_cost_avg": 0.08246002463367015,
    "statevector_real": [
        -0.04765596778655067,
        -0.1108823849891961,
        0.07824334270655764,
        0.10442434441654254,
        0.009753389558196525,
        0.10942454845416594,
        0.17262475299732574,
        0.024190496837251607,
        0.04605816261211392,
        -0.024917441438271633,
        0.07495565531882288,
        0.12047511369810242,
        -0.07097333094731428,
        -0.10994570786267532,
        0.14346718929979727,
        0.051751551390996506,
        0.08632637629790889,
        -0.05657164321312211,
        0.07361717296522909,
        -0.034712756945288345,
        0.11453225032880299,
        -0.17173391239336774,
        -0.13071123737809737,
        0.12199862927919007,
        0.005674672035612501,
        -0.12616841855441654,
        -0.00970152648679065,
        -0.15780862191818879,
        0.00936911936585434,
        -0.06187047248542093,
        0.08491253309516789,
        0.12609797183056692,
        -0.032400002601598615,
        -0.08177728932140362,
        -0.1305627170677224,
        0.011092734141263248,
        -0.013564906209241332,
        0.1519474655209003,
        0.03518703060348943,
        0.04579343292500061,
        0.0958158761123343,
        0.04946369951190671,
        -0.11068037231075753,
        0.017228603882742482,
        0.13762288773762027,
        -0.0704763094804197,
        0.08731289993352773,
        -0.03197777263527386,
        -0.070800300674425,
        0.00660002058763027,
        -0.07032432916361986,
        0.0702937132710494,
        -0.029590390389284286,
        -0.021520275619267937,
        0.03291121325211077,
        -0.08271292061516357,
        0.059408338072966624,
        -0.20217993126147557,
        0.025227449694003264,
        0.02562233299655847,
        -0.012185629360184696,
        -0.08640710303499016,
        0.0620040247417134,
        0.06633456028701006
    ],
    "statevector_imag": [
        -0.1160502809490335,
        0.08873509981776545,
        0.07839307431365865,
        -0.011700150406231697,
        -0.009078027385584277,
        -0.04552767268226871,
        0.11726748423994218,
        0.09727637683326153,
        -0.059308745197244994,
        0.19311571170936653,
        0.023760786198987062,
        -0.08941583031249989,
        0.16377127045147596,
        0.1081788318588877,
        0.11385982222733146,
        0.14159665433128277,
        -0.11527917460535812,
        0.09185402628638424,
        -0.03985455314826028,
        -0.0895337464785368,
        0.018930541632697976,
        -0.019293421958499885,
        0.09275744217623536,
        0.116421310839454,
        -0.028954293216600948,
        -0.028126367160883032,
        0.09989940755334546,
        -0.09839712870404489,
        0.016617993477660686,
        0.12062467028408211,
        0.04357558559017951,
        0.02459457370565568,
        -0.02809303390334003,
        0.12471888776218383,
        0.15013324530681527,
        0.0027268571996511793,
        0.013259811671881382,
        -0.020818204472251578,
        -0.13636531003787541,
        0.06435577525765845,
        0.09162385455103884,
        -0.05675743719707205,
        0.09506080644603057,
        0.013971569181123104,
        0.01151717278433795,
        -0.012493841122715137,
        0.11468832477098251,
        0.09766464165384989,
        0.1238211026557714,
        0.003954317699961233,
        -0.14122855029102308,
        0.003338146466802192,
        0.05194985000710421,
        0.16653086859938576,
        0.09381437947379002,
        0.06836427872770189,
        -0.0691893426881866,
        -0.022556034296115527,
        -0.12729001911578752,
        -0.023735172102877868,
        0.001525475502529489,
        -0.08561940126205435,
        -0.1552646940136947,
        0.05773953918920759
    ]
}