{
    "dataset": 1024,
    "last_cost_avg": 0.11087932603196715,
    "statevector_real": [
        0.17257316526826538,
        0.16911420583881354,
        0.03510144919141602,
        -0.12349942005140818,
        0.10190167446716267,
        -0.05723037561962372,
        -0.13844902810113827,
        -0.1277253262779986,
        -0.024970393269706383,
        0.06010603754158188,
        0.016559109325861538,
        -0.19524025705311523,
        0.002844014910793054,
        -0.16397857893341342,
        0.14771540597939992,
        0.11590767260546365,
        0.0678797144894087,
        0.01834502829583007,
        -0.16775185029800907,
        0.1312398090495905,
        -0.05690170065524615,
        -0.044406838461959544,
        0.08491387185383391,
        0.13787422065675523,
        0.13853809712425844,
        0.21547827139406478,
        -0.04472749167099916,
        0.06780092134624703,
        -0.12731030860796838,
        -0.1378002628738779,
        0.0009396967803194523,
        -0.20446969473455975
    ],
    "statevector_imag": [
        0.1217751945201847,
        -0.021530888234974153,
        -0.14223891950945078,
        0.10942711095870279,
        -0.1375342083776846,
        -0.1357627558632992,
        0.027176606686398555,
        -0.2501446852388795,
        -0.19064978315997055,
        0.1176790186429369,
        0.004637261212464086,
        -0.019791129387491935,
        -0.28384433791295854,
        0.11407462340051547,
        0.13069067546646937,
        0.16404420857759794,
        -0.05636976283986083,
        -0.1965753974462211,
        0.0011157823178578148,
        -0.06406385810308898,
        -0.14609411417434118,
        -0.08826968668846147,
        -0.08108673325807515,
        0.09889247456573363,
        0.039957752536603004,
        0.04946845068352359,
        -0.03490535644609,
        -0.2138272640169385,
        0.16106778530735025,
        -0.0019278823173734271,
        0.18694023381571806,
        0.024870945806510433
    ]
}