{
    "dataset": 2260,
    "last_cost_avg": 0.09083049776218641,
    "statevector_real": [
        0.15618007067998702,
        -0.010925585008704781,
        -0.14524383527759888,
        0.05593143499038357,
        0.15269475347985628,
        0.0012771326471836034,
        -0.05709842556998241,
        0.10454090167935548,
        -0.13460153712930514,
        -0.09149038187579275,
        -0.143426733559517,
        0.16087551669123243,
        -0.06537186511487586,
        0.10912062024406619,
        0.08560418613503364,
        -0.11137716719134981,
        -0.12555954980670464,
        -0.005056871741957873,
        0.012790383871530975,
        -0.13627097921538828,
        -0.10590228705052299,
        -0.1592208631320007,
        -0.06539120006280764,
        -0.021632289623780283,
        0.03392321680270887,
        0.10703196234478778,
        -0.1116163276323387,
        -0.026628663481668015,
        -0.08795802708419412,
        0.006618760132148811,
        -0.034459150132993596,
        -0.00250820788501021,
        0.08891392773047359,
        -0.03888163787604838,
        0.009350232725844497,
        -0.09773888380071312,
        -0.011710164890461675,
        0.05557971377073737,
        -0.09322767391589426,
        -0.036952215566152365,
        0.0677389497755288,
        -0.004107249794780084,
        0.05540141002630652,
        0.12868391237975438,
        0.005842862443518565,
        -0.011680297566542923,
        0.08966341474552975,
        0.1563344990028414,
        -0.040291158827653356,
        -0.08743777647024063,
        -0.09924261271120322,
        0.08177558638709152,
        0.14709937768978593,
        0.08472156208973443,
        0.02472415644930925,
        0.09685093043715225,
        -0.06339681192618304,
        0.05865239923356844,
        -0.004778238366698075,
        -0.02640094426025145,
        0.07378218361000831,
        -0.1997933379318533,
        -0.04030794788274348,
        0.025285092159554875
    ],
    "statevector_imag": [
        -0.06455582321780039,
        -0.23905768157897683,
        -0.10449468463821547,
        -0.08765394619262408,
        0.07399091400210846,
        -0.1797793515177192,
        0.08207191219030799,
        0.04224308246300516,
        -0.11038586335533804,
        -0.00316027541687783,
        -0.05530048621541506,
        0.03374465035832961,
        0.05539282921562304,
        -0.1359411333700638,
        0.037153537484128564,
        -0.034503923364393986,
        0.08008032138766298,
        -0.18779264280778116,
        -0.015472697785264068,
        0.10753452330196535,
        0.009788389798751821,
        -0.007287767317854605,
        0.05273499475408536,
        0.032992559581215546,
        0.043728608376799954,
        -0.021184293623589485,
        -0.014728661502322292,
        -0.017572120783136098,
        0.034628943773640286,
        -0.009756694061415482,
        -0.03838538449492168,
        0.0001740817607813359,
        0.11718994835604762,
        -0.15494341179335866,
        -0.06942724095672075,
        0.09891767583257402,
        -0.007691755401995368,
        -0.04295241093017994,
        0.029230390927494333,
        0.024695248840159556,
        -0.09834046275102883,
        0.02770571679569473,
        -0.12562586101620746,
        -0.13918283114934307,
        -0.14891454889175587,
        -0.026748944967169307,
        0.09813355854729323,
        -0.1528060714862824,
        -0.12938716388257135,
        0.11282674453076728,
        -0.01781174371833953,
        0.014338775522820266,
        -0.0904212823173748,
        -0.07444340797269766,
        0.11685787203830236,
        -0.11990499301175746,
        0.013041731883965287,
        -0.04598179673332783,
        -0.022261712911583624,
        0.018832518721214987,
        0.05423465427307561,
        0.004628444000292033,
        -0.13660300438789727,
        0.033151629682676806
    ]
}