{"f": [0.0655517578125, 0.1324462890625, 0.04217529296875, 0.08087158203125, 0.05682373046875, 0.04052734375, 0.08123779296875, 0.09088134765625, 0.01959228515625, 0.095458984375, 0.07171630859375, 0.0745849609375, 0.07989501953125, 0.08062744140625, 0.0823974609375, 0.0592041015625, 0.0242919921875, 0.05169677734375, 0.05743408203125, 0.05718994140625, 0.080322265625, 0.08026123046875, 0.093994140625, 0.0377197265625, 0.0787353515625, 0.0640869140625, 0.0374755859375, 0.06103515625, 0.06884765625, 0.089111328125, 0.0408935546875, 0.10595703125, 0.0714111328125, 0.0989990234375, 0.0577392578125, 0.05841064453125, 0.0711669921875, 0.07794189453125, 0.0494384765625, 0.064453125, 0.04119873046875, 0.04559326171875, 0.05609130859375, 0.08489990234375, 0.0933837890625, 0.03839111328125, 0.09136962890625, 0.0384521484375, 0.01666259765625, 0.07061767578125, 0.01385498046875, 0.10491943359375, 0.02081298828125, 0.06005859375, 0.1160888671875, 0.04736328125, 0.09912109375, 0.0635986328125, 0.1248779296875, 0.05621337890625, 0.042724609375, 0.0833740234375, 0.05157470703125, 0.04718017578125], "accuracy": 0.34375}