{
    "dataset": 0,
    "circuit_id": 11,
    "layer": 7,
    "num_params": 140,
    "expr": 0.0066910423438466295,
    "entcap": 0.9499239302739411,
    "num_iter": 86,
    "last_cost_avg": 0.1274261474609375,
    "accuracy": 0.59375
}