{
    "dataset": 1532,
    "last_cost_avg": 0.10062586463262696,
    "statevector_real": [
        -0.1875116585320256,
        0.05589574722892806,
        0.1589892646828018,
        -0.011759409084997516,
        0.03278895393951859,
        0.05803969999027411,
        -0.002846069435144211,
        0.031899925794243694,
        0.188322333354979,
        0.08982375324922327,
        0.17952072741568756,
        -0.00871751662340184,
        -0.20675344648831814,
        -0.008796166134141786,
        0.09834080796220986,
        0.16887534956083647,
        -0.23737872713322333,
        0.23857807944824921,
        0.006439997587830797,
        -0.19275547547415195,
        -0.2723212778168863,
        0.0008656278938199753,
        -0.08953063408771747,
        -0.20717094768004818,
        -0.10340339536546926,
        0.08155220385941113,
        0.07835333719092084,
        0.13277924157945903,
        0.12161311576365437,
        0.07945960617801663,
        0.30176356636444096,
        -0.03650649152292763
    ],
    "statevector_imag": [
        -0.08220051729902897,
        -0.22922133883687648,
        -0.19499080397758511,
        -0.07831434010042612,
        0.024183746402998765,
        -0.018154178054348123,
        -0.015297602753896918,
        0.1423859066876406,
        0.04169866526627414,
        0.0684473419075077,
        0.14059797779840114,
        -0.21214263266654626,
        -0.03575441534410467,
        0.0056381346322249256,
        -0.1310899941442523,
        0.011418121410831228,
        -0.0006933902496954344,
        -0.0021150698638686084,
        0.12338428149427443,
        -0.04789158427675534,
        0.056041425310045655,
        0.04743049476228485,
        0.20255605585367253,
        -0.02487366980371711,
        -0.11843148550179362,
        0.01828803948279212,
        0.1967956645224884,
        -0.040455229994069176,
        -0.052122577543856075,
        0.055975220979729325,
        0.05988919530344582,
        0.01971885045624774
    ]
}