{
    "dataset": 184,
    "last_cost_avg": 0.10518236444074393,
    "statevector_real": [
        0.14398346861832093,
        0.15215595419775402,
        -0.12258329032951895,
        -0.1205004818996471,
        0.16925888666474187,
        -0.06293027678398083,
        0.18089415950610468,
        -0.10295110576099319,
        0.0175987979352571,
        -0.07572600893910374,
        0.007841230656585879,
        0.2246552637560682,
        0.06686642790572997,
        0.10289678944592627,
        0.23626244126917126,
        0.09912171373968937,
        -0.11447927378508518,
        0.15707997950872166,
        -0.005551939783859187,
        0.11777225520159927,
        -0.11543358930439433,
        0.1355670633889551,
        0.16970960345292632,
        -0.14417691051500306,
        0.14655831371476555,
        0.08337188312619163,
        0.18848339764341607,
        -0.1643518090072234,
        0.13685638984722073,
        -0.1867077727180618,
        -0.16232379597107624,
        0.21189561469706206
    ],
    "statevector_imag": [
        0.11756744043862237,
        -0.062101350874687426,
        0.04347661759737491,
        -0.03047373822758356,
        -0.0039694699312942455,
        0.0926596799472821,
        0.012868690915820043,
        0.15794537540004835,
        -0.2180472317295571,
        0.1309827230537129,
        0.19865464318962106,
        -0.054922639372919496,
        0.09715038523484323,
        0.04975940195847942,
        0.08703333203183888,
        -0.13339354885189836,
        -0.1020061071492101,
        -0.03236991427060101,
        0.011904951680041093,
        -0.008763920922656146,
        0.18902062860529786,
        -0.17754804021386714,
        -0.00441967036025394,
        0.12093776041862066,
        -0.05645280575531101,
        -0.02395753449981373,
        -0.06529043944875154,
        0.08288424638581643,
        0.09260325023323406,
        0.0910428704600154,
        -0.19403281490985275,
        -0.054137217945664076
    ]
}