{"f": [-0.01348876953125, 0.048583984375, -0.0184326171875, 0.0546875, -0.0162353515625, 0.0347900390625, -0.02532958984375, 0.0025634765625, -0.0267333984375, 0.00604248046875, 0.04510498046875, -0.02069091796875, 0.02911376953125, -0.01409912109375, -0.01715087890625, -0.01556396484375, -0.0355224609375, -0.0341796875, -0.0308837890625, -0.02471923828125, 0.012939453125, -0.01910400390625, 0.00341796875, -0.01202392578125, 0.0172119140625, -0.012939453125, -0.05975341796875, 0.02764892578125, 0.0457763671875, -0.01751708984375, -0.00421142578125, 0.05462646484375, -0.0247802734375, 0.00762939453125, 0.01593017578125, -0.0426025390625, 0.00439453125, 0.01483154296875, -0.002197265625, -0.03582763671875, -0.02935791015625, 0.0306396484375, 0.02471923828125, 0.02978515625, -0.00994873046875, 0.01202392578125, 0.0267333984375, -0.0008544921875, -0.0418701171875, 0.02386474609375, -0.013427734375, 0.01776123046875, -0.0169677734375, -0.0166015625, 0.04852294921875, 0.03155517578125, -0.00482177734375, -0.00689697265625, 0.02740478515625, 0.00421142578125, 0.01458740234375, -0.005859375, 0.00628662109375, -0.03070068359375], "accuracy": 0.46875}