{
    "dataset": 0,
    "circuit_id": 6,
    "layer": 1,
    "num_params": 54,
    "expr": 0.006893113798753127,
    "entcap": 0.8616877094881416,
    "num_iter": 82,
    "last_cost_avg": 0.0394287109375
}