{
    "dataset": 1486,
    "last_cost_avg": 0.12165474539105868,
    "statevector_real": [
        -0.014494836548196116,
        -0.098808821121706,
        0.12447524477152089,
        -0.10250762024521881,
        -0.13905198828524984,
        -0.16735839417932,
        -0.016120364224758953,
        0.13667796672074808,
        0.033391583235001486,
        -0.12736621758764896,
        0.12584216374557283,
        -0.10513897122724145,
        -0.2674717297640002,
        0.05876233331624177,
        0.0048716781751472005,
        0.11070843961804776,
        0.2637109997335994,
        0.21391124254884755,
        0.055015221343671254,
        0.06067777353827407,
        -0.022287718940618317,
        0.2419661604610558,
        -0.2609514627651296,
        -0.1425514170205989,
        -0.0059287034161292105,
        -0.019258316753794618,
        -0.024275584013110554,
        0.13435785140619197,
        -0.022915170893635144,
        -0.08188368614319973,
        -0.06021509097214801,
        -0.060696116507401636
    ],
    "statevector_imag": [
        -0.03066902736234689,
        -0.10039546266033474,
        -0.001969712124171689,
        -0.0496023711154226,
        0.05774183995222131,
        -0.2631443210648679,
        -0.010624478626452185,
        -0.14138552843930782,
        -0.05114289921475263,
        0.15010957297490543,
        -0.09415025350879334,
        0.0837715341018117,
        0.2016244241982824,
        -0.15172281015724842,
        -0.007734010062579245,
        -0.1538165928163081,
        0.21169967876012993,
        -0.0829802507077758,
        0.09832311579862142,
        -0.058402943917981176,
        -0.04283928326386562,
        0.12851313480154722,
        -0.08847570121210022,
        -0.22095407936866437,
        0.0032355955312450605,
        -0.014818244679384482,
        0.007477869939956334,
        -0.11998826566676234,
        0.01609162727282074,
        -0.221388346710592,
        -0.15747815826163866,
        0.007568653034739854
    ]
}