{
    "dataset": 0,
    "circuit_id": 12,
    "layer": 2,
    "num_params": 40,
    "expr": 0.05440931496190367,
    "entcap": 0.6406968567089274,
    "num_iter": 1024,
    "last_cost_avg": 0.13432963388247696
}