{
    "dataset": 2790,
    "last_cost_avg": 0.09797734743616934,
    "statevector_real": [
        0.11450671774186322,
        0.10245624610689723,
        0.2142902385629633,
        0.009600178094514016,
        0.013391262675685023,
        0.04676309201559063,
        0.0956106336446243,
        -0.17207453065225634,
        0.0251903962709557,
        0.2553452295538686,
        0.21649519327254288,
        0.32812117163697097,
        -0.290075605560805,
        -0.031997949588882586,
        0.1449904454339448,
        0.0604709113311922,
        -0.17725625875692055,
        -0.18590857525011792,
        0.22321877154848013,
        -0.031242550501260014,
        -0.003602917679535016,
        -0.025394908666775722,
        0.03471375016108053,
        0.023692775533119544,
        0.02529337690432502,
        -0.14225986942100335,
        -0.07596116509732317,
        0.01745261805057552,
        -0.053106982788987345,
        -0.1077099977023656,
        -0.04390440926015791,
        -0.05036770536550289
    ],
    "statevector_imag": [
        -0.14231870819805725,
        0.13095674782431815,
        0.19143161922243396,
        -0.007417567423923057,
        -0.014595585475003517,
        -0.02804820321029522,
        -0.07351177286194306,
        -0.07674382405116324,
        -0.04666186746066333,
        0.012333022433369503,
        0.21224280671179585,
        -0.019556166737232226,
        0.12212660396772522,
        0.07807628560186382,
        -0.1662406765442035,
        -0.021288462733716637,
        -0.025392242771032667,
        0.13538849491503943,
        -0.07322763306338037,
        -0.033872546277739196,
        -0.009694217812995428,
        0.01879248426135018,
        0.024707926079841142,
        0.2328681896043291,
        0.2024337472159941,
        -0.08427337131910681,
        -0.1269367041142377,
        0.22311847698103143,
        0.03354646638269232,
        -0.11249682410798895,
        0.042792312594167436,
        0.01955297634726431
    ]
}