{
    "dataset": 383,
    "last_cost_avg": 0.0914753800667892,
    "statevector_real": [
        0.1120143793799603,
        -0.1039097653468957,
        0.014146498828625181,
        -0.08966320815241734,
        -0.08879659226540774,
        0.10363065773043853,
        -0.11444826777007486,
        0.12134111684888028,
        -0.1194458234515868,
        0.003722327719407708,
        0.01694667758154138,
        -0.17463438194469683,
        -0.07173452566447876,
        -0.03161206519375246,
        0.006843646273956822,
        -0.12119138983578209,
        -0.13995707058481383,
        -0.01781004840702449,
        0.14810511860590383,
        0.20006144099232762,
        -0.11925585257490418,
        0.020316159771757734,
        0.04457904036352118,
        0.1664598139711299,
        -0.010114638622686403,
        -0.007922160209120723,
        -0.04764690657560331,
        0.04331159376146454,
        -0.09283298874634306,
        0.04148691257388834,
        0.04047024176329541,
        0.08120135785706377,
        -0.08340515190331159,
        0.07392901661836493,
        0.02671668406597705,
        -0.09364308718683144,
        0.124454215486224,
        -0.14217080424952871,
        -0.03489228102887273,
        0.07450314111717138,
        -0.2044430087888953,
        -0.0155310547638153,
        -0.011515169919997311,
        -0.032392584223890644,
        -0.018088358636198308,
        0.022947812852403555,
        -0.1610332606150636,
        -0.046230442449940075,
        -0.0008467460618413899,
        -0.047672741404025325,
        -0.027509803452599655,
        0.07445367145785743,
        -0.08705459570111027,
        -0.05253826877125939,
        -0.09760976445868605,
        -0.14867651154022588,
        0.1074512642005216,
        -0.011133300126054308,
        0.012584900493841932,
        0.1589426609999614,
        0.0006896501767945914,
        0.07530408281584335,
        0.015299207960612507,
        -0.09517082002156195
    ],
    "statevector_imag": [
        0.03368704599382243,
        -0.10283024285125512,
        -0.12473825909925114,
        -0.07582049750476243,
        -0.01426798676220514,
        -0.08951983471062573,
        0.001305076828628684,
        0.013311052941527178,
        0.10829732584303924,
        0.0030902990216710763,
        -0.13820150948791896,
        -0.04343358429852744,
        -0.14343966648423703,
        -0.04009375651503406,
        -0.012679029841172139,
        0.03777372719324662,
        -0.00572521538859403,
        0.1622788103518691,
        -0.002773204127903753,
        -0.016204905209316358,
        -0.020331726625217133,
        -0.052798253518177456,
        -0.08812429616747745,
        0.020376105230276918,
        -0.05892777546594865,
        0.17638401130891368,
        -0.06955264952596392,
        0.05215015129753504,
        0.0702207045532029,
        0.025371110185444756,
        0.14938062925566106,
        -0.11912705966390152,
        -0.06724691971353376,
        -0.09006592059875926,
        -0.13008646800650084,
        0.12721860995021345,
        -0.025635823744236102,
        0.07836371017770917,
        0.1085137074686705,
        0.1232303411583224,
        -0.0521126830174626,
        0.16817363258652046,
        0.014534666110160022,
        -0.08689345019453029,
        -0.014438726720294694,
        -0.018513642957859486,
        -0.0705975565933945,
        -0.056649696067178866,
        -0.014000463480658034,
        0.048380904451352236,
        -0.17305511548080796,
        -0.006944399058455562,
        0.1287250200904787,
        -0.06482287171381435,
        -0.03324618969493878,
        0.06817348059620176,
        0.03303011647517125,
        -0.008706583697706247,
        -0.05662697823232012,
        0.06699443733804684,
        0.01688624447886693,
        -0.15861764547529308,
        -0.14887321726304015,
        0.07177171600706585
    ]
}