{
    "dataset": 0,
    "circuit_id": 17,
    "layer": 7,
    "num_params": 119,
    "expr": 0.004100182620076991,
    "entcap": 0.8130101075168906,
    "num_iter": 63,
    "last_cost_avg": 0.009479522705078125
}