{
    "dataset": 463,
    "last_cost_avg": 0.08581435928733763,
    "statevector_real": [
        0.07769753162649,
        -0.05923209541257396,
        -0.0016595855101825862,
        0.23091111066149017,
        0.10919042591747126,
        0.0004523326248381815,
        0.10711372585059134,
        0.16630510113634234,
        0.017613556146403878,
        -0.023250265703766038,
        0.20116105637002538,
        -0.2277915577921151,
        -0.10536711112174764,
        0.24812644006281254,
        -0.08158338513799113,
        0.1260642266649849,
        -0.20866551872291897,
        0.034073403910423045,
        -0.24116635086918925,
        -0.17031207124127642,
        0.001278356416057719,
        0.089369387374974,
        -0.004403108317679594,
        0.0827132605218728,
        0.14107049732979698,
        -0.20219719616598597,
        0.11786995390008849,
        0.06821499308593401,
        0.07737042607841224,
        0.10801614867653068,
        0.10072069586734245,
        -0.0035729460600229966
    ],
    "statevector_imag": [
        -0.1168864864379223,
        0.059557517235345865,
        -0.21539185953334875,
        -0.06043901266677643,
        0.11766541127591301,
        -0.016752135504598253,
        -0.1608046236340753,
        0.028875763219265712,
        0.0889852543303386,
        0.13398429866677733,
        -0.11474523053754514,
        0.04528058883346333,
        0.20896764225238354,
        -0.10211635651082006,
        0.15338176204445336,
        -0.15171321746650418,
        -0.06302466248847978,
        0.1506899756635363,
        0.058827048263446216,
        0.10395847543385561,
        0.2630578280501392,
        0.11084285848790673,
        -0.014721146043359876,
        -0.09301184312512362,
        0.04663377934640072,
        -0.06424641839777877,
        -0.011071364851046973,
        0.03835401222210839,
        -0.12650795679619156,
        -0.16293643954256015,
        0.11065166757365633,
        0.0015327230381144588
    ]
}