{
    "dataset": 847,
    "last_cost_avg": 0.08301567992542429,
    "statevector_real": [
        -0.09152076475060746,
        -0.04059635097463797,
        -0.1517976622297836,
        -0.017598068510728974,
        -0.16275657966960805,
        0.057977106375402675,
        0.10550183306942847,
        -0.11483337170255069,
        0.00428905740235149,
        -0.010275919584005281,
        -0.023850263981003622,
        -0.0788839050237342,
        0.0022516425991120415,
        0.07768861125436842,
        0.1452832794333419,
        -0.18797240109199675,
        0.04026309715938601,
        0.16173639080819066,
        0.008045916632931747,
        0.08829156414982993,
        0.07235460033166838,
        0.02069837323413732,
        0.05140301619122847,
        0.1542821977039807,
        -0.06005648341639365,
        0.0010485715387281928,
        0.0058871486052571005,
        -0.14640522853310295,
        0.10898005344601812,
        0.01722334597230534,
        -0.04020636734310838,
        0.045111764925683154,
        -0.001639291908129156,
        0.005848995168781521,
        0.20022657781461203,
        0.07446389152074097,
        -0.011278239445234511,
        -0.0009516729290124727,
        0.06694250563979974,
        0.03244269020431032,
        -0.032954831532298896,
        -0.05121639743468324,
        -0.013911798916102181,
        -0.038572243042935654,
        -0.11677768220954571,
        -0.04005615526241963,
        0.04788954863585279,
        0.08199344942330497,
        -0.16092748990173603,
        0.04490817907069121,
        -0.020310917105324757,
        0.035821157976911544,
        0.06760328483440103,
        -0.001382616888078882,
        -0.03343041825915942,
        0.009367252638365133,
        0.040780247114659954,
        -0.031647952862795634,
        -0.11501693701960149,
        0.16958404389107562,
        -0.14562269201326664,
        0.006672445164388497,
        0.003002280690880741,
        -0.12594265501078053
    ],
    "statevector_imag": [
        -0.1101173436825805,
        0.06167667590739437,
        -0.09678172873831059,
        -0.15237476871377095,
        0.08537219109876007,
        0.06648791741169599,
        0.0985626237761304,
        0.07497221132827579,
        -0.0033366186146009673,
        -0.16298534489508404,
        0.1435680156013464,
        -0.179879670839987,
        0.01263764140239167,
        -0.16311723919754506,
        0.08184654150106839,
        -0.010727565734304669,
        -0.06912666671054546,
        -0.0187383120622642,
        0.13989564517845346,
        0.03602272613933932,
        0.15092504375579874,
        0.0017660365781319496,
        0.08897257247298618,
        -0.08272039654662247,
        -0.12241840822397977,
        0.004238978164142808,
        -0.10397103192768813,
        -0.043286607132687706,
        -0.014297878267853725,
        0.025583908936376052,
        -0.008676276506712464,
        -0.008968197071333912,
        -0.0820575221147455,
        0.007313389180623711,
        0.09534877994008441,
        -0.00389542959835965,
        -0.0801319962723457,
        -0.007658111180298739,
        0.142190615400326,
        -0.017812628515449982,
        -0.082402382125318,
        -0.09938911817739655,
        -0.11160482645279751,
        -0.01032199489123309,
        -0.016621832705558177,
        -0.18260258962128714,
        -0.0002426224513024993,
        -0.12709573200061078,
        0.03584600752523296,
        0.004585330953145023,
        0.20353043742662522,
        -0.040945138916112025,
        -0.1937518313984584,
        -0.010510621459669302,
        0.015552718754718265,
        0.15531694925462805,
        0.024024442525432038,
        0.05583817773258392,
        -0.08365759695454494,
        -0.004868476976652566,
        0.09229822213911097,
        -0.012212247982860318,
        0.024976877855148127,
        -0.08363439842407588
    ]
}