{
    "dataset": 0,
    "circuit_id": 17,
    "layer": 2,
    "num_params": 34,
    "expr": 0.06902368125517323,
    "entcap": 0.5023664073746237,
    "num_iter": 93,
    "last_cost_avg": 0.07477188110351562,
    "accuracy": 0.96875
}