{
    "dataset": 2037,
    "last_cost_avg": 0.1109830080794344,
    "statevector_real": [
        -0.04405532437671955,
        0.15344360220568995,
        -0.08923546107043884,
        0.14620826030280654,
        -0.09347494362406236,
        0.04222026335964231,
        -0.013763844446641946,
        -0.03869835657058294,
        0.014125197329177481,
        -0.06029211321596477,
        0.13615300398268865,
        0.008688744450384207,
        0.002491259673361445,
        0.008745744647673118,
        0.1028965261927723,
        -0.17153015358700816,
        0.05480400783000317,
        -0.1355017192079599,
        0.15946154398392165,
        0.020129337048844242,
        0.12814515942289645,
        0.10755335298495283,
        0.06075729289902132,
        0.1109943075171993,
        -0.1368615721472179,
        -0.00027068724048661194,
        -0.12369846488623912,
        0.029330795808819005,
        0.07666886834309142,
        -0.10265600994814202,
        0.03612718144479027,
        0.04662085187650927,
        0.014816535036271505,
        0.03818763623543195,
        -0.10696281431672455,
        -0.10437011554608677,
        0.0736115254014249,
        0.03816383069816196,
        0.07282953269802848,
        -0.03350107586551123,
        0.12693743382414283,
        -0.17199794535022783,
        0.10081195330834561,
        -0.12303975447199944,
        0.08936722636468444,
        -0.15974880762161664,
        -0.12920303566524155,
        -0.12133806411838705,
        0.04932467530279461,
        -0.01900760075912812,
        0.009742361989919094,
        -0.0269927729184228,
        -0.0423391297349206,
        -0.08500349175307921,
        -0.1884300668992238,
        0.14833604446895446,
        0.019217446505055455,
        0.12284704300921714,
        0.023119526595970896,
        0.16220154433433387,
        -0.006542466218110629,
        -0.01154437260649295,
        0.007155701655054741,
        -0.005539686340451439
    ],
    "statevector_imag": [
        0.08794323386913797,
        0.0035971963580168826,
        -0.020160941775600277,
        -0.007709808486779483,
        0.121054150466631,
        0.08708960948431287,
        0.0183146276262858,
        -0.18205798041958207,
        0.18102603558440766,
        -0.036710939106284694,
        0.04277477621335168,
        -0.14003884437314304,
        -0.01972600097882765,
        0.06447849680010936,
        0.04248733480922118,
        -0.06738316559024699,
        0.10750581537208388,
        -0.07653227069059741,
        -0.05868374721409434,
        0.0777593750945616,
        -0.07675973099547372,
        0.011514317983313095,
        0.0541192450460495,
        -0.058220921776513765,
        0.09668143077942286,
        0.0006586043669247502,
        -0.08699511799209192,
        0.04056895151092943,
        0.07250446748737133,
        0.08731662758353437,
        -0.13567526182848627,
        -0.03181146975312922,
        -0.0006339365811389515,
        -0.018256759719989857,
        -0.04940774720118395,
        -0.08356820439050579,
        0.072834058705551,
        0.19196033864723505,
        -0.06509175438415524,
        -0.09056413454890556,
        0.1290659173514165,
        0.005443051467693616,
        0.12548785342217653,
        -0.042016232757223375,
        0.1263456342784424,
        -0.009422194674782775,
        0.03762448447567811,
        -0.09147055513095095,
        0.12607750127852344,
        -0.004330933810294261,
        -0.006243145811651278,
        -0.0832254779366585,
        0.12354067695815231,
        -0.0667077897534151,
        -0.0029144512553933573,
        -0.11408582742108264,
        -0.04935586153610543,
        -0.11960662690858603,
        0.00232394184236464,
        0.0032419523559838446,
        0.015778338775006034,
        0.14412167858745079,
        -0.013105140853146473,
        -0.007357310580178452
    ]
}