{
    "dataset": 0,
    "circuit_id": 18,
    "layer": 8,
    "num_params": 144,
    "expr": 0.012790162382708657,
    "entcap": 0.8353391305580283,
    "num_iter": 77,
    "last_cost_avg": 0.1222381591796875,
    "accuracy": 0.515625
}