{
    "dataset": 2522,
    "last_cost_avg": 0.08207320252132802,
    "statevector_real": [
        0.10407487370810008,
        0.06852094987370912,
        -0.1577060256556865,
        0.09276014504446349,
        -0.17250430790126392,
        0.04003995746342198,
        -0.0006192172661168911,
        -0.11623497443349659,
        0.11601045414748183,
        0.026762185029870926,
        -0.10249190754750305,
        -0.12171655536906012,
        -0.004945408480643623,
        -0.028210245081059102,
        0.16990406255611304,
        -0.08350287525618641,
        0.22860299071329457,
        0.14025937386046156,
        0.012395184368834902,
        0.055576611338537474,
        -0.18465745239861744,
        0.1498214916328743,
        0.017450443364980087,
        0.1973142321239908,
        0.05489814314572577,
        -0.24730526787069673,
        -0.07373670395141065,
        0.10998593450971254,
        0.11469842642629792,
        0.13863282065893834,
        -0.14789286099606988,
        0.032676220336238675
    ],
    "statevector_imag": [
        0.17053088584101644,
        -0.0463763580389416,
        0.03728446133984975,
        -0.020681845200630232,
        0.10794076591625769,
        0.17658751063022657,
        0.24476124384485223,
        0.159933528504384,
        0.014571743514645569,
        -0.17742813618532183,
        0.1705543278648775,
        0.019814310184133044,
        0.023131690838761095,
        -0.25465573605364633,
        -0.027700896039341425,
        -0.05725209378670613,
        -0.09170776082233142,
        -0.0023753576499252957,
        -0.13792265247320373,
        0.05711252726871757,
        -0.1327230690266295,
        0.16291118742667673,
        -0.12673508516873974,
        0.007685363746442331,
        -0.16097443281470383,
        0.011058040133076168,
        -0.07804211412005771,
        -0.12451744862853834,
        -0.05315213367381744,
        0.1880743596816072,
        -0.01827016902606263,
        0.22995500094244473
    ]
}