{
    "dataset": 180,
    "last_cost_avg": 0.07885758711554416,
    "statevector_real": [
        0.03177852817451584,
        -0.005128770784402755,
        0.16937616422130722,
        -0.0018692903602566542,
        -0.07361100371223664,
        -0.02870420393811818,
        0.13950825476641757,
        -0.10433129697898606,
        -0.004388625747209747,
        -0.06910827175634346,
        0.009281030403983781,
        -0.0017212903733461583,
        0.023148121231789588,
        0.023227301673615097,
        -0.16124963390360067,
        -0.08956507976437407,
        0.09605262429619946,
        -0.1339579278395954,
        0.12426994191325023,
        0.13759934964970175,
        -0.04430285610847749,
        -0.09039285898755622,
        -0.06820967345698736,
        -0.07268655861324361,
        0.1549859925856846,
        -0.1765002030819642,
        -0.06197313076292311,
        0.07509937141103296,
        0.01500713739207358,
        -0.0857622700081452,
        0.14343696780258153,
        0.038631615758428633,
        0.0735872295234733,
        0.005133988483522157,
        0.06968159349558425,
        0.0011568524211891908,
        0.17963055757027213,
        -0.09020207198236838,
        -0.05707049989692403,
        0.1223840070647108,
        -0.01831290074426002,
        0.06538716256477865,
        0.08681855507581214,
        0.061623569579427495,
        0.03180935790272719,
        -0.05609294149906471,
        0.06632868027114318,
        0.000880831858090158,
        -0.08631045038078365,
        -0.11626972604437154,
        -0.1210670933930718,
        -0.026829786984975696,
        0.1246835603286638,
        0.14197156698935617,
        0.10044645461940631,
        0.07372979969423883,
        -0.017132963499550243,
        -0.003941140310617966,
        0.060087352215770586,
        0.09747903160956657,
        0.053161551222009926,
        -0.034121702651175284,
        -0.0024592277078970422,
        0.04882425021130197
    ],
    "statevector_imag": [
        0.13479066737357134,
        0.019800307356851503,
        -0.0004688182372082897,
        0.10384672577503375,
        0.2052103096700397,
        0.14714050446615154,
        0.055066172368636805,
        -0.019177954174163816,
        0.01873315188059877,
        -0.014461137126817894,
        -0.0005208230739337995,
        -0.0797311284313338,
        -0.11735658036788046,
        0.07789454611460714,
        -0.02535525101285077,
        0.12028748763600093,
        -0.12193544131109424,
        0.05534510434728929,
        -0.10098021360462829,
        0.06429764945945828,
        -0.022291330114700383,
        0.14153054401789789,
        0.099238152960105,
        -0.11556976810419854,
        0.04817310240539619,
        -0.09040295501832599,
        0.06999159608596638,
        -0.018404855933007083,
        -0.12351652674336946,
        0.06586566053778538,
        -0.06438461023772753,
        0.011615590574865766,
        -0.14152076200373592,
        0.021242465294007484,
        -0.09203302323124009,
        -0.15648625282301598,
        -0.07205585866321886,
        -0.004017821166290051,
        0.04722927671644851,
        0.054420411666773964,
        -0.1941309987649655,
        0.025997640921701745,
        -0.13941069136605935,
        0.08688564622713059,
        -0.13390734050928074,
        -0.15278574324015673,
        -0.06787903214944023,
        0.09304697813379867,
        -0.031314330004258685,
        0.09874784210228285,
        -0.052195992634446874,
        0.06852895082030437,
        0.015739857311660867,
        0.041472552679155575,
        -0.0039383792041733584,
        0.0316579699949664,
        -0.02166445987156817,
        0.0896037699144535,
        -0.1330520594775701,
        -0.11982594229224956,
        0.08285147791122392,
        -0.0949039385040551,
        0.01050278193053338,
        -0.039818018993211024
    ]
}