{"f": [-0.0650634765625, -0.161376953125, -0.0989990234375, -0.1319580078125, -0.11041259765625, 0.05108642578125, -0.10797119140625, -0.09649658203125, -0.05377197265625, -0.10443115234375, -0.0491943359375, -0.1075439453125, -0.10040283203125, -0.134033203125, -0.11041259765625, -0.0838623046875, -0.0450439453125, -0.0963134765625, -0.119384765625, -0.102294921875, -0.07073974609375, -0.11126708984375, -0.1329345703125, -0.01348876953125, -0.08294677734375, -0.0992431640625, -0.1024169921875, -0.11798095703125, -0.0015869140625, -0.0927734375, -0.00506591796875, -0.1280517578125, -0.13226318359375, -0.08380126953125, 0.0091552734375, -0.09930419921875, -0.036865234375, -0.008056640625, -0.07623291015625, -0.09747314453125, -0.0806884765625, -0.002685546875, -0.06939697265625, -0.0853271484375, -0.13671875, 0.012451171875, -0.150634765625, -0.00701904296875, -0.07489013671875, -0.02001953125, -0.03179931640625, -0.0767822265625, -0.03369140625, -0.1187744140625, -0.169189453125, 0.05035400390625, -0.101806640625, -0.09979248046875, -0.15301513671875, -0.09661865234375, -0.10650634765625, -0.0784912109375, -0.01104736328125, -0.07568359375], "accuracy": 0.65625}