{
    "dataset": 3066,
    "last_cost_avg": 0.11541891364279729,
    "statevector_real": [
        0.07422743814651557,
        -0.12469160197876591,
        -0.20580933595045336,
        0.024204499639146226,
        0.14886752995314365,
        -0.05012163195168922,
        0.1071644285255161,
        0.010370355873376631,
        0.0678373755078765,
        0.20061305286686149,
        -0.10663822300672537,
        0.1766797565134323,
        -0.2715513173838973,
        -0.1606170865291019,
        0.13646281160952425,
        -0.23182838606963446,
        -0.17057351405892804,
        -0.10447846898832405,
        0.17584959234981498,
        0.12979958419192497,
        0.0409052836771704,
        -0.08599803143457072,
        0.04219030915430667,
        0.04264285029170462,
        -0.0027198783216697033,
        -0.1527880677775428,
        0.005246182569732141,
        -0.014321296598587226,
        -0.02644286671507527,
        0.06572291548089074,
        -0.10121146538661016,
        0.17456899764314657
    ],
    "statevector_imag": [
        0.15390113762302574,
        -0.004459602882286721,
        -0.03681916735681289,
        -0.02365072615157914,
        0.1658188493752212,
        -0.012608578792498116,
        -0.1866240278244534,
        -0.15816927711988188,
        0.09583769670180606,
        -0.14962348238359233,
        0.16205723520040494,
        0.16274812770152403,
        -0.02196186515167749,
        -0.03792634455151063,
        0.021608671857844344,
        0.09810063723902017,
        -0.013320426801481433,
        -0.10561919364565256,
        0.12547897703990885,
        0.1927331657294176,
        0.1778497130721407,
        0.04914224969541269,
        -0.014229080036251734,
        0.011498404245706955,
        0.023083858058804987,
        -0.1063070918514888,
        -0.22708527405674545,
        -0.0795463458035301,
        0.22334594900397525,
        0.15522206062914828,
        -0.11904619688384722,
        -0.0684580995182267
    ]
}