{
    "dataset": 0,
    "circuit_id": 1,
    "layer": 2,
    "num_params": 20,
    "expr": 0.25745119561127855,
    "entcap": 6.18792873591503e-32,
    "num_iter": 65,
    "last_cost_avg": 0.10692596435546875,
    "accuracy": 0.9375
}