{
    "dataset": 816,
    "last_cost_avg": 0.0845226561901791,
    "statevector_real": [
        0.007464709988771465,
        0.03893060313715984,
        -0.04381820940266514,
        -0.16764785759986653,
        -0.012980078096804798,
        0.001432872735094841,
        -0.02671729022951464,
        0.08645534403683101,
        -0.08729576532307262,
        -0.14051137547602924,
        0.15789825702173202,
        -0.009721860695993102,
        0.08648713077660944,
        0.1248481856864642,
        -0.1624295899846237,
        -0.09211154884651154,
        -0.07064248097490446,
        0.043108790614081516,
        0.040766577610395496,
        -0.017094976560789465,
        0.10887282006862149,
        -0.009083528845272328,
        -0.08132828733314333,
        0.05738782088040012,
        0.08811796501059233,
        0.0023548039419564633,
        -0.1021067790931649,
        -0.0865851381362033,
        0.04975719241030797,
        -0.017262694033026372,
        0.09635615280499207,
        0.07000256842614577,
        0.09351144838547072,
        0.0497548630529021,
        0.04912831565214714,
        -0.11680661509411734,
        0.14291711894169828,
        -0.1370129720606625,
        -0.07164319460700658,
        0.13600275916587296,
        0.1479438761538912,
        0.07589077337600954,
        -0.09209547543006974,
        -0.01695234596835554,
        -0.1526058379551645,
        -0.05219021990779526,
        0.08363355580573678,
        -0.18100903520432096,
        0.015043736135831322,
        -0.1024802982412808,
        -0.013353543996473205,
        0.018998281427268504,
        0.09457689606574185,
        0.06632640656587285,
        -0.0837317668807805,
        0.06007229008031514,
        0.033520277684926894,
        -0.05696864894773657,
        -0.07007839886106614,
        0.007579872404250803,
        -0.1079405404159643,
        -0.0203076706678635,
        0.17503358644744813,
        0.028636381560739367
    ],
    "statevector_imag": [
        0.02113930316055984,
        0.08989678292032399,
        -0.14777195460626127,
        -0.05560931311764519,
        0.0069993686799232025,
        -0.004614725586106413,
        -0.07379737324136969,
        -0.07645038885427388,
        0.0759959229150445,
        -0.0903612092808673,
        0.03309586606007352,
        0.07907229643161909,
        -0.10099373248060926,
        0.01641376110329669,
        -0.048468249685992566,
        -0.08277879663875294,
        -0.11036896216635979,
        0.013487875914528115,
        0.11200700743778912,
        0.07842280637121289,
        0.001352216327938,
        -0.03314817652065713,
        0.14407657144703082,
        0.1475700618598812,
        -0.08876727560735642,
        -0.1927076213039971,
        0.08023128940147803,
        -0.06651623300648082,
        -0.20886793198720754,
        0.09614246621990459,
        -0.0858261169034121,
        -0.09283939426067322,
        -0.03535754303231695,
        -0.05229085042687271,
        0.05734246414505425,
        0.06421840749793625,
        0.13631677848224819,
        0.10857946464931151,
        -0.03777712009376483,
        0.06844216430680324,
        0.07053837438228482,
        -0.013411843959762963,
        0.011786364812474383,
        -0.07506166776820354,
        -0.15651514626658702,
        0.13451996993360357,
        0.12352262792504633,
        -0.05570535809056141,
        -0.006815876702974276,
        0.08236940197177152,
        -0.017217880197904958,
        0.001179369026968268,
        0.03304201392751719,
        0.05573910128606495,
        0.16005870068869477,
        0.08372977894320822,
        0.0824470527908436,
        0.13858480525689928,
        0.0021361006229557904,
        0.07346614548535858,
        0.013653207452533248,
        -0.019788148212563937,
        -0.07430139142422164,
        0.09804634108803169
    ]
}