{
    "dataset": 0,
    "circuit_id": 2,
    "layer": 8,
    "num_params": 96,
    "expr": 0.00331941630195655,
    "entcap": 0.9500781373772523,
    "num_iter": 46,
    "last_cost_avg": 0.0246124267578125
}