{
    "dataset": 1235,
    "last_cost_avg": 0.11394222356693137,
    "statevector_real": [
        -0.08715653862165039,
        -0.07816829858748914,
        -0.03065655012493165,
        0.08246742499588129,
        0.015588057535096468,
        0.0372678884666173,
        -0.018573158695036084,
        -0.004959147741739706,
        0.0070137417423852075,
        -0.12515955617166746,
        0.03745675710183533,
        0.027043351036144803,
        0.08500899685130603,
        0.11084429511033629,
        0.025491086732273318,
        -0.07606236393009487,
        0.2105044564265655,
        0.013511154227045519,
        0.23425860717183056,
        -0.21745735342878897,
        -0.07039533995977713,
        0.13128942753611614,
        0.01925319648942256,
        0.15603380243255816,
        0.008767478756194073,
        -0.22878655249222876,
        0.0005291773184546737,
        -0.2342654141842071,
        -0.019624921719575417,
        -0.03477543333300592,
        -0.023885005893846935,
        -0.05538534401375081
    ],
    "statevector_imag": [
        0.017307630297781682,
        -0.0915490865452248,
        0.2174590358657029,
        0.15657078043945968,
        -0.018937952961492813,
        0.1906142471989223,
        0.005393555382746454,
        -0.02907846475132052,
        -0.011037010044153773,
        0.17732322673507322,
        -0.036013247170922885,
        0.14653071887986757,
        -0.1818455013058452,
        0.3254301077680705,
        -0.0941146632760296,
        0.038752527935294316,
        -0.06702256002545103,
        0.006441857723527513,
        0.25013536782519563,
        0.23003452585127668,
        0.0012156057599647051,
        0.057491112082576554,
        -0.21111721590998989,
        0.10131048142470152,
        -0.015026489087260593,
        0.2861968947709268,
        0.15369172116365765,
        -0.007878365910038026,
        0.1256545397821573,
        0.01466902333218922,
        0.05299445185080135,
        0.046343121870186285
    ]
}