{
    "dataset": 404,
    "last_cost_avg": 0.09041163136764827,
    "statevector_real": [
        -0.15520732175486932,
        -0.234669623387275,
        0.07470224705094426,
        -0.10430199775927558,
        -0.07184417935086132,
        0.06217822859311335,
        -0.04491460846940573,
        -0.16967261354120017,
        0.035556803707787285,
        -0.03374397949573319,
        0.1699071931811984,
        0.13828699674125444,
        0.1217160112434097,
        -0.015326254064277265,
        -0.1606654534736822,
        -0.04354673252248931,
        0.24232386015956528,
        -0.02283399006989692,
        -0.04480027934297798,
        -0.00033631845940429786,
        0.03745482899213305,
        0.10208702266883453,
        0.16090715083108798,
        -0.14222589014117126,
        0.16318037852799291,
        0.08028061805297791,
        -0.164864150123758,
        -0.10678627017903672,
        -0.08342805272131273,
        0.04265487811138965,
        0.049534250373198675,
        -0.17693852481078343
    ],
    "statevector_imag": [
        0.07030613688507492,
        -0.011648233446193767,
        -0.059786439191525646,
        -0.20974417563167222,
        0.054473286646146556,
        -0.11952031622478448,
        -0.0667694488974956,
        -0.021827936723211327,
        -0.18563767466978173,
        -0.014669538107557691,
        -0.1968858897134278,
        0.036394471314977764,
        -0.10471406230294189,
        0.006719445087354873,
        -0.07006218513654423,
        -0.23494885714124011,
        0.013978568518331102,
        -0.14526170840878416,
        0.1236334719809402,
        0.0064745736938890755,
        -0.05992500060393549,
        -0.1130660614584917,
        0.19224655497659665,
        -0.007371731876933821,
        0.054134956549675615,
        0.23383032837960674,
        0.0588230722695237,
        -0.03629864387112386,
        -0.1358974596624537,
        -0.31836373173958527,
        -0.18846404645097437,
        -0.09770795241587833
    ]
}