{
    "dataset": 667,
    "last_cost_avg": 0.09192085255376889,
    "statevector_real": [
        0.10323755533189764,
        0.004957099267680804,
        -0.052788784387489865,
        0.0106767303714373,
        0.0472483936313858,
        0.11224825592682615,
        -0.1444540889818907,
        -0.07171376370938044,
        -0.07606911776430161,
        -0.16145250276352904,
        -0.06588370960686891,
        0.10565018387395916,
        -0.013481547251579747,
        0.15100251317250865,
        -0.016301697582367065,
        0.175973879715353,
        0.14222526046996703,
        -0.03198106880423936,
        -0.08537874227502976,
        -0.058031494017919585,
        0.02706233664609152,
        -0.03841073057859908,
        -0.007479610682348369,
        0.07750727384261027,
        -0.11999156542816676,
        0.17165850077504735,
        0.022761312108392565,
        -0.08052004135506378,
        0.0023542743737949715,
        0.028153687041694377,
        -0.006879065180228965,
        -0.05404483689162438,
        0.17809645222138104,
        -0.08950762402552233,
        -0.16026670299593454,
        -0.16632512254625867,
        -0.12857494456435575,
        -0.04339261118450382,
        -0.16739592753423393,
        -0.0019197433525321099,
        0.022643668428594745,
        0.06409489961770527,
        0.006369387130370873,
        -0.06286772827185565,
        0.032973310721995136,
        -0.006394105000778458,
        -0.004652771055277263,
        0.07188277525601866,
        0.06726632783525055,
        -0.07750666610769671,
        0.05922260007359108,
        0.02283222469739118,
        0.02392277986112806,
        -0.1545113080389468,
        0.08626307089342819,
        0.004778658352897033,
        0.08830043504481667,
        -0.05470750287000708,
        -0.006278324543157022,
        -0.06675301544725068,
        -0.025291037198311144,
        -0.027083726475722887,
        -0.031062262034706915,
        -0.1403772316625206
    ],
    "statevector_imag": [
        -0.03599452926602495,
        -0.16820634050629288,
        0.02385254359274883,
        0.004261874266496767,
        0.01578555576725248,
        0.09710418297126215,
        0.0013053028177584423,
        0.019318319951756695,
        0.0867717894670576,
        0.029542883000395277,
        0.04809243474792732,
        0.09480984120222229,
        0.014147983851822902,
        0.11216910014834922,
        0.17248902886093992,
        -0.10171874360247078,
        0.024210401185471606,
        -0.16222954674482262,
        -0.046222515920076035,
        0.050735737703765056,
        0.015834400004063765,
        -0.05959655208946891,
        -0.13335694050572394,
        0.022701078098625625,
        0.0224114345564227,
        0.09093357955635932,
        0.007357220952232776,
        -0.10191236639737031,
        0.1503226098177691,
        -0.04495355443263505,
        -0.016057628851645214,
        0.11605348830729759,
        -0.07742801723688643,
        -0.09014469366492314,
        0.020644891538635027,
        -0.08002598296453106,
        0.11149845609433735,
        -0.03356121235156174,
        0.0872803077994978,
        0.01408749559301991,
        0.03471790921313358,
        -0.10664664525803647,
        -0.005810154315062331,
        0.01632952141894152,
        -0.0075134384769916665,
        -0.035614593053221906,
        -0.02761082883834476,
        -0.015732769963506418,
        -0.16597750356635857,
        -0.038643373879680074,
        -0.1496748653688244,
        0.05997968836944756,
        -0.16218552175961193,
        -0.1568404454941939,
        -0.029567292018711246,
        0.11383187416975384,
        0.10913351071340942,
        -0.07520911991032517,
        0.00732831525201544,
        0.11606179491297977,
        -0.06298142810504267,
        -0.10684861014537225,
        -0.20405023218831372,
        0.14638005155787714
    ]
}