{
    "dataset": 3356,
    "last_cost_avg": 0.09761329147402782,
    "statevector_real": [
        0.1329856618468329,
        0.01188687415666625,
        0.1561485924294954,
        -0.15506863030302986,
        -0.14472138819372418,
        -0.0596478871544822,
        0.1029708987871664,
        0.27846068735497553,
        0.039000210773661406,
        -0.033102527048150865,
        -0.17030511481762872,
        -0.09268442027762913,
        -0.13580958548185906,
        0.14953734449802777,
        -0.004857117036591086,
        -0.07282267188822901,
        0.03727160624668191,
        -0.08805571993471878,
        -0.20255031412026936,
        0.15968133990418287,
        0.0833306194496702,
        -0.18062961508037606,
        0.14877722186916434,
        0.04279751358156573,
        0.06643192590984044,
        -0.030438532806164247,
        0.19477476233697633,
        -0.07212474541760996,
        0.131472128743505,
        0.015904050110805472,
        0.09896538782079058,
        0.15807212497593415
    ],
    "statevector_imag": [
        0.045348505003527814,
        -0.11392817563741717,
        0.02009399499937142,
        0.14835978122760665,
        -0.16372865439985024,
        -0.18536145629209141,
        -0.1557819464329413,
        0.13081299579807393,
        -0.07100589337788592,
        0.1813366237742895,
        0.1076260815076328,
        0.13076161809506007,
        0.07871459685804669,
        0.11577046412855801,
        -0.04067710343052934,
        0.14708410624876206,
        0.20754074082820356,
        -0.056396520437177515,
        0.0955912999142824,
        -0.04161315817772008,
        -0.15889737786143737,
        -0.11218222675098329,
        -0.1060540915091276,
        0.07339750694883183,
        -0.06674653021430928,
        -0.01047258009133711,
        -0.14742052828807842,
        0.12620955165756562,
        -0.1402908152870521,
        -0.0011176821383494,
        0.17059372158213615,
        0.20654374108823145
    ]
}