{
    "dataset": 1874,
    "last_cost_avg": 0.07175757182952688,
    "statevector_real": [
        -0.11453331478140039,
        -0.059303988478954205,
        -0.05180776142794039,
        -0.13462108457985414,
        -0.013732206176442462,
        -0.178236323212033,
        -0.05857567885168595,
        -0.018439708519582088,
        -0.0778480556322834,
        0.09504763220586308,
        0.00509133263705949,
        0.00019063175627964383,
        -0.0026139455688050147,
        0.1469230438274381,
        0.025127335488412565,
        -0.07548145293347687,
        -0.06777854663900994,
        0.14538361669998093,
        0.019277470112628495,
        -0.005355752310518704,
        0.0055997984563291815,
        0.08539329823758757,
        -0.13861442432701768,
        0.12209738047765885,
        -0.05042071875430248,
        -0.011517876122077834,
        -0.08675966691949365,
        0.0028933927693794233,
        -0.1757910021291862,
        0.11736604783811354,
        0.02163472406805766,
        -0.13661936486355977,
        -0.029617092689775415,
        0.1034937945347979,
        0.11578884463132214,
        0.010710626776780467,
        0.0014927995633029596,
        0.0059286740547363406,
        -0.13735716146553123,
        4.232500276474519e-05,
        0.04346185260615719,
        -0.015819202607742503,
        0.08826889312250785,
        -0.010074304616100213,
        -0.04457164344870179,
        -0.05016023732813047,
        0.07594110972985971,
        -0.062137749500916536,
        0.03543675941020226,
        -0.018357825169129455,
        0.02963085931128231,
        -0.04266557158213795,
        0.1401483084440305,
        -0.018337731192321086,
        -0.1408609474905895,
        -0.12798200303737628,
        -0.01821317684601609,
        -0.020239466627711714,
        0.01011635869591853,
        0.04350883008245031,
        0.09220851303095713,
        -0.09952892265716648,
        0.019223637610547874,
        0.03970845225619309
    ],
    "statevector_imag": [
        -0.049109932808519025,
        -0.012196676613438411,
        -0.031445714118412176,
        -0.003694052467228664,
        -0.14194205404112287,
        -0.007435282710864582,
        -0.06317898211993216,
        0.11749996694890194,
        0.0836183448028997,
        0.02984302127022682,
        -0.05983574348206223,
        0.013244634247618622,
        0.01002199905878219,
        0.08224470412806757,
        -0.12072180387262273,
        0.039545894363115175,
        -0.004018335726109801,
        0.01529350882041824,
        0.07204091764373417,
        0.08653993409615643,
        0.02638196141010362,
        0.022955138295560056,
        0.08741377089537081,
        0.011080064550038921,
        -0.11126553189502561,
        -0.13684747496131391,
        0.13935131529559922,
        0.09907017526910204,
        -0.11734879365330833,
        -0.05983883928853157,
        -0.13566764121918415,
        -0.13742236898603885,
        0.047503227762870665,
        0.11455018987905474,
        -0.10071371992581703,
        -0.180402932037565,
        0.02304682549800367,
        0.09286681061472082,
        -0.1070313452452626,
        0.159756024498992,
        -0.012680520608059302,
        -0.06926730326584356,
        -0.13336014254712425,
        0.11860385205166893,
        0.09255784078742584,
        -0.060063490536350045,
        -0.09475096573858,
        -0.08134730904640185,
        0.14490117996500507,
        0.009945301310258904,
        0.010251710572145769,
        -0.136861294214278,
        -0.06667133879609102,
        -0.12669496253352092,
        0.008851983338907396,
        -0.011687765479702546,
        -0.11898903911863318,
        -0.03462973061306768,
        -0.17660554790675553,
        0.117577667706086,
        0.09745991593789562,
        -0.16827984012590827,
        -0.2019881146165665,
        0.09444058336825295
    ]
}