{"f": [0.09893798828125, 0.01806640625, 0.058349609375, 0.044677734375, 0.0772705078125, 0.076171875, 0.07781982421875, 0.0458984375, 0.0943603515625, 0.0531005859375, 0.0447998046875, 0.02886962890625, 0.1123046875, 0.07421875, 0.033447265625, 0.044189453125, 0.07147216796875, 0.07122802734375, 0.05035400390625, 0.0357666015625, 0.0806884765625, 0.0283203125, 0.02685546875, 0.117919921875, 0.0460205078125, 0.0594482421875, 0.091552734375, 0.044677734375, 0.12554931640625, 0.07080078125, 0.052490234375, 0.05218505859375, 0.0643310546875, 0.039306640625, 0.06646728515625, 0.07550048828125, 0.10504150390625, 0.06951904296875, 0.07977294921875, 0.0574951171875, 0.072021484375, 0.115478515625, 0.0521240234375, 0.06317138671875, 0.03759765625, 0.086669921875, 0.0628662109375, 0.1412353515625, 0.0555419921875, 0.0654296875, 0.0980224609375, 0.0269775390625, 0.11822509765625, 0.0838623046875, 0.01910400390625, 0.0877685546875, 0.0491943359375, 0.07830810546875, 0.00775146484375, 0.08746337890625, 0.04931640625, 0.02655029296875, 0.11041259765625, 0.0926513671875], "accuracy": 0.34375}