{"f": [0.015625, -0.033203125, 0.002197265625, -0.0213623046875, 0.06689453125, 0.03570556640625, 0.03826904296875, 0.03875732421875, 0.0042724609375, 0.04718017578125, -0.0233154296875, -0.0167236328125, -0.00677490234375, -0.00750732421875, -0.00469970703125, 0.02655029296875, 0.05059814453125, -0.00213623046875, -0.00506591796875, -0.031494140625, -0.00830078125, 0.0682373046875, 0.0103759765625, 0.0506591796875, 0.035400390625, -0.01019287109375, 0.044677734375, 0.0345458984375, 0.045654296875, 0.0430908203125, 0.06329345703125, -0.03564453125, -0.0313720703125, -0.01873779296875, 0.02862548828125, -0.00372314453125, 0.04888916015625, 0.03070068359375, 0.04486083984375, 0.0648193359375, 0.02691650390625, 0.039794921875, 0.01751708984375, 0.013427734375, -0.0174560546875, 0.03826904296875, -0.042236328125, 0.03515625, 0.0504150390625, 0.0072021484375, 0.02825927734375, 0.01971435546875, 0.04962158203125, 0.04278564453125, -0.0308837890625, 0.04632568359375, 0.00250244140625, 0.08489990234375, -0.00408935546875, 0.04132080078125, -0.0035400390625, 0.05401611328125, 0.03790283203125, 0.016357421875], "accuracy": 0.390625}