{
    "dataset": 2602,
    "last_cost_avg": 0.12285713928931134,
    "statevector_real": [
        0.04928287125521874,
        0.1233289962089906,
        -0.2737678619667699,
        0.08503858629374972,
        0.1387056564753896,
        -0.037456580062598076,
        -0.11211533841610596,
        0.26140882938328325,
        -0.08202270248326725,
        -0.11345684066352686,
        0.02361252832299309,
        -0.04645575694558979,
        0.08618820334435796,
        -0.1789708167222537,
        0.0026563579313367983,
        0.016002605262530778,
        0.003178925189659574,
        0.1334969421269956,
        -0.14340412144610878,
        -0.13589694045142836,
        0.07589562881105899,
        0.09549106966762703,
        0.2278625720249103,
        0.1303369160519274,
        0.004721016297286626,
        0.21544163680612197,
        -0.20193325210336768,
        -0.09724114807098883,
        0.2055683802514427,
        -0.06803284210197814,
        -0.1537779159887032,
        -0.11240513026687377
    ],
    "statevector_imag": [
        -0.0009320977833971647,
        0.07893701804754753,
        0.002986092279492513,
        0.11619323265032917,
        -0.10948422998810813,
        0.1615707224048488,
        0.21086585947755465,
        0.11318855429719697,
        -0.13967350227127245,
        -0.08106056213197874,
        -0.0695147568581307,
        0.010404381740179918,
        0.1033365037255475,
        0.07244184724522286,
        0.01432437781089224,
        -0.0378813251184157,
        0.02273520651094983,
        -0.07255972015831003,
        -0.145076625558893,
        -0.08498986354539756,
        -0.13904391103857436,
        0.1852809570869631,
        -0.08479683045617567,
        -0.00039501716629529194,
        0.051182431905388306,
        -0.17127193278956226,
        -0.06893007211848683,
        0.14032248588992235,
        -0.20483284100730284,
        0.03139268973325762,
        0.12175042355023906,
        -0.208188498255416
    ]
}