{
    "dataset": 1221,
    "last_cost_avg": 0.08937550006312182,
    "statevector_real": [
        -0.10319985604096019,
        -0.026898771082658503,
        0.12892176627996985,
        -0.0709825634738097,
        -0.06262925680033023,
        0.049777037709244736,
        -0.01398495121853987,
        -0.03438056250927004,
        0.0758739484541791,
        0.02162249965505101,
        -0.038737103496900335,
        0.13561736397398433,
        -0.06836343079390288,
        -0.06661529605612032,
        -0.09437402830874314,
        -0.0405790477753761,
        0.12192679096405551,
        0.041129771986604384,
        -0.0409179721574609,
        -0.019631829570040928,
        0.059246216944512646,
        0.1093975959684045,
        0.07694201522455127,
        -0.025082084492274035,
        -0.10507689965785913,
        -0.009460052590882352,
        0.13659695842937847,
        -0.077557342065882,
        0.0034013094307502774,
        -0.13644440648537895,
        -0.06199692364606619,
        0.1069608203944956,
        -0.11753631967529207,
        -0.09205757966921797,
        -0.04381137832060683,
        -0.09254198748782318,
        0.015462850228413285,
        -0.013436983396161199,
        0.15693771819754943,
        -0.06880080648822043,
        -0.06796420750124399,
        -0.10761246596079761,
        0.012293302341973776,
        0.088862369594736,
        -0.06529254263233224,
        -0.13936428020003735,
        -0.05377397709265109,
        -0.1708955069506928,
        0.026114847607535446,
        -0.08915166907322818,
        -0.12332679213303485,
        -0.00668864881908609,
        0.037144468146970845,
        0.017020042113380814,
        0.17952215985834885,
        0.20092892518094077,
        0.06135245267206568,
        0.05698792064250645,
        -0.0522235985055729,
        -0.17002302294239696,
        -0.007054440883169138,
        0.03453631877297374,
        -0.07373041302873093,
        -0.15460476871287515
    ],
    "statevector_imag": [
        -0.022872118389244127,
        -0.0734784323394257,
        -0.08001726054250846,
        0.06549696279182135,
        -0.057726634868717784,
        -0.17325007546076115,
        -0.006098754928306443,
        0.12366984511504968,
        -0.0534558131638302,
        -0.07712092593458675,
        0.13391714900695226,
        -0.015409393799990394,
        0.13313138182871992,
        0.03029793311938933,
        -0.11027039275546155,
        -0.13058058424711946,
        0.0892859867783525,
        0.11588608540937419,
        0.05177951675079041,
        0.16288754786017798,
        -0.06841440137140442,
        -0.0005054185254537821,
        -0.08818705883705011,
        -0.14053644405551852,
        0.028449404220453386,
        -0.10610540143072016,
        -0.036574176173851974,
        0.006232388967506697,
        0.01021661978618137,
        0.006694902873645529,
        0.036498863446093974,
        0.06557460715055051,
        0.11009406191762698,
        -0.07036766905275983,
        0.0030904574715037015,
        -0.05893267740090419,
        -0.08579530823404298,
        0.08401179134764741,
        -0.02069354925458728,
        -0.026814764943443047,
        0.14424665979494156,
        0.07544995970670133,
        -0.010179596559103889,
        0.16521149657353748,
        -0.0054293608076310135,
        -0.01560900622621334,
        -0.1137605855075919,
        -0.11528971793237933,
        -0.15294042147977907,
        0.0629438127945763,
        0.07298799723621002,
        0.03001737661149074,
        0.1258803923752954,
        -0.08101668725118619,
        -0.016446521356704078,
        -0.03205510648231151,
        0.090737269912385,
        -0.08960417435517826,
        -0.13114482687234255,
        0.05913649922211679,
        0.11009669864528267,
        -0.15184562386286798,
        0.018711254839901634,
        0.06786002203488983
    ]
}