{
    "dataset": 0,
    "circuit_id": 6,
    "layer": 8,
    "num_params": 432,
    "expr": 0.006305342936983642,
    "entcap": 0.9545852837188914,
    "num_iter": 82,
    "last_cost_avg": 0.026336669921875
}