{
    "dataset": 2190,
    "last_cost_avg": 0.06973595762508461,
    "statevector_real": [
        -0.005394240712588689,
        -0.16504585152230536,
        0.023036689701418058,
        -0.022576466518615584,
        0.010273421395035709,
        -0.09354110356553058,
        0.010722883552104275,
        0.045319383750066965,
        0.01978712449973299,
        -0.009595389223204027,
        -0.10465379803965913,
        -0.15594279084660098,
        -0.11386983594360323,
        -0.10775387006778482,
        0.08152465587886769,
        0.1383748845574221,
        -0.021324020311569093,
        -0.14038635503521188,
        0.1156597543396649,
        0.08614158439893475,
        0.06596231071390848,
        -0.1157307310080805,
        0.10138626631433707,
        -0.12129670502717353,
        0.01153321837699564,
        0.1272778842699976,
        -0.01611998323604453,
        0.11285579070660094,
        0.0786567546284516,
        0.18427927787324513,
        0.010294663397821048,
        -0.10761441613524414,
        -0.01667104355174821,
        -0.09135716325759148,
        -0.08563142935185741,
        0.003625711823552939,
        0.011365724591345373,
        0.09267465233958037,
        0.0020174150848188263,
        -0.09611794617785757,
        0.04716008437291813,
        0.05646252449746219,
        0.02087647673648103,
        0.08206493214958796,
        -0.0132894109512914,
        -0.018364293530946242,
        0.0006653652430232585,
        0.05997008609856604,
        0.008946627271133774,
        -0.01775237527142526,
        -0.07562000084522207,
        -0.016998623614514877,
        0.007762810359691702,
        -0.15497278267332026,
        -0.10796137230613626,
        0.01326540249814012,
        0.06976674690117489,
        0.0033549328668240584,
        0.12701174402696205,
        0.0501822200375258,
        -0.07176163844944286,
        0.11297022705750577,
        0.008194838919537813,
        -0.011675574104581097
    ],
    "statevector_imag": [
        0.018011370739237958,
        -0.01488968779967577,
        0.08253061612759957,
        -0.06431971395061818,
        0.18112201014230017,
        -0.027559565885834487,
        0.10299340651042767,
        0.12285888205153137,
        0.10511437571385104,
        0.14640874776965349,
        -0.028535733774550032,
        -0.06591887101649431,
        0.08863523653575318,
        0.07993969445160268,
        -0.12315917259801748,
        -0.037755162627256485,
        -0.026253401732304518,
        -0.09182441544544867,
        0.1445059285523968,
        0.11104026175372707,
        0.1754315153534183,
        -0.042813896121469984,
        0.19620876886042996,
        0.03355346484464816,
        0.002780431693686084,
        -0.13250071317323672,
        -0.06237477238241222,
        -0.035449278248384154,
        0.07028085514258721,
        0.09292392832060803,
        -0.0064097278066662594,
        0.030602735461424464,
        -0.0030607212558175457,
        -0.12964058613442697,
        0.09875316763348112,
        0.002509196442602278,
        -0.11661660310998893,
        -0.047857593475265345,
        0.03848243255717005,
        -0.11373603374667922,
        0.1276927229288292,
        0.006236446688665762,
        0.15575310194464545,
        -0.04843536773840022,
        -0.00203207458394064,
        -0.0017045708529138247,
        0.17230146933332294,
        -0.12241999374342513,
        -0.008711141537240365,
        0.08991295629339398,
        -0.003584466690652269,
        0.10902193772787294,
        -0.13119065332584762,
        0.010152701491715875,
        0.11989538834786921,
        -0.1369403366080046,
        0.058128885206887616,
        -0.01385921292465051,
        -0.06755282857356382,
        0.07846798800594915,
        -0.1095767303107309,
        -0.12239863527210484,
        -0.14874867255615914,
        -0.07489734706338688
    ]
}