{
    "dataset": 0,
    "circuit_id": 17,
    "layer": 2,
    "num_params": 34,
    "expr": 0.07504868010248635,
    "entcap": 0.5119117257582142,
    "num_iter": 102,
    "last_cost_avg": 0.08003616333007812,
    "accuracy": 0.921875
}