{
    "dataset": 2282,
    "last_cost_avg": 0.08665114645841678,
    "statevector_real": [
        0.019901403160078993,
        -0.0333270476035494,
        0.002159624005707092,
        0.04053076552041242,
        0.14154055587193964,
        0.09407332129313044,
        -0.04644672989030848,
        -0.15339913585915457,
        -0.1744101171821947,
        -0.1015876105291829,
        -0.004092604200940878,
        0.0771508467971364,
        -0.1795507570064333,
        -0.027077532682662924,
        -0.04041493127953303,
        -0.2312529699015735,
        0.004865993965393973,
        -0.31015688067544167,
        0.15328414346330352,
        0.15283998721360742,
        -0.14299399567357132,
        0.10663080572581665,
        0.25422004133412257,
        -0.0700082779968096,
        0.15642755619347765,
        0.09243021175335138,
        0.08266252048515395,
        -0.08233843909954125,
        -0.09598253862298883,
        0.0945296490533899,
        -0.1935821524663975,
        -0.1560324802337252
    ],
    "statevector_imag": [
        0.05478436045487757,
        -0.12913284852182988,
        -0.11958251836555811,
        0.060725126906129925,
        -0.04603073784319262,
        0.1598953638240571,
        -0.1520587351715891,
        0.05385049144129413,
        -0.1133810024865896,
        0.14384019302862255,
        0.17240495245288104,
        -0.07599247929970142,
        -0.06077206255266134,
        0.017717118226248378,
        -0.0661453351118975,
        -0.012514851728746843,
        0.03479257616894523,
        0.046593407124878014,
        0.1563583089247721,
        -0.07845071048331774,
        -0.17567181304844617,
        0.08949156765895022,
        -0.17781580528943544,
        0.058353263865912844,
        0.18489942912479487,
        -0.021051649518125153,
        0.21403309825464428,
        -0.08739075964239715,
        -0.16037720895841992,
        -0.00936644155562468,
        0.21207186358647104,
        -0.02780526599723456
    ]
}