{
    "dataset": 367,
    "last_cost_avg": 0.08060290550442728,
    "alpha": [
        0.05711023831068492,
        0.005022666415792405,
        0.04505933397067429,
        0.02063480341416662,
        0.011411419919954124,
        0.02827001368372067,
        1.9533251051780175e-05,
        0.0887518192915899,
        0.0006233065534579937,
        0.01654186139442132,
        0.09436989951786837,
        0.017656419105505913,
        0.02068257205488464,
        0.032925347949875415,
        0.01291800074123158,
        5.8525631897564763e-05,
        0.018902981011165956,
        0.020590547627981272,
        0.08518429966750049,
        0.027557131318111796,
        0.10123136244382706,
        0.007966084361402446,
        0.07350028316886262,
        0.01968342911269358,
        0.03251802365237564,
        9.770574883027478e-05,
        6.585780741453672e-05,
        0.04398775298878281,
        0.033582290183246294,
        0.056437152580741765,
        0.0005617901531804309,
        0.026077546967105375
    ]
}