{
    "dataset": 1039,
    "last_cost_avg": 0.07774543910112694,
    "statevector_real": [
        0.015967868968861973,
        0.00917052897698846,
        -0.015873052314719475,
        -0.06624751689039594,
        -0.02450127226914205,
        0.07255725122966021,
        0.11953739395752302,
        0.0005304406355396418,
        -0.01795975932627303,
        -0.013213918338377085,
        0.15923285620518546,
        -0.04862645079206631,
        -0.036728776576881395,
        -0.06162045257449069,
        -0.1189850935844314,
        -0.008950421118685886,
        -0.07809118657458376,
        -0.0008214782753007026,
        0.07945111078827564,
        -0.03376587743121602,
        -0.042284775685217484,
        0.0032933191501543025,
        0.03992994648283738,
        0.055133548663134926,
        -0.07641730463557651,
        0.004269345378254473,
        0.01392767635971359,
        -0.11345100166476568,
        -0.01722464852304348,
        -0.07667634398103054,
        0.15055458349501225,
        -0.025275483699248626,
        -0.061454037892472384,
        -0.05121909023668954,
        -0.1412309297242987,
        0.03893535200551247,
        0.05932987172692757,
        0.021753929406033892,
        -0.08358719039150943,
        -0.12438182763046049,
        -0.044381496361627686,
        -0.051688005379006544,
        -0.079224385493878,
        0.009145566530394526,
        -0.1741832516365385,
        0.04254114144619018,
        -0.08155086185757074,
        0.16379817204008676,
        -0.004108825106382017,
        0.046929132173871464,
        -0.17273911802750372,
        -0.10103610603715599,
        -0.04330077221162278,
        0.003044757034885524,
        -0.008892454570659658,
        -0.06348270652107366,
        0.11304896729170645,
        0.03938382582135351,
        0.010182350890316822,
        -0.13424768242135957,
        0.10155326216530483,
        -0.15038957065560915,
        -0.02746937749536942,
        0.1707745470202953
    ],
    "statevector_imag": [
        0.13444166804396215,
        -0.0406449251170806,
        -0.0974691065980492,
        -0.13047517236559744,
        0.11541527754709541,
        -0.03067463727725863,
        -0.04285017987087854,
        0.09642960601984911,
        -0.11367332316898887,
        0.002283153001159052,
        -0.002499886581512971,
        0.12861053332692388,
        0.002490594567708537,
        0.12316793278632576,
        0.11479522978282311,
        -0.014610323597140379,
        -0.1690175170034786,
        0.14464900167032116,
        -0.053187284125387674,
        -0.016269523267753185,
        -0.1907813854761286,
        -0.025814759599068444,
        0.08144492519786944,
        -0.15727745199476886,
        0.09919699161713384,
        -0.011415358394823306,
        -0.10601147041633606,
        0.002398193015051533,
        0.09573074881814328,
        0.11417612131488317,
        -0.031909417142387986,
        0.015846830751139327,
        -0.12829976247453653,
        0.156989027260646,
        -0.04027383424452044,
        -0.1404757857733524,
        0.15640164817230787,
        -0.17802798922967378,
        -0.04722990311219436,
        -0.016701597618580314,
        0.1295354332489235,
        0.14479606117614038,
        0.12218689563699495,
        0.01673997262708545,
        -0.014626472344224284,
        -0.007935577663971396,
        0.13131708440459786,
        0.011417289764532403,
        0.017584989803135578,
        0.07570922219919898,
        -0.08495115583553282,
        -0.05313512461144459,
        -0.07850504502416052,
        -0.008234752514897307,
        -0.14595716402066194,
        0.08877522207267888,
        -0.07857097502097983,
        -0.03356487734182714,
        -0.15852037790380585,
        -0.08243365004990916,
        0.005063273430938761,
        0.07849797644840137,
        -0.007810275490967444,
        -0.016537629398225978
    ]
}