{
    "dataset": 1124,
    "last_cost_avg": 0.08668201665125128,
    "statevector_real": [
        -0.08204033724357022,
        0.12436274391622203,
        0.06429575753924875,
        0.006949205259969308,
        -0.06268683063076874,
        -0.08027274053540025,
        0.1180715171547205,
        0.1490718087688086,
        -0.016492714239541222,
        0.12061994042081277,
        0.13261900646920724,
        -0.14379711995040434,
        -0.018715040788281272,
        -0.12848097640021122,
        0.07244049617534482,
        -0.0011727241327881847,
        -0.07009562057808755,
        0.010294640325640085,
        -0.07178221209386883,
        -0.168099057001265,
        0.04996997641793599,
        -0.11598507231882955,
        0.02937510151944272,
        -0.0037801280075534694,
        0.008833353549756373,
        0.10385047528510478,
        0.031340699205293296,
        0.11001526933067525,
        0.010808245154745707,
        -0.0379453427754942,
        -0.00592709783432277,
        0.021895172455204878,
        0.004342457096347813,
        -0.10332512042812309,
        -0.004626491698841539,
        -0.06311619781853767,
        -0.030618925149654825,
        -0.038524535913132395,
        -0.047213062998957625,
        -0.12949897479226016,
        -0.0026885214647241274,
        0.03828452921343845,
        0.0444500698642089,
        -0.001544153316619758,
        0.12218326827690082,
        -0.008869565015710281,
        0.10212683281282449,
        -0.1118956523748336,
        -0.12056786104443602,
        -0.013277274521521396,
        0.15363181132943304,
        0.13340605024016167,
        0.01115790655382447,
        0.01158099779438837,
        0.05728085441293234,
        -0.09816566690570433,
        0.19055207318417114,
        0.013894974590291813,
        -0.05678243298417069,
        -0.09301733164977281,
        -0.037863483615012294,
        0.0012571997869860081,
        0.002528192077219453,
        0.0830632602940485
    ],
    "statevector_imag": [
        -0.17192814582499763,
        0.14010630771248325,
        0.02927512582541482,
        -0.019083852924137543,
        0.08318497739606859,
        0.02504979099822481,
        0.0197493695654893,
        0.10108693868345708,
        0.07213173100726383,
        -0.15439223278158076,
        -0.05573149096130766,
        -0.09691363204185478,
        -0.021842619493868794,
        -0.1792598590528695,
        0.12686893908465854,
        0.011748291603941174,
        -0.08833845355698626,
        0.008562335584769263,
        -0.13888074903890227,
        -0.02735069301529564,
        0.19131001327581762,
        -0.028905252887776785,
        -0.17688018567081548,
        0.0029192531225603635,
        -0.004845040347171248,
        -0.018079868461655404,
        0.05650239405296434,
        0.06127268007322303,
        0.0015251402386535608,
        -0.20331780493366533,
        0.14064933206735292,
        0.040307876604518844,
        -0.0060867152749999485,
        0.1824599919235831,
        0.0012390123601949555,
        -0.077153426548992,
        -0.18301145412885036,
        -0.03253046797745148,
        -0.1134314954992117,
        -0.15015449945711865,
        0.01928484820788283,
        -0.06600049636949264,
        0.07803051534619111,
        0.017220339412545204,
        -0.09423965113182735,
        0.01700973005655535,
        0.09999954857948296,
        0.0562735651792946,
        0.19426195776163005,
        -0.011081767224357773,
        0.11909164774429794,
        0.09358736752361033,
        0.011559515914169148,
        0.010096864859961972,
        -0.0648712101740953,
        -0.032559297914691414,
        -0.09408827469628253,
        0.08476654891957634,
        -0.12526163829356518,
        -0.010506698742576646,
        -0.003736549470873951,
        0.014155605798358575,
        -0.016173054364772524,
        0.010976939422162874
    ]
}