{
    "dataset": 3445,
    "last_cost_avg": 0.10754673853083165,
    "statevector_real": [
        -0.03294199022696212,
        -0.1282421066806503,
        -0.07187794128429341,
        0.21491241483968082,
        0.10564278935850485,
        -0.0012361547483612353,
        -0.015083669717125289,
        0.18027270634408915,
        0.1512051565839626,
        -0.14404575161078143,
        0.1706101539263177,
        0.10695505686428342,
        -0.09142892198134536,
        -0.194054343796157,
        -0.2401395640705883,
        0.02343827209834626,
        -0.14699341820925088,
        0.05121680600419737,
        0.09611641522005891,
        -0.008135785375841193,
        -0.15865216713528799,
        -0.14510147248041894,
        0.1348343465435171,
        0.02239467828016208,
        0.16106572232481692,
        0.10229702133023523,
        0.134782236764237,
        0.17307803690856957,
        0.09284120258276474,
        -0.06382212509345217,
        -0.06445696884358544,
        -0.17893268504603832
    ],
    "statevector_imag": [
        -0.17395735270554902,
        0.24246970063554835,
        0.154541505203064,
        0.032294268481627676,
        0.15907800984580028,
        -0.18981562319354903,
        -0.011561896360158678,
        0.05984652148232391,
        0.07468545026120739,
        0.11636236369987425,
        -0.07320705052340762,
        0.22832371825632586,
        -0.044435061005849597,
        0.039030441025630684,
        -0.12084386590241862,
        -0.12402512100117034,
        -0.113918625186818,
        0.07748106321742679,
        0.05944855072891748,
        0.01380626244086141,
        0.10525218869830091,
        -0.05266970721470361,
        -0.0030912745247693102,
        0.19846013198867266,
        0.031555419578745574,
        0.08766277019871228,
        -0.06823191356305776,
        0.10589550636207709,
        0.19651807655055537,
        0.18535710091192897,
        0.005272439015790197,
        0.06610611625771146
    ]
}