{"f": [0.135986328125, 0.1142578125, 0.1136474609375, 0.10546875, 0.2020263671875, 0.14971923828125, 0.13848876953125, 0.1348876953125, 0.1334228515625, 0.15234375, 0.11126708984375, 0.11029052734375, 0.14459228515625, 0.117919921875, 0.110595703125, 0.1971435546875, 0.125732421875, 0.10546875, 0.1162109375, 0.1165771484375, 0.1121826171875, 0.17169189453125, 0.14874267578125, 0.1717529296875, 0.157470703125, 0.1002197265625, 0.1390380859375, 0.12249755859375, 0.170166015625, 0.12957763671875, 0.13458251953125, 0.12994384765625, 0.13385009765625, 0.11492919921875, 0.19329833984375, 0.1322021484375, 0.13653564453125, 0.13275146484375, 0.1463623046875, 0.19476318359375, 0.11865234375, 0.13702392578125, 0.11962890625, 0.16204833984375, 0.15606689453125, 0.1436767578125, 0.13909912109375, 0.1690673828125, 0.13458251953125, 0.12774658203125, 0.13946533203125, 0.1285400390625, 0.17138671875, 0.21417236328125, 0.1221923828125, 0.1414794921875, 0.13861083984375, 0.2034912109375, 0.12750244140625, 0.1802978515625, 0.13336181640625, 0.14923095703125, 0.14996337890625, 0.1243896484375], "accuracy": 0.34375}