{"f": [0.03558349609375, -0.002197265625, -0.03668212890625, 0.00421142578125, -0.0091552734375, 0.01495361328125, -0.01153564453125, -0.00079345703125, -0.031494140625, 0.029052734375, -0.015380859375, -0.03131103515625, 0.04296875, -0.0067138671875, -0.0216064453125, -0.02825927734375, 0.0120849609375, -0.03509521484375, -0.0203857421875, -0.0333251953125, 0.03155517578125, -0.00909423828125, -0.0313720703125, 0.01849365234375, 0.0435791015625, 0.00433349609375, -0.02886962890625, -0.01495361328125, 0.0068359375, -0.02496337890625, 0.0120849609375, 0.0098876953125, -0.00701904296875, 0.01458740234375, -0.0263671875, -0.005126953125, 0.02972412109375, 0.0184326171875, 0.01123046875, 0.0184326171875, -0.0511474609375, 0.00469970703125, 0.0037841796875, 0.0069580078125, -0.03558349609375, -0.0078125, 0.00946044921875, 0.00823974609375, -0.02984619140625, 0.0028076171875, -0.01214599609375, -0.00836181640625, 0.015869140625, -0.01263427734375, 0.0069580078125, 0.00341796875, -0.02337646484375, -0.01983642578125, -0.0078125, -0.0048828125, -0.0223388671875, 0.00628662109375, -0.015869140625, -0.01495361328125], "accuracy": 0.46875}