{
    "dataset": 1517,
    "last_cost_avg": 0.07736155725460862,
    "statevector_real": [
        -0.19101547581481362,
        0.038935269488257734,
        -0.01762850530506264,
        -0.11766577660668405,
        -0.1002350074584255,
        0.011390286551264717,
        -0.026099748836790285,
        0.1501527768387425,
        0.17999964995494339,
        -0.1566634993716567,
        -0.18202451918668258,
        0.10120798220634603,
        0.10250343288993607,
        0.23307151210672702,
        -0.04947630342428619,
        -0.1694673355087976,
        0.16594794430529755,
        0.038344319654135366,
        -0.25055311452920015,
        0.10100523233630294,
        -0.19409273926904488,
        0.11655488447490325,
        0.05133875720724105,
        0.24262246924323183,
        -0.11289422549054547,
        -0.04357480961745743,
        0.0415078279010685,
        0.03850963285181028,
        0.12400592053468874,
        0.10851894454368316,
        -0.06005196853349351,
        0.1755199884766322
    ],
    "statevector_imag": [
        0.011542587413365224,
        0.07236273917291877,
        -0.1641950667135959,
        -0.10681591789515223,
        -0.15145424781144565,
        -0.12213116121908626,
        -0.11312896703202814,
        -0.12733469701464356,
        0.11474964438827036,
        -0.04219712401429474,
        -0.16314331766494194,
        -0.022465415915582952,
        -0.06957473592074193,
        0.029302552022448275,
        0.09248355895169938,
        0.07866936371485278,
        0.012409799106999587,
        0.2205769224635585,
        -0.07110636008845686,
        0.002581098440237002,
        -0.016335815750875903,
        -0.04140042411621651,
        -0.177103971861997,
        -0.02296647288938684,
        -0.1798121443815269,
        -0.09191873873529392,
        0.1784655022296957,
        0.12670283400083407,
        0.11628298148788235,
        0.23906987160264948,
        0.03401430497544738,
        0.05078573995220992
    ]
}