{
    "dataset": 4013,
    "last_cost_avg": 0.0932346236115278,
    "statevector_real": [
        -0.16058507774393832,
        -0.04597447054418189,
        -0.012117012744085519,
        -0.10310101940376999,
        -0.07230034703027258,
        0.003664274390887994,
        -0.0024633407503835193,
        0.005855703545749226,
        0.1632931329977141,
        0.06475301604297873,
        0.2132083689269775,
        0.27122391830076675,
        0.12756595663114373,
        -0.14063055669768074,
        0.04403585640712988,
        -0.002774698977951346,
        0.22265295115508257,
        -0.1834347606769569,
        -0.020091482918266276,
        -0.19777230997151524,
        0.12658165921239053,
        -0.07707828621353671,
        0.02027922509452035,
        0.07721284894767025,
        0.20408213523642788,
        -0.1494532692761867,
        -0.15078413301652052,
        -0.16771140254998843,
        0.09866780699352645,
        -0.005988809551590525,
        0.007987510286144797,
        -0.1693505762576056
    ],
    "statevector_imag": [
        -0.005258764413666817,
        -0.253746189790522,
        0.00579044781947511,
        -0.061142200585117955,
        0.1861490869741348,
        -0.006342637962191262,
        -0.004844065219316505,
        0.1854309631951684,
        0.019435576599721307,
        -0.1532901280027713,
        -0.1455412918480565,
        0.08828453827404842,
        0.0220276202901462,
        0.06206517002886715,
        0.03697703472932192,
        0.013918000064475399,
        -0.016814603698317023,
        -0.19544569301746584,
        -0.14835893108780288,
        -0.015370895312890879,
        0.132546424599999,
        0.11859649372374033,
        0.21412580775893877,
        0.22520492402737421,
        0.049428520604702736,
        -0.03700162512848833,
        0.16970631769746478,
        0.038298615019837855,
        0.1489512899357227,
        0.0028784747919646347,
        -0.09763738244809558,
        0.11380899583911211
    ]
}