{"f": [0.0458984375, 0.0625, 0.0928955078125, 0.06036376953125, 0.0623779296875, 0.06201171875, 0.05914306640625, 0.0228271484375, 0.0640869140625, 0.0399169921875, 0.06768798828125, 0.0709228515625, 0.06298828125, 0.04779052734375, 0.06024169921875, 0.08197021484375, 0.02740478515625, 0.098388671875, 0.0592041015625, 0.07794189453125, 0.07275390625, 0.04998779296875, 0.04998779296875, 0.03424072265625, 0.038330078125, 0.05877685546875, 0.07403564453125, 0.0482177734375, 0.08135986328125, 0.0418701171875, 0.0174560546875, 0.08087158203125, 0.03857421875, 0.05694580078125, 0.06756591796875, 0.05438232421875, 0.03009033203125, 0.06915283203125, 0.03497314453125, 0.01995849609375, 0.0965576171875, 0.0416259765625, 0.05078125, 0.0576171875, 0.0548095703125, 0.0499267578125, 0.0465087890625, 0.0589599609375, 0.0313720703125, 0.05096435546875, 0.03521728515625, 0.0762939453125, 0.0283203125, 0.0513916015625, 0.0916748046875, 0.03985595703125, 0.0594482421875, 0.05987548828125, 0.072509765625, 0.04656982421875, 0.03857421875, 0.03778076171875, 0.052490234375, 0.0587158203125], "accuracy": 0.34375}