{
    "dataset": 140,
    "last_cost_avg": 0.08181327840009892,
    "statevector_real": [
        0.0007036095044722473,
        0.00788326552812776,
        -0.20331285079227207,
        0.036255373476056334,
        -0.13930249492084026,
        0.12784536497704058,
        -0.13087889531497374,
        -0.19734219704502923,
        -0.10018788203348389,
        0.09615310188925326,
        -0.03877403277419066,
        0.02689693547771249,
        -0.14221912154333757,
        0.0006978151662682957,
        -0.11063294539844752,
        0.032681791646470226,
        -0.05365355826957618,
        0.021673090161880067,
        0.02497497915007685,
        -0.051501746035637154,
        -0.18458011071637997,
        -0.2005920820737072,
        -0.03775453059073359,
        0.10318379900041943,
        -0.10547754478274639,
        -0.19683409891873394,
        -0.21416265300621595,
        0.05954724861829223,
        0.0016075525127858623,
        -0.15669925301442128,
        0.05863746785334372,
        -0.03132651469661172
    ],
    "statevector_imag": [
        -0.018730936928640005,
        -0.11060456994641818,
        0.1425532324489704,
        -0.023570854366920323,
        -0.10780561049292042,
        -0.05315638123735508,
        0.2657168133153713,
        0.12242855361738562,
        0.16317724594602898,
        -0.09901351693788259,
        -0.035091886024646225,
        -0.15932448494997678,
        0.012888180079540484,
        -5.311847202252363e-05,
        -0.23270688741996923,
        0.1957292209285158,
        0.11140901666547715,
        0.018343909634451518,
        -0.015803175746398484,
        -0.15257841083551127,
        0.05088637214618291,
        0.23536595105061617,
        0.030321067538908324,
        -0.02437056912014403,
        -0.1747837612319612,
        0.22564238535713774,
        -0.0889437583056002,
        0.22330711213242752,
        -0.005396878163780654,
        0.1872887020809958,
        0.03904575681201737,
        0.16831603237924123
    ]
}