{
    "dataset": 0,
    "circuit_id": 19,
    "layer": 7,
    "num_params": 126,
    "expr": 0.006198035433888031,
    "entcap": 0.9112582269995279,
    "num_iter": 53,
    "last_cost_avg": 0.12827301025390625,
    "accuracy": 0.640625
}