{
    "dataset": 3439,
    "last_cost_avg": 0.08948379081741001,
    "statevector_real": [
        -0.04351559250577405,
        -0.12091713812898029,
        -0.08238410331045953,
        0.1877944034112589,
        0.09235011187880261,
        -0.00011392261537739359,
        -0.13553523846043602,
        0.1926290860561311,
        0.16245781867183215,
        -0.1131574993199102,
        0.0989762657597969,
        0.06586897943841405,
        -0.166350427870442,
        -0.20523867290199332,
        -0.09453425694893883,
        0.039940859275572886,
        -0.13048657052332266,
        0.061942519255044355,
        0.17014210735400287,
        -0.08621008246054582,
        -0.21280138035470206,
        -0.09397561989033325,
        0.1384331207329794,
        0.02274730028214945,
        0.21622191721272235,
        0.07924932151986937,
        0.23039203911169354,
        0.15891427657622653,
        0.04957794934615541,
        -0.05523755265898153,
        -0.12735567509658338,
        -0.12147918638347201
    ],
    "statevector_imag": [
        -0.22979356200288595,
        0.22862024839353975,
        0.17713032820523006,
        0.02821932314908094,
        0.13906175798579687,
        -0.017493191902038303,
        -0.10389012817284148,
        0.06394856420901933,
        0.08024352879276253,
        0.09141036055551485,
        -0.04246969082054129,
        0.1406146725929183,
        -0.0808474085725352,
        0.04127996190229366,
        -0.04757185728281048,
        -0.21134962013232883,
        -0.1011259612875931,
        0.09370698067063075,
        0.10523386330005872,
        0.14629675790526062,
        0.14117557575657094,
        -0.0341117722675907,
        -0.0031737816845358443,
        0.20158504444247272,
        0.04236142377959561,
        0.06791219304786182,
        -0.11663324541633406,
        0.09722959704640295,
        0.10494223441517585,
        0.16042512854823862,
        0.01041741556123996,
        0.04488010234626387
    ]
}