{
    "dataset": 2419,
    "last_cost_avg": 0.1002416708896523,
    "statevector_real": [
        -0.252220548494322,
        -0.015827202707964585,
        0.08708098044679463,
        -0.13458314094961604,
        -0.161051446482984,
        0.0745583634471606,
        -0.027795493466053745,
        -0.05474145946729538,
        0.16769184822281885,
        -0.029349345551104588,
        -0.22911572870097383,
        -0.19385839032465257,
        0.1969036725664664,
        -0.17259051651120025,
        -0.012369674384636114,
        -0.14653126107139464,
        -0.11824053267232643,
        -0.011366822436892647,
        -0.22150674834508632,
        0.05595762342310694,
        0.176459045747426,
        0.1093742581505202,
        0.15976911739362482,
        0.03584953601832472,
        0.014776115754659378,
        0.1290048121348697,
        -0.008893054538484152,
        0.20671050400421892,
        -0.014544986356181094,
        0.1939174620409057,
        0.017729266053698192,
        -0.013769351134516487
    ],
    "statevector_imag": [
        -0.11961660870091018,
        -0.01477744426974522,
        -0.23904844183777588,
        -0.13579431780127418,
        -0.14924902483901945,
        0.07498519861986208,
        -0.0407286262084102,
        0.12923411623947084,
        -0.041955300945523376,
        -0.07022043433339567,
        -0.051974912712253137,
        -0.017024638386912823,
        0.08177227526174292,
        0.18068266447507877,
        -0.07225063480538316,
        -0.10245138177530311,
        -0.07871597239461661,
        0.009264071440635326,
        0.04823666806497214,
        0.06685033998452729,
        -0.08533570036295261,
        0.17816904716657664,
        -0.13218644816260772,
        -0.13066761622909132,
        0.024230509866052515,
        -0.16665521274757525,
        0.26484693667240927,
        0.07071077729021681,
        0.12759076764500826,
        -0.023899069995148636,
        -0.1535186690454163,
        0.007088752720967396
    ]
}