{
    "dataset": 0,
    "circuit_id": 19,
    "layer": 3,
    "num_params": 54,
    "expr": 0.02019825119854058,
    "entcap": 0.726859262290492,
    "num_iter": 72,
    "last_cost_avg": 0.010311126708984375
}