{
    "dataset": 0,
    "circuit_id": 9,
    "layer": 8,
    "num_params": 40,
    "expr": 0.00813371792642317,
    "entcap": 0.9090287420959795,
    "num_iter": 71,
    "last_cost_avg": 0.10111236572265625,
    "accuracy": 0.96875
}