{
    "dataset": 639,
    "last_cost_avg": 0.08555523397156356,
    "statevector_real": [
        -0.17303556215928476,
        -0.0025351721378400176,
        0.0760073465424697,
        0.03838346088270454,
        -0.08011971179615711,
        0.11592098904795026,
        0.1088050176702076,
        -0.09820060369965469,
        -0.11109552854089963,
        -0.0771849318838368,
        0.02535506859176872,
        -0.144764348980901,
        0.027904606536506737,
        -0.04051133568623619,
        -0.13678333013421717,
        0.07765198080702111,
        0.14774689871244012,
        -0.13578507712231827,
        0.015461057982877982,
        0.03650796445401182,
        -0.12773055331715635,
        0.04019761827960224,
        -0.07688872811834851,
        0.0032378046920744177,
        -0.009648289343534112,
        -0.06756454649574527,
        0.09047242001297925,
        0.14097638166387408,
        0.033120308954573026,
        -0.00392464271311531,
        -0.150361894359429,
        0.009814468205162916,
        -0.01962026461739883,
        -0.01627333615429271,
        -0.09574220167903862,
        0.14749897720782149,
        -0.15029397014840726,
        0.03531413932662196,
        0.15346924624107416,
        -0.12523709549540477,
        -0.039359711638682585,
        0.11838248784390144,
        0.0125910368983698,
        -0.009268035441699553,
        0.05558187272124361,
        -0.008368831723512151,
        -0.05437234685470951,
        -0.1389401645226211,
        -0.10970002188218371,
        0.13535642792119357,
        0.0828709534473198,
        -0.11983894006908986,
        -0.04741415817845721,
        0.08318562587792724,
        0.09454255199200871,
        -0.016903946755178558,
        0.030162960115482224,
        -0.03844427556302874,
        0.009442415909890532,
        0.12291923466330057,
        -0.06257301576852248,
        -0.13218032426439966,
        0.08722550179830688,
        0.13749865469061762
    ],
    "statevector_imag": [
        -0.014764790476524856,
        0.0036594296588516348,
        -0.021948666785584173,
        0.08876428615686649,
        0.017879983246378732,
        0.06428853898473977,
        0.08356627012154892,
        0.11431859807541783,
        -0.10755157257689459,
        -0.014644950741980065,
        -0.011528058654091067,
        -0.04206764901848207,
        -0.1587203166123047,
        -0.048250895656214536,
        0.09258100589555211,
        0.04724843388912935,
        -0.008499527679460304,
        0.021158749799403447,
        -0.059555666731029466,
        0.08140390388495782,
        -0.052878565273374305,
        -0.10121053105529579,
        0.1355191424551811,
        0.017616517915752288,
        0.0011033337062508685,
        0.18837390385453667,
        0.02014210830922463,
        -0.06844220200779277,
        -0.09735499514521725,
        -0.015365738694728718,
        -0.08048225352864533,
        -0.14417582511209256,
        -0.14434310356141047,
        0.029432076972381933,
        0.1449316415614043,
        -0.0690526642148393,
        0.09663196858356939,
        0.12445763147358753,
        0.02211032314670466,
        0.04793629191400114,
        -0.12918259503095364,
        0.015424422899369792,
        -0.05364803246667399,
        0.011112351179561634,
        0.13762502007088886,
        0.18286208775222065,
        -0.08893593750607422,
        0.006921166594198665,
        0.10372811204485957,
        0.060067896168472405,
        -0.01484726066983946,
        -0.13441854891686783,
        0.0669585981658237,
        0.07117875525880749,
        -0.07784390970463934,
        0.0914029755166147,
        0.07604027037882903,
        0.08453731236002286,
        0.141405576234164,
        -0.06452827264426586,
        0.03159926537302728,
        -0.007648156457327369,
        -0.00028691338742406036,
        -0.07519060855185557
    ]
}