{
    "dataset": 323,
    "last_cost_avg": 0.09231014135066444,
    "alpha": [
        0.02293122245925767,
        0.00016634525531862912,
        0.032923437801064694,
        4.4209995324098426e-05,
        0.01160794955315643,
        0.03821263082609312,
        0.02286279388819119,
        0.03805473896191773,
        0.03762962023785975,
        0.029592640753999123,
        0.08346298952941235,
        0.020036992634734567,
        0.019452944748423937,
        0.06533831109710202,
        0.021191205815042576,
        0.0007764810636779838,
        0.01708097406304554,
        0.0386661204003097,
        0.04189342749327199,
        0.012567256911638198,
        0.06439240366133171,
        0.014495959759165754,
        0.05049363205280553,
        0.06638858254659546,
        0.03212041463168196,
        6.559885948260788e-06,
        0.0003709804725697578,
        0.03450856359657663,
        0.04758458275412828,
        0.07879935314706657,
        0.03854344963738357,
        0.017803224365905333
    ]
}