{
    "dataset": 2207,
    "last_cost_avg": 0.08656211651978855,
    "statevector_real": [
        0.013618106924730882,
        0.0007232936438407424,
        -0.0808105014900931,
        -0.03901925442440423,
        -0.0038712229476989524,
        -0.09147363420747859,
        0.1432120970834033,
        -0.04434354658497334,
        -0.027334678476635895,
        -0.02356452267202275,
        0.09602038488392982,
        -0.03426731133684272,
        0.00014199209982369084,
        -0.16867069757905076,
        0.014604730899140859,
        0.049798045807764785,
        0.07245718717243126,
        0.17186360740300158,
        0.05560978343779678,
        -0.07932131145391386,
        -0.058119017665572724,
        0.13912290239873615,
        0.05215734283290644,
        0.11339142102446237,
        -0.1095015114203943,
        -0.03562714193887365,
        0.02558143983465285,
        0.06266543002866332,
        0.17307337507514986,
        0.09298428683034189,
        -0.10118677195639605,
        0.07123314088447569,
        0.017499491417767316,
        -0.14587671783636214,
        0.07286259758293026,
        0.0143610965750393,
        -0.06465261071994641,
        -0.1084083952315882,
        0.028814709170666333,
        0.03642863103231904,
        0.08843560210929781,
        -0.036375311206638235,
        -0.01144783735324039,
        0.047882449709297295,
        0.00040938132053835227,
        -0.04249761756085246,
        -0.05877569401405257,
        -0.01923923289847915,
        -0.06947661449415597,
        0.12863910022422043,
        -0.030904061897723545,
        -0.04463772158074497,
        0.036852058921933516,
        0.03565911332207142,
        0.030920688484629345,
        -0.11058927185258005,
        0.1529269481280497,
        -0.14533740234396073,
        -0.10599809959280346,
        0.022660209487945664,
        0.07659732862926384,
        -0.12626656345360168,
        0.10987969165660445,
        -0.057145864780806
    ],
    "statevector_imag": [
        0.17250061307637093,
        0.13692458290029785,
        0.060795800660197734,
        0.10882047046498987,
        -0.13130613308028025,
        0.1267081090937877,
        -0.11511113924297113,
        0.06464460948405851,
        0.01909029127991991,
        -0.07993867737523688,
        -0.028060206216991974,
        0.12204367962534499,
        0.0479495985038912,
        -0.050829785642915744,
        0.044884345819344716,
        -0.15126906998471093,
        -0.1562146114544175,
        -0.016621629386014202,
        0.07056334096553181,
        0.09712305409790203,
        0.2004123732691261,
        -0.08837438841421665,
        -0.09059494154445097,
        -0.12825886144218376,
        -0.12414952998875338,
        -0.03281032501593133,
        0.09237247735282067,
        -0.006488262161663049,
        -0.05003136455311854,
        -0.010172984149532277,
        0.03699896006894022,
        0.03988995976828003,
        0.1176764299873674,
        0.1392172219969378,
        0.0005374379392145867,
        0.0334225458577504,
        -0.06667360550342948,
        0.08591241635530746,
        -0.061845513874367666,
        0.15171765563322892,
        0.025459414954780935,
        0.06587490039333374,
        0.09246841339152506,
        0.00901074212672011,
        -0.021668142057597987,
        -0.04614815498232481,
        0.06330148026953948,
        -0.10950892766652198,
        -0.01013757919769774,
        -0.05153940041675831,
        0.09483224057201126,
        -0.04368135750066492,
        -0.14877074164848414,
        0.1182484176845863,
        0.13167411760434944,
        0.021627021385332193,
        -0.03230791124228385,
        -0.006380598469817991,
        -0.08681196333248761,
        0.05102758357238748,
        0.20140564038842484,
        0.07441033876330035,
        0.10870270529045697,
        -0.12880925871360321
    ]
}