{"f": [0.0797119140625, 0.07525634765625, 0.14337158203125, 0.11785888671875, 0.14581298828125, 0.060302734375, 0.10675048828125, 0.0810546875, 0.09881591796875, 0.04901123046875, 0.04400634765625, 0.11553955078125, 0.10723876953125, 0.0919189453125, 0.1446533203125, 0.1192626953125, 0.06976318359375, 0.15667724609375, 0.079345703125, 0.1343994140625, 0.10040283203125, 0.10589599609375, 0.06854248046875, 0.11883544921875, 0.07403564453125, 0.1634521484375, 0.1522216796875, 0.09295654296875, 0.06365966796875, 0.078857421875, 0.0982666015625, 0.109130859375, 0.0858154296875, 0.1005859375, 0.07733154296875, 0.100341796875, 0.07086181640625, 0.0601806640625, 0.03802490234375, 0.11724853515625, 0.10247802734375, 0.07330322265625, 0.07916259765625, 0.02349853515625, 0.07305908203125, 0.0675048828125, 0.1417236328125, 0.11285400390625, 0.0994873046875, 0.0546875, 0.082763671875, 0.06097412109375, 0.11651611328125, 0.14111328125, 0.10089111328125, 0.05108642578125, 0.06475830078125, 0.14306640625, 0.068115234375, 0.11761474609375, 0.07958984375, 0.10418701171875, 0.095458984375, 0.12567138671875], "accuracy": 0.34375}