{
    "dataset": 0,
    "circuit_id": 1,
    "layer": 1,
    "num_params": 12,
    "expr": 0.3829329462849601,
    "entcap": 2.587389301367609e-32,
    "num_iter": 1024,
    "last_cost_avg": 0.09342961634889795
}