{
    "dataset": 2878,
    "last_cost_avg": 0.09603335590804399,
    "statevector_real": [
        0.17624344041274817,
        -0.13684321356277962,
        0.022736821828661546,
        -0.2130846566624853,
        0.208831212973083,
        -0.01763433535726003,
        -0.12111762667312613,
        0.23644080010687263,
        0.036168176052337554,
        -0.16097273556478867,
        -0.1580607027754827,
        0.18156860069688485,
        0.09003245820142335,
        0.007263862685973782,
        0.09291540926505752,
        -0.21229387004499914,
        0.14479892899198243,
        0.0019165198396034855,
        0.004251195624077472,
        0.06281461693498955,
        0.04051521342576796,
        -0.16629733649279047,
        0.14542897573833313,
        -0.10787551074104784,
        -0.09893004147170924,
        -0.0008487351337695118,
        0.14379486479458603,
        0.18752563629337599,
        0.00010406639657157076,
        -0.011838000839673627,
        -0.08132346614805536,
        -0.08936665898563004
    ],
    "statevector_imag": [
        0.09547998000347518,
        0.042455374776998116,
        -0.02725198826920081,
        -0.02586011652621881,
        -0.08310746612063696,
        -0.05191396545853139,
        0.037183957988543515,
        -0.14987565583157347,
        -0.09515990399642837,
        0.06387302795104982,
        -0.15375275058742496,
        0.04634909102471288,
        -0.17122394569297134,
        -0.011699676378641392,
        0.05482070260635177,
        0.020680903596762674,
        -0.09951435465537885,
        0.002560460846183499,
        0.2891849088389011,
        0.1003367741611232,
        0.1593310599822512,
        -0.03266786787610102,
        0.10963250879096685,
        0.22548219609841813,
        -0.28428891634318126,
        0.09687197527780098,
        0.04532321199841236,
        -0.15783263318903182,
        -0.055552849471511054,
        0.009603393367075141,
        -0.209701727397496,
        -0.023332194684600346
    ]
}