{
    "dataset": 521,
    "last_cost_avg": 0.08688692229223187,
    "statevector_real": [
        0.19853084763665313,
        -0.11859408026759864,
        0.13144393261427656,
        0.005207096087455182,
        0.17894514333918576,
        0.03474598646662243,
        0.054604847454735254,
        -0.09936761363066142,
        0.05385346173849323,
        0.11267524908024623,
        0.10882019740748543,
        0.0034215273989332867,
        -0.11284896852833873,
        -0.048931804058466116,
        -0.20690104242448606,
        0.21571401130553003,
        0.07399027964563414,
        -0.19539215934393445,
        -0.12259004685888804,
        -0.06880690159047688,
        -0.13034052705296784,
        -0.10073279986567354,
        0.09356681646746232,
        -0.16880177454851197,
        -0.05504619913178271,
        0.07934118901469048,
        -0.053395692231991615,
        -0.0718168781898496,
        -0.0783029555283568,
        -0.10699052186659395,
        -0.02549724206921293,
        -0.025676687304859176
    ],
    "statevector_imag": [
        0.15458901187599566,
        0.02458745141061048,
        0.10075547276302367,
        0.014272643313222842,
        -0.1208372350444635,
        -0.133758021252718,
        -0.11251959425198209,
        0.19158866023649965,
        0.179402771128448,
        0.05610888789180328,
        -0.12258292848148854,
        0.06398908944653896,
        0.1580505473813157,
        -0.0395876978434173,
        0.1596652469785049,
        0.0696194193203609,
        0.07655706082253723,
        -0.022927971021243474,
        0.05354707615274416,
        0.2106027671938906,
        0.24154796701446313,
        0.06910726309941155,
        -0.10273864013657702,
        -0.0445679558987987,
        -0.15169605185167087,
        0.06219477468624496,
        0.189178359414218,
        -0.15489143671948494,
        -0.20042269300999102,
        0.0599251344413819,
        0.0007786265967359609,
        -0.3153432121037246
    ]
}