{
    "dataset": 1586,
    "last_cost_avg": 0.047617616940494156,
    "statevector_real": [
        0.02411355643748469,
        -0.006457241419005716,
        -0.020244157089934284,
        -0.05498611966179833,
        0.09516394182763692,
        -0.020785397584022956,
        0.10599026868121257,
        -0.2158446756370951,
        0.0938013752571352,
        0.09577394635260336,
        -0.11202466132968703,
        -0.12037865194136668,
        -0.04225969906850217,
        0.05672265050309527,
        -0.0030824323319995515,
        -0.007313357372426522,
        0.12023045801515082,
        0.1291904697401011,
        -0.0064853008102446095,
        -0.07790567114622624,
        0.016176990824879868,
        -0.10766886656951138,
        -0.007166827293125669,
        0.006152887710295306,
        -0.00017805256667563537,
        0.006879508675136452,
        0.14851391942812447,
        -0.09125251260788861,
        -0.0743809598190117,
        -0.07822003929589633,
        0.0037320948875762447,
        0.0494558819803275,
        -0.004172781077808244,
        0.026560735790169036,
        0.01339639513607522,
        0.011162593003702617,
        -0.1717912491928848,
        0.10597339482822565,
        0.023943973216725485,
        0.02161971098460883,
        0.09369622747361195,
        0.06493746326540006,
        0.005541323150828852,
        0.028072161399037177,
        -0.18720871445312218,
        0.13334123101835904,
        -0.024634794605729194,
        -0.02189187684417741,
        0.003300257044937296,
        0.09666866796740209,
        -0.13586763750854355,
        0.020575455848685108,
        -0.008319941626928085,
        -0.16914584600793597,
        0.10725016540360677,
        -0.00867672566012278,
        -0.164707589026327,
        -0.07536816080715755,
        -0.0508778627962,
        -0.07790983998105327,
        0.0068118648931625135,
        0.12774763915717896,
        0.0024349366810899565,
        -0.20417800845116205
    ],
    "statevector_imag": [
        0.09377260825434751,
        0.2062080717372197,
        -0.003095995411301737,
        -0.05112829479398687,
        -0.19985111551859833,
        -0.182758692574187,
        -0.0004172961073413492,
        -0.02717184348956671,
        0.10789235053372415,
        0.07502422759337332,
        0.12167755124616496,
        -0.07181509410489899,
        0.03215093619021568,
        -0.048602212231683775,
        -0.003399345382889431,
        -0.11646387843107087,
        -0.1663441705960397,
        0.012051961428764019,
        0.014207130953347441,
        0.007419770446944862,
        0.006778517666919604,
        -0.0054517964331917326,
        -0.11065170126384695,
        0.009577059689297653,
        0.18135916346400024,
        0.0012061947783516098,
        -0.10532410491093813,
        0.07061577582861644,
        0.24368653449699798,
        -0.023175382690063952,
        0.007657191182135551,
        0.09803868478126292,
        0.012076649330286468,
        0.1108603020541143,
        0.009524303920781869,
        0.12480478426663182,
        0.09282345803021964,
        -0.10000003284074513,
        0.09393021236897531,
        0.06045127259104512,
        -0.09976098513597384,
        -0.013028348001709949,
        -0.0037878594956096395,
        0.09991232166994163,
        -0.09031689323824284,
        -0.08257868267379125,
        0.01020363550026031,
        -0.022803133456412605,
        0.1329088069692161,
        -0.037579574829186245,
        -0.00792541139554495,
        0.10716517291782889,
        0.027735413346493154,
        0.003383743334471654,
        0.006892238494732785,
        -0.006465035493157939,
        0.09774440438321426,
        0.08564011165450476,
        0.10832797423021047,
        0.08742984936630378,
        -0.006029756333937784,
        0.046989490538181064,
        0.0075298463319776405,
        -0.0019091884306499305
    ]
}