{"f": [-0.12548828125, -0.0166015625, -0.0736083984375, -0.034912109375, 0.00421142578125, -0.11962890625, -0.0858154296875, -0.03936767578125, -0.0712890625, -0.05120849609375, -0.11962890625, -0.0810546875, -0.09228515625, -0.1109619140625, -0.11505126953125, -0.009765625, -0.09490966796875, -0.05010986328125, -0.05657958984375, -0.0767822265625, -0.08819580078125, 0.03204345703125, -0.09539794921875, -0.08740234375, -0.0694580078125, -0.11846923828125, -0.05908203125, -0.042724609375, -0.1075439453125, -0.07818603515625, -0.10455322265625, -0.0390625, -0.10992431640625, -0.09368896484375, -0.05462646484375, -0.09014892578125, -0.13006591796875, -0.114990234375, -0.0836181640625, 0.00018310546875, -0.042724609375, -0.126953125, -0.105224609375, -0.09112548828125, -0.0838623046875, -0.13238525390625, -0.05511474609375, -0.08740234375, -0.047119140625, -0.13421630859375, -0.05694580078125, -0.07177734375, -0.11285400390625, 0.0067138671875, -0.0465087890625, -0.13580322265625, -0.088623046875, 0.0216064453125, -0.02020263671875, -0.00823974609375, -0.03955078125, -0.06591796875, -0.05157470703125, -0.09613037109375], "accuracy": 0.609375}