{
    "dataset": 1771,
    "last_cost_avg": 0.108775545294735,
    "statevector_real": [
        0.005849826460198791,
        0.05930226224183297,
        -0.15346576897404382,
        -0.17350815346438594,
        0.08173390909325544,
        -0.03391785926506463,
        -0.1311786783431771,
        -0.03471060979430172,
        -0.16716193054496595,
        -0.10866950257766218,
        -0.07896719904842647,
        0.240437576017563,
        0.18036176360144673,
        0.035525443493931455,
        0.11270764082369704,
        -0.16057453451687198,
        -0.14586392753965596,
        -0.15206769362280118,
        0.16657498566028067,
        0.19079416211876388,
        -0.14713989394203125,
        0.11152622605908433,
        0.11005421927130721,
        -0.08330275266860246,
        0.1147108071027472,
        0.221343888677583,
        0.06326159560459604,
        -0.21854379406925228,
        0.07324922545278607,
        -0.28770043741837353,
        0.07736098821032951,
        0.03236961706457001
    ],
    "statevector_imag": [
        0.021993102068421252,
        -0.03652758760755595,
        0.044795340545217166,
        -0.1773484115798827,
        -0.06420996311626967,
        -0.05199423327204582,
        -0.04569440916899675,
        0.11777658277747217,
        -0.15656048345401657,
        0.20760508821224666,
        0.17010162953769845,
        0.10363471150169565,
        -0.0014704012865131703,
        -0.06270435276187328,
        0.08122069384638492,
        -0.07188067357673629,
        -0.10056029241643244,
        -0.18481451416622813,
        0.2052315649739542,
        0.07243546934918443,
        -0.0026171220336005745,
        0.14141166724416032,
        -0.03161815506718193,
        -0.04665048803418639,
        0.16715866301685214,
        0.14508620694715513,
        0.006729101543672762,
        0.11140145059988976,
        0.01769101402888473,
        -0.06459132842139156,
        -0.08315251214413581,
        0.0314233612393851
    ]
}