{
    "dataset": 3637,
    "last_cost_avg": 0.06356568356187829,
    "statevector_real": [
        0.0036430419873732622,
        -0.21082330710462077,
        -0.26847237249714706,
        0.09820261403252087,
        0.0780339194605336,
        -0.09326290844773806,
        -0.10711326875087296,
        0.025462082628356537,
        -0.05979902083527203,
        0.10564135216025848,
        -0.12164687326001997,
        0.04096168061740368,
        -0.09548626099657012,
        -0.0074006237535410545,
        0.10053429090973787,
        -0.1210206755547738,
        0.05860219036543037,
        -0.1311064943050281,
        -0.009892153012928926,
        -0.14122272901444669,
        0.03523175442965904,
        -0.1201864990286958,
        0.2601521124641453,
        -0.049515500039708595,
        0.05170438333520547,
        0.1835732116867416,
        -0.17339488024572952,
        -0.0026635586144661797,
        -0.11290395172805741,
        0.13672325474541375,
        -0.10198993226842967,
        0.2147656305519082
    ],
    "statevector_imag": [
        -0.004333323774730268,
        -0.04548563467485751,
        0.11216145436813868,
        -0.17631943096587796,
        0.02322407542640654,
        0.03161453641696119,
        -0.03583433753906602,
        0.3197592287899916,
        -0.15746143387566694,
        -0.009033681087591625,
        -0.2708342092279978,
        -0.06552832266366987,
        -0.003272895713001481,
        -0.023505020667354944,
        -0.10851704097580053,
        -0.05379567939572161,
        0.12437055198823539,
        0.12724182729965763,
        0.008357665002318168,
        0.21522048945182984,
        0.03853593756971903,
        -0.2391583340658677,
        -0.06136112665539454,
        -0.0442880699480783,
        0.07319379095589279,
        -0.0983398439562503,
        0.06887676189193742,
        -0.0003662186323460394,
        0.20126028519884084,
        0.16386490544360208,
        -0.002013590411322284,
        0.0520517464721895
    ]
}