{
    "dataset": 3741,
    "last_cost_avg": 0.09473532134343432,
    "statevector_real": [
        -0.1348037346518911,
        -0.0957576208849999,
        0.016690813668240226,
        -0.11814864279588841,
        -0.16170982965405975,
        0.17616405888223302,
        -0.10901454800455608,
        0.07172013579372641,
        -0.08232752327206162,
        0.20598359737899272,
        0.137855932458615,
        -0.0008373025884274541,
        -0.14711629468602827,
        0.06682804781270431,
        -0.020756482846795217,
        0.053402035587476776,
        0.14094444870976874,
        0.01771494816706359,
        -0.07572925285815041,
        0.08953523717470187,
        -0.12014743565222544,
        -0.12741711705078096,
        0.21426101927002741,
        -0.09451225904556432,
        0.11162980367198581,
        0.12230057549563296,
        0.2528571915080379,
        0.06078671492676025,
        -0.07629976061299291,
        -0.12489153122917719,
        -0.25235154827574796,
        -0.057418079193132104
    ],
    "statevector_imag": [
        0.06435761502482001,
        0.08602522388653021,
        0.1670058473707526,
        0.08154344349841167,
        -0.09337971030305117,
        0.07133751830198785,
        -0.03135990008633285,
        -0.06399021829910932,
        0.12183306617626281,
        -0.07354386939611911,
        -0.2742138596947144,
        0.14665378623564665,
        -0.19263497828493725,
        -0.15480689638813463,
        0.08325674549249092,
        0.20138252485480096,
        -0.0010962312609603575,
        0.008154889015187967,
        0.21240857276630745,
        0.07871014293155264,
        -0.050815383119365974,
        -0.16743347749034276,
        0.06657864698977543,
        -0.01854499628892372,
        -0.10872991397267634,
        0.05638716987079277,
        -0.013215714575555497,
        -0.10859795950816639,
        0.024384378124046403,
        -0.20126381996457443,
        -0.10601347875579356,
        -0.1647717236816893
    ]
}