{
    "dataset": 0,
    "circuit_id": 19,
    "layer": 4,
    "num_params": 72,
    "expr": 0.009628481780767756,
    "entcap": 0.8047354975526801,
    "num_iter": 156,
    "last_cost_avg": 0.07947158813476562
}