{
    "dataset": 2169,
    "last_cost_avg": 0.06312882491275051,
    "statevector_real": [
        -0.18823625104787137,
        -0.18014527833851324,
        -0.1251629377470873,
        0.15938656205962703,
        0.18388159050068462,
        -0.1990241105164419,
        -0.20508435725879423,
        0.04786273040228945,
        0.3014056678207563,
        0.255962104132605,
        -0.10070666035455869,
        -0.009629687808581724,
        0.1701773001912746,
        0.003021221967097485,
        -0.001145057690267027,
        0.16261796274258827,
        0.03303826470718295,
        -0.036535559093468215,
        0.2512666103471799,
        0.155136013359544,
        0.01003312863550834,
        -0.004297538206502685,
        0.1122634643269504,
        -0.000528179812476059,
        -0.12429806135530684,
        -0.15010527213807384,
        0.04753405393998421,
        0.12312820740204697,
        -0.0008682851692501903,
        -0.03105192513322194,
        0.1124518549474302,
        -0.09761600937045689
    ],
    "statevector_imag": [
        -0.0457100353113957,
        -0.06484550869141636,
        0.1735513146287869,
        -0.031837783222863084,
        -0.011511900674889459,
        -0.07668710019321502,
        0.05946999642083404,
        0.011189886315206952,
        -0.18568556754546775,
        -0.02975033328876282,
        0.0875337139843315,
        0.03006769963186915,
        0.16652037697244956,
        -0.004075797624446161,
        -0.003578598495499682,
        -0.1433883073761752,
        0.22046690234792168,
        -0.15311953133200654,
        -0.2577795761058035,
        -0.0906339332028528,
        0.006233100956236737,
        -0.010667117413476378,
        0.05747568310333049,
        0.0005727595874316729,
        0.1752691890086829,
        0.10091381411503926,
        -0.13876437969934385,
        0.1163482680690782,
        0.027377294541728117,
        -0.017773620256038108,
        0.05444007634108172,
        0.055841293153771045
    ]
}