{
    "dataset": 0,
    "circuit_id": 18,
    "layer": 3,
    "num_params": 54,
    "expr": 0.07632293992236878,
    "entcap": 0.5543871248648967,
    "num_iter": 49,
    "last_cost_avg": 0.012943267822265625
}