{
    "dataset": 149,
    "last_cost_avg": 0.09082538627913342,
    "statevector_real": [
        0.035564093058840916,
        0.09906353203634222,
        -0.11314406190379919,
        0.010066675374624863,
        -0.027248185758505163,
        0.25474372774077697,
        -0.017708549968745494,
        0.06138172470097875,
        0.0720896862620291,
        0.10243816127134825,
        -0.12833234053994313,
        -0.06180083851437698,
        -0.042874823778196326,
        -0.1951526583684967,
        -0.2508155416184129,
        0.11979105556549603,
        0.15623975913080085,
        -0.1245845688520258,
        -0.13766001819034532,
        0.1451524975813833,
        0.08726594035441917,
        -0.04008480963558417,
        -0.048442134378733646,
        0.0010218293779811671,
        0.1626596758775921,
        -0.004022186155108214,
        0.06211486909925173,
        0.1418321167751637,
        -0.13606423452306746,
        0.04027466893152089,
        -0.08942075463350112,
        -0.11135946424195078
    ],
    "statevector_imag": [
        0.06491096596433539,
        0.11036701876179085,
        0.14727550761293237,
        -0.010387655926401352,
        0.06922871938779032,
        0.04118684802929758,
        -0.17227014094079715,
        -0.07721923134047248,
        -0.19385699723944613,
        0.01822009275700622,
        -0.0883624395782716,
        0.22341245132524679,
        -0.22581120716304323,
        -0.1481502262616872,
        -0.1308983858909062,
        -0.014834379803102113,
        -0.09001092395345628,
        -0.20030273372304605,
        -0.11010331250735558,
        -0.005649690328969419,
        -0.039533914219160624,
        0.1887181318663579,
        -0.13934813120765846,
        0.2633750382518209,
        -0.01316697494390981,
        0.00630483519428872,
        0.045915958529759424,
        -0.251922974144019,
        -0.12809010961452888,
        0.14652538165528387,
        0.08123662828424609,
        0.08824279013799473
    ]
}