{
    "dataset": 794,
    "last_cost_avg": 0.07420680006293626,
    "statevector_real": [
        -0.007481653265542779,
        0.012506749857417327,
        -0.018886415033742398,
        -0.022006893047095463,
        -0.02713726798940489,
        0.11180917442766322,
        -0.12791943065080752,
        -0.014415987851419872,
        -0.1565103993539061,
        -0.04531433730795205,
        -0.10237876297024796,
        -0.16175968668057075,
        0.12023327254547207,
        0.0007655352601626237,
        0.09576118932247507,
        -0.014412414332171754,
        -0.08986183646214299,
        0.15171351408077743,
        -0.010511225934753387,
        0.1487410133062024,
        -0.026878391374835792,
        0.14222064147967872,
        0.09139429726881226,
        -0.13673060982351917,
        0.0013397432072941597,
        -0.0397956206340065,
        0.06077666399328913,
        0.0528656247839816,
        0.10965795398966643,
        0.13852141354308597,
        0.08107444605257907,
        -0.2036663401233032,
        -0.005360588059232403,
        0.0034085048739098092,
        -0.05363281276204077,
        0.1090570610696949,
        0.09694510790521214,
        -0.009704552512041432,
        -0.0313392520453897,
        -0.021836225958464888,
        0.20249151052209766,
        -0.12860255792091788,
        0.10724459226364791,
        -0.17407918553618992,
        0.04722787187305996,
        -0.11327300234359206,
        0.024890995497731515,
        0.08118654382371697,
        -0.12116238817269677,
        -0.06330077860101611,
        0.08060893166433153,
        -0.08072011179333552,
        -0.14988037323000994,
        -0.05994338498086579,
        0.051480423387005286,
        -0.0033535815021907144,
        0.06836595497964791,
        0.005988510358435663,
        0.06528187620035569,
        0.14756862176127916,
        -0.010928249868479196,
        -0.054958512993103996,
        0.08180083918909094,
        0.10264087774565123
    ],
    "statevector_imag": [
        -0.013862020394064792,
        0.10789540507472188,
        -0.16294758355959887,
        0.14812916185129174,
        0.0365763149030361,
        0.11228647444341454,
        -0.004592323763012375,
        -0.10559249175938888,
        -0.02547991251311419,
        -0.09021353962538259,
        -0.054186263489347866,
        -0.04258474568721443,
        0.13123236368720403,
        -0.18297968558119795,
        0.013956207900232108,
        0.05361460571556802,
        0.10702334246838675,
        -0.11294177990539299,
        -0.02916473128868071,
        -0.030472523587653448,
        0.11449306880973698,
        -0.06634906093507205,
        -0.09240462768304866,
        -0.020047419651495244,
        0.005174451164313497,
        -0.12077391033005015,
        0.033932437113909426,
        -0.12652683831418926,
        0.13140754334802873,
        0.017040476056307163,
        -0.1162306294644826,
        -0.058746219582609546,
        0.0005244679690973582,
        0.0016310937264788006,
        0.10149284113944274,
        -0.07330637598286063,
        0.06427532940206528,
        0.013029906929943226,
        0.09516302139158225,
        0.09734597292102064,
        -0.010743377159924595,
        0.1006854819721078,
        -0.09192956417686254,
        0.01567055189052301,
        0.031052316457836987,
        -0.020721051527648113,
        0.05272550442694574,
        -0.10407170031192448,
        -0.06646894094101022,
        0.05102511912993762,
        0.08524315207593468,
        -0.08729485098824728,
        0.02628184559875655,
        -0.13178910930032536,
        0.06616681463076685,
        0.0025052453316245227,
        -0.04097294309328526,
        0.10204479395237993,
        -0.13458838122709127,
        -0.11401404899306299,
        0.015968565316998258,
        0.029039044137399043,
        -0.03909816740840084,
        0.0197896904012343
    ]
}