{
    "dataset": 0,
    "circuit_id": 3,
    "layer": 1,
    "num_params": 17,
    "expr": 0.3289569833617344,
    "entcap": 0.19118079189241274,
    "num_iter": 43,
    "last_cost_avg": 0.018222808837890625
}