{
    "dataset": 726,
    "last_cost_avg": 0.08544453376050876,
    "alpha": [
        0.08110191836797365,
        8.67689499934999e-05,
        0.035626582824716924,
        0.017604058247107576,
        0.02723496979034539,
        0.036078064295154436,
        0.00010569435485883949,
        0.048823761192660305,
        0.032321396449741864,
        0.010875218429419662,
        0.09014076453157778,
        0.03703102252015856,
        0.0002647852719843835,
        0.0669385069194284,
        0.011555094408146175,
        0.0026807434744659433,
        0.0010591034998981607,
        0.0013201567433714756,
        0.059494016983767564,
        0.02270699749902065,
        0.08734550346698318,
        0.017103370374290053,
        0.08514075972575913,
        0.010567533176883087,
        0.030160707395761415,
        0.021024873547709027,
        0.022450756904700678,
        0.040521106262810185,
        0.03280739432895256,
        0.044647947670149596,
        0.0005888530636100326,
        0.02459156932859978
    ]
}