{
    "dataset": 613,
    "last_cost_avg": 0.10439444240996583,
    "statevector_real": [
        0.01164531006201434,
        -0.08002524459385214,
        0.02007072159620159,
        0.0644024932381476,
        -0.007026689148676317,
        0.022197193043483384,
        -0.24067822715843426,
        -0.18075892213000222,
        0.19618988176148996,
        -0.14041054597399888,
        0.0042176233293849804,
        -0.11324888731944509,
        -0.1563612657801748,
        0.26444590339099594,
        0.017857402462865324,
        -0.049251910080592994,
        -0.16257524224143433,
        -0.08696193729450741,
        0.16590976768344262,
        -0.2341251486245737,
        0.06533167841990212,
        0.006017456202133811,
        -0.031071319444392124,
        -0.12963962802025253,
        0.18336249781330116,
        0.12840104555024814,
        -0.08954026052432416,
        -0.18721574720748607,
        -0.03473281666601335,
        0.10652150002176429,
        0.044883345148188564,
        0.04466993930208052
    ],
    "statevector_imag": [
        0.1442772654668506,
        -0.07456364981691507,
        0.28758775438424367,
        -0.11135886873908188,
        0.0279095952394738,
        -0.118508465577841,
        -0.04939409370182533,
        -0.10502874807017391,
        -0.1347991978879448,
        -0.19100275274828918,
        -0.1091798166316636,
        0.030146377185954885,
        0.07372264937838904,
        -0.08520906904511691,
        -0.2356950406766682,
        0.034217604492682796,
        -0.023021515980253683,
        0.16217204242065655,
        -0.07465453843887374,
        0.0435419915064007,
        -0.14764061877636686,
        0.17102727337575546,
        0.11784799818822794,
        -0.11260742458311179,
        0.048052110756244916,
        -0.017709205948579304,
        0.11948245273188955,
        -0.08828375243446925,
        0.001962440400394376,
        0.13320326440934718,
        0.032028103263937464,
        0.19845997051392159
    ]
}