{
    "dataset": 798,
    "last_cost_avg": 0.09404263965262413,
    "statevector_real": [
        0.004081846654512774,
        0.005930947249565074,
        0.008610113437813989,
        0.08556129997679915,
        0.06584100549060419,
        -0.09030749428870119,
        0.0453830246238873,
        0.1465173750092759,
        -0.14923715113244596,
        -0.16819047322844766,
        -0.22182338814042044,
        0.16147582523678689,
        0.1743240928730072,
        -0.028819368751764423,
        -0.16622733530737283,
        0.004663865876565465,
        0.07259704213017631,
        -0.04253639507159883,
        -0.1697278051736728,
        0.14742438376989145,
        0.017724905071537136,
        0.2728275848851174,
        0.228092000692558,
        0.05959681179506575,
        -0.0420762940143848,
        -0.09734524378001569,
        0.26186182808727837,
        -0.0028039171312814765,
        0.23765103246978492,
        0.0641441658477478,
        0.18158504660507366,
        -0.13618862678494553
    ],
    "statevector_imag": [
        -0.01744586242271268,
        0.007040557914126436,
        -0.0037375269430987134,
        0.0742070477098098,
        -0.02340998486935236,
        0.17920618388688486,
        -0.14146146613736746,
        -0.11521805177304385,
        -0.12672148502798883,
        0.059759974706208537,
        -0.018100188467486587,
        -0.1091416142161367,
        0.1956497000668307,
        0.18697504085064126,
        0.0836872602760903,
        0.057600245607688956,
        -0.12838374465780383,
        -0.09993196852487571,
        -0.14861974966254765,
        0.08525447395350443,
        0.13300706780138374,
        -0.08308153370629995,
        -0.13120619053059396,
        -0.14958934951282155,
        -0.09439820876023808,
        0.09772570137385918,
        0.0650747850765742,
        -0.013024456244031677,
        0.159545756169299,
        0.14481724318164493,
        0.08614806261798193,
        0.08921326210459683
    ]
}