{
    "dataset": 3444,
    "last_cost_avg": 0.08622244186149781,
    "statevector_real": [
        -0.1316304923444137,
        -0.05973484412661112,
        0.17275015360711674,
        0.11190660097141097,
        0.007755012138390587,
        -0.13497617348393354,
        -0.048049256400660725,
        -0.08344340038640037,
        -0.03415640172914204,
        0.14348442185258095,
        0.17044479682875657,
        -0.17299737082223648,
        -0.13901085124507587,
        -0.04467612033529577,
        0.1501312500128604,
        -0.02169882371992732,
        0.10468841364668739,
        0.2571781149901299,
        -0.0016993896600868762,
        0.1423706980724289,
        -0.08564981460795629,
        0.01368136791274881,
        -0.042447872968097065,
        0.19913206930495014,
        -0.006174869384877268,
        0.018639579184161335,
        0.2199187200385917,
        -0.18319574514785333,
        -0.15023097426240986,
        0.15515165394082195,
        0.1999522685534564,
        -0.07299932588760107
    ],
    "statevector_imag": [
        -0.20133724474787817,
        -0.07734901966943486,
        0.1716449283521683,
        0.055905518175055645,
        -0.007497468669690037,
        0.010063474084667214,
        0.1646770263007168,
        0.11922683138616241,
        0.0804014856272194,
        0.13152633139652098,
        0.06494042918409963,
        0.11566436440884537,
        -0.10565589483882855,
        -0.1828114661772083,
        0.11725292940031264,
        0.11327606645165215,
        -0.1943555769046553,
        -0.07079449038008127,
        0.007293140194211032,
        -0.03894278271349886,
        -0.07193204928104929,
        0.19446335973983958,
        -0.2657366257676653,
        -0.06129529851309998,
        -0.05588279867435069,
        0.0015850703721286686,
        -0.19776932324132585,
        -0.13047916281049143,
        0.012538308174782856,
        -0.050671367969640134,
        -0.03966741194828025,
        0.07149938966622875
    ]
}