{
    "dataset": 588,
    "last_cost_avg": 0.09236412343066472,
    "statevector_real": [
        -0.20270587588866393,
        0.058748731388542315,
        -0.08167967625352568,
        -0.1953139301621812,
        0.06894626194963878,
        -0.07585008230480766,
        -0.0007276142410853158,
        -0.001564622671168327,
        -0.02407264005411049,
        -0.14616590902513932,
        -0.0988219612666719,
        0.09894751441206986,
        0.03190176846469706,
        -0.06554918437741968,
        0.041842722743934954,
        0.05087501112176456,
        -0.09698223215929255,
        -0.08143069328630333,
        0.1164729691751102,
        -0.1183233545187534,
        0.14219268698426574,
        -0.04513172324889476,
        -0.16513835061287638,
        -0.04438134283474435,
        0.1884296871783829,
        0.15566710428729588,
        0.2498321304036627,
        0.05299577858043396,
        0.10955959550688131,
        0.026487047910100543,
        -0.001213806389286595,
        0.001445813444063771
    ],
    "statevector_imag": [
        -0.0671489226117316,
        0.26915508811007594,
        0.1922269601609891,
        0.0897300223064136,
        0.1231021598582971,
        0.22765030071309048,
        0.011417040520855933,
        0.23696022408304585,
        0.21787081145770265,
        0.1783104874154751,
        -0.2339771947286088,
        0.02605664364420947,
        0.09601599414845854,
        0.14755721389121504,
        0.08073582199961236,
        0.23597167385334908,
        0.15390649563555964,
        0.030425409536101736,
        0.047548069617497773,
        0.10145067962485275,
        -0.07450212444813814,
        0.17135799080112638,
        -0.09249146738362668,
        -0.09025248183923555,
        0.025676282564795115,
        0.04246749429766049,
        0.00964515905144652,
        0.08425068184063157,
        -0.0888106947978499,
        -0.19098767435833577,
        -0.005128681504814072,
        -0.01693784075257749
    ]
}