{"f": [0.10064697265625, 0.0277099609375, 0.1124267578125, 0.0533447265625, 0.09014892578125, 0.0750732421875, 0.1168212890625, 0.0640869140625, 0.122802734375, 0.0150146484375, 0.0408935546875, 0.1080322265625, 0.08294677734375, 0.11529541015625, 0.12548828125, 0.07421875, 0.1072998046875, 0.10791015625, 0.0875244140625, 0.12957763671875, 0.08331298828125, 0.07208251953125, 0.06304931640625, 0.0966796875, 0.02020263671875, 0.1429443359375, 0.1539306640625, 0.02178955078125, 0.05413818359375, 0.083984375, 0.08209228515625, 0.0374755859375, 0.11358642578125, 0.06634521484375, 0.052490234375, 0.1119384765625, 0.094482421875, 0.07861328125, 0.0361328125, 0.0498046875, 0.104248046875, 0.0849609375, 0.065185546875, 0.0189208984375, 0.05029296875, 0.09002685546875, 0.07977294921875, 0.0965576171875, 0.11138916015625, 0.0457763671875, 0.10028076171875, 0.03265380859375, 0.10345458984375, 0.07275390625, 0.03668212890625, 0.06024169921875, 0.05194091796875, 0.07537841796875, 0.03436279296875, 0.04278564453125, 0.013916015625, 0.08648681640625, 0.0621337890625, 0.13140869140625], "accuracy": 0.34375}