{"f": [-0.034912109375, -0.0594482421875, -0.05206298828125, -0.06689453125, -0.05303955078125, -0.00274658203125, -0.06060791015625, -0.06707763671875, -0.02874755859375, -0.07550048828125, -0.05950927734375, -0.0650634765625, -0.01153564453125, -0.0604248046875, -0.04290771484375, -0.03118896484375, -0.03857421875, -0.05792236328125, -0.0372314453125, -0.03997802734375, -0.02301025390625, -0.03948974609375, -0.081787109375, 0.0072021484375, -0.06988525390625, -0.0472412109375, -0.029541015625, -0.0771484375, 0.00927734375, -0.07061767578125, -0.0260009765625, -0.06976318359375, -0.058837890625, -0.03570556640625, 0.00543212890625, -0.02813720703125, -0.03277587890625, -0.0113525390625, -0.04656982421875, -0.056396484375, -0.041015625, -0.01409912109375, -0.0421142578125, -0.07232666015625, -0.06927490234375, -0.015625, -0.0684814453125, -0.0086669921875, -0.04412841796875, -0.038818359375, -0.0174560546875, -0.03857421875, -0.0206298828125, -0.03076171875, -0.05255126953125, 0.0032958984375, -0.09393310546875, -0.063232421875, -0.0548095703125, -0.048095703125, -0.08148193359375, -0.03570556640625, -0.01141357421875, -0.0357666015625], "accuracy": 0.65625}