{
    "dataset": 839,
    "last_cost_avg": 0.08646638272585586,
    "alpha": [
        0.07869849184369397,
        0.0001829411991246336,
        0.03537169935644583,
        0.04169598217084884,
        0.025857980885723386,
        0.03243984368833746,
        0.041058334974933275,
        0.07187504226428752,
        0.0003073018726300873,
        0.021976031738348542,
        0.08719275291040157,
        0.04178260184730507,
        0.00033292204876451037,
        0.022570521903850557,
        0.021922714981843745,
        0.013682517451550554,
        0.014358253742338609,
        0.001437899720729808,
        0.060213615200180204,
        0.03437669340339171,
        0.08257578885789962,
        0.000902703900272389,
        0.06659848836419409,
        0.000693972533236844,
        0.050005870654512126,
        0.013272881480789669,
        0.004891063622257692,
        0.025005429873869996,
        0.03291710885327456,
        0.04022373382161016,
        0.010227588801371828,
        0.025351226031980943
    ]
}