{
    "dataset": 3702,
    "last_cost_avg": 0.11655233827598394,
    "statevector_real": [
        0.04146532688464245,
        0.015438947208411359,
        0.06620223387433062,
        -0.16523219799223568,
        -0.22230373452798077,
        0.05417245226853663,
        -0.07438142849423508,
        0.10932236928994979,
        -0.04064343721383971,
        -0.04119727615528491,
        0.08338302302649678,
        -0.20892061206280985,
        0.01139186495283306,
        0.2049823339765483,
        0.1898840034511432,
        0.08481176611508524,
        -0.03767324090007672,
        0.13610832532041375,
        0.012179120846836413,
        0.21975444107986908,
        -0.11165216919911686,
        0.1307345655150419,
        0.1841542784517705,
        0.0016816131753503332,
        0.013762693432190201,
        0.060622628059484075,
        -0.045432947391102076,
        0.08211737790741663,
        -0.1425150482679986,
        0.18292081894484302,
        -0.11513798082490805,
        0.15075923755719386
    ],
    "statevector_imag": [
        0.13081142436772947,
        -0.01460013977041268,
        0.17238200372080487,
        0.1637943496854451,
        0.14933700648985238,
        0.09593634656786372,
        -0.023637116907856175,
        -0.2148476747970815,
        0.2287008220599933,
        -0.021146760122052286,
        -0.12427039924910403,
        0.21707108945764203,
        0.18297077743881146,
        0.02072055802587165,
        -0.10641762032951478,
        -0.008695973625234398,
        0.11920054333798784,
        -0.03344444788606809,
        0.11992342273646792,
        -0.14059924508684932,
        -0.019917722270865662,
        -0.18017833151732598,
        0.1021411538783627,
        0.07735143111940224,
        0.031614438482345984,
        0.07228146919212486,
        -0.1016775030331236,
        0.21112805819704572,
        -0.21580635409042012,
        -0.010328291238907435,
        0.060016565968486556,
        -0.0008722671865917041
    ]
}