{
    "dataset": 0,
    "circuit_id": 8,
    "layer": 2,
    "num_params": 58,
    "expr": 0.08981316524330182,
    "entcap": 0.5132181217278432,
    "num_iter": 48,
    "last_cost_avg": 0.14965057373046875,
    "accuracy": 0.90625
}