{"f": [-0.00677490234375, -0.0155029296875, -0.04083251953125, -0.02337646484375, -0.0362548828125, 0.02667236328125, -0.05224609375, -0.025634765625, -0.03277587890625, -0.01300048828125, 0.0230712890625, -0.03448486328125, -0.00543212890625, -0.03900146484375, -0.027587890625, -0.0224609375, -0.00286865234375, -0.03656005859375, -0.05572509765625, -0.03631591796875, 0.00225830078125, -0.021484375, -0.0262451171875, -0.0196533203125, 0.022705078125, -0.0130615234375, -0.05126953125, -0.01544189453125, 0.0135498046875, -0.0296630859375, 0.0185546875, -0.01361083984375, -0.04888916015625, -0.0172119140625, 0.01202392578125, -0.0262451171875, -0.00738525390625, 0.013916015625, -0.0069580078125, -0.010498046875, -0.0294189453125, 0.02117919921875, 0.0247802734375, -0.018310546875, -0.04486083984375, 0.02685546875, -0.0255126953125, 0.00115966796875, -0.02337646484375, 0.0264892578125, -0.0166015625, 0.00048828125, 0.0008544921875, -0.03656005859375, -0.0089111328125, 0.01470947265625, -0.0386962890625, -0.0218505859375, -0.01275634765625, -0.01910400390625, -0.01873779296875, -0.0245361328125, 0.002197265625, -0.01556396484375], "accuracy": 0.609375}