{"f": [-0.02471923828125, -0.0093994140625, 0.03778076171875, -0.0360107421875, 0.016357421875, -0.02288818359375, 0.02960205078125, -0.03082275390625, -0.00396728515625, 0.02410888671875, 0.08349609375, 0.06695556640625, -0.01715087890625, 0.02117919921875, 0.08056640625, 0.046630859375, -0.0010986328125, 0.021484375, -0.01348876953125, 0.0775146484375, -0.03131103515625, 0.007080078125, 0.04315185546875, -0.03955078125, 0.0595703125, 0.05328369140625, 0.0543212890625, 0.0281982421875, -0.02581787109375, 0.03192138671875, 0.06036376953125, -0.03961181640625, 0.01837158203125, -0.03887939453125, 0.0162353515625, -0.00189208984375, -0.010986328125, -0.02008056640625, 0.01153564453125, 0.02960205078125, 0.028564453125, -0.03411865234375, 0.07452392578125, 0.02197265625, 0.0345458984375, -0.02618408203125, -0.00726318359375, -0.04443359375, 0.0223388671875, 0.07440185546875, -0.03094482421875, -0.02520751953125, -0.016845703125, 0.0423583984375, -0.0081787109375, -0.00750732421875, 0.0406494140625, 0.0352783203125, -0.00286865234375, -0.0040283203125, -0.0352783203125, -0.0013427734375, 0.00750732421875, 0.00732421875], "accuracy": 0.53125}