{
    "dataset": 2152,
    "last_cost_avg": 0.07901424658056311,
    "statevector_real": [
        -0.07100805136270023,
        -0.05665318001333453,
        0.06201278820859742,
        -0.04060135221929391,
        -0.04758430734698287,
        0.049046932869968585,
        -0.07956414783373017,
        0.03628950475584471,
        -0.01889610905881257,
        -0.029029461352271316,
        -0.09929188189037845,
        0.17493496905254502,
        0.03441523048372159,
        -0.15318795922678388,
        0.00677351712173606,
        0.023423535924595344,
        -0.15799078049551352,
        -0.12849686388064704,
        -0.01620441184769843,
        0.07559083914995582,
        -0.10918868150052269,
        -0.01418783334713476,
        -0.12608017873942903,
        -0.10701206866738322,
        0.15902272246980537,
        -0.1264611690853207,
        0.0670933805371238,
        0.017293004007832975,
        0.1339413785319822,
        0.10475861771817531,
        -0.004947685869225278,
        -0.03332315120957143,
        0.12856266046718945,
        -0.07621117022779474,
        -0.00061603035788515,
        -0.07485572797301511,
        -0.046775132679538756,
        0.1307600632800685,
        0.018548977373886808,
        0.05011963549151295,
        0.09315171229104428,
        -0.048745867447628065,
        -0.04549654849196043,
        -0.08237346263695225,
        0.04430967387452552,
        0.040525469123752315,
        0.18508456018403716,
        0.05033527672152059,
        -0.05877610992078307,
        -0.14604352994580505,
        0.17479953492147024,
        0.020730251575896766,
        0.15397237046295803,
        0.02853217926597695,
        0.023035415652494055,
        -0.007336388765833283,
        -0.004918419405586079,
        -0.01552671202199213,
        -0.13164232761617317,
        0.015689709513012833,
        0.14215336793118663,
        -0.03132385303530132,
        -0.04882027391094594,
        -0.09499915393736313
    ],
    "statevector_imag": [
        0.15502089706827363,
        0.1299893677286685,
        0.13790164710781067,
        0.18873291841783216,
        -0.14978276174196178,
        0.008611444414755044,
        0.0330197285658566,
        -0.0009445856020624372,
        0.07605711338115452,
        0.13412355483037883,
        -0.010470566267511455,
        0.03435680180349956,
        -0.18371426983308414,
        -0.09639961144190363,
        0.17162479283151436,
        0.11854749402714759,
        -0.006263295596153895,
        0.0984638862273093,
        5.1498247144613985e-05,
        0.13882662149861275,
        0.0639143654940829,
        -0.014371224227597327,
        0.08593951613894699,
        -0.007128336393936144,
        -0.062080950319163025,
        -0.04527880264782734,
        -0.02966200561202392,
        0.01016030211407744,
        -0.09997577792683959,
        0.14364542842602177,
        -0.1536896934347071,
        -0.07516516154152468,
        0.06406791171526513,
        0.0312118675060221,
        0.012769374659492511,
        0.07199495581116057,
        -0.02543467555632745,
        -0.012983359666867759,
        0.014928279188273693,
        -0.0260789468987212,
        0.16533364334969475,
        0.029301012441884784,
        0.12436403312189537,
        0.0713283642523843,
        0.10707648824599218,
        0.013559811647104023,
        -0.030541680088252778,
        0.1495084554434906,
        -0.06858106909902659,
        0.027716434040659578,
        -0.02755404815159368,
        -0.0724753031900656,
        -0.07065170770420169,
        0.11409281284009445,
        0.06285213863310649,
        0.017829508562930363,
        -0.005622750176912742,
        -0.08156967526385842,
        -0.11136060429640496,
        -0.05335818884594218,
        -0.03581425678514456,
        0.01007728672414725,
        0.08173950985237069,
        -0.06626010897313701
    ]
}