{
    "dataset": 0,
    "circuit_id": 6,
    "layer": 2,
    "num_params": 80,
    "expr": 0.009389569195073028,
    "entcap": 0.8962948934503425,
    "num_iter": 123,
    "last_cost_avg": 0.09445953369140625,
    "accuracy": 0.96875
}