{
    "dataset": 1686,
    "last_cost_avg": 0.09532483246314233,
    "statevector_real": [
        0.0787709232407971,
        0.13963069411604198,
        0.016862641229834045,
        0.15402275859546125,
        0.1292472890214641,
        0.0792326527183192,
        -0.04912662304014301,
        0.10819565841102047,
        0.052743115004846915,
        0.1216985993185418,
        0.0623161399511147,
        0.13101630720051743,
        0.1509334973398967,
        0.09348398370727339,
        -0.015876564517123347,
        0.06075413670778051,
        -0.14252558761426687,
        0.08499282646139855,
        -0.12792155790078547,
        0.15314017651361786,
        0.039410989656232714,
        0.04717613852360363,
        1.9374870241155936e-05,
        -0.042099635076602804,
        0.14465480376537607,
        0.08041360633829017,
        -0.04421553924639839,
        -0.08389135874540772,
        0.01425622965707037,
        0.008261121388417773,
        0.045371227128086104,
        0.048247320943702494,
        0.12414658313649192,
        0.001308918463569099,
        0.11800010842536234,
        0.07483928565803287,
        0.05501144674099223,
        0.06849041731295444,
        -0.001705806290083694,
        -0.11174298980177137,
        0.050238709910014036,
        -0.010730502905369874,
        0.015874419924701944,
        0.09938675510541586,
        -0.16892163282900519,
        -0.01239043218468334,
        0.006645913909763321,
        -0.18200353313673068,
        0.1076117809590936,
        -0.11403722570966612,
        -0.07625464566613115,
        0.03928091626654918,
        -0.07096965635550406,
        0.13800535681084086,
        -0.1374487661875674,
        -0.0838019042612583,
        -0.10593149145585204,
        0.06169850144472136,
        -0.06170723906308806,
        0.1072225411867539,
        0.19182874640236228,
        0.036257023342084305,
        0.10391194691630797,
        0.043748769205230825
    ],
    "statevector_imag": [
        -0.018449701476195013,
        0.10443414303182244,
        0.0012790644746222936,
        -0.005626032880467959,
        3.659215137285495e-05,
        0.013250219734341043,
        0.0671900169685292,
        0.09533293225243462,
        -0.1832872219041411,
        0.013500874672142544,
        0.12413076971815352,
        -0.048869098041827416,
        0.04059091478265953,
        -0.07910933045431384,
        0.08898175728134795,
        0.03669502659584629,
        -0.06450599208940008,
        0.069288638579588,
        0.012519727850351133,
        -0.003652270917672699,
        0.0002285019454582918,
        0.08614441645153213,
        -0.014575874710785381,
        0.0819396717939128,
        0.1096558466936947,
        0.11551230103033383,
        -0.08903898445416615,
        0.13687477844699664,
        -0.04367150165778053,
        0.008610380427212192,
        0.08453102577112011,
        0.11451005587547328,
        0.05572734500677185,
        -0.16168670589833353,
        -0.00884069335195218,
        0.1393571063336669,
        0.07534133854030897,
        -0.0008358815686927994,
        0.0059016348336768465,
        -0.11746978864282845,
        0.1612606863205412,
        0.001644950745068168,
        -0.01492948631630169,
        -0.015560584077166793,
        -0.06901476956923965,
        -0.006768283329453794,
        0.013971543392609535,
        0.10895497365606113,
        0.1605716271628877,
        -0.06034520840930709,
        -0.02369124105962979,
        -0.13973260584628636,
        -0.0445431906814743,
        -0.06858686110183954,
        0.08592570830939474,
        -0.04412516149289014,
        0.08548371031778228,
        0.05795823022978872,
        0.11603371322435029,
        0.02209036848626008,
        -0.009138832875772518,
        0.1533630604208236,
        -0.08129511014770234,
        0.09355169395333528
    ]
}