{
    "dataset": 1662,
    "last_cost_avg": 0.10783861411917754,
    "statevector_real": [
        -0.21954308511387874,
        0.1699840744630674,
        -0.15230015001218905,
        -0.2180309172046534,
        -0.053658227094912504,
        -0.20523251065580972,
        -0.19776579531836383,
        -0.10485765614277166,
        -0.0725318577478447,
        -0.14879140600626106,
        0.0384426334489092,
        -0.014557130281209653,
        0.15368081660616864,
        0.177476959390125,
        0.08749775779315673,
        0.07061929728529959,
        0.1704051113998714,
        -0.08138985537995382,
        -0.13992640460888003,
        0.06506314709179871,
        -0.2248097992865877,
        0.07012433016412656,
        -0.027072815296596355,
        -0.048626368515394196,
        0.10337945385003242,
        -0.1975829370883769,
        0.20789009698728575,
        -0.0018176140257516074,
        -0.1962445022040264,
        -0.005950306814677753,
        -0.08503421942018648,
        0.22937039367985979
    ],
    "statevector_imag": [
        -0.08850458896488848,
        -0.10680080799967771,
        0.0572461755135556,
        0.01373718823537227,
        0.12652255999175407,
        0.05384756844181906,
        -0.07203718751867591,
        0.04810479987315713,
        0.012829663617327874,
        0.07517419990803229,
        0.17520957858639735,
        -0.11254506210358023,
        0.07483334121148863,
        -0.04085937955520139,
        0.07244593032689173,
        -0.14747150758854388,
        0.0707352380121686,
        0.27558458707453865,
        0.053375367567188504,
        0.1409486507079822,
        -0.0020094488735343087,
        -0.16247075434695013,
        0.009352067542607577,
        -0.19914604273634576,
        0.0037944296976612857,
        -0.09591150043759461,
        -0.08840360262377076,
        -0.010052714051334982,
        0.05148257946162699,
        -0.031260122286102296,
        0.12418565957176518,
        0.11089615198003443
    ]
}