{
    "dataset": 2748,
    "last_cost_avg": 0.09980499241443713,
    "statevector_real": [
        -0.1358352193532034,
        -0.16494792605015582,
        -0.013466838665335566,
        0.24270671578365952,
        0.030519568949881476,
        -0.11383551402686617,
        0.1657998473007125,
        0.14630317496238113,
        -0.06942309764183681,
        0.08469589551198257,
        0.04371058290223634,
        0.0454328175214725,
        0.055767722124651455,
        0.1159937771922117,
        0.1022587141243521,
        -0.050048087783113177,
        0.009024066194384962,
        0.2368185973741311,
        0.004184216471681255,
        -0.1579643058197845,
        0.05414208539735308,
        -0.1313195755144583,
        -0.1668038776945551,
        -0.04586924308129529,
        -0.18992475471515693,
        0.0124958111300133,
        0.05836421675533278,
        0.276274616279997,
        0.0793137277603052,
        -0.024495954745736778,
        -0.1500781383908279,
        0.1024444346965987
    ],
    "statevector_imag": [
        0.1890008387623253,
        0.0991649993991801,
        -0.010772116328385274,
        -0.036192459455989784,
        0.010220986036715809,
        0.044971032202231746,
        -0.038255063515078,
        -0.10693615667162841,
        0.1504387598365622,
        -0.10383119779653055,
        0.058989721710746505,
        0.047690273954781384,
        -0.17173782687067796,
        0.13697852009332326,
        -0.12973949103407376,
        -0.14778094573108502,
        -0.0005659612300377376,
        -0.12498070884165972,
        0.013742235207110624,
        0.19128257405082572,
        -0.033035207172241204,
        -0.02478889681561529,
        0.16136582081506137,
        0.045525257644597965,
        -0.20127731671608942,
        0.15611670489843066,
        -0.061090218163051276,
        0.029168354211257467,
        0.12412462397893603,
        -0.28720671578487,
        0.161841932155411,
        0.1897180852340431
    ]
}