{
    "dataset": 1128,
    "last_cost_avg": 0.08603526623494444,
    "statevector_real": [
        -0.05153745806382139,
        0.10587914515049134,
        0.07439820963334512,
        0.03888891457711855,
        -0.10515385751250579,
        -0.1367081827620603,
        0.06102621057293681,
        0.062433987424549565,
        -0.010385347223499777,
        0.07904433282828612,
        0.13306080521989255,
        -0.12179573179192807,
        -0.07968149094657025,
        -0.11223936264238894,
        0.06668449387244867,
        -0.01918122549985874,
        -0.07594366594934969,
        0.12584758757475809,
        -0.041277138266737214,
        -0.05290677180651811,
        0.027110270016278994,
        -0.09935114946720794,
        0.02914557526982967,
        -0.05826050575075413,
        0.10242479873860126,
        0.04230114976371529,
        0.014473128912643803,
        0.011726047519699054,
        0.0919049369291835,
        -0.03080352789958363,
        -0.005598000739983716,
        0.013543458831442643,
        0.05149637934664511,
        -0.08616484572705879,
        -0.11739238752769411,
        -0.05594326210749801,
        -0.024253973340994914,
        -0.08284149463434216,
        -0.003080946007207409,
        -0.13435742957335062,
        -0.01654498014174027,
        0.08644209887896251,
        0.022234569474397267,
        -0.014760447762091513,
        0.10717456415594384,
        -0.03564555961111726,
        0.11694572012511831,
        -0.06072901205417569,
        -0.10188973315271185,
        -0.07208382549223097,
        0.06625186152842027,
        0.13128479976350016,
        0.07686611616915669,
        0.0682516640562949,
        0.10263793167239668,
        -0.1730186320312607,
        0.06934126028870899,
        0.021924733592163632,
        -0.04903859624429787,
        -0.018272342450865262,
        -0.09164887396600482,
        0.013992675876353786,
        0.0166557247504408,
        0.14569621381874046
    ],
    "statevector_imag": [
        -0.10800467066754811,
        0.11928279823724931,
        0.033874971406507144,
        -0.10679643188037834,
        0.1395384193501368,
        0.042660950443401416,
        0.010207620049524491,
        0.04233705024896514,
        0.04542084834929865,
        -0.10117590003372066,
        -0.055917151401210376,
        -0.08208555734094285,
        -0.09299752574089486,
        -0.15659915491913612,
        0.11678814251239779,
        0.19215655599883052,
        -0.0957084900894809,
        0.10467090090218562,
        -0.07986100892475062,
        -0.008608239093806966,
        0.10379164627469643,
        -0.024759825058752315,
        -0.17549810889327616,
        0.04499243491093054,
        -0.056179375097366584,
        -0.007364426801178567,
        0.02609279479200115,
        0.006530787613111783,
        0.012968610115220247,
        -0.16505070764048976,
        0.1328398968601166,
        0.024932805096330668,
        -0.07218120797095173,
        0.15215696812463433,
        0.031438642627637174,
        -0.06838520875942487,
        -0.14496769262287085,
        -0.06995211037670275,
        -0.007402110580234484,
        -0.15578789421533942,
        0.11867765789574483,
        -0.1490215904556473,
        0.03903199522268707,
        0.16460795544627257,
        -0.08266347494791358,
        0.06835976123135754,
        0.11450976103653199,
        0.03054129401432792,
        0.16416729024296886,
        -0.06016416798879269,
        0.05135683350519115,
        0.09209926224194157,
        0.07963277778242264,
        0.05950504789646484,
        -0.11623860896619659,
        -0.05738630788816896,
        -0.03423840757442063,
        0.13375224189955046,
        -0.10817879020593957,
        -0.002063937914014596,
        -0.00904434877165112,
        0.15755236822361177,
        -0.10654805238130015,
        0.019253981934554444
    ]
}