{
    "dataset": 1041,
    "last_cost_avg": 0.0922157856790915,
    "statevector_real": [
        0.13186928409302243,
        0.11688860698412763,
        0.07672773162156823,
        -0.09562288501507708,
        -0.14086461415385237,
        0.2164022632193918,
        0.024335221757536257,
        -0.006118431425887763,
        0.027416534055905516,
        -0.10961034574496331,
        -0.022613450529771036,
        -0.021833157140485598,
        -0.12952657933565395,
        0.16832458232379183,
        0.028280619549463187,
        -0.09999341851524104,
        0.01924423996693024,
        0.0818571256731396,
        -0.016151023510568265,
        0.06031321993894417,
        -0.13236552530222873,
        -0.11922595363067026,
        -0.21758753010336593,
        0.11831143045661681,
        0.011176425817036019,
        -0.11468402214814997,
        -0.18813415690863725,
        0.19316671290230247,
        0.16108668619847186,
        -0.08815249980226131,
        -0.004975197919297102,
        -0.15142078443730517
    ],
    "statevector_imag": [
        -0.14521606893614822,
        -0.2631914370689206,
        0.11196027601760028,
        -0.1383442012080111,
        0.08999760019377541,
        -0.032203906102830304,
        0.13036283622871847,
        0.000961462324688376,
        0.14483760969191795,
        0.14532915149523917,
        -0.23252715538080376,
        -0.16631931612086034,
        0.1507725592839981,
        -0.11929690624212368,
        0.28131461011497466,
        0.03821386000602869,
        0.1064655651326528,
        -0.18074228152133676,
        0.2300705382615439,
        0.06454181175736975,
        0.0793171570843437,
        0.09872880714835762,
        -0.048801361726392475,
        -0.1149518177143506,
        0.05004320098059156,
        0.029600699737885722,
        -0.10488891511024902,
        -0.003921348060826632,
        -0.05468570495028204,
        -0.10085545306774162,
        -0.0033956437846556385,
        0.14277477020576276
    ]
}