{
    "dataset": 0,
    "circuit_id": 10,
    "layer": 4,
    "num_params": 30,
    "expr": 0.10623321397565291,
    "entcap": 0.7726385392625155,
    "num_iter": 250,
    "last_cost_avg": 0.11810302734375
}