{
    "dataset": 0,
    "circuit_id": 9,
    "layer": 2,
    "num_params": 10,
    "expr": 0.1559118728063842,
    "entcap": 0.9999999999999998,
    "num_iter": 1024,
    "last_cost_avg": 0.11550618323188473,
    "accuracy": 0.84375
}