{
    "dataset": 1763,
    "last_cost_avg": 0.08370457686796753,
    "statevector_real": [
        -0.03572288756104945,
        -0.05727104709886074,
        -0.09795146599628424,
        0.1326758479283802,
        -0.022481943654430587,
        0.10377357630046331,
        -0.04983383516069656,
        -0.16494011616618753,
        -0.015967032948583627,
        -0.16874395495724764,
        -0.13570317287738212,
        0.015112404988880153,
        -0.05611175796215845,
        0.18252876150095257,
        0.02957909052402339,
        -0.0765842494668937,
        0.011845459499142933,
        -0.011515889052299437,
        0.009488147922298448,
        -0.09978315263329546,
        0.1609758510239004,
        -0.03971767379938921,
        -0.014274517520611887,
        -0.04996550741599107,
        0.0007997642866525099,
        0.07135282568585172,
        -0.01804766372527145,
        -0.08477904560449086,
        0.08625891714745455,
        -0.00427933062022277,
        0.07340835673897556,
        -0.012158757848554427,
        0.14127538075139642,
        0.05208678389976248,
        0.15126701120158187,
        -0.0669419629889595,
        0.008558668220246613,
        -0.10331771137376594,
        0.01366066159795896,
        0.11405380087637533,
        -0.0008295808385203759,
        -0.08985593220403186,
        -0.01443445575301735,
        0.037895567416441754,
        0.1838833029427936,
        -0.005361442179697853,
        0.08821873100062178,
        -0.06281111000069303,
        -0.016550403563331064,
        -0.12103153106584859,
        0.03183234785289971,
        -0.002088064217347172,
        0.10301651958706157,
        0.00933126301497067,
        -0.011423925275669187,
        -0.09539700003636055,
        0.23507368715564042,
        -0.10045326968401383,
        0.03630229194707902,
        0.09671857880512333,
        0.036716184868592336,
        0.12145229589764636,
        -0.01688444360653978,
        0.21384521274570634
    ],
    "statevector_imag": [
        0.12568784227830515,
        -0.09810208307897453,
        -0.07328155817266126,
        0.004990145316262501,
        -0.09974215824868744,
        0.08145744355064403,
        -0.10920257418359289,
        -0.08884325107792493,
        -0.1376561428345765,
        0.04701639513622231,
        0.03970216378912975,
        -0.0098731155257091,
        0.17285386801771707,
        -0.077647234100889,
        0.14307738936406122,
        -0.04613451515071426,
        0.022809950437385672,
        0.08649677023500925,
        -0.045671983344462735,
        0.10628085512409657,
        0.12360953010113901,
        0.013115171052556137,
        0.0940335118067823,
        0.09797571757424381,
        -0.16151787640025264,
        0.01985387670655221,
        0.0007760957452841575,
        -0.005603781703925987,
        0.14953391863235554,
        -0.006389047496450096,
        -0.030807875787943046,
        -0.005493737079225172,
        0.03831642890688145,
        -0.08498628659004599,
        -0.026373604902050308,
        0.09675016288391713,
        -0.010706241018760174,
        0.11146554640744026,
        0.004926273812447971,
        0.005444463548795374,
        -0.02040220384548692,
        0.1698827514703741,
        -0.0008875422568770173,
        0.04327540654710451,
        -0.063152873140088,
        0.004815275374408027,
        -0.03511934679755163,
        -0.009891628681568393,
        -0.010132961146823908,
        -0.04395970013232299,
        -0.18423908504791076,
        0.004578046836353713,
        -0.02147292887599734,
        -0.001649878151477532,
        -0.1725929020478279,
        0.12310298094416625,
        -0.02134524866292935,
        0.13639194753143805,
        -0.11213389753317721,
        0.07992599169712218,
        0.15434448532902717,
        0.04548019528646093,
        0.0013532931534160344,
        0.020916918459150825
    ]
}