{
    "dataset": 3562,
    "last_cost_avg": 0.11843268584618055,
    "statevector_real": [
        -0.18240670931930839,
        -0.0037265124104293107,
        -0.1663733361543523,
        -0.1686598847915601,
        0.2199970679680751,
        0.011002087439345063,
        -0.09143664650907865,
        0.1396487759334856,
        -0.13342275062102854,
        0.0361083571412949,
        -0.058406379741055545,
        -0.20078331210341932,
        -0.22061637457355202,
        0.07308037062488293,
        0.058195059159794844,
        -0.019975200661368764,
        0.17336826120097817,
        -0.17320557247101082,
        0.20619191552559768,
        0.17835567992574614,
        -0.135737832237784,
        -0.012421534385696209,
        -0.044769448462787714,
        -0.12542079237278075,
        -0.14406579005752682,
        -0.18108799571932319,
        -0.12886157290065864,
        -0.14901842247472993,
        -0.15780105097383385,
        -0.22758646257783902,
        -0.015885172787998204,
        -0.17153463046374504
    ],
    "statevector_imag": [
        -0.04091797922011133,
        -0.03087040098825556,
        -0.12094170687473998,
        0.0666455769151779,
        0.018487612297272863,
        -0.1548158666168543,
        0.1386914467193547,
        -0.04968770096152352,
        0.02160850046803753,
        -0.07268899517911008,
        0.16575754591096048,
        0.10336115991689546,
        0.035577762724684235,
        -0.04342299720017406,
        -0.13833753910569566,
        -0.010661447317946151,
        0.1281012358044446,
        -0.1518723241187031,
        -0.08540098662051546,
        -0.00037895795111377413,
        0.20359795898958657,
        0.12693048076293142,
        0.1748486910523654,
        -0.039691937116136874,
        -0.09248668932927394,
        0.10509047384495898,
        -0.04924530462369019,
        -0.12230154991806436,
        -0.08870039270791606,
        -0.1319079560874039,
        0.1064200801543909,
        -0.008547196790747193
    ]
}