{
    "dataset": 0,
    "circuit_id": 9,
    "layer": 6,
    "num_params": 36,
    "expr": 0.005190065070055421,
    "entcap": 0.927104957759656,
    "num_iter": 61,
    "last_cost_avg": 0.12208175659179688,
    "accuracy": 0.921875
}