{
    "dataset": 687,
    "last_cost_avg": 0.11093503680463741,
    "statevector_real": [
        -0.1163936430673562,
        0.001903487758960457,
        0.011033036070443042,
        0.022955396161246134,
        0.07044294868530464,
        0.0007703804980290889,
        0.032326700731910074,
        0.017112998215953877,
        0.048404597674088445,
        0.16729441329838823,
        -0.08736024394973337,
        -0.12139971621903148,
        -0.05467524817451805,
        0.17388401147349208,
        -0.015530685152834508,
        0.022971807112910157,
        0.00459933757016435,
        0.11613219071813878,
        -0.08128367979082596,
        -0.010481241691642374,
        -0.11771584644410053,
        0.14410739348390406,
        -0.07272074985519511,
        0.17024689360269057,
        -0.004578155624244793,
        0.09349578787874765,
        0.09040656582421366,
        -0.11725869457338498,
        0.021025637129105205,
        0.09482822030196356,
        -0.1833720142631842,
        -0.08977159907673297,
        -0.021535211112080538,
        0.023646219843703385,
        0.032848837146084414,
        0.0962281830974277,
        0.10411717053338855,
        -0.15317591920076068,
        -0.17767414872675588,
        0.010207685305190502,
        -0.06163424985822927,
        0.06679192318348953,
        -0.014398773771390217,
        0.11261275390218967,
        -0.11427036642170553,
        -0.038605858362951155,
        -0.06765233562787451,
        -0.044899475049237386,
        0.11668003086633782,
        -0.00034247506275330653,
        -0.07607088242258325,
        -0.08063202775320781,
        -0.03516157093731782,
        0.06625300244769304,
        0.022202761058592993,
        -0.10365563677739639,
        0.02497253589954505,
        -0.08192715776065629,
        0.11861973773150826,
        -0.06850450398776577,
        -0.14025387544168652,
        0.14276837898987502,
        0.1564683103180729,
        -0.008740531543407724
    ],
    "statevector_imag": [
        -0.006057990615460829,
        0.0010517161943058265,
        0.06082200381665711,
        -0.12519533295616922,
        0.14299390463945752,
        0.05653709617048541,
        0.042450811447988034,
        0.1392939868437952,
        -0.08465208162299379,
        0.016667473791004788,
        -0.10791716734002023,
        0.09180722183590029,
        -0.1332871514842042,
        0.02575877691606031,
        -0.06250977081742683,
        0.06273542420377745,
        -0.0013055647409560287,
        0.053373770360585396,
        -0.11408971074600822,
        -0.08610226081849139,
        -0.11750775810038566,
        -0.025425082960481054,
        -0.020681148172786733,
        0.0029137511311877547,
        -0.11258054245374037,
        -0.0932401315796325,
        0.11034203122505429,
        -0.009656737932700938,
        0.11118660348951882,
        0.09746545719807906,
        -0.07476299198412943,
        0.05892787857946044,
        0.01215207209791962,
        -0.19478649028962924,
        0.012703044809646055,
        0.011886345914024281,
        0.015619706836448304,
        -0.012244741141696687,
        0.024117942688688422,
        -0.16845520574450248,
        -0.15564742277353733,
        0.09417276161944386,
        -0.020370231961094606,
        0.03855498398629979,
        -0.10152082508220008,
        -0.04149079256401621,
        -0.08428916582029168,
        0.03046909858179606,
        0.07955188119875015,
        0.003981826403921511,
        0.15273189787635527,
        0.18028471824276154,
        -0.07369246081322316,
        -0.060176139266914716,
        -0.09848490462009164,
        0.10185515080199262,
        -0.027475828297801312,
        0.01830460022713974,
        0.05568923720982275,
        -0.10007125278918097,
        0.017107019437186854,
        0.10300659726179927,
        -0.0001039887295879901,
        0.0937195776797325
    ]
}