{
    "dataset": 2355,
    "last_cost_avg": 0.05863565338679505,
    "statevector_real": [
        -0.021525067003451533,
        -0.017769654640196884,
        0.10974822572489847,
        0.18093090203836565,
        0.22217855152188154,
        0.13873307152870593,
        0.11137268636050048,
        0.05612793990724021,
        0.010756851611821442,
        -0.12120136922756679,
        -0.0007566399494861188,
        0.12756637808869925,
        -0.01098593123553495,
        -0.15775263910707454,
        -0.10483180616941953,
        0.19088910104508575,
        0.004299395947612744,
        -0.19290209078808396,
        0.042545415852190197,
        -0.014369287734112942,
        0.005020594945964299,
        0.14115791797218008,
        0.08384482927397996,
        0.07976528030654997,
        -0.09637577630902776,
        0.21442407863691448,
        -0.31356937943331303,
        -0.25566102648951783,
        -0.213187606450245,
        0.20368341194429077,
        -0.10888714413143938,
        0.09986509569803917
    ],
    "statevector_imag": [
        -0.0012197022394578364,
        -0.14571780159228198,
        0.04461811481688345,
        -0.026405511719167066,
        0.15170786928059246,
        -0.157558643767749,
        -0.0064517247059137665,
        0.23512637846326598,
        -0.0033784992186664366,
        -0.001629908241751034,
        0.0006414517304412106,
        -0.015028239356603452,
        0.1763351528431101,
        -0.056402216743370606,
        -0.06144546418098963,
        0.20323376102797946,
        -0.049482993229372545,
        0.05879002489616958,
        -0.04124583538472654,
        0.01731865082465192,
        -0.005142341381794561,
        -0.11338166535222385,
        0.15905744550228929,
        0.14221282661557155,
        0.02280066284664604,
        -0.037790499602439034,
        -0.17738185429727585,
        -0.15087890117852462,
        -0.1001549906488217,
        0.034192795610662505,
        0.13356464088150366,
        -0.0907751959396435
    ]
}