{
    "dataset": 3739,
    "last_cost_avg": 0.10505710636573476,
    "statevector_real": [
        -0.17673642185931562,
        -0.11007577988395012,
        0.007710173434090858,
        -0.12678015264957837,
        -0.14782462880937844,
        0.26106742991093024,
        -0.08903102014950089,
        0.1474640200390476,
        -0.016780901839181347,
        0.17572600927818685,
        0.05890167059553257,
        -0.0005283609054813139,
        -0.10802253166333499,
        0.0880016051200981,
        -0.06077597740084789,
        0.018806882192498972,
        0.22260699664897768,
        0.06449939354282368,
        -0.09119873243864496,
        0.14998314923035153,
        -0.19421508748859534,
        -0.04350361508028002,
        0.24152441984419534,
        -0.21080171394202862,
        0.1467411032380227,
        0.16078395194698808,
        0.10432473729574938,
        0.0513525169759152,
        -0.12057576552127774,
        -0.12823470364503553,
        -0.10695989212300677,
        -0.05799591414203801
    ],
    "statevector_imag": [
        0.08437699911102911,
        0.09888814614946809,
        0.07714687092732792,
        0.0875007107120207,
        -0.08536166937659799,
        0.10571908184616778,
        -0.02561129635978445,
        -0.13157050985935678,
        0.02483335636751938,
        -0.06274077567486061,
        -0.11716328886547163,
        0.09254256269917514,
        -0.14144536528506463,
        -0.20385535432664129,
        0.24377974437519087,
        0.07092196727909768,
        -0.0017313824763514325,
        0.029691613598203673,
        0.2557980154864827,
        0.13184971063639409,
        -0.08214169553198743,
        -0.05716627188629329,
        0.07505037147214975,
        -0.04136306805309775,
        -0.14292910142714751,
        0.0741300846229945,
        -0.0054525874587458825,
        -0.09174337790604621,
        0.038534394281789126,
        -0.20665137222367147,
        -0.04493410216335928,
        -0.1664299271930693
    ]
}