{
    "dataset": 507,
    "last_cost_avg": 0.058520844607671915,
    "statevector_real": [
        -0.04384612618202246,
        0.2722826934533365,
        -0.01512623265146568,
        -0.035374830272952906,
        0.2377837897631504,
        -0.01752201439823413,
        0.05230896620681324,
        -0.004546432995896483,
        0.009806454107486061,
        -0.009158299810387639,
        -0.1748907133710987,
        -0.07977106147413279,
        -0.08897545972519195,
        0.021946965187606745,
        -1.5195385683427806e-05,
        0.06559803677250872,
        0.002435275120474693,
        -0.017806797579068737,
        0.07101703673821368,
        0.010122844367595897,
        -0.1936627033427895,
        0.05434799250615878,
        -0.33915447812676536,
        0.024645014795484588,
        0.3089044403231118,
        0.2305067342666163,
        0.044716238951636254,
        0.006857082281322128,
        0.018737023246169517,
        -0.2625307992581024,
        -0.14744955964650092,
        -0.10253656030012184
    ],
    "statevector_imag": [
        -0.1274305855612218,
        0.23451470781883108,
        -0.13941343811171558,
        0.008705799426811935,
        -0.005857862667097406,
        -0.001586027585654633,
        0.04049328342026993,
        -0.008530980495157624,
        -0.12087795395905059,
        -0.00721774256387693,
        -0.12041607059082474,
        -0.09567926197296445,
        -0.1103805797444982,
        0.17325075453478078,
        0.015231050817581472,
        -0.15514635942258623,
        0.02193274421910143,
        0.008150222256659624,
        -0.03762361906945206,
        0.13615419468489953,
        9.33034284881972e-05,
        0.05059239073235043,
        0.024197513560167645,
        -0.08207949219088477,
        -0.10034949906015769,
        -0.18112839400742753,
        -0.14630595701879062,
        -0.17031763719678672,
        -0.16260939622994286,
        -0.06415586462818668,
        -0.12642971212868084,
        0.17831926339092394
    ]
}