{
    "dataset": 953,
    "last_cost_avg": 0.0797351078943058,
    "alpha": [
        0.05303521699816849,
        0.015352288722952127,
        0.045198825157105174,
        0.008339475974068202,
        0.016484285210874836,
        0.03675589186203809,
        0.011614974467379503,
        0.0797229929653376,
        0.00473362463202406,
        0.004435411487137147,
        0.10513517424128377,
        0.02468278852187539,
        3.0401991069179004e-05,
        0.0015325037918301379,
        0.02432370960947178,
        0.00021543415521071906,
        0.03858227977560614,
        0.01600230174988377,
        0.09803225032516072,
        0.02909444705722946,
        0.1168664842942701,
        0.02292084679140479,
        0.08577559641301552,
        0.016769132538322976,
        0.02884019240907737,
        0.008230206595442614,
        3.851860878223448e-05,
        0.03426479955846162,
        0.012686429939728424,
        0.04809038936845817,
        8.611454331958325e-05,
        0.012127010244010503
    ]
}