{
    "dataset": 0,
    "circuit_id": 10,
    "layer": 13,
    "num_params": 98,
    "expr": 0.04764288285948679,
    "entcap": 0.9484963773123414,
    "num_iter": 1024,
    "last_cost_avg": 0.03230735988293216
}