{
    "dataset": 324,
    "last_cost_avg": 0.10047782794169996,
    "alpha": [
        0.0429071507695714,
        0.0014449962588184162,
        0.022854937541611893,
        0.011005417760334563,
        0.03305436106737422,
        0.030283564211456292,
        0.03167371374931818,
        0.040395185512059076,
        0.04559725651635003,
        0.03298967626367492,
        0.0671901321192814,
        0.016134078502127253,
        0.04794652710703299,
        0.03079694381928,
        0.0030114118662040285,
        0.0003551654421252274,
        0.014102386934307612,
        0.029343153143730857,
        0.05577575206925999,
        0.016768889914003535,
        0.043816545754821974,
        0.018607453214881414,
        0.049477374595058125,
        0.05951342970590926,
        0.05962299268792565,
        2.0636377169952345e-05,
        0.006653485235577334,
        0.014726691595112163,
        0.01990024355979388,
        0.06626884695688495,
        0.04977836449936013,
        0.03798323524958327
    ]
}