{
    "dataset": 645,
    "last_cost_avg": 0.07710848157295254,
    "statevector_real": [
        0.18945323699907562,
        0.1040378259263264,
        -0.09809178207632957,
        -0.13823722175750425,
        -0.009734503063847322,
        0.20574794591031864,
        0.006388398937987609,
        -0.12571695767773622,
        0.04923811479737198,
        0.052298270266308046,
        0.015362728106208135,
        0.24628356778643795,
        0.12582871726274142,
        0.11885339269012513,
        -0.21275140243568655,
        -0.019389246627039322,
        0.012811490596489948,
        0.191142908410519,
        -0.1863153220449526,
        0.14178717126084353,
        0.05865821455855826,
        0.028882350187321746,
        -0.015371661471751912,
        -0.04089859261404008,
        0.17803674736441993,
        0.12154968183435597,
        -0.2038292688127898,
        0.028132564995933588,
        0.007362771939075484,
        0.1286958633025945,
        -0.007811592766848459,
        -0.11761890076639192
    ],
    "statevector_imag": [
        0.12653691176363227,
        0.1078678544528134,
        -0.19725912977359833,
        0.04307390092897159,
        -0.0182474815097487,
        -0.007127038890251951,
        0.22360518697480036,
        0.048307351388892666,
        0.052193327203753456,
        0.31784625503694197,
        0.12277189361906969,
        0.0322543421332691,
        0.1032893604388384,
        -0.02293307071109709,
        0.052760123194329336,
        0.11763551625347946,
        -0.09512690791275621,
        0.11174430831643165,
        0.06581616157665571,
        -0.06567877212863478,
        0.2062957372336561,
        0.024306397671471303,
        0.05148173987262317,
        -0.15914650933062818,
        0.14374734897376493,
        0.05909931083695186,
        -0.02333936475549999,
        -0.17276208859573755,
        0.029789379088439923,
        0.26253766028394554,
        0.00176040948925483,
        -0.1145685316839723
    ]
}