{"f": [0.0689697265625, 0.09552001953125, 0.0794677734375, 0.1275634765625, 0.0711669921875, 0.0526123046875, 0.08941650390625, 0.07373046875, 0.09051513671875, 0.01361083984375, 0.0284423828125, 0.077392578125, 0.1136474609375, 0.08489990234375, 0.079345703125, 0.06829833984375, 0.032958984375, 0.08343505859375, 0.07147216796875, 0.08154296875, 0.08355712890625, 0.0355224609375, 0.0478515625, 0.0894775390625, 0.03839111328125, 0.0789794921875, 0.0743408203125, 0.034912109375, 0.08465576171875, 0.07550048828125, 0.03485107421875, 0.13568115234375, 0.08001708984375, 0.077392578125, 0.073974609375, 0.08642578125, 0.06439208984375, 0.05426025390625, 0.0369873046875, 0.04376220703125, 0.09173583984375, 0.0714111328125, 0.01300048828125, 0.074951171875, 0.0552978515625, 0.043701171875, 0.0946044921875, 0.0897216796875, 0.04425048828125, 0.01910400390625, 0.05853271484375, 0.06170654296875, 0.08349609375, 0.07208251953125, 0.09161376953125, 0.051025390625, 0.06695556640625, 0.04547119140625, 0.089111328125, 0.04937744140625, 0.03851318359375, 0.0477294921875, 0.09228515625, 0.09814453125], "accuracy": 0.34375}