{
    "dataset": 0,
    "circuit_id": 3,
    "layer": 2,
    "num_params": 34,
    "expr": 0.15764026333124675,
    "entcap": 0.3528826887213977,
    "num_iter": 47,
    "last_cost_avg": 0.13395309448242188
}