{
    "dataset": 3113,
    "last_cost_avg": 0.11605689923400696,
    "statevector_real": [
        0.006778419420087195,
        -0.005163370267963576,
        0.03897425246928713,
        0.012135590252062818,
        0.16715449579154956,
        0.1653736415124485,
        0.01619418135194375,
        0.1292690572021911,
        0.01396694770945064,
        0.011671352757737112,
        -0.12325966153114395,
        0.13792147299866903,
        0.10447590449499115,
        -0.006281775878933251,
        0.11377935117815902,
        0.21056606306776812,
        -0.07593201978065411,
        -0.08976168603641012,
        -0.041508353409152945,
        0.1522497572892029,
        -0.2019646398393465,
        -0.17922984256619712,
        -0.13036143284981622,
        0.1726393340208206,
        -0.003565852664825341,
        0.11417618385321662,
        0.0017270147766106545,
        0.0012056002509756574,
        0.18134515761057038,
        -0.13278299892080453,
        0.041238266891250284,
        0.2146973218646064
    ],
    "statevector_imag": [
        -0.1799740281178203,
        -0.1302117038965552,
        -0.012486852419137497,
        -0.004092261990002709,
        0.004781697379062712,
        0.10863235225398733,
        0.004189535836327862,
        0.019920460375055064,
        -0.20730720016342638,
        0.2331737074255316,
        0.02085856691487421,
        0.012574103072982385,
        0.011663346452573213,
        -0.09713759784101583,
        0.173067435829804,
        -0.04558098142278943,
        -0.12647440656824885,
        -0.2872058009231512,
        0.2584044242321414,
        -0.16007269990703,
        0.025906531060567766,
        0.03150135552839393,
        -0.042142377256092635,
        -0.186310846794074,
        -0.0028885725445236612,
        -0.23750345970677933,
        0.0010574656568635445,
        -0.19573562444703185,
        -0.017309579408067464,
        0.12391926990561061,
        0.09632589597952954,
        -0.05846884966303866
    ]
}