{"grad_exp": -3.579457071606303e-05, "grad_var": 4.2350181084629825e-07, "grad_results_00": [-0.0005036111582184585, -0.0008555290633350827, 0.0014738224003934559, -0.000966790747747668, 0.0007289922089223824, -1.830953626960532e-05, 0.00041436340130906763, -0.0004926844098720445, -0.0004395811872529654, 0.00013769692554466313, -0.0008493691596873467, -0.0003233575250195034, -0.0003022517212613214, 0.000522798918604914, 0.0008927877363773522, 0.0005116125429542769, -0.0005326020331047742, 0.0006266254493591163, 0.00021915566478634442, -0.00033827689971876844, -0.001098838488813746, 0.00021244329854409362, 0.0008389984662698063, 0.000792131688643647, -0.0003508147884553484, 0.00015139937425417797, -0.0002661463567186686, 0.0005981536974982177, -0.00043301378900732334, 0.0011186837802047728, 0.0005576682084653273, 0.00026522385526574904, -0.0008821359478288701, -0.00024073452744616426, 0.0003555818087653574, 0.0012869656124153434, -9.260646189879033e-05, 0.0007841803799657279, -7.309215344916426e-05, -0.001331106535910927, 0.0001133822850100186, -0.0003638657688696152, -0.0007380891934043194, -2.796640889209459e-05, 0.00021350527792314208, -0.00014520250158346973, 0.0002267453808083228, -0.000892740365301457, 0.0002520729344482652, 0.00020810921533382515, 0.0002614705271841407, -0.0003416894887575267, -0.0003041918280303514, -0.00012236263776159786, 0.00015597001112817137, 7.185311885413159e-09, 0.0005230512132727086, 0.0003640752784687196, -0.0003808811545787452, -0.0017623142417175428, -0.0006642296556846321, -0.0003510800455412723, -3.926846088959067e-05, -0.00012104086505396443, -0.0012420871520092865, -5.0693627222292426e-05, 0.00017593831738674758, 0.0008354697372336354, -0.0007485460043934796, 0.0008271878905083425, 0.00019497692944091087, -0.001444471380258397, -0.00047707407563466614, 0.0006260136113407175, -0.0006214216708472723, -9.991289993693895e-05, 0.0009385956895211888, 0.0013099361299103163, 0.0002982314418514438, 0.00014888694761915414, -0.0009030787682882766, 0.000696983824330491, -0.001144026845226383, 0.00013663609802835354, 0.000503827903396455, 0.000597548225051198, 6.340128824035979e-05, -0.0005806950533275429, 0.0007735140349573802, -0.0002942620855690102, 0.00044383216321917593, -0.0004419452385359089, -0.0009642201629126053, 0.0004603223623517467, -0.0007931031675373831, -3.457281819732767e-05, 0.0004244076834826853, 1.1107266214276101e-05, 8.970189392682598e-06, -0.001377033475537066], "sample_size": 100}