{"f": [0.0296630859375, 0.046142578125, 0.03814697265625, 0.03326416015625, 0.02587890625, 0.01214599609375, 0.0667724609375, 0.05987548828125, 0.004150390625, 0.00018310546875, 0.006103515625, 0.0487060546875, 0.02215576171875, 0.0279541015625, 0.0826416015625, 0.03887939453125, 0.02191162109375, 0.06524658203125, -0.0146484375, 0.06201171875, 0.0552978515625, 0.013916015625, 0.04974365234375, 0.0185546875, 0.0064697265625, 0.1136474609375, 0.067138671875, -0.02069091796875, -0.0264892578125, 0.0245361328125, 0.04022216796875, 0.0321044921875, 0.0323486328125, 0.0487060546875, 0.0206298828125, 0.0157470703125, 0.024658203125, 0.04058837890625, -0.04681396484375, 0.0081787109375, 0.01153564453125, -0.00762939453125, 0.02557373046875, -0.0150146484375, 0.0404052734375, 0.00653076171875, 0.036376953125, 0.019287109375, 0.02484130859375, 0.02838134765625, 0.005615234375, 0.025146484375, 0.0123291015625, 0.019775390625, 0.02239990234375, 0.006591796875, 0.03240966796875, 0.02984619140625, 0.0374755859375, 0.01446533203125, -0.03155517578125, 0.07061767578125, -0.0050048828125, 0.0323486328125], "accuracy": 0.34375}