{
    "dataset": 2168,
    "last_cost_avg": 0.08840802614471349,
    "statevector_real": [
        -0.12311214459269831,
        0.1282117892082172,
        -0.05428121832259859,
        0.012777248978625293,
        -0.06194581771643118,
        0.021606796930122116,
        0.14881557851622956,
        -0.16852950177834813,
        0.05956268830349802,
        -0.13079516401690544,
        0.08321960548054785,
        -0.07315919662663493,
        -0.052799778457791394,
        -0.04369252568623963,
        0.028614951157985766,
        -0.126690563408752,
        0.005783317412509184,
        -0.08102351607476634,
        -0.014887542328056851,
        -0.03305568383494392,
        0.11570724735453196,
        -0.014634884999713917,
        0.012491377779688357,
        -0.13958734155206468,
        -0.13437090065296928,
        -0.031772872024138525,
        0.0734163758971867,
        0.02181655309339844,
        0.021119009353752407,
        0.07341049093940027,
        0.09921288980488563,
        -0.1929415439749959,
        0.06789433418387171,
        0.02671089507568568,
        0.06325300319307255,
        -0.1651924262362977,
        -0.024253435237065746,
        0.10005444246383983,
        -0.044019053891637426,
        0.1559050572390715,
        -0.11056546344323005,
        -0.06249174142647679,
        -0.013245403755202927,
        0.08526351152642894,
        -0.047416468640785636,
        -0.1380276350629288,
        -0.08690518076292332,
        -0.016593513123186618,
        -0.09059737609380783,
        -0.11701857997166325,
        0.035048776543309665,
        0.11176282729787163,
        0.012635207141194232,
        -0.034641956348818136,
        0.05699963505565953,
        -0.11144545452358483,
        0.059243382299155795,
        -0.1113536335929382,
        -0.03416018335667217,
        -0.1403565746538288,
        0.057924842519214474,
        -0.008889972268816151,
        -0.08081179699992308,
        0.2009414038293554
    ],
    "statevector_imag": [
        -0.027351873183910573,
        0.15313074921114325,
        0.0033418009770354072,
        0.007090230007893157,
        -0.1157147418298495,
        -0.016160687958511635,
        -0.005628273233567506,
        0.019484249336486268,
        0.023903119887848292,
        -0.12971594501512945,
        0.04583213480020381,
        -0.1133325133849638,
        -0.05529241527095871,
        0.0536477680070065,
        -0.10247750462274322,
        0.0024417590964565866,
        -0.11861435305588564,
        0.08966107225796895,
        -0.006118594030682879,
        0.09260718810042315,
        0.060022451100800206,
        -0.14906038022847504,
        -0.07797503536531111,
        -0.0638303679824538,
        0.04133416657483048,
        0.13279715827188993,
        -0.09136369691863488,
        -0.009481256343562646,
        -0.005973697590255628,
        0.08840183293369067,
        0.18037043996433313,
        0.08043569701103348,
        0.03019820412407456,
        0.1676506913458406,
        0.04633923262659459,
        -0.09461600289823284,
        0.04658664444693349,
        -0.09589801075075521,
        -0.09549775318116481,
        0.07398219421933314,
        0.08474352104581415,
        -0.028830713760136798,
        -0.14522857565882039,
        -0.0464432589150358,
        -0.16366400498222006,
        0.10712485333049555,
        -0.14575235688713103,
        0.10783412980926073,
        0.015730410696177956,
        -0.05735230575028824,
        -0.06967271523907137,
        0.05893987633621692,
        0.10171874949171691,
        -0.09095414633794427,
        0.018202536914580104,
        -0.10595082284502369,
        0.004865712215197953,
        -0.13312109489336577,
        0.03358963435721826,
        0.013702823654507867,
        0.006283248329458925,
        -0.07155692211327637,
        0.0865664085320061,
        -0.018926532485654495
    ]
}