{
    "dataset": 339,
    "last_cost_avg": 0.11213316500493331,
    "statevector_real": [
        -0.004363199973543361,
        -0.029062917007961306,
        0.22380246954681282,
        0.19692489794963036,
        0.034286244073601604,
        0.07186250398110731,
        0.06373980501924664,
        0.06779400851354825,
        -0.05004872958088826,
        -0.05430784928152467,
        0.07233555714286977,
        -0.06447622701078616,
        -0.062015089601388504,
        -0.07309869208874775,
        -0.07350769158505352,
        0.11581588758458165,
        0.16790805832520714,
        0.03573913088842664,
        -0.0953894233893996,
        0.10170456925001817,
        0.20436177169212666,
        -0.0892423757934358,
        -0.06546052578039131,
        -0.16175907452445362,
        -0.08570840009682595,
        0.048795379767567766,
        -0.05514086866598077,
        -0.08597447367145583,
        -0.04348738015525631,
        -0.03571095329670805,
        -0.08077966905314254,
        0.05674577058091168
    ],
    "statevector_imag": [
        0.010460643054911721,
        0.07482773555836396,
        0.09788466842388281,
        0.04894297206010111,
        0.2632065347582859,
        -0.21491037547481506,
        -0.292622923508071,
        0.09524064262840316,
        0.21441515136014208,
        -0.041746416751442944,
        -0.19824481353826665,
        0.11779870707800712,
        -0.17877447034753907,
        -0.09246910746522495,
        -0.1629377241367924,
        -0.04361289675550872,
        -0.056231790622678725,
        -0.03460902963421186,
        -0.04810488827308965,
        0.2472775270830175,
        0.0306463876823387,
        0.15666084489126225,
        -0.11335712590489455,
        0.166091535575723,
        0.07800528254833083,
        0.11496034609709585,
        -0.09297121178585079,
        -0.058782415588220366,
        0.0965706394187372,
        -0.22043413521355798,
        0.013518812876502202,
        -0.2632786628120291
    ]
}