{
    "dataset": 2153,
    "last_cost_avg": 0.1073839376222736,
    "statevector_real": [
        -0.012299397356696568,
        -0.039267559190122536,
        0.05351491622956491,
        -0.027281681938729613,
        -0.024267293010124282,
        0.04214272899935364,
        -0.0027382509915327637,
        0.1929166197880724,
        -0.001213667957292603,
        -0.012861865649983505,
        -0.13437797926045394,
        0.11978033676152706,
        0.030504058813771228,
        -0.15837441739516417,
        0.007852472351579104,
        0.004021411133765087,
        -0.020244332610190343,
        -0.14673834948600664,
        -0.01484660942424533,
        0.060010542305291736,
        -0.1543075052660572,
        -0.07575926531275709,
        -0.05049520766570529,
        -0.18041287951490662,
        0.05475141613369214,
        -0.02119779327701811,
        0.1257508940889069,
        0.12317595003643955,
        0.13277645541263025,
        0.05023999759144687,
        -0.0001259115668310923,
        -0.03696744685114608,
        0.010841389039536277,
        -0.16988879854999894,
        -0.004040200154876649,
        -0.09690889827443393,
        -0.1468958177397825,
        0.14705643688695644,
        0.12565679593730533,
        0.07342720805328132,
        0.07132908278058533,
        -0.08315830512111339,
        -0.041349339650857256,
        -0.13867798755932256,
        0.007141067137898655,
        0.05688279604912286,
        0.19515947889678834,
        0.0626782846233697,
        -0.018624803339148822,
        -0.10672954020611995,
        0.19730528376046358,
        0.044315556833649135,
        0.17752597399460723,
        0.004369944811580141,
        0.07251304656530172,
        -0.06893666572196253,
        -0.08683726197627774,
        -0.0008696504336248769,
        -0.060442555918624526,
        0.03361318086152964,
        0.011775035209377028,
        -0.02908155233497697,
        -0.023513989251829598,
        -0.10560567548293669
    ],
    "statevector_imag": [
        0.02685137213377757,
        0.09009847620505458,
        0.11900440709212265,
        0.12681724056463076,
        -0.07638699331174123,
        0.007399234713129816,
        0.001136395059173483,
        -0.005021459032752924,
        0.004885031153639961,
        0.05942511718673537,
        -0.014170479096108307,
        0.023524566370924493,
        -0.1628357797739621,
        -0.09966339636805031,
        0.19896294883942747,
        0.020352529775837302,
        -0.0008025546736765473,
        0.11244187377517305,
        4.7183098564477454e-05,
        0.11021257253165569,
        0.09032498748515147,
        -0.07673852395140676,
        0.03441884170464978,
        -0.012017744456265292,
        -0.02137442934008978,
        -0.007589766133760633,
        -0.05559451165407149,
        0.07237058783955967,
        -0.09910626249883193,
        0.06888928219309258,
        -0.003911184060111781,
        -0.08338539464256926,
        0.005402697434323232,
        0.06957702729469402,
        0.08374721929950402,
        0.0932053169196519,
        -0.07987679031057365,
        -0.014601450653491868,
        0.10112901071823131,
        -0.03820666772540952,
        0.12660096999676893,
        0.04998623802556536,
        0.11302770905393862,
        0.12008326096494129,
        0.017256737064243046,
        0.019032969070175716,
        -0.03220419015356581,
        0.18617029912703342,
        -0.02173177038220921,
        0.020255346213629496,
        -0.03110168051500867,
        -0.15493219683304138,
        -0.08145950592861803,
        0.017474280210473904,
        0.19785186966825125,
        0.16753567879523273,
        -0.09927258939837243,
        -0.0045687137987346655,
        -0.05113035962067216,
        -0.11431304388617082,
        -0.0029666137410609226,
        0.009355909725811216,
        0.039369339869425216,
        -0.07365795668343354
    ]
}