{
    "dataset": 1332,
    "last_cost_avg": 0.09050697681651117,
    "statevector_real": [
        -0.11819641216599548,
        0.1639698392475814,
        0.05881815928779408,
        -0.04364396555789262,
        -0.07060069695047681,
        -0.01338777575575521,
        -0.04497493468453618,
        -0.05165942656102247,
        0.08470208994945104,
        -0.13436392487085813,
        -0.11560973722554636,
        0.004661560323866895,
        -0.04858422724700703,
        0.13279624471736257,
        -0.10096009506691346,
        0.0013101313487993858,
        0.14905077037467773,
        0.007999902287014115,
        0.07865062290120091,
        -0.07722880673649794,
        0.008150657882933494,
        0.1719634870163666,
        -0.014769235624834337,
        -0.052779818736239006,
        -0.0674355884057858,
        -0.08438568423393825,
        -0.14367867235340215,
        0.048313667419119195,
        -0.009455144327226803,
        0.06213075759496582,
        0.1556135196726021,
        0.023524546760961825,
        0.05717022140545719,
        0.08900455004019107,
        0.00866626195375259,
        0.08260831232298657,
        -0.15178976273004977,
        -0.12370508323768839,
        -0.00801825226118099,
        0.13103497884134857,
        0.17120170735249765,
        0.14550322289629644,
        -0.032368158204323406,
        0.010015159016917121,
        -0.08737354550516606,
        0.04784471735876845,
        0.02819418586180193,
        0.15145891842991324,
        -0.1422193980376326,
        -0.06061593361966491,
        -0.002569685025544869,
        0.001291428141831719,
        0.09970489236997562,
        0.15033590737995314,
        -0.015166661025022501,
        0.09294667697791033,
        -0.03637316499075301,
        -0.20438507912522294,
        -0.003443288398563568,
        0.01698792739151729,
        0.0517448389560061,
        -0.00607954920118625,
        0.08268023589980633,
        0.17766379272541244
    ],
    "statevector_imag": [
        0.032381555462650397,
        -0.12039315452919597,
        -0.015419976753299647,
        0.06606042876220368,
        0.01729623090448646,
        0.026751879412302906,
        -0.08344217973166176,
        -0.017682945102679575,
        -0.05206006720765261,
        0.04349301978107408,
        0.12927661095556198,
        0.006836659922431732,
        -0.039481651431087436,
        -0.07763151013895311,
        0.05956948830067149,
        0.00803122647103235,
        -0.03841594148614923,
        -0.0026900019500706485,
        0.02377567697665459,
        -0.014807900487461903,
        -0.039037246970379795,
        8.54240540075449e-05,
        0.08578214082029353,
        -0.10613210029594766,
        -0.16216473298564635,
        0.05962648295072197,
        -0.08389743386462449,
        -0.10664062895511033,
        0.14276103358789605,
        0.1927730695856163,
        -0.048383684673743356,
        0.11452877990658655,
        -0.03428718491850169,
        0.015797052379942035,
        -0.005602909855117079,
        0.043054077867968284,
        -0.07307649407831543,
        0.10309762699689147,
        -0.13209415646437536,
        -0.06884942203561784,
        -0.08619125294970433,
        -0.014096967061132544,
        -0.1577439154322799,
        -0.004146552249639637,
        -0.00023472368876851013,
        -0.04030612049791035,
        0.05964143018113076,
        -0.006086769573405818,
        -0.0338253157944908,
        0.09927588064663916,
        0.010547965788332139,
        0.041235080174145844,
        -0.12255852010482286,
        0.05012133147804025,
        0.19382660246013372,
        -0.011372630798769505,
        -0.12067251795100904,
        -0.02983612323652589,
        -0.016052416598802327,
        -0.010033697166568377,
        -0.15584110004690502,
        0.06777952495249746,
        -0.18362735349443202,
        0.07453844917641234
    ]
}