{"f": [0.0880126953125, 0.02569580078125, 0.09271240234375, 0.05487060546875, 0.0849609375, 0.10107421875, 0.1033935546875, 0.02606201171875, 0.14031982421875, 0.0234375, 0.05877685546875, 0.0894775390625, 0.089599609375, 0.10394287109375, 0.0946044921875, 0.093505859375, 0.1002197265625, 0.10968017578125, 0.09698486328125, 0.10137939453125, 0.06439208984375, 0.055419921875, 0.0634765625, 0.11749267578125, 0.03997802734375, 0.09393310546875, 0.11981201171875, 0.057373046875, 0.0885009765625, 0.09930419921875, 0.09368896484375, 0.0494384765625, 0.091552734375, 0.048828125, 0.0946044921875, 0.110595703125, 0.08319091796875, 0.0919189453125, 0.08685302734375, 0.08551025390625, 0.11956787109375, 0.10528564453125, 0.0787353515625, 0.0440673828125, 0.0648193359375, 0.0965576171875, 0.046142578125, 0.115966796875, 0.09063720703125, 0.07861328125, 0.0753173828125, 0.056640625, 0.10406494140625, 0.0799560546875, 0.0166015625, 0.09881591796875, 0.06512451171875, 0.07080078125, 0.01513671875, 0.071533203125, 0.06976318359375, 0.0526123046875, 0.1141357421875, 0.12554931640625], "accuracy": 0.34375}