{
    "dataset": 877,
    "last_cost_avg": 0.09931913975306987,
    "statevector_real": [
        -0.007034052727838405,
        0.020797278293836714,
        -0.11925655228591826,
        0.11655388308188575,
        -0.04480273164818972,
        0.07469335493482121,
        0.08238706897119637,
        0.09796452942117906,
        0.1165104532370957,
        -0.1628147390167667,
        -0.09921181701131117,
        -0.01569416302632846,
        -0.17250979774682448,
        -0.19125202977978453,
        0.07965068156604767,
        -0.17845522574226,
        -0.07472781083599897,
        0.06554872752107506,
        0.02948598753067811,
        -0.13235484751699325,
        -0.06347469240370354,
        -0.07173718142884901,
        -0.028707524413546917,
        0.13105170681105824,
        0.010881680841157874,
        0.08847120527270536,
        -0.1566965029412467,
        -0.08266596769400099,
        -0.0069610040990032325,
        0.019404369114591005,
        0.025532107502063937,
        0.08730768556420851,
        0.010367204235415324,
        0.05342437871797607,
        0.055206241402823986,
        -0.032999074697225066,
        0.14501171828399909,
        -0.029643399372387212,
        -0.008872034675493629,
        -0.06152145985158851,
        0.07505376570171048,
        -0.006120619787337718,
        0.07039150680269983,
        -0.053654939773026246,
        0.034282050737484075,
        0.03806983322858567,
        -0.15421052810270766,
        -0.07137362837859493,
        0.07003158802557084,
        -0.13443893215872998,
        0.11226253090276922,
        0.08508562692324179,
        -0.1520467919867836,
        0.03881861414332326,
        0.00835788816388442,
        -0.09465723893489204,
        0.07095622970435192,
        -0.13524484263472278,
        -0.09820174902779542,
        -0.044988299833166503,
        0.11985982162824939,
        -0.09205443640016875,
        -0.05199448810122936,
        0.12434903927085823
    ],
    "statevector_imag": [
        0.13940920392967818,
        0.13169180885350898,
        0.13417280463325948,
        0.0507483094515098,
        -0.11295840221675718,
        -0.020190746074703395,
        0.08463924119152773,
        0.10307769862602116,
        -0.09099561428425898,
        -0.04658910651509794,
        -0.10346374450047392,
        0.04160931348589962,
        -0.01870986850679758,
        0.012002801906809567,
        0.038174388324479,
        0.057941052834325345,
        -0.04249831251322507,
        -0.17760582625042998,
        -0.08197824748472893,
        -0.050159086311973744,
        0.09954857081042905,
        0.13315017489054384,
        -0.011216056371887754,
        0.013024104057473184,
        -0.08973156013036768,
        -0.006367227139110685,
        0.0427375898874753,
        0.07792474957097792,
        0.009849561114225901,
        -0.02615311450165723,
        -0.015528057051733511,
        -0.01116208338501797,
        0.12026672596275674,
        0.016520837854474644,
        0.0069010620107922025,
        -0.038495357613124614,
        0.029376698705628722,
        0.1884578180451031,
        -0.0016454222954030639,
        -0.07109435395019428,
        0.10303734920698952,
        -0.17544502557657296,
        -0.05169860279305404,
        -0.08569507375579939,
        0.12519156952607619,
        -0.029639844189395408,
        -0.06060780227877206,
        -0.07600926715609498,
        -0.0167675718726641,
        0.06726266875544995,
        -0.15950591101386366,
        0.053232540207835695,
        0.10203707642177594,
        -0.16077825348463048,
        -0.006756805257141742,
        -0.014595887417196368,
        -0.04687235073443193,
        0.10498228823431278,
        0.07138538022848627,
        0.0646632024383561,
        0.03392624870327042,
        0.09610710824455802,
        0.11522569696029174,
        0.06458332190043323
    ]
}