{
    "dataset": 0,
    "circuit_id": 2,
    "layer": 7,
    "num_params": 84,
    "expr": 0.0012850188165222575,
    "entcap": 0.9472787972264901,
    "num_iter": 75,
    "last_cost_avg": 0.09642410278320312
}