{
    "dataset": 0,
    "circuit_id": 9,
    "layer": 3,
    "num_params": 18,
    "expr": 0.02239696675760894,
    "entcap": 0.9999999999999994,
    "num_iter": 37,
    "last_cost_avg": 0.11563873291015625
}