{
    "dataset": 1795,
    "last_cost_avg": 0.07930388962419771,
    "statevector_real": [
        -0.016119275398605734,
        0.012310398509095707,
        0.0915683442488228,
        -0.11693187692440153,
        0.14096900073473453,
        -0.17215200986786672,
        -0.039323058704734286,
        0.06517785576238384,
        0.10921535755386363,
        0.0005556267722427331,
        0.030183978894356246,
        0.06046860248805725,
        0.0876639265965571,
        -0.027259958982948473,
        0.14233326337678046,
        -0.10733259019460634,
        0.11150557558979099,
        -0.11748403757201509,
        0.1093557451007402,
        0.09933829806306746,
        -0.058835660619426994,
        0.10956680856408832,
        -0.025118151307529295,
        -0.1492581103121895,
        -0.0636980617474645,
        -0.012674322946611857,
        0.0804802705100632,
        0.13266339968188928,
        0.03715661522026492,
        -0.0010333547960111667,
        -0.12730030390305078,
        0.013135360312125999,
        0.016630042658350972,
        0.11791908352164834,
        0.15831101314503773,
        -0.01129892999184698,
        0.027894647637472965,
        -0.13519965981816282,
        0.09074688751939247,
        0.10818662744741019,
        0.06517444043892946,
        -0.01983247699750758,
        0.08032893229123313,
        0.1077264997464604,
        0.11922729312321052,
        0.14474637915341698,
        -0.07930124317130442,
        0.07087381339740745,
        -0.12404059817541332,
        0.007891865093734563,
        0.039360920708201116,
        0.08305527103948515,
        0.012006003269559418,
        0.11924756932872851,
        -0.09947759549429117,
        0.04713226509433755,
        -0.10172957032390388,
        -0.147157478164547,
        0.07014387083592269,
        0.11526250739318937,
        -0.13153590111060523,
        -0.0011526343550182653,
        -0.028070575986648527,
        0.021985103577626404
    ],
    "statevector_imag": [
        0.011458932398043993,
        0.0026353200609157243,
        -0.09998370909074664,
        -0.08502817765433815,
        -0.07526519050585596,
        0.048376000835806066,
        -0.05404283495063714,
        -0.037685259391878015,
        -0.07794607738583233,
        -0.14334535508498014,
        -0.10608269702925553,
        -0.08996556436205327,
        0.026732192232197676,
        -0.17620950655115916,
        -0.09170465352224913,
        -0.17112610256717106,
        0.13813241265713572,
        -0.050883621630368144,
        -0.10850808409952474,
        0.11806803252101629,
        0.04268825846085109,
        -0.06991731074620462,
        0.045590185877549864,
        -0.01073029396573122,
        0.14249238026894986,
        -0.09365391230225616,
        -0.050375766853122575,
        0.033861651386040234,
        -0.07767412032172205,
        0.006211390592037469,
        0.02840662341049204,
        -0.0040621122357540175,
        -0.06773429640621231,
        0.05998215579651908,
        -0.09519271360613193,
        0.13169294813151003,
        -0.021524468576253793,
        -0.011639243995511027,
        0.0613974728514791,
        -0.01818391008862008,
        0.1464815568636951,
        -0.03746032879652953,
        0.13503817635016685,
        0.0540525100206082,
        0.07018716586034468,
        -0.08262053215191484,
        -0.09749754854120149,
        0.03701823776345228,
        0.003349550104298264,
        0.0625289743484448,
        0.054727615862284175,
        -0.06740162714703914,
        -0.1934094596088984,
        0.08381464424322238,
        0.022656769675764386,
        -0.05137199307694995,
        0.04868794463109997,
        0.1011192281563161,
        -0.08384969603653049,
        -0.1349425496329413,
        -0.09541000730521008,
        -0.007377896874851388,
        0.11354123181823005,
        -0.01947646082581375
    ]
}