{
    "dataset": 833,
    "last_cost_avg": 0.08351647561070276,
    "alpha": [
        0.066628416849905,
        0.0002643046867727797,
        0.03571809306995977,
        0.011178690622325885,
        0.020209658407684423,
        0.04349931589035092,
        0.009486498709011242,
        0.09300029096076137,
        0.0003996140560055921,
        0.0004343240265050531,
        0.09304861464986969,
        0.030782801008742103,
        8.572949284449635e-07,
        0.03814007478084152,
        0.029220349231218072,
        0.014262011388525973,
        0.020872256763240383,
        0.002515082160582901,
        0.06784744131938913,
        0.04376558827812585,
        0.0840752520819383,
        0.004572956876280244,
        0.06353720763003085,
        0.0106848700906892,
        0.04666267337409462,
        0.025246978865310202,
        0.004298510374656999,
        0.023748245887010324,
        0.017800016990057628,
        0.04860235848754615,
        0.013091443726415368,
        0.03640520146122367
    ]
}