{
    "dataset": 0,
    "circuit_id": 19,
    "layer": 4,
    "num_params": 60,
    "expr": 0.01598170621184509,
    "entcap": 0.7969969889181077,
    "num_iter": 54,
    "last_cost_avg": 0.12764739990234375,
    "accuracy": 0.875
}