{
    "dataset": 693,
    "last_cost_avg": 0.09104040380025794,
    "alpha": [
        0.06528214636864456,
        0.0038220071763243207,
        0.04815087813358403,
        0.04739234032900044,
        0.022769102188247584,
        0.020586827137280262,
        0.030887095660670185,
        0.03281274643099393,
        0.02801833588983445,
        0.020223021342928724,
        0.07627198531430357,
        0.023626839146347008,
        0.022201098360898,
        0.03841672357750094,
        0.01937994203586389,
        0.0001427760400859745,
        0.05549950641197826,
        0.013032756674599499,
        0.045811426268598354,
        0.0415257666190119,
        0.08257964747834298,
        0.0034960046413458415,
        0.061221341334071776,
        0.01529874678912589,
        0.028534198207542535,
        0.016631207829122058,
        0.0004858611648417295,
        0.04548464463718897,
        0.02306200236606208,
        0.03393836008527639,
        0.0014544584804824599,
        0.031960205879901345
    ]
}