{"f": [0.18560791015625, 0.14227294921875, 0.21820068359375, 0.16107177734375, 0.22943115234375, 0.22509765625, 0.179443359375, 0.146240234375, 0.21319580078125, 0.15814208984375, 0.22650146484375, 0.2060546875, 0.20001220703125, 0.19415283203125, 0.20806884765625, 0.2109375, 0.20123291015625, 0.21087646484375, 0.19879150390625, 0.21527099609375, 0.212158203125, 0.18572998046875, 0.189453125, 0.21844482421875, 0.2213134765625, 0.21954345703125, 0.2225341796875, 0.19671630859375, 0.21551513671875, 0.15478515625, 0.23358154296875, 0.1722412109375, 0.18084716796875, 0.1815185546875, 0.22174072265625, 0.19366455078125, 0.22344970703125, 0.21563720703125, 0.20574951171875, 0.2208251953125, 0.2119140625, 0.22430419921875, 0.2164306640625, 0.20904541015625, 0.1781005859375, 0.21673583984375, 0.17645263671875, 0.209228515625, 0.2103271484375, 0.2305908203125, 0.20782470703125, 0.1773681640625, 0.21380615234375, 0.22393798828125, 0.14752197265625, 0.2349853515625, 0.19158935546875, 0.21710205078125, 0.15081787109375, 0.21380615234375, 0.1785888671875, 0.182861328125, 0.22430419921875, 0.20025634765625], "accuracy": 0.34375}