{"f": [0.07470703125, 0.06829833984375, 0.11492919921875, 0.0863037109375, 0.143310546875, 0.09991455078125, 0.05364990234375, 0.0787353515625, 0.08734130859375, 0.10003662109375, 0.10211181640625, 0.0875244140625, 0.091064453125, 0.082275390625, 0.10772705078125, 0.1221923828125, 0.10028076171875, 0.116455078125, 0.0948486328125, 0.11285400390625, 0.0889892578125, 0.11187744140625, 0.05841064453125, 0.09954833984375, 0.1138916015625, 0.11285400390625, 0.1318359375, 0.127197265625, 0.0904541015625, 0.05328369140625, 0.1373291015625, 0.06536865234375, 0.081298828125, 0.06500244140625, 0.1273193359375, 0.11688232421875, 0.08978271484375, 0.1021728515625, 0.07666015625, 0.14617919921875, 0.11163330078125, 0.09686279296875, 0.12109375, 0.07470703125, 0.07501220703125, 0.10797119140625, 0.10498046875, 0.10809326171875, 0.1119384765625, 0.13006591796875, 0.10137939453125, 0.08734130859375, 0.09344482421875, 0.148193359375, 0.06341552734375, 0.1051025390625, 0.0716552734375, 0.1502685546875, 0.07275390625, 0.1444091796875, 0.0880126953125, 0.09014892578125, 0.09161376953125, 0.1019287109375], "accuracy": 0.34375}