{
    "dataset": 1250,
    "last_cost_avg": 0.06740555149333155,
    "statevector_real": [
        0.008742223230647793,
        -0.1828086185340029,
        -0.01177387090982925,
        0.1201960362242453,
        0.07610059990580158,
        -0.005013840900207167,
        -0.1028132010616634,
        -0.26932535671987573,
        0.1871123895991331,
        -0.15788469443102038,
        0.014512384547361923,
        -0.009831428538524993,
        -0.05139339140783073,
        -0.05168654424977697,
        -0.1494733354340777,
        0.16360058779100342,
        0.12368377422055986,
        0.010540985077222152,
        -0.03629604742356327,
        0.054716588443221297,
        0.14122831364185998,
        -0.06338557391665037,
        -0.1906091491125033,
        -0.014654604194513096,
        -0.1840446349075384,
        0.19113034004250334,
        0.06618199370787207,
        0.0972411121147525,
        -0.1468035706041168,
        -0.20732253192665284,
        -0.09853962773938581,
        -0.13722718226279196
    ],
    "statevector_imag": [
        0.08262611856563379,
        -0.10328094761823776,
        -0.01820605203224875,
        -0.12655001425680465,
        -0.0524687981835119,
        -0.018199687781896637,
        0.02736955848912005,
        0.08019889778590204,
        -0.02767562297820719,
        0.047435793918797424,
        0.28662221720352515,
        0.1715163308493907,
        0.01628199434985996,
        0.09579908232343205,
        -0.08806425177947041,
        -0.12191018241335008,
        0.018898606754505307,
        -0.12767235676225927,
        -0.15132027851002827,
        0.22463118534874477,
        0.2104161641763969,
        -0.1583536951888699,
        0.14680041188863097,
        -0.0061657418213806455,
        -0.04428057310391781,
        -0.14839701163078983,
        -0.04474172785808826,
        -0.10134415935212733,
        -0.021540601514111524,
        0.012628534751883882,
        0.09642257420454099,
        0.27000792302098875
    ]
}