{
    "dataset": 224,
    "last_cost_avg": 0.09866405174524254,
    "alpha": [
        0.043293990283626696,
        0.00020357851204024231,
        0.026966562511015563,
        0.029415366502899686,
        0.016650659687162103,
        0.05141742239936797,
        0.02869839273644681,
        0.05193958304263932,
        0.025778783376801017,
        0.009039713812747882,
        0.05804748489464082,
        0.015396987818428767,
        0.033763507597026246,
        0.04022615262994447,
        0.03644743074659606,
        0.03220765610360356,
        0.025288176021030805,
        0.019046854044400763,
        0.06230004727001717,
        0.03530952360821085,
        0.07640485767718444,
        0.04082248694600839,
        0.037440423446980925,
        0.039823730667219434,
        0.014647088586332204,
        0.0005102371703961756,
        0.00964578329423503,
        0.03563646186224101,
        0.007750337419580763,
        0.026568293399720007,
        0.03543910621298532,
        0.03387331971846939
    ]
}