{
    "dataset": 520,
    "last_cost_avg": 0.11710573500314007,
    "statevector_real": [
        0.1745199746802608,
        -0.2637830395869031,
        0.14109081341902566,
        0.0396620662199335,
        0.19167695074152127,
        0.05026109374132473,
        0.060850180258770335,
        -0.06642330658666028,
        0.0023995346069538427,
        0.03541881199687493,
        0.0894319279742229,
        0.0001641833659601863,
        -0.0995773658394256,
        -0.10761297924772839,
        -0.2042410516845808,
        0.12974203517618213,
        0.10870376709934872,
        -0.18416449779093216,
        -0.1817442119648124,
        -0.08377524143320281,
        -0.09966853678175983,
        -0.15936441276875712,
        0.15287713577828682,
        -0.1463984040713352,
        -0.026138222303297095,
        0.13122087646665304,
        -0.03397604143118592,
        -0.05794149869718933,
        -0.09657063147558013,
        -0.08597822619252128,
        -0.16221702782944047,
        -0.01717006293393492
    ],
    "statevector_imag": [
        0.1358925867672788,
        0.05468867125704341,
        0.1081500783324059,
        0.10871366971435935,
        -0.12943471008574314,
        -0.19348492095036707,
        -0.12538882374046556,
        0.12806941670872243,
        0.007993602342529283,
        0.0176375039577518,
        -0.1007425817265766,
        0.0030705421483211235,
        0.13946301311348308,
        -0.08706300919129759,
        0.15761253582021037,
        0.04187287184425966,
        0.11247478654386747,
        -0.021610479574360818,
        0.07938549178957838,
        0.256417557837115,
        0.1847064223175715,
        0.10933120509486277,
        -0.16786281323676222,
        -0.03865289706673464,
        -0.07203158780025735,
        0.10286274944107487,
        0.12037547428761014,
        -0.12496563767591155,
        -0.24718027430014353,
        0.048156198079328076,
        0.004953731543537046,
        -0.21087076901020177
    ]
}