{
    "dataset": 2300,
    "last_cost_avg": 0.08024049517101142,
    "statevector_real": [
        0.19483839194295377,
        0.1348209864540472,
        0.023198524073997147,
        0.10493667684336402,
        0.004909291588928549,
        -0.0670458921748007,
        -0.08998684867868216,
        0.07998334929593452,
        0.08111265790894705,
        -0.13641605724315142,
        0.16082766916433602,
        -0.11867472488034905,
        0.14998270511247105,
        -0.14506164491288798,
        -0.0037858383649901324,
        -0.12878557916625222,
        -0.03867025544562913,
        -0.037027971878199374,
        0.16563861148830744,
        0.20185752188064401,
        -0.1873502793240388,
        -0.04031364992984037,
        -0.1181942568338286,
        0.22686513509304518,
        -0.007729429404371839,
        0.007877735944224133,
        -0.11734068845107685,
        0.08645827202404896,
        0.013927297341042113,
        -0.07451296596020181,
        0.1250661792399469,
        0.12211346579148935
    ],
    "statevector_imag": [
        0.0844639469072969,
        -0.03754755397560913,
        0.023025018619005556,
        0.24179731069376165,
        -0.19935955471101197,
        -0.04278759954308276,
        -0.15685497373035356,
        0.026632728045258902,
        -0.06956176623227822,
        0.14841808668422776,
        -0.002973656279850944,
        -0.13781667648363832,
        -0.15714892248857487,
        0.12430757572301315,
        0.10753228303459587,
        0.22158358685956484,
        -0.2575614448241706,
        -0.3006970659412261,
        0.07217101677024042,
        -0.012883221539287124,
        -0.029662282218775184,
        -0.06348417077571422,
        0.13025504486857742,
        -0.04562200097270663,
        0.0051928680892611755,
        -0.046717612677427404,
        0.017485237083972354,
        0.08550295474403635,
        -0.1693081285863656,
        -0.1605164147245376,
        -0.07328034968726169,
        -0.1425520650094014
    ]
}