{
    "dataset": 983,
    "last_cost_avg": 0.0957874263660263,
    "statevector_real": [
        0.10237872175444773,
        -0.03202835415057759,
        -0.003157944957901959,
        0.0302946895387718,
        0.043203054013727066,
        -0.07243538950814239,
        -0.10644710873412151,
        0.06592779228375295,
        -0.08386188251597375,
        -0.0493610461160524,
        -0.0015073458754097247,
        0.15080764080258524,
        0.17107101328404611,
        0.066260795043731,
        -0.0024136937529579206,
        0.13520532271997282,
        -0.05018579195986482,
        0.05306038517232925,
        0.057826763158522664,
        -0.005398015859244015,
        -0.16018584200235914,
        -0.10846884683340585,
        0.1573784517576958,
        -0.07875196237414091,
        -0.016011028832745355,
        0.01606454506246408,
        0.04894421098449705,
        -0.0049972881771693425,
        0.11630652566722009,
        0.010403139941334256,
        -0.15908982316031112,
        -0.1411420033709587,
        0.10926467463944384,
        0.014056162417612506,
        0.01674586058287264,
        0.10387368990242524,
        0.04963091859383762,
        -0.0035801057632785242,
        0.12268082174088563,
        0.07688288285843381,
        0.11495022339450978,
        -0.18695872691940169,
        0.1312329681901883,
        -0.04515797430552039,
        -0.17346879181066607,
        0.02243678971645168,
        0.11635383576736984,
        -0.0018018338452661165,
        0.05004720279631697,
        0.06060763164334123,
        0.03982184194900945,
        0.015766834292035615,
        -0.121051238579394,
        0.11776104706751461,
        -0.17013209227902007,
        -0.10844453634481019,
        -0.08199265792749266,
        -0.045247951512478506,
        -0.14456604160271594,
        0.025769704398030342,
        -0.015644806757933744,
        -0.017174192303511603,
        -0.010505975890000714,
        -0.14331105044581968
    ],
    "statevector_imag": [
        -0.06087947386713163,
        -0.07595685121216884,
        0.06181564070344712,
        -0.004499139464820695,
        0.08131257510223248,
        -0.00660502897459141,
        0.09026268994194503,
        -0.06372461817951114,
        -0.05162859908836294,
        0.09128090733381905,
        0.0017012110000905675,
        0.05877680028624129,
        0.01667951635759015,
        -0.028147609584312963,
        0.007073520795261381,
        0.05230793438094545,
        0.15435710107025452,
        0.09792476656673009,
        -0.030711700093626317,
        0.16516253098978528,
        0.01781515744505761,
        0.029626942185886043,
        -0.05120075430886058,
        -0.035831002632895376,
        -0.17272627714504787,
        -0.0766130303335098,
        -0.10990957491502588,
        -0.03414789776395298,
        -0.16599904667723275,
        -0.05482562222534063,
        0.05000960227791403,
        -0.05135311515507327,
        0.069661886684717,
        0.11584103154830114,
        0.0956840046850699,
        -0.0015051294070466896,
        0.08419924515507801,
        0.015156219065132065,
        -0.03808361991669314,
        0.1182078104282179,
        0.12273992050315813,
        0.15763257010822002,
        -0.08568207515503921,
        -0.04370188012245477,
        -0.05108736167306783,
        -0.1341668223090535,
        0.017842505939477803,
        -0.003361939856568635,
        0.12447403443752586,
        -0.06724279602217188,
        8.910807069431915e-05,
        0.08656443586583462,
        -0.14988966006486748,
        -0.06918624332225734,
        -0.06706977956436859,
        0.10502251232119593,
        -0.13108046989208968,
        0.0541914761827691,
        0.1932652593185826,
        0.04476259969019161,
        -0.03579734013209697,
        0.021976325778819143,
        -0.0017283826177066175,
        -0.03250188024369605
    ]
}