{
    "dataset": 670,
    "last_cost_avg": 0.08679644397116222,
    "alpha": [
        0.026333233910800245,
        0.006758444603885865,
        0.0359783930501036,
        0.008474361930288768,
        0.00812788323286251,
        0.04572973591604421,
        0.022044377790598944,
        0.04197851614139037,
        0.01705231361166628,
        0.03249183553922013,
        0.09952611685404217,
        0.006787818721719688,
        0.01905763756859204,
        0.02844520609239105,
        0.018051047680478407,
        0.01485687180901619,
        0.02081467574507129,
        0.009740643406392944,
        0.08783391495896509,
        0.03650820704958399,
        0.08920679587982977,
        0.015177243876287503,
        0.04467487429711248,
        0.038184176672337485,
        0.04028581475571356,
        0.0005668562781901894,
        0.0006025502535826666,
        0.031221706776415142,
        0.022566472268017827,
        0.06587518263827087,
        0.009473786741698914,
        0.055573303949429886
    ]
}