{
    "dataset": 0,
    "circuit_id": 11,
    "layer": 8,
    "num_params": 160,
    "expr": 0.0035541861518148215,
    "entcap": 0.9512762861542339,
    "num_iter": 1024,
    "last_cost_avg": 0.09864081451248874
}