{
    "dataset": 1693,
    "last_cost_avg": 0.10437158338330232,
    "statevector_real": [
        0.1608160305775109,
        0.25557902211193617,
        0.008712700676490258,
        -0.016222340878535718,
        0.14564907172237515,
        0.15524789416993595,
        -0.0947505832125845,
        -0.22160407689267225,
        0.09976095717661586,
        0.09913939502723218,
        -0.02725991467681838,
        0.1989591626410875,
        0.014860834610435362,
        -0.013367066286220392,
        -0.02719460673276106,
        -0.2290249555680882,
        0.031229417179822194,
        0.24413167955000536,
        0.17333015011290137,
        -0.12803658407158186,
        0.15160672396960104,
        0.07266845359903949,
        -0.020774162379408333,
        -0.06481599376720305,
        0.04201491044790183,
        -0.0879641026501108,
        0.0161782539485814,
        -0.06536689861831761,
        -0.17121551033734028,
        -0.10342709982839512,
        0.13220325785385437,
        -0.017892929688954146
    ],
    "statevector_imag": [
        0.0510721150520248,
        0.00153908285396995,
        0.11393032952364707,
        0.003946978432076754,
        0.1823813849075406,
        -0.04475669357449352,
        -0.19442411592601355,
        -0.02129705764015872,
        0.1496103799113979,
        -0.020032879785459385,
        -0.10148570265967768,
        -0.11450288218527646,
        -0.11631719996979877,
        0.02482032952205574,
        -0.0025246426740826743,
        0.08350862029754237,
        -0.0200003301629666,
        -0.02968418493511305,
        -0.1601094670250533,
        -0.06627170927154573,
        -0.18283316174102554,
        -0.1307687427614424,
        0.013079119622763464,
        -0.24779360726069435,
        -0.10046669256463925,
        0.16443200802499944,
        0.007638678100095648,
        0.22971269025269253,
        0.0893547773982165,
        0.10515255408071089,
        -0.17183139324908098,
        0.20306960268397642
    ]
}