{
    "dataset": 0,
    "circuit_id": 15,
    "layer": 2,
    "num_params": 10,
    "expr": 0.25836688524661006,
    "entcap": 0.72792915849448,
    "num_iter": 98,
    "last_cost_avg": 0.11023712158203125,
    "accuracy": 0.90625
}