{
    "dataset": 955,
    "last_cost_avg": 0.08324462635776217,
    "alpha": [
        0.08277039999222666,
        0.019995842718040387,
        0.040634107208941894,
        0.0030407037655579426,
        0.016624465468920026,
        0.03865545912856976,
        0.007238867489638346,
        0.05527107021831669,
        0.0299389673080364,
        0.016725826041060776,
        0.09499668133762088,
        0.011733354864013612,
        0.012378204009717743,
        0.025361648582698692,
        0.013426072747534983,
        0.01321961667697481,
        0.010183126718320683,
        0.023347395315703637,
        0.0884910444433724,
        0.02742354596242149,
        0.10665609530898583,
        0.007370844129875202,
        0.08304085557809265,
        0.0162588323345585,
        0.03354871233176497,
        9.344782146940934e-05,
        0.00017098327353647048,
        0.026657984546616872,
        0.03405678655625304,
        0.0322747831406091,
        0.004342470827343472,
        0.02407180415320666
    ]
}