{
    "dataset": 1597,
    "last_cost_avg": 0.0902796853042902,
    "statevector_real": [
        -0.06590108612793039,
        0.12698353621939065,
        -0.1891760068458959,
        0.21067514130459958,
        0.09747684232095719,
        0.09916283938475864,
        -0.14777790993147105,
        0.003040401387484626,
        0.16618660997158996,
        0.08730682162237784,
        0.05844377600549575,
        -0.04220179233423959,
        -0.05507210184355504,
        -0.012462259357571807,
        0.01988825648465927,
        0.2353767407485932,
        -0.052529881733859925,
        -0.05587045722781439,
        -0.14399472520634832,
        0.004997727760345842,
        0.06775761802448506,
        0.1484506872885743,
        0.02703498248830015,
        0.10917569838889163,
        -0.10461417413547072,
        -0.07368905888839995,
        0.14880307449429292,
        0.12018326827344532,
        0.08422794328243056,
        0.06164902494989868,
        0.04218611662709524,
        -0.08131859101871648
    ],
    "statevector_imag": [
        -0.07459009218534092,
        0.05137324729852209,
        0.06985751017107332,
        -0.06379365068286293,
        -0.00578596406162771,
        0.172868277638524,
        -0.031494950251253206,
        -0.012903020098404114,
        0.057425632180540864,
        0.12324032929262001,
        0.0655745172180565,
        -0.24082290426988,
        -0.17743662133954186,
        0.17322863333174843,
        0.2648693477549894,
        -0.12263654584240766,
        0.15939522040738666,
        -0.2116225451137609,
        -0.03533275375318434,
        -0.0063948092289179215,
        0.03764320708344456,
        -0.10398150663280091,
        -0.23626431339281329,
        0.09267692850990494,
        0.10781546827489745,
        -0.17159996918759665,
        -0.015068646427944147,
        0.16030776982247263,
        -0.18803493116482928,
        -0.16511997398746,
        0.23620772536100063,
        0.10658059930200071
    ]
}