{"f": [0.05084228515625, 0.0455322265625, 0.13043212890625, 0.07470703125, 0.145751953125, 0.09869384765625, 0.09393310546875, 0.06439208984375, 0.114013671875, 0.027587890625, 0.0350341796875, 0.1033935546875, 0.05743408203125, 0.0679931640625, 0.12298583984375, 0.1688232421875, 0.11395263671875, 0.12774658203125, 0.08306884765625, 0.10980224609375, 0.08721923828125, 0.108642578125, 0.071044921875, 0.14190673828125, 0.04681396484375, 0.10626220703125, 0.15313720703125, 0.04461669921875, 0.0677490234375, 0.10968017578125, 0.069580078125, 0.076171875, 0.06280517578125, 0.07427978515625, 0.1365966796875, 0.098876953125, 0.0311279296875, 0.03955078125, 0.032470703125, 0.12890625, 0.13702392578125, 0.08074951171875, 0.048095703125, 0.0135498046875, 0.0706787109375, 0.1260986328125, 0.0977783203125, 0.1328125, 0.137939453125, 0.03021240234375, 0.15460205078125, 0.046630859375, 0.1165771484375, 0.162109375, 0.04437255859375, 0.0780029296875, 0.08709716796875, 0.1400146484375, 0.0418701171875, 0.10821533203125, 0.09130859375, 0.0648193359375, 0.11749267578125, 0.1187744140625], "accuracy": 0.34375}