{
    "dataset": 539,
    "last_cost_avg": 0.07048775984463661,
    "statevector_real": [
        -0.06795210325936295,
        0.05587596086804783,
        -0.09626315512788042,
        -0.12137950482666972,
        -0.05938614658752959,
        0.12087427810202443,
        0.11638504955667943,
        -0.1094475934886493,
        -0.004625202748513362,
        0.04340660066711636,
        0.16912074800362695,
        0.1488910205080782,
        0.03288190630470979,
        -0.1188828762766329,
        -0.11097386115996125,
        -0.029880232701465465,
        -0.06246296534848832,
        -0.09756521940343109,
        0.08016257248618393,
        -0.08157084686245351,
        0.05737750088832661,
        -0.05840072638462714,
        -0.1316897005819985,
        -0.13540531012502313,
        -0.174289124439258,
        0.11448297747534114,
        -0.0035109633996255486,
        -0.05838111084078214,
        -0.16968623933686283,
        0.07508963453817577,
        0.05613631471563256,
        -0.062014892248131566,
        0.04556232552010907,
        0.010814124575654201,
        -0.12414270755207224,
        0.036691030311978054,
        0.06513518284725688,
        -0.11241652388026142,
        0.11689020321613727,
        -0.08914362959939134,
        0.04881260433846842,
        0.08991665080909542,
        0.06459887851830577,
        -0.06369510157345766,
        0.008301768865064346,
        -0.09445859519407378,
        -0.08266277484906552,
        0.040327967771638114,
        0.121135529515113,
        -0.09419491939116964,
        -0.12137737073465907,
        -0.12350467978153737,
        -0.009563449813317982,
        0.06872815907453815,
        -0.07243915191882125,
        -0.14484579182353202,
        0.020675701057105766,
        -0.08586841099735873,
        0.13359972543760013,
        -0.08537066613100831,
        -0.026133862520946342,
        -0.11486034983399143,
        -0.07201088288950734,
        0.024463223761075896
    ],
    "statevector_imag": [
        0.06427961422360264,
        0.035448905187301843,
        -0.06415743049829263,
        -0.014349606946228811,
        -0.09257893308024848,
        -0.02212264334525286,
        0.11729215124905423,
        -0.06864250449497582,
        -0.06871057826795443,
        -0.04942334866234457,
        -0.023529280616942497,
        0.02274208853927492,
        -0.015797689850538883,
        -0.12596849115980324,
        -0.07504055858526852,
        -0.06474519775406411,
        -0.030954612763113728,
        -0.01725436317408296,
        0.14412817785821488,
        -0.035742307219802004,
        -0.04939084280079011,
        -0.049778095551339226,
        -0.01129566319596195,
        0.09924415526179199,
        0.04931250114540377,
        0.12147030779580187,
        0.12415607324988294,
        0.12138076911044496,
        -0.03719687920370139,
        0.006161066653558171,
        0.04968777580940454,
        0.02784176007587899,
        0.08558255129201967,
        0.0049905662663397325,
        -0.09423073478339118,
        0.18371362517819875,
        0.041533544257902726,
        0.06558015451560292,
        0.04833722714087653,
        0.06580868461481022,
        -0.01907477642361195,
        -0.020576406915587462,
        -0.060573364208080474,
        -0.1908058451805316,
        -0.15287549611709364,
        -0.13822923142330124,
        0.13710502275569034,
        -0.029359783323935348,
        -0.02200757415419734,
        -0.04306314841473282,
        0.12014961232028523,
        0.11244580495229305,
        -0.08444775852283165,
        0.13874814422411824,
        -0.04496338697809382,
        0.04182936993304711,
        0.02390040192937329,
        0.09341968188036573,
        0.08400969566309822,
        0.14046182739744578,
        -0.09079496498715622,
        -0.0883641341875855,
        -0.11569945039092945,
        -0.05603120261036893
    ]
}