{
    "dataset": 958,
    "last_cost_avg": 0.06818588692527779,
    "statevector_real": [
        -0.21918189124815665,
        -0.1681765161385827,
        0.3151850016978174,
        0.08961113569254342,
        0.0035347850507466676,
        -0.20575727997626025,
        0.18009294346986418,
        -0.0165141685682607,
        -0.14554189667139217,
        0.17831066607000187,
        -0.14399387806196973,
        0.12656684645697036,
        0.036851529700574176,
        -0.1588949792246802,
        -0.0009798113512362095,
        0.0793003606097515,
        0.000911376615538774,
        -0.1381156948262043,
        0.02873434561639644,
        -0.011086337105661113,
        0.026200463848032745,
        0.008963703317880791,
        0.028508490271993956,
        0.01988160815754363,
        0.08525256018609714,
        -0.01296827008866189,
        0.05141938864335974,
        -0.05792443062775911,
        -0.02496263760149443,
        -0.08898803629428392,
        0.10014133067763077,
        0.27048857534162374
    ],
    "statevector_imag": [
        0.06011204267122502,
        0.23443072478584648,
        0.06651475909320032,
        -0.06795586947686148,
        -0.1596131633016656,
        0.030707299981745106,
        0.02982554331988055,
        0.16881377348331258,
        -0.04366077404318308,
        0.05420715575047119,
        0.1821774068523031,
        0.03221363343259936,
        0.21585429852777707,
        0.053440281996998254,
        0.0018036987459197952,
        -0.18547984279324653,
        0.0037297327790068195,
        -0.00836109098961809,
        -0.14033374582550576,
        -0.12547622622360466,
        0.03561707418063684,
        0.004208815574579388,
        -0.23689942489900917,
        -0.011690312131201972,
        0.04466088420724564,
        -0.09214668056441776,
        -0.23620503412430235,
        -0.1748671312779058,
        0.012639699999327356,
        0.15759040711487324,
        0.13259181025929537,
        -0.1122922288676997
    ]
}