{
    "dataset": 1808,
    "last_cost_avg": 0.0868182477675438,
    "statevector_real": [
        0.21537224086691556,
        0.15728819500763408,
        -0.14841479615863454,
        0.2019318415203296,
        0.08368414582578187,
        0.17167437189432344,
        0.23190784753164026,
        0.15299957373251713,
        -0.07488788535807743,
        -0.06365435790469706,
        0.029399587839448536,
        -0.1164864983398664,
        -0.09668393093872032,
        -0.20889417567883453,
        0.042243569164713744,
        -0.17697639938024307,
        -0.15805403855264846,
        0.09023767590967888,
        0.15737546162214297,
        -0.2014077067773221,
        -0.005416957317738698,
        0.1119899110946713,
        -0.08719486871141127,
        0.0072325616694375455,
        -0.07486094617371958,
        0.1379403048220099,
        -0.1697416906096361,
        0.09699020625667162,
        0.0700654088390193,
        0.16064720649694247,
        0.09049298411129982,
        0.0706308339726497
    ],
    "statevector_imag": [
        -0.0516607399840829,
        0.08298771463517202,
        0.022172397210924018,
        -0.014546980439275776,
        -0.2090062568416121,
        -0.11191367199833083,
        -0.02532746385854182,
        -0.08253427691379503,
        -0.16976633930544255,
        0.08431227740602772,
        -0.035544521927714345,
        0.04397640396540848,
        0.18968483754344556,
        0.05218918332889719,
        -0.027513313295250162,
        -0.15863017753477354,
        0.04821268032629067,
        0.18043236686132236,
        -0.0790256871775813,
        0.05607930057617131,
        -0.10698413155168207,
        0.18497601461992,
        0.1829523212566121,
        -0.134895059317249,
        -0.00870157726923988,
        0.008400694597921024,
        -0.018703512652749693,
        0.20991985479030062,
        0.12217058615525453,
        0.006863463482618759,
        -0.05971988131073854,
        -0.18553138960599833
    ]
}