{
    "dataset": 519,
    "last_cost_avg": 0.08353232657886409,
    "statevector_real": [
        0.11284382366044211,
        -0.17061136812166752,
        0.1600902150231943,
        0.029316074652285334,
        0.20048205593444704,
        0.07309709426811416,
        0.08166305352658021,
        -0.06280125716515737,
        0.013860370652384296,
        0.01578094908480773,
        0.011034572836025295,
        0.008012370502453545,
        -0.0881882896043997,
        -0.1392327340133604,
        -0.08040432245572911,
        0.2794079451873696,
        0.17336961903361095,
        -0.1805890914335604,
        -0.13406797581014726,
        -0.05112132193768288,
        -0.06496721978091015,
        -0.2549758089511309,
        0.12111499355040384,
        -0.008024936414455956,
        -0.042325221398703476,
        0.14383358090272677,
        -0.05735521554630617,
        -0.000806614940697596,
        -0.06439580090794657,
        -0.22801795247620013,
        -0.16120017368814157,
        -0.010868216845769973
    ],
    "statevector_imag": [
        0.08786752992614648,
        0.035371906543090546,
        0.12271365424473102,
        0.08035532085991746,
        -0.13538058012129944,
        -0.2813943042894638,
        -0.16827615269515542,
        0.12108581741896349,
        0.04617324167534062,
        0.007858438390450083,
        -0.012430139670829341,
        0.14984661321728815,
        0.12351205001131393,
        -0.11264459813187984,
        0.062047903928366226,
        0.09017596390569381,
        0.17938394790104606,
        -0.021190929405990492,
        0.05856061152023067,
        0.1564711041163326,
        0.12039770143236768,
        0.1749249533088343,
        -0.1329872085777962,
        -0.0021187870398089344,
        -0.11663964235859564,
        0.11274972391584061,
        0.20320675933475657,
        -0.0017396710939422476,
        -0.16482621568264988,
        0.1277123077707997,
        0.004922679178058961,
        -0.13347587908415004
    ]
}