{
    "dataset": 876,
    "last_cost_avg": 0.10453287116599388,
    "statevector_real": [
        -0.007417450144109664,
        0.009499316033265197,
        -0.12560221174162228,
        0.12393291409012287,
        -0.060965740198145796,
        0.16391047623902147,
        0.05388581806191337,
        0.11399043609625603,
        0.1206434730174866,
        -0.16735789560176514,
        -0.11702890518139819,
        -0.05646323573802444,
        -0.14742377340767018,
        -0.13371502453483092,
        0.12107302249205018,
        -0.1650983019667974,
        -0.12052638229364586,
        0.030111428372451118,
        0.011034751406084634,
        -0.01554346017952985,
        -0.09631296394144608,
        -0.024522957819252653,
        -0.13114167691581816,
        0.1329444965527711,
        0.01589268863292026,
        0.0790505370365858,
        -0.17154437983529286,
        -0.12064833350258243,
        -0.08066420895687898,
        0.004319205191431955,
        0.05352144469086709,
        0.11249932091092571,
        0.010087063482003576,
        0.10720114138867172,
        0.10345387336723215,
        -0.02289440109468422,
        0.1262006451932939,
        -0.014635005347155347,
        -0.013603883638516548,
        -0.030301998815446516,
        0.0719875134842651,
        -0.006131646972439162,
        0.06312191632524393,
        -0.10021288189783244,
        0.0326575046185939,
        0.1378534445429978,
        -0.012677277229157976,
        -0.08215025174065138,
        0.07715940581546887,
        -0.1255471236704117,
        0.08246584009225247,
        0.12715189670704008,
        -0.03119281153714863,
        0.03644049702579827,
        0.10320656199039364,
        -0.08578076344303151,
        0.06667011271704101,
        -0.010525230535391839,
        -0.056784407222032325,
        -0.08387095981804374,
        0.12293433337822995,
        -0.1143778069579592,
        -0.02748493483701634,
        0.00798355524771004
    ],
    "statevector_imag": [
        0.14700782888446962,
        0.06015124160080903,
        0.14131216016634665,
        0.0539611869563735,
        -0.1537092125725939,
        -0.044307486356901425,
        0.05535886649080335,
        0.1199400628738016,
        -0.09422353644331484,
        -0.04788912153420173,
        -0.12204442081206823,
        0.14969874292183485,
        -0.015989117437152665,
        0.008391832250375422,
        0.0580269808789691,
        0.053604311094434316,
        -0.06854433180232108,
        -0.08158762676133349,
        -0.03067930422066697,
        -0.0058905720142336665,
        0.1510494584189261,
        0.04551664921077886,
        -0.05123717460978981,
        0.013212212180250461,
        -0.1310528921510211,
        -0.00568922649159284,
        0.04678721742533678,
        0.11372867743042002,
        0.114136846430709,
        -0.005821403791104558,
        -0.03255054627134879,
        -0.014382775040373188,
        0.11701689983253766,
        0.03315064615062969,
        0.012932262317126202,
        -0.026707662731897536,
        0.025565922355589552,
        0.09304200035075809,
        -0.0025229988679726,
        -0.0350170661486359,
        0.09882785355368316,
        -0.17576111526019667,
        -0.04635949744309233,
        -0.1600551662501959,
        0.11925903416088636,
        -0.10732788327945383,
        -0.004982421895515805,
        -0.08748582037015044,
        -0.018474175998843982,
        0.0628139070806659,
        -0.11716989493877392,
        0.07955066794144033,
        0.02093318282507894,
        -0.1509286098233218,
        -0.08343574680043545,
        -0.013227159167793127,
        -0.04404102246973804,
        0.008170091844340746,
        0.041278047903674696,
        0.1205505625579376,
        0.0347964873608456,
        0.11941325919696354,
        0.06090974040051239,
        0.00414642944968522
    ]
}