{
    "dataset": 645,
    "last_cost_avg": 0.0765155859294769,
    "statevector_real": [
        0.038122723348807175,
        0.03684938528872599,
        0.0899787340636326,
        0.04254964435685035,
        -0.0712228442859824,
        0.08479951549717771,
        0.050501841526600734,
        0.044258057480518635,
        -0.0682254084530154,
        0.0911151081947289,
        -0.11967840441353671,
        -0.1451081073121259,
        0.05950622248111386,
        0.08511491157083838,
        0.02998988293620757,
        0.043360295867367574,
        0.17739567521918473,
        -0.009022179408707512,
        0.046906864980132065,
        -0.09562814930171418,
        -0.11201780596626021,
        -0.021872130410536133,
        0.12286354170711815,
        0.03599210110885831,
        0.09371019654480313,
        0.05028616581634437,
        -0.02155775344442108,
        -0.08863209268713977,
        0.11096428292347102,
        0.06330719692338255,
        0.11050164567913381,
        -0.07585146158835365,
        -0.07918766071071039,
        -0.049722934392369245,
        0.009047566788342724,
        -0.115312226397661,
        -0.0033789538058903775,
        -0.07938185145596151,
        -0.0007919366065300146,
        0.1870984675403022,
        0.1397840854115819,
        -0.13498615368019834,
        -0.13240233017754863,
        -0.005033591218954576,
        0.1584579015088914,
        -0.015836881933896346,
        0.08374702308043461,
        -0.06920367837915734,
        0.14257829284707876,
        -0.0037208790660767915,
        0.014461505031235977,
        0.13914097928911484,
        -0.086803340404718,
        -0.005165196729255478,
        0.0736759745009358,
        -0.05708031704937695,
        0.0936728596194763,
        -0.004289426539261096,
        -0.028605902754099216,
        -0.11985917404338853,
        0.09658675599973661,
        -0.1580542242421816,
        0.09663343887579699,
        0.16164838848121418
    ],
    "statevector_imag": [
        -0.020739155174550647,
        -0.040637767920832395,
        -0.11326550631844488,
        -0.18269856944572818,
        0.012395762055430047,
        -0.026131029200434332,
        -0.14456762335033363,
        -0.021723174141657524,
        -0.031595335562012175,
        -0.11613133064252165,
        0.03598273723919597,
        -0.0018888574784773754,
        0.044900894326024864,
        0.16606013312825774,
        0.07422795486893755,
        -0.13148389765183607,
        0.060101983205952524,
        0.03135237849248684,
        0.16370785954892125,
        -0.01324285440192462,
        0.068809498978075,
        -0.12139045248284741,
        0.04944657525715181,
        0.11342114967766401,
        0.09371117139212697,
        -0.14604806599392878,
        -0.05974142239208086,
        -0.0268542870105314,
        -0.07731864261453202,
        0.04055999098552033,
        -0.11402075630244979,
        0.07110567072655875,
        -0.028430453894046467,
        -0.10628515769242415,
        0.06907188731670053,
        -0.0891385063721982,
        -0.14634650955375791,
        -0.03855105031066436,
        -0.0044164296979584405,
        0.14555162435302207,
        0.09585637457870838,
        0.09049230596804882,
        0.005417437682454512,
        -0.003104210186661009,
        -0.025239959558876944,
        0.013456430126076528,
        0.11315367566687659,
        0.08863047154251416,
        -0.07655061307626107,
        -0.1393310435235353,
        0.15457069701069406,
        0.03236612522396377,
        0.022513668616783902,
        0.040746653410216285,
        0.007742079213811909,
        -0.15511632747901913,
        -0.0646076481182486,
        -0.005039317151763012,
        -0.09258772513807347,
        0.038411846420838835,
        -0.04034701946113604,
        0.05573202229063753,
        0.03201468721875153,
        -0.08432350367641141
    ]
}