{
    "dataset": 0,
    "circuit_id": 17,
    "layer": 2,
    "num_params": 34,
    "expr": 0.06814381746565931,
    "entcap": 0.5135794892296106,
    "num_iter": 56,
    "last_cost_avg": 0.1635589599609375,
    "accuracy": 0.875
}