{
    "dataset": 878,
    "last_cost_avg": 0.08610668779218984,
    "statevector_real": [
        0.07641689116188513,
        0.10850721172359622,
        -0.027219398268592255,
        -0.2075944024587064,
        -0.06588061418494269,
        0.17885829319111943,
        -0.16953734239095555,
        -0.11264649064206465,
        0.14583815680384987,
        -0.2074200446278055,
        0.03082487729603494,
        -0.08838760639931853,
        -0.14669743429232662,
        0.09261913620447405,
        0.11050179908378861,
        -0.01044734132727571,
        0.01693639333708136,
        0.22714711694222608,
        -0.1859707039394877,
        0.02948822905999773,
        -0.1901473082082961,
        -0.007592008043422727,
        -0.04345667012682951,
        -0.018524091321340867,
        -0.05073444958410021,
        -0.14298359387665804,
        0.00042439602755808223,
        0.07953248369781436,
        0.14647813882793834,
        0.02702915750809006,
        0.1098514742513612,
        -0.0175621217995116
    ],
    "statevector_imag": [
        -0.05370734334434561,
        -0.22908638672769613,
        0.0513790308911531,
        0.03767787425563601,
        0.14961309811672543,
        -0.06903457875837427,
        -0.10389395905294872,
        -0.04872889269635808,
        0.20093712390487717,
        0.07595933984771827,
        -0.08656198253116815,
        -0.08584794591379512,
        -0.02917314702369536,
        0.09563856411756427,
        -0.08878800897255737,
        -0.20623486734663024,
        -0.18575768156078512,
        -0.01270313973856941,
        -0.14643377674114808,
        -0.16073019686180706,
        0.012760956068380663,
        -0.016800389289530333,
        -0.17865971392791272,
        -0.26606309226480324,
        -0.14183846270623668,
        0.0190422816848197,
        0.20324796922065563,
        0.12281350765311383,
        -0.013635111985268943,
        -0.1687307200591898,
        -0.019244822951074256,
        0.20847768120099464
    ]
}