{
    "dataset": 579,
    "last_cost_avg": 0.12011202306121074,
    "statevector_real": [
        -0.18630757564745526,
        0.045764631808569815,
        -0.08796998005998558,
        -0.16293325450508328,
        0.09155154738818132,
        -0.03474976140644075,
        -0.006611654836493537,
        -0.0005311543293176537,
        -0.012027449700080437,
        -0.1489585133704092,
        -0.04850252098655718,
        0.23837387955936548,
        0.06969296521642367,
        -0.0730009160645126,
        0.04274517500026368,
        0.04480322516551889,
        -0.042477493793307626,
        -0.20471551569000943,
        0.173520578604111,
        -0.1860716509757042,
        0.13961260500547212,
        -0.036100862226312515,
        -0.21927351440019,
        -0.08020158807508804,
        0.1405527185626636,
        0.17226276572163032,
        0.22323800165877367,
        0.05387573289968421,
        0.10937937610591207,
        0.011765087807858295,
        -0.03875362394932464,
        0.0151248294593729
    ],
    "statevector_imag": [
        -0.061716775225606216,
        0.20966892757727046,
        0.20703071593802905,
        0.07485387524104294,
        0.1634634409924439,
        0.10429512260902278,
        0.10374388915968019,
        0.08044268513878032,
        0.10885512432508537,
        0.18171723694609238,
        -0.11483767021255674,
        0.06277290814905435,
        0.20975762982588006,
        0.16433174399186862,
        0.08247710984973598,
        0.20780913464632367,
        0.06740989630318384,
        0.07648901356351884,
        0.07083676676201603,
        0.1595382038244335,
        -0.07315028566692325,
        0.13706924469011242,
        -0.1228117456058508,
        -0.1630953889380312,
        0.01915234998850591,
        0.04699495153119251,
        0.008618451233021976,
        0.0856495998935652,
        -0.08866460617693012,
        -0.08483341619160219,
        -0.16374522011721956,
        -0.17718880250047764
    ]
}