{
    "dataset": 2443,
    "last_cost_avg": 0.08160270608351393,
    "statevector_real": [
        -0.13899294872566853,
        -0.02674710322554984,
        0.164260020149982,
        0.0471295309841622,
        0.0793385726304024,
        -0.1632560510087161,
        0.021144143789819544,
        -0.01983420486170526,
        -0.18480051985329735,
        -0.06510570524448765,
        -0.19067365619841534,
        0.00427500581165849,
        -0.16680110824872038,
        -0.023952622180231108,
        0.11784558198396099,
        0.01366614116067535,
        0.148749348347929,
        0.21234021260892147,
        0.13601991253775386,
        0.1471777636732159,
        0.08944824121492899,
        0.08556104967469066,
        -0.04222380299459634,
        0.10781022357788085,
        -0.02366252331552778,
        0.001121300818679443,
        -0.014084275747809214,
        -0.005054793008631281,
        -0.07656603608976915,
        0.012357997339310863,
        -0.10209065639585324,
        -0.06700329253878845
    ],
    "statevector_imag": [
        0.14559037686445464,
        0.0020330142731103465,
        -0.2495046999606498,
        0.021317209160205235,
        0.2687211967419908,
        -0.12127610646431328,
        -0.08580013150709459,
        -0.08696602549024626,
        0.018076137763281087,
        -0.23958072319957305,
        -0.06451977517356065,
        -0.05189881790630281,
        0.205680873544706,
        -0.21830382446589885,
        0.08957083244256565,
        0.12830370193408167,
        0.06975187897973749,
        -0.00813494141563914,
        0.05117031206037969,
        -0.06678565231390156,
        -0.16128926108836308,
        -0.05784454979924075,
        0.17332467870819715,
        -0.030477954809271807,
        0.17728954729747423,
        -0.18545510193158174,
        0.014365554699081707,
        -0.02280019513212343,
        -0.10777055172694802,
        -0.24127302042789872,
        0.23525360637331555,
        -0.11436742157583726
    ]
}