{
    "dataset": 0,
    "circuit_id": 10,
    "layer": 2,
    "num_params": 18,
    "expr": 0.16080127222622703,
    "entcap": 0.5657084100065409,
    "num_iter": 100,
    "last_cost_avg": 0.11157989501953125
}