{
    "dataset": 3770,
    "last_cost_avg": 0.12986602062614638,
    "statevector_real": [
        0.16516805521375058,
        -0.07578450720317556,
        -0.04770559505593382,
        -0.08825908001761873,
        -0.06587063507206746,
        0.05016028064607512,
        0.01628194222398161,
        -0.12143819908875607,
        -0.10551801007327502,
        -0.0570628393047661,
        -0.024527297577263164,
        -0.2253569174515622,
        -0.11665316936455027,
        -0.15537252748230526,
        0.030978615286566587,
        0.017991923420998635,
        -0.011594691668199533,
        0.13922522463637738,
        0.092170045778719,
        -0.0896726951495954,
        -0.031887368552724255,
        0.008254134713160692,
        -0.09100354742635028,
        0.0695336004148356,
        0.10516900056094042,
        0.20517653129886054,
        0.10096027109968748,
        0.11603991530100118,
        0.0836492828991707,
        -0.03958516586076613,
        -0.08520537515092388,
        0.01122333029663675
    ],
    "statevector_imag": [
        -0.10009393212186925,
        0.20036834441865795,
        0.20663803251878904,
        0.03067152398574847,
        -0.1954977630315711,
        0.0891008106820388,
        -0.1327110843049279,
        0.16542741101587413,
        -0.3042284436145527,
        0.1436925179796371,
        0.2501746354552674,
        -0.010897683991953016,
        -0.059652207689128434,
        -0.1305122742767631,
        0.011691203668919911,
        0.1469912648004088,
        -0.014044385498453793,
        -0.047168886041061314,
        0.2909223086199062,
        -0.14964249864978393,
        -0.033577331194427275,
        0.1716403248523222,
        -0.19760910999778006,
        0.019803211374783386,
        0.019739755911737152,
        -0.033572738059887273,
        -0.2772568570989328,
        -0.025634056682843957,
        0.022815027187533265,
        -0.1575323998814111,
        -0.012199060244934794,
        -0.003692845714145934
    ]
}