{
    "dataset": 1394,
    "last_cost_avg": 0.1146754797428736,
    "statevector_real": [
        0.17841212177948487,
        -0.10712085733807905,
        -0.15396509589582494,
        0.01670681011195036,
        0.07149764128940037,
        -0.19194841750733455,
        0.23408415534624175,
        0.2337079404482846,
        -0.1299399183948071,
        0.0659440797508013,
        0.1856557969052582,
        -0.12494480402673992,
        0.18485576863827452,
        0.020857227910439737,
        0.011406126563938584,
        0.13449974476836096,
        0.012676428170270164,
        0.162690313921105,
        0.16759221099974256,
        -0.0981840588013258,
        -0.05254802983118552,
        -0.030286226282494423,
        0.09604493618105901,
        -0.20481566045715124,
        -0.17589251232631056,
        -0.05765213149895911,
        0.025836130446966914,
        0.04693626840971266,
        -0.01593341314738583,
        0.0036809521574160823,
        0.21088222622474834,
        -0.06798427910037114
    ],
    "statevector_imag": [
        -0.05676071312987012,
        -0.13922728331740847,
        -0.07973630863149185,
        0.06310623013611076,
        -0.1911449609277406,
        0.08135506617013537,
        -0.18012512269128314,
        0.0431072602810005,
        -0.03332677626289739,
        -0.009218447641574824,
        0.05229503438520485,
        0.16798277170031112,
        0.08509266023508606,
        0.18237109636826776,
        0.2394994827480032,
        -0.04964899785344009,
        -0.007728161272884249,
        -0.013240720949819427,
        -0.13919904286057108,
        0.2772231941184009,
        0.17081508585500804,
        0.02387968431098596,
        -0.03079914538652694,
        -0.023033355335117262,
        0.03453065588791772,
        -0.15035752281933543,
        0.14874867748870335,
        -0.17215554010225934,
        0.015360604646048647,
        0.004499285642188876,
        0.0702575932221426,
        -0.013138876019767112
    ]
}