{
    "dataset": 0,
    "circuit_id": 17,
    "layer": 15,
    "num_params": 300,
    "expr": 0.006747014104032204,
    "entcap": 0.938960936468702,
    "num_iter": 1024,
    "last_cost_avg": 0.010740462930376216
}