{
    "dataset": 169,
    "last_cost_avg": 0.0901655912003949,
    "statevector_real": [
        0.17337872140057864,
        0.04806672287498774,
        -0.09296651319595924,
        -0.0798489566969673,
        -0.062072128682669786,
        0.075224445529947,
        -0.07111558894227328,
        0.014450480064833397,
        0.021765117328713078,
        0.018377335006924497,
        -0.05055213711635865,
        -0.05135162344345067,
        -0.1564977795900275,
        0.2334165188493065,
        0.14445449246300615,
        0.16247200496423633,
        0.03404125034978892,
        -0.03237099051736183,
        -0.20136983603229247,
        -0.19970937884407822,
        0.1713341734890674,
        0.0761267545253499,
        0.1241565035609658,
        -0.1239430483255363,
        -0.006544356363239173,
        0.08921413261142362,
        -0.006126885099776713,
        0.0806931431772279,
        -0.18459137172653048,
        -0.17418078616000798,
        0.07070048305678175,
        -0.004546566902886478
    ],
    "statevector_imag": [
        -0.2550640758330878,
        0.12141048016932007,
        -0.1880886210443908,
        -0.03983056017718826,
        0.24119381458070754,
        0.0009919460745912974,
        0.23941479832952603,
        -0.23041843332143006,
        0.12132383630019074,
        -0.07427130876605507,
        -0.045262181052210346,
        -0.15103252829174446,
        -0.044862260854928816,
        -0.10877061064536421,
        0.07370319168214814,
        -0.08327678793571187,
        0.1578932103478565,
        -0.09029948116050686,
        -0.03196040274402242,
        -0.10487163822001022,
        -0.021339889472883563,
        -0.13459614459704528,
        0.025328173130467414,
        -0.1757894042650572,
        -0.20042424312909113,
        0.16389470790958527,
        -0.018420517191729026,
        0.16074533720786993,
        0.055864332113607106,
        0.03126601483223555,
        -0.14005003840682007,
        0.06513526667684219
    ]
}