{
    "dataset": 600,
    "last_cost_avg": 0.08280291154729924,
    "alpha": [
        0.023792815725075914,
        1.2056037128152545e-05,
        0.042681420507840746,
        0.0003802368236041152,
        0.032686578882593305,
        0.05466941516276148,
        0.03659400664029592,
        0.07223676101510684,
        0.00910816838783992,
        0.0004986836851465246,
        0.11738965711554987,
        0.029194603405504164,
        0.000297728509025834,
        0.028148818881409323,
        0.017248023371973474,
        8.75331746725183e-05,
        0.04050218312036393,
        0.012028274447890792,
        0.052463911053521314,
        0.04002110425835195,
        0.09622501799844972,
        7.2370941101735e-05,
        0.06789412805279005,
        0.03426912206753461,
        0.04042369978876969,
        0.00014237140113691597,
        6.902704068458789e-05,
        0.018837460909965704,
        0.030456544624020046,
        0.06481580613086535,
        0.023474341697565654,
        0.013278129141459797
    ]
}