{
    "dataset": 1547,
    "last_cost_avg": 0.08430672296516212,
    "statevector_real": [
        -0.06311088434322397,
        -0.06724235443866687,
        -0.01661589623996998,
        0.051360957696678484,
        -0.005372247701378111,
        0.010673944859155578,
        0.1189943453081396,
        0.14387467580509583,
        -0.10620414466683671,
        -0.22416521464240197,
        0.046936093060308784,
        -0.006696495426173236,
        -0.017802785784765858,
        -0.06186325681870176,
        -0.0024869772871703227,
        -0.027054603787817044,
        0.003492709861784922,
        0.00033073324787426576,
        0.02175676193249786,
        -0.07063045544008925,
        0.016383686222558633,
        0.021055955960966,
        -0.1332957297306688,
        0.07748391209759857,
        0.04821948246886209,
        -0.1513905259135146,
        0.016332667979187365,
        0.0470297333613415,
        -0.013717265507279747,
        0.019413496420125253,
        0.1452821179812321,
        0.12893021238140925,
        0.12734591215713112,
        0.012634654013650222,
        -0.07746443937032024,
        -0.015449067370060703,
        -0.004123339712132701,
        -0.1405643772006791,
        -0.1481079803695469,
        -0.039277222129049966,
        0.21059622243352108,
        0.0780449939404075,
        -0.22480501035687658,
        -0.08284069397015159,
        -0.001236265881783085,
        0.026517284865285567,
        -0.023357702644308243,
        0.03474492486144978,
        0.11663029721883976,
        -0.0056805492121070255,
        -0.1493236292090007,
        0.08390779009928807,
        0.015894884501611552,
        -0.18015641911150773,
        0.07585578146778839,
        -0.0830354940777573,
        -0.023409177308782975,
        0.05869936100495431,
        -0.1072833027101038,
        -0.03428743573620035,
        -0.03633648052077053,
        0.009963018533557135,
        0.010014121456192893,
        -0.07754472901975555
    ],
    "statevector_imag": [
        -0.13929270795408655,
        -0.041767447320234005,
        -0.2257871343627444,
        0.06234480182474997,
        0.039966548451979056,
        -0.12327721034774008,
        -0.1272053882992068,
        -0.024310457880061493,
        -0.011253396984572464,
        0.024808981945018876,
        0.14010355085182,
        -0.058997510844304386,
        0.021688835311456867,
        -0.006136683171383987,
        0.08949401972114958,
        0.027129700910882844,
        -0.09917956752633232,
        0.013699932192732472,
        0.08356995682732876,
        -0.040898183840818274,
        -0.015710963205010614,
        0.10862090966199792,
        -0.054127716577187235,
        -0.1209027886599217,
        -0.08742576127008633,
        0.07371958062587348,
        0.01230780729148937,
        -0.17610180607902173,
        0.01858784306567561,
        -0.050679667058530574,
        0.16923944965121152,
        -0.14987712074142703,
        0.049847291366322606,
        0.06637197959475488,
        -0.018002312624802546,
        -0.21399366368767533,
        -0.00869519363993766,
        0.06977427737139184,
        -0.031298758070469196,
        0.07850185659862688,
        0.06436571447887808,
        -0.008028384955124673,
        -0.07651368308170693,
        -0.020257450660727077,
        -0.04494236446375449,
        0.037489713259398726,
        0.06307397017194269,
        -0.008238392007213742,
        -0.011348110509670798,
        0.08319422399140154,
        0.00976024067793664,
        0.05482651059251839,
        0.022511038746579674,
        0.08842656384296363,
        -0.21796363180557057,
        0.02099751533391773,
        -0.01351523828483704,
        -0.1142266192944742,
        0.1006124787718237,
        -0.128808693238902,
        -0.08209379665913764,
        0.003704974607299608,
        0.07457665208670756,
        -0.09638321250547784
    ]
}