{
    "dataset": 92,
    "last_cost_avg": 0.10678808025454345,
    "statevector_real": [
        0.2022496405679151,
        -0.12639982032152836,
        -0.060292078432908985,
        0.2304502666334563,
        0.17466198873256403,
        -0.1684864438363712,
        -0.020384668591124557,
        -0.032509418751279925,
        -0.022838750912192757,
        -0.07973085512825089,
        0.1611859374057899,
        -0.011759849132204568,
        0.09716677617659683,
        -0.14281664166487834,
        -0.08043817679245471,
        0.0006300104281818052,
        -0.06392539291522788,
        -0.04473695425283476,
        0.09134354829770587,
        -0.2799802812523392,
        -0.04551053500668325,
        -0.04138661490953869,
        0.08752058765290695,
        0.05147733777477871,
        0.07347432418856253,
        0.008723743018817065,
        -0.1966308421074451,
        0.12447024672878132,
        -0.13417957560917604,
        -0.006818774739755466,
        0.1761124765530356,
        -0.03829533764999343
    ],
    "statevector_imag": [
        -0.2158052746573146,
        0.07262968850380427,
        0.06956677956087286,
        -0.06735947725346547,
        -0.05911345507586516,
        0.12238909315181559,
        0.026300550590730543,
        0.1957726838361116,
        -0.23278264317945474,
        -0.07621736791424218,
        -0.09676590306714954,
        0.034904192791828687,
        0.014103463247405,
        -0.10771209128478436,
        0.2181043465239879,
        0.1743808554958073,
        0.0042295857591163645,
        0.15690782775990023,
        0.1694682159561983,
        -0.05828504170130835,
        0.09871111504410511,
        0.0999757396878267,
        -0.10839444084319401,
        -0.12135056395675632,
        0.1893939949410131,
        -0.1696376540529401,
        0.017457256104575075,
        -0.0005296553881379395,
        -0.0805401745817595,
        -0.17705060914420256,
        -0.19535886441649988,
        0.128960000407575
    ]
}