{
    "dataset": 0,
    "circuit_id": 13,
    "layer": 8,
    "num_params": 96,
    "expr": 0.004865283773609363,
    "entcap": 0.8289182276430659,
    "num_iter": 44,
    "last_cost_avg": 0.11867904663085938,
    "accuracy": 0.890625
}