{
    "dataset": 4022,
    "last_cost_avg": 0.05637560384346427,
    "statevector_real": [
        -0.2730353199999439,
        -0.024918739109753042,
        -0.20453437811604203,
        -0.01665415148029862,
        -0.06335972554946792,
        0.08756322392787226,
        -0.03937441085461064,
        0.009718252554437654,
        0.13307241191194435,
        0.03176054420791486,
        0.14003012596027756,
        0.1826691442050878,
        0.27248549525900934,
        -0.12369643304216243,
        0.010466686614036635,
        -0.04490447164645477,
        0.17248007215682273,
        -0.16067473236033658,
        -0.01712762455068098,
        -0.15207052651481737,
        0.0906829406860221,
        -0.0737296508230501,
        0.013465471235757158,
        0.06894978702642895,
        0.18806987153296575,
        -0.2389415702596254,
        -0.009893269676405303,
        -0.16247268538173823,
        0.01803883863106397,
        -0.22612006323580533,
        0.013996761496939061,
        -0.07072602809683316
    ],
    "statevector_imag": [
        -0.008941231929278905,
        -0.13753361438730224,
        0.09774237832239871,
        -0.009876444251201296,
        0.16312999240552536,
        -0.151566659297637,
        -0.07742827058018766,
        0.30774524660686337,
        0.015838627182567844,
        -0.0751868898869129,
        -0.09558801810863694,
        0.05945958289408046,
        0.04705179330480183,
        0.05459155057766193,
        0.008788906722965372,
        0.22524260982430439,
        -0.013025581040486895,
        -0.17119538467338433,
        -0.1264732962096115,
        -0.011818945450817226,
        0.09495609107144215,
        0.11344411637364307,
        0.14218023084079057,
        0.20110424314888706,
        0.04555036387394526,
        -0.05915712953739808,
        0.011134794710705937,
        0.03710230034490198,
        0.02723186381567811,
        0.10868285197161628,
        -0.17109300725182744,
        0.04753014967687727
    ]
}