{
    "dataset": 373,
    "last_cost_avg": 0.1010352023344942,
    "alpha": [
        0.037938390108327884,
        0.047623239124974744,
        0.035693319635670635,
        0.03473147946410238,
        0.004319869163904647,
        0.02015144806833732,
        0.0016694602898485755,
        0.04827735357688771,
        0.017449031377412372,
        0.014162124127149773,
        0.09410334249434858,
        0.010736817980681478,
        0.0002117145184822856,
        0.02432923764540233,
        0.025945103597079414,
        0.04052905872628623,
        0.008383584534339619,
        0.026696449625017972,
        0.02950771048212954,
        0.023006428723071633,
        0.06606463957584831,
        0.030014572986338296,
        0.05687899078268379,
        0.02657032107842529,
        0.04765619640309385,
        0.046255769841675475,
        0.033455871942790934,
        0.03615971296615473,
        0.04907964697480544,
        0.029190930769929575,
        0.011079753792661805,
        0.022128429622137166
    ]
}