{
    "dataset": 3575,
    "last_cost_avg": 0.0800310433513454,
    "statevector_real": [
        -0.06592925123549116,
        0.0024474353091134384,
        -0.007826387138384716,
        0.03413297253918438,
        0.022186227404626762,
        -0.021418660596441944,
        -0.11509277848191465,
        -0.15437521889672848,
        -0.04434197917533392,
        -0.2287195792782103,
        0.07873511510104406,
        0.044715452751119864,
        -0.07251890992408686,
        -0.05112295824117628,
        0.12350572136415862,
        0.18391079910731156,
        0.0571316684304084,
        0.0774740015037192,
        0.005863087759080008,
        -0.16447555318794305,
        -0.21544936067035025,
        0.1696488583983051,
        -0.10163042095031556,
        0.06506402324825789,
        -0.13120199567183732,
        -0.05344649585559391,
        -0.017090396335737713,
        0.22943124686751223,
        0.059400199814061985,
        0.027157030020831554,
        0.110217124820679,
        0.08549664196818924
    ],
    "statevector_imag": [
        -0.197345228749573,
        -0.27428231819526716,
        -0.03735774860501895,
        0.11295280214124176,
        -0.076185433851874,
        -0.06196217067656172,
        -0.09892387318339584,
        -0.10063289350105947,
        0.2073204207990253,
        0.016082187697873524,
        -0.23877890481180128,
        0.00038924522972379134,
        -0.1568935069450252,
        0.13266832515738916,
        0.12185215176845395,
        0.009181375863813493,
        -0.046243266655937296,
        0.0828643404280485,
        0.20000503159663674,
        -0.022530799086049092,
        -0.11146754572865711,
        0.11242232483340517,
        0.11416443105128113,
        -0.0018957650304521115,
        0.2604147864731029,
        -0.04299135281105628,
        0.016134196202863268,
        0.047873959348791004,
        0.2844814243777353,
        -0.14584095731877428,
        -0.16779996749332426,
        0.09299182954736585
    ]
}