{"f": [-0.034423828125, 0.04888916015625, 0.0084228515625, 0.02886962890625, -0.0064697265625, -0.03662109375, 0.0064697265625, 0.029296875, -0.03216552734375, 0.016845703125, -0.00091552734375, -0.00067138671875, 0.002685546875, -0.0042724609375, 0.03057861328125, 0.0147705078125, -0.0472412109375, 0.0489501953125, -0.03692626953125, 0.01898193359375, 0.0145263671875, -6.103515625e-05, 0.005859375, -0.04522705078125, -0.010986328125, 0.022705078125, 0.01715087890625, 0.00738525390625, -0.0538330078125, -0.01068115234375, -0.0040283203125, 0.00640869140625, 0.0037841796875, 0.0111083984375, -0.01788330078125, -0.041259765625, -0.03546142578125, -0.0062255859375, -0.04058837890625, -0.01434326171875, -0.011962890625, -0.05767822265625, -0.00274658203125, -0.03265380859375, 0.0089111328125, -0.06439208984375, 0.0509033203125, -0.0379638671875, -0.022705078125, -0.00238037109375, -0.0802001953125, 0.0264892578125, -0.06243896484375, 0.01593017578125, 0.03741455078125, -0.03509521484375, 0.006103515625, 0.01263427734375, 0.0372314453125, 0.0181884765625, 0.0035400390625, 0.046630859375, -0.04736328125, -0.03717041015625], "accuracy": 0.5}