{
    "dataset": 0,
    "circuit_id": 3,
    "layer": 1,
    "num_params": 17,
    "expr": 0.20745427368282376,
    "entcap": 0.19180751967439402,
    "num_iter": 143,
    "last_cost_avg": 0.038890838623046875
}