{
    "dataset": 0,
    "circuit_id": 3,
    "layer": 8,
    "num_params": 112,
    "expr": 0.026975380074310704,
    "entcap": 0.7042195158936351,
    "num_iter": 94,
    "last_cost_avg": 0.0784149169921875,
    "accuracy": 0.90625
}