{
    "dataset": 4,
    "last_cost_avg": 0.10446305480811938,
    "statevector_real": [
        -0.07311428329599393,
        -0.17800155977217139,
        -0.1833751897557177,
        0.05594164628145108,
        0.09305826613779011,
        0.034315115285986464,
        -0.12756748714189328,
        -0.22078083075625385,
        -0.01667473813822542,
        -0.1037031900621053,
        0.115297069149728,
        -0.162415135376557,
        0.21958390863982893,
        -0.30211136432636654,
        -0.0027051888986066985,
        -0.011704842485701045,
        -0.11427305740176281,
        0.015335193768571715,
        -0.03593100876209279,
        0.15750890098454448,
        0.17660747211570807,
        0.12614203028678792,
        0.013735579024210319,
        -0.046519984830997,
        -0.015141483879152215,
        0.1672709164818269,
        0.10335349918968184,
        0.04431695153871224,
        -0.1211905169224001,
        -0.04745287007916148,
        0.02241141597155465,
        -0.1513221795244664
    ],
    "statevector_imag": [
        -0.0868035994697201,
        0.006016559976742128,
        -0.06824235477135998,
        -0.031184649640950485,
        0.04151532885166374,
        -0.027080002178159368,
        0.2260034763484892,
        0.10300682199052574,
        0.1438341880741602,
        -0.12316314200876126,
        0.20450573597977925,
        -0.09791353132259127,
        0.17986757096838663,
        -0.06863500322993553,
        -0.08191537164560982,
        -0.16875200619714154,
        -0.067066670509166,
        0.022842056327343617,
        -0.18882724095954098,
        -0.07036222896022495,
        0.06678370058781403,
        -0.2288580633955718,
        0.11030291443184348,
        0.12274617192619201,
        0.04647515749402317,
        0.12059734820756332,
        0.011999033725072787,
        0.14007553580425527,
        0.24501696096860703,
        0.11628369090936362,
        -0.11826101045985445,
        -0.020262796802693273
    ]
}