{
    "dataset": 1071,
    "last_cost_avg": 0.08077275264249961,
    "statevector_real": [
        -0.03362639747472607,
        -0.08750447468165758,
        0.087734430309482,
        0.1464941291346978,
        -0.17585091629111402,
        0.0010554920261775641,
        0.180592381289728,
        0.007940956504455041,
        0.13659270318419256,
        -0.03024005587435958,
        0.02521244019058056,
        0.12690452057809662,
        0.03014468624637487,
        -0.18215832614983998,
        0.12114622779332049,
        0.21641084184593823,
        -0.14669420283423248,
        -0.05746484785397944,
        0.039947677189090036,
        -0.03818509270273318,
        -0.090376929927299,
        0.015570129323709582,
        -0.054537083599942804,
        -0.14977536291178514,
        0.002332966969316948,
        0.027193081152689712,
        0.04540031510583869,
        0.06480936028888243,
        -0.0777804214423254,
        -0.06802632448524729,
        -0.15042736256316355,
        0.1485292120766791,
        -0.0060787210894571566,
        0.14011524290991792,
        -0.09002447643023741,
        -0.04775524272553222,
        0.1355276333296915,
        -0.08112585461924934,
        -0.028531515891562057,
        0.07860763839182806,
        -0.03327369830035601,
        0.09056557397329296,
        -0.11351145476204272,
        0.10958381472467583,
        0.1130413488628258,
        -0.11224367117816708,
        -0.1647575892974446,
        0.08593350613271052,
        0.062256635453248776,
        -0.016187894312621524,
        -0.07183830906647036,
        0.018482375414681586,
        0.010330480098674657,
        -0.12498210582264042,
        0.0638862159641025,
        -0.11135194338127385,
        0.0391846628787076,
        0.007416744430667799,
        -0.013692481825148827,
        -0.057427484437812856,
        0.0692724848006835,
        -0.13617903888795088,
        0.15652179288704604,
        0.006021782930043435
    ],
    "statevector_imag": [
        0.10718262641872098,
        0.13236255203644004,
        0.06067156374987398,
        -0.019146403811196738,
        -0.10760027489651061,
        0.015795905711633803,
        -0.007603690924844408,
        -0.028108271019830277,
        -0.05800163058881,
        0.0829002395256198,
        0.0016291275217243954,
        -0.0880188285693088,
        -0.0006545799666033025,
        0.10076757721448286,
        -0.03597600850127232,
        -0.008297358215869119,
        0.007197633548751748,
        -0.11441205437164194,
        0.05191465057171438,
        0.10656476364075945,
        -0.10724836132614149,
        -0.05205351245359954,
        0.07913560119621076,
        0.07591322510587076,
        -0.000808634758299426,
        -0.009339868147768653,
        -0.0024759986993135538,
        -0.1560482876711568,
        0.011015163447514189,
        -0.0476354470804005,
        0.041372929302700236,
        0.0031430537011400772,
        -0.021150347467902376,
        0.14256193392416194,
        -0.16752191215366305,
        0.004962985498246535,
        -0.08713118099647102,
        -0.008921543275574205,
        0.04474939255422722,
        0.13567818221816386,
        -0.07011190771954542,
        0.0030068384489768587,
        0.008872706889471574,
        -0.03573925156013444,
        -0.08875561302287045,
        -0.12773789245518946,
        0.15608188806385867,
        0.027971522051444056,
        0.13532856103911126,
        0.04676948835109482,
        -0.08819637316630367,
        0.022650388390489936,
        0.011377654571238911,
        0.10181827476719131,
        0.0491559060705694,
        0.13799387900584004,
        -0.1156160807817811,
        0.010533536479052294,
        0.022369841554913807,
        0.05241677683786062,
        -0.023641940649755933,
        0.1439963416576588,
        -0.047202809740702935,
        -0.028041751667112962
    ]
}