{
    "dataset": 644,
    "last_cost_avg": 0.07976712330788235,
    "statevector_real": [
        0.07495149071374305,
        0.10628256433861101,
        0.1119508954804348,
        0.040972627429416715,
        -0.08460228910714675,
        0.1441105898463127,
        0.004354273175160948,
        0.10856838858024735,
        -0.053746077284348735,
        0.0023229340730168396,
        -0.04039960423463349,
        -0.09969724818787494,
        0.03712584233641555,
        0.030918901621968066,
        0.028424766351083385,
        0.040344451501808584,
        0.13574312291675955,
        -0.01552589639818013,
        0.02705747429914671,
        -0.0564539925205049,
        -0.1411975320957106,
        -0.02154696585362638,
        0.10881208541328483,
        0.030042528554630615,
        0.15142723887637172,
        0.004396548655227227,
        -0.018828915983645635,
        -0.021418052971481527,
        0.1728444211125134,
        0.010419891366138894,
        0.11902274789294386,
        -0.11520127805192416,
        -0.08288566340492375,
        -0.011626425368835923,
        0.02336952537347188,
        -0.1267511348389513,
        -0.0023426699351409876,
        -0.11964882706918302,
        -0.0014028124752010615,
        0.1450312406198677,
        0.03523104794019902,
        -0.09425357687935348,
        -0.2078920465318154,
        -0.015408941435911252,
        0.08364811625297962,
        -0.014725477848563043,
        0.09331121012185402,
        -0.056235451637603275,
        0.11382102365505535,
        -0.0042351422230425635,
        0.01362125712506685,
        0.11417326186063041,
        -0.08968129196374827,
        -0.004537979805751944,
        0.06717533601730666,
        -0.06441815792432723,
        0.14542702087463888,
        -0.09239946513277311,
        -0.03558832898435132,
        -0.067866478223094,
        0.17963318890875973,
        -0.1798101700741003,
        0.18065673504898594,
        0.147271019740413
    ],
    "statevector_imag": [
        -0.040774384931889854,
        -0.11720917865473399,
        -0.14092413047762353,
        -0.17592721469085731,
        0.014724346600172111,
        -0.044407777677587607,
        -0.012464633077183153,
        -0.05328860202339404,
        -0.024889925695502156,
        -0.002960710141700785,
        0.012146622031484072,
        -0.0012977489425743903,
        0.02801360015822082,
        0.06032311876691935,
        0.07035413503801843,
        -0.12233878081250536,
        0.045990021367693,
        0.05395301492686846,
        0.09443225856576494,
        -0.007817907267007903,
        0.0867338130455161,
        -0.11958578727859985,
        0.043791550329074586,
        0.09467238707694163,
        0.1514288141418606,
        -0.012769067152370613,
        -0.052179195103239304,
        -0.006489371110001836,
        -0.12043601483128531,
        0.006675871313528269,
        -0.12281322733740892,
        0.10799349113262952,
        -0.029758134168401035,
        -0.024852041996853,
        0.1784100920173365,
        -0.09798099640849871,
        -0.10146382215902204,
        -0.05810632868036555,
        -0.007823129559941295,
        0.11282579131552005,
        0.024159549480990743,
        0.06318591414758307,
        0.008506211372970382,
        -0.00950267729149308,
        -0.013323886352760859,
        0.01251208189651035,
        0.12607619970050937,
        0.07202181607658814,
        -0.061110769162506635,
        -0.15858800432051645,
        0.14558977115008617,
        0.026558287209774302,
        0.02326010587821955,
        0.03579873139782384,
        0.00705897378600421,
        -0.17505698280444612,
        -0.10030330908783662,
        -0.1085530210613007,
        -0.11518749995241016,
        0.021749496936171203,
        -0.07503786304602071,
        0.06340345824163442,
        0.05985163038632935,
        -0.07682358290848515
    ]
}