{
    "dataset": 1242,
    "last_cost_avg": 0.09013430927996155,
    "statevector_real": [
        -0.2408634667081983,
        -0.12242634580892019,
        -0.03715698020556885,
        0.08049627644894138,
        0.06995117470706326,
        0.02969813847879586,
        -0.16295924459410666,
        -0.041679297145788954,
        0.10729558907004282,
        -0.07796632963526062,
        0.20701175563039398,
        0.009618085877046125,
        0.07465324442242131,
        0.074431024665435,
        0.04884201247484973,
        -0.2122603720742503,
        0.16985110329729802,
        0.20121734201795113,
        0.07821800275141734,
        -0.14141813153220895,
        -0.03755192289178451,
        0.012050819094372476,
        0.019220829191855887,
        0.1323898897571207,
        0.07207306253087874,
        -0.053694598521669704,
        0.00035053162667788966,
        -0.22849157853619734,
        -0.020277362568394217,
        -0.12706929561245048,
        -0.01015264544164508,
        -0.11357783055735969
    ],
    "statevector_imag": [
        0.04783090173101465,
        -0.14338319152913354,
        0.26356915759457217,
        0.15282840256878044,
        -0.08498378025747591,
        0.15189721076942042,
        0.0473225758354041,
        -0.24439077761544367,
        -0.1688431849583233,
        0.1104609313942615,
        -0.19903392871239173,
        0.05211428997568421,
        -0.15969317553350745,
        0.21852361778339013,
        -0.18032772027621505,
        0.10814318111284463,
        -0.054078930011172935,
        0.09593654746323316,
        0.08351918900647604,
        0.14959739149238815,
        0.0006484567556756812,
        0.0052770051956456026,
        -0.2107622985458753,
        0.08595883236809716,
        -0.12352525939576132,
        0.06716840301789787,
        0.10180672365880337,
        -0.007684191323499724,
        0.12983199107418622,
        0.05360055313458164,
        0.022526009933040127,
        0.09503509162937182
    ]
}