{
    "dataset": 2628,
    "last_cost_avg": 0.108173837590442,
    "statevector_real": [
        -0.0580064659608985,
        -0.010905314646936153,
        -0.0035704639779972408,
        -0.18982262773603845,
        -0.22916580177584175,
        0.05287354214871027,
        0.14372167816957301,
        -0.08100744407221463,
        -0.2269685789417035,
        0.015806155192464033,
        0.1354281585966975,
        -0.14634100769452044,
        -0.2326740679722414,
        0.1859484260480184,
        0.1262899828283522,
        0.10885197003320447,
        -0.04507063578782685,
        0.09118698538256549,
        0.15063985549417833,
        0.02254617547852064,
        -0.11628351386947862,
        -0.013702028727625626,
        0.2288859121332524,
        -0.15489655071484923,
        0.13850827551708825,
        -0.12918186535916887,
        -0.06266689587965976,
        -0.04439780608838283,
        0.08071546422916545,
        -0.08715480856180594,
        0.162086225516345,
        -0.13053224897191235
    ],
    "statevector_imag": [
        0.0978785156570389,
        -0.266298982021085,
        -0.12781381517746973,
        -0.01235410684882654,
        0.028482292931016114,
        0.12022252143847584,
        -0.07417878876423767,
        -0.1576670644211889,
        -0.09743025902668417,
        0.16482825320564118,
        0.2564408114740946,
        -0.11552048730422881,
        0.09656698465868713,
        -0.10638176408528786,
        -0.18784822453368835,
        -0.02892469423012596,
        0.08202900583345732,
        -0.0238855998237259,
        -0.0896359142664701,
        0.006987663838676925,
        -0.13526225284775537,
        -0.0852823612604985,
        0.04751102460862754,
        0.077743423477397,
        -0.08830319610736219,
        -0.10322608849155063,
        -0.05822234020521033,
        -0.16362814541844078,
        0.02978136497227989,
        0.13101526490788737,
        -0.12606102974583513,
        0.01090312527372369
    ]
}