{
    "dataset": 734,
    "last_cost_avg": 0.09014116789339296,
    "statevector_real": [
        0.11612302335970474,
        -0.08081298523876572,
        0.01421790129803075,
        0.06904481396634966,
        0.04258645734493559,
        0.1255957655599986,
        0.014435272985112192,
        -0.11572894375931235,
        0.10055173274157986,
        0.14971825326740304,
        0.10130064323420446,
        -0.15449717348739564,
        0.06579605242828021,
        -0.005132287330991559,
        0.18542832399295603,
        0.17182566854648304,
        0.08266684187646439,
        -0.13361672896319243,
        0.016733730611668177,
        -0.005458579025595985,
        -0.02528711794584517,
        -0.13930725189593005,
        0.13182491138353503,
        0.12462881194250104,
        0.0009584396977108672,
        -0.0055289391896972805,
        -0.13454044084462416,
        -0.022491179546379896,
        0.007470868878745544,
        -0.09251194074367433,
        -0.046486541769965535,
        -0.14733648242428463,
        0.021228745256567774,
        -0.030918430398119347,
        -0.034156914767717456,
        -0.0011876190681868526,
        0.06647827470944835,
        0.05526537081138229,
        0.007819880968064175,
        0.06157226309209345,
        0.059436694228541906,
        0.024570150547400926,
        0.08705965376197673,
        -0.02660297097051757,
        0.03607507003965703,
        0.027599590526826586,
        -0.00985317900407229,
        0.07107992159386048,
        -0.1464121426373172,
        0.011431741812534368,
        0.024798571462668163,
        -0.046421123080349916,
        0.006419365938557052,
        -0.04764110898615625,
        -0.10316584971369508,
        -0.07502739025525237,
        0.013034572461980875,
        0.061394112367672976,
        -0.023090652352413105,
        -0.13104841561016875,
        0.10794706141374007,
        -0.14005897086330957,
        0.1113206798805356,
        -0.08213086798899925
    ],
    "statevector_imag": [
        0.049311146119559654,
        0.1305507205099324,
        0.03858630379530855,
        0.06439782350712857,
        0.0852915634931871,
        0.08604515584541167,
        -0.0012569361210221736,
        -0.12199903236241562,
        -0.03047986405992091,
        0.043361603442733286,
        0.010596074702763456,
        -0.12429978195359599,
        -0.10909001704731533,
        0.14093156890072725,
        0.044274123962960744,
        -0.03250906578750863,
        -0.11466929159799649,
        -0.05982092295184457,
        0.10506608901455203,
        0.012601075630896701,
        -0.18402523269865925,
        -0.011369149571778437,
        -0.02547805888656366,
        0.08007082381799846,
        0.00801416682022378,
        -0.011183138099921611,
        -0.03472160628805122,
        -0.0020870296582324466,
        -0.0367604010154357,
        -0.011538145489089924,
        -0.13504560321880943,
        0.0027763092195187277,
        -0.15660201510101826,
        -0.12356241618362968,
        0.19733671038773098,
        0.05170912858993377,
        -0.07941600762068646,
        -0.14257083006867835,
        -0.0004747397930350343,
        -0.16446953353424396,
        -0.12336249794331405,
        0.044011209186991425,
        0.11132208436713227,
        0.054592756045084796,
        -0.13588693785327852,
        0.1969852255620599,
        0.011032785645325354,
        -0.0016895594089638703,
        0.011440750789236582,
        0.0068619477218395146,
        0.1264715643451373,
        0.19189375609687473,
        -0.009794432918506893,
        0.004499836307092653,
        -0.12725615383660568,
        0.07392481221608113,
        -0.007521731368315257,
        -0.00733758534544964,
        -0.11672399346115717,
        -0.060362863916581494,
        0.03718111724802051,
        0.08026086885227117,
        -0.08987909097893483,
        0.017896996859093763
    ]
}