{
    "dataset": 3042,
    "last_cost_avg": 0.0836729594813865,
    "statevector_real": [
        0.15886717074678655,
        0.013890832849563878,
        -0.18356571404346606,
        -0.042610878174991575,
        0.046337864923603915,
        0.2790099266683982,
        0.16851773733382572,
        -0.11172929974068455,
        0.11309428472238647,
        0.254326205951614,
        0.038105687957283814,
        -0.08195219811774632,
        -0.021442479232123206,
        -0.15989419850436634,
        -0.13616713929450286,
        -0.1554182599190183,
        0.030694342637107228,
        0.08367218347631487,
        -0.018655429383789987,
        0.07073832687160865,
        -0.1722253345237376,
        0.08877356848884616,
        0.13579411881662984,
        0.002024782688295559,
        0.07097550672432137,
        -0.0474079490181472,
        0.0624669950801418,
        -0.09708674356622735,
        0.18059284106606854,
        0.1779017579141702,
        0.14369580005450464,
        -0.02445711442637184
    ],
    "statevector_imag": [
        -0.18505648563266758,
        -0.04921199276244785,
        -0.05100193505566995,
        -0.10132810266784675,
        0.12855165348640646,
        -0.056403200146625025,
        0.13302456244112704,
        -0.14527396879444368,
        0.16086137390032634,
        -0.013018859924899826,
        -0.03839547463541055,
        0.00979077952997569,
        -0.17650449373180455,
        -0.11745089133549672,
        -0.08058572333917632,
        -0.050082465637834084,
        0.040016490227579374,
        0.10675402039079047,
        -0.08850941168837904,
        -0.043591746898532034,
        -0.059059694749657554,
        -0.15210059910924467,
        0.21377433663559584,
        -0.023693868035214494,
        -0.25317911638607826,
        -0.22120916883128808,
        0.09690846400103649,
        0.04092683860212458,
        -0.020140698993427436,
        0.18634610675850127,
        -0.1682350155807825,
        0.12512321132599735
    ]
}