{
    "dataset": 4059,
    "last_cost_avg": 0.12687766134839096,
    "statevector_real": [
        0.06891125256460816,
        0.08669155559757705,
        0.043757386627572066,
        0.20261650853833668,
        -0.08569366683648008,
        -0.19102939953558506,
        -0.15482687645861792,
        -0.07975690412728012,
        -0.004376258234761843,
        0.009392768133215448,
        0.051265347945936346,
        0.1037241886251838,
        0.08201066176317359,
        0.2342463171857679,
        0.13154743539717528,
        0.22166753266531017,
        -0.06476618122834976,
        0.19295453911880409,
        0.17792124186047745,
        -0.1306857581657743,
        0.19740850531434248,
        -0.0770015661118491,
        0.23045797023937067,
        -0.023263706897555813,
        -0.008568909067599634,
        -0.06914408508347683,
        0.10915601644137907,
        -0.0951390678607219,
        0.20758620308386824,
        -0.12342457779454542,
        -0.08220547591701276,
        0.13141276552342473
    ],
    "statevector_imag": [
        -0.037132449202118736,
        -0.153538818493201,
        -0.1652347794902996,
        -0.058671594631485344,
        0.1532010267405474,
        0.000556146836559317,
        0.13467126325157383,
        0.05364616903990535,
        0.008912625875612522,
        -0.0034306898999163205,
        -0.13370482262080385,
        0.12445921512397846,
        -0.05471440760862989,
        0.08916141957375397,
        -0.1092882962652314,
        0.11912939679881106,
        -0.03212540406486046,
        -0.03884000095579533,
        0.050399841586672184,
        0.14471602024469846,
        0.09403568903931858,
        -0.2050460025932367,
        -0.11937946700928094,
        -0.1308250401445679,
        -0.0204239884007402,
        -0.23641729122762964,
        0.007853657747571349,
        -0.09937681738263693,
        0.04498097556562658,
        -0.18242501004460032,
        -0.11869713976114628,
        0.1937656821277303
    ]
}