{
    "dataset": 3027,
    "last_cost_avg": 0.10328354483818479,
    "statevector_real": [
        -0.29965308807904906,
        -0.15668733405573768,
        -0.18956770372474602,
        -0.15234201879505854,
        -0.12135790322883061,
        0.15767134616643405,
        -0.16058998012057923,
        -0.0966581193944155,
        0.06477404412709648,
        -0.013925752212994046,
        -0.16361030105289448,
        0.12382279854980414,
        -0.023102139460809953,
        0.19752852945423224,
        -0.013486178257176781,
        0.20066038465410332,
        0.07185603153838983,
        -0.14678440635710854,
        -0.01881200263851922,
        0.0636744369646489,
        -0.08046894751962054,
        0.15547837574409334,
        -0.2075703980043287,
        0.05853756076115137,
        -0.07979616313907022,
        0.042200338626639994,
        0.05436734604699649,
        0.020712297646424654,
        -0.1837570350708555,
        -0.005194435693505956,
        -0.04668685840443816,
        0.005680483763954304
    ],
    "statevector_imag": [
        0.09129855828450602,
        -0.15621834017744848,
        0.12080104417154015,
        0.004159566563426472,
        0.04696849385751718,
        -0.14564551313505605,
        0.17233143294740302,
        -0.011220831159119643,
        0.12358038112059029,
        0.010729046711825679,
        -0.12868313026307757,
        -0.05712306834312554,
        0.2219456451046471,
        0.11732994536756662,
        0.16058867971938368,
        -0.08690216769488612,
        0.17917788815854946,
        0.10880802679983838,
        0.1515717059832156,
        -0.07335359584865132,
        0.164816227945818,
        0.10849199125320005,
        -0.05049480170755372,
        0.15836745470783867,
        0.20605980406899735,
        -0.07980428748192069,
        0.15704749071395183,
        -0.03064122418142941,
        -0.01286112020396822,
        0.013706200850652737,
        -0.15346631149429057,
        -0.010898701750458597
    ]
}