{
    "dataset": 1194,
    "last_cost_avg": 0.08023397168550722,
    "statevector_real": [
        -0.10706945870440242,
        -0.017149380789155406,
        0.11095232056794416,
        0.10203301235611695,
        -0.14577358901978074,
        0.016463381504020002,
        0.06505731775314966,
        -0.09011223876677257,
        -0.09587678171296524,
        0.00027975874357415815,
        -0.017972141412996315,
        0.0278225239353965,
        0.006719176821563593,
        0.015784816735645354,
        -0.0790429081788052,
        0.027145432198502514,
        -0.22395952485275586,
        -0.16456852652561785,
        0.060927270204753026,
        0.07377330662587911,
        0.014665389635275148,
        0.08472567468690216,
        0.09502405488902671,
        0.09657835248829501,
        -0.14779703177252337,
        -0.10242346974617554,
        -0.049713348721544974,
        -0.06736202363019264,
        -0.03655226931507583,
        0.060794025646719464,
        -0.11460611068694637,
        -0.0018044830209659089,
        -0.09174734680451425,
        0.025398554448527646,
        0.017024474888111703,
        -0.016119422876188227,
        -0.0875716689889429,
        0.0015061157555300497,
        -0.0653591996566792,
        -0.029833132335356633,
        -0.06645180122965753,
        0.18947479348258528,
        0.06480472131207232,
        0.12807847034245948,
        -0.05668308274581936,
        0.03381833604640618,
        -0.09989059425039705,
        0.08634231776589675,
        0.08171213518892721,
        0.07549086063222095,
        -0.0447561746750265,
        -0.0033054242545577945,
        -0.053550560072011484,
        -0.03976256029365722,
        0.033160714710611994,
        0.16391239520163906,
        0.03319506449344534,
        0.2050441173271445,
        -0.02033401712347754,
        -0.132152063443488,
        0.11344490947960398,
        0.03650009013365155,
        -0.17242006699908338,
        0.0906996956695595
    ],
    "statevector_imag": [
        -0.03158759062451258,
        -0.021935344632407035,
        -0.024566982661699825,
        0.03299239890488672,
        -0.0050071453638303575,
        0.004715452029278571,
        0.05761992501042637,
        0.05771204017253731,
        -0.1273372342584023,
        0.04750624349894327,
        -0.003242898623222032,
        -0.0980013980358875,
        -0.10921573215672212,
        0.012752773283525249,
        0.0014846587230779877,
        -0.17101510010531074,
        -0.057096285063982274,
        -0.12595693888840276,
        0.10595465671226682,
        0.07417135281936518,
        -0.007348891511356591,
        0.09897846669104884,
        -0.06912836159756426,
        0.043032556121255866,
        -0.07299963843366862,
        -0.16551090116220604,
        -0.08299136185601341,
        0.0590986093996735,
        0.09702096733440108,
        -0.12961779873456855,
        0.1629351362346658,
        0.00327374526891188,
        -0.026112048469396222,
        -0.014939225288549615,
        0.011653311431327376,
        -0.09469313174075693,
        0.043247380240847254,
        0.09537464767752565,
        0.10225707694757938,
        0.016413084144352896,
        0.17370776993230502,
        0.007335180623026251,
        -0.05078460688302417,
        0.07989921140403382,
        0.052831024379191335,
        0.14347665535392057,
        -0.10193630489600551,
        -0.05794510600894855,
        -0.028266000507368765,
        -0.06887373381354214,
        0.03471789913868037,
        -0.01767496408835299,
        0.17129831395939898,
        -0.12650369198293623,
        -0.0111186771118793,
        -0.06648559173297479,
        -0.13747120158961176,
        0.03584546384823371,
        -0.19564128490815097,
        -0.15476760417603455,
        -0.01281844803927035,
        0.0282850266740667,
        0.01683168068743428,
        0.056110499261859036
    ]
}