{
    "dataset": 0,
    "circuit_id": 7,
    "layer": 1,
    "num_params": 29,
    "expr": 0.20526835677957497,
    "entcap": 0.23145335251184468,
    "num_iter": 75,
    "last_cost_avg": 0.12505340576171875,
    "accuracy": 0.875
}