{
    "dataset": 0,
    "circuit_id": 10,
    "layer": 4,
    "num_params": 30,
    "expr": 0.08220020514291954,
    "entcap": 0.7788806818913088,
    "num_iter": 81,
    "last_cost_avg": 0.0812530517578125
}