{
    "dataset": 1527,
    "last_cost_avg": 0.07926018616112535,
    "statevector_real": [
        -0.15040710371446797,
        -0.15445128000398006,
        0.020764998191755563,
        -0.09400560273377982,
        -0.08188639105836962,
        0.009666488955520467,
        0.12972652497034112,
        0.044738804730458374,
        -0.03440396505474715,
        0.05514953521844119,
        -0.083134353542536,
        -0.14233911404098415,
        -0.04294079564958872,
        0.1501816320730607,
        0.00613012158531659,
        0.06838639978946276,
        0.04101918996732552,
        -0.07484116598111776,
        -0.14489460329386292,
        0.048321988630261714,
        -0.08828933364560673,
        0.02088025989023817,
        -0.008425441036047261,
        0.033857588021859134,
        -0.058660406944440455,
        -0.04847080268148111,
        -0.04232750721296558,
        -0.11268927617247697,
        -0.14266008938196342,
        -0.10458381861217522,
        0.02255540209902099,
        -0.03307677287704042,
        -0.06411901550896446,
        0.09100796422098585,
        0.11043550187977433,
        -0.1081751412911225,
        -0.0876334039985547,
        0.07426884669329002,
        0.11974554512633197,
        -0.16345268096783153,
        -0.015517922997518644,
        0.0015649209957727113,
        0.014147383150781439,
        -0.07012974805843807,
        -0.013006163116140515,
        0.07784995414591186,
        -0.031577094415386156,
        0.03501336472437744,
        0.2067105364441222,
        -0.05135118062683671,
        -0.10611886097826898,
        0.06038036669072208,
        -0.1302745266483365,
        0.09395589397883544,
        -0.045963973287502374,
        -0.002907458624304159,
        -0.1681909716675142,
        0.1150993083521933,
        -0.07952175904858319,
        -0.11927916330694154,
        0.01612932925554811,
        -0.12150966050123448,
        0.01570747525052784,
        0.04436990818502647
    ],
    "statevector_imag": [
        -0.0028497499613537834,
        0.02958491488643492,
        0.17537672548853195,
        0.0011976378942843502,
        0.09285265195761963,
        0.019641763397795286,
        -0.03422995529649505,
        -0.08449754751518618,
        0.0009710941664084422,
        0.15226652464932605,
        0.04444336723759625,
        0.06910749160006024,
        0.09841932335097567,
        0.05712264153634645,
        -0.15061937736232145,
        -0.1555528891381321,
        0.04245801605828552,
        -0.1287536827752044,
        0.03218386453820062,
        -0.09402865192950763,
        -0.19328387385001894,
        0.08058800428875877,
        0.12121468427387214,
        0.0953796258542192,
        -0.02308553872274076,
        -0.08619478496935067,
        -0.10860391311953914,
        -0.08767463856916193,
        -0.15036683563572145,
        0.005738897682236695,
        -0.08298298679980248,
        0.09646514084568579,
        -0.06934951336461484,
        -0.0038236194161682525,
        0.10122568978552991,
        -0.08776879533555935,
        0.02365703017105636,
        -0.11832578729757989,
        0.08422998915188837,
        0.019176008900493233,
        -0.14824343455320954,
        0.04128957048134769,
        0.02369743871489819,
        0.02651221039103912,
        0.004355562197775465,
        0.1377185769220066,
        0.12521447877038477,
        -0.14074442100050805,
        0.009730147714422686,
        0.027015035103884484,
        -0.13118619837519363,
        0.041830904227242116,
        0.006597315100277478,
        -0.1316503248725052,
        0.09087905976887874,
        0.007222403695575169,
        0.002367860407401752,
        0.09865282690187313,
        0.019694711690073065,
        -0.07806125351626438,
        0.005624925122314514,
        0.06689024333527296,
        0.029681579004141354,
        0.02828269441770198
    ]
}