{
    "dataset": 0,
    "circuit_id": 4,
    "layer": 2,
    "num_params": 34,
    "expr": 0.0662687154932883,
    "entcap": 0.5198185584569616,
    "num_iter": 73,
    "last_cost_avg": 0.015010833740234375
}