{
    "dataset": 0,
    "circuit_id": 15,
    "layer": 6,
    "num_params": 36,
    "expr": 0.05677358311107954,
    "entcap": 0.9260137195743385,
    "num_iter": 1024,
    "last_cost_avg": 0.11261304894062182
}