{
    "dataset": 2548,
    "last_cost_avg": 0.08124253291007419,
    "statevector_real": [
        -0.032224922073504636,
        -0.08922576897272529,
        0.1039996402665753,
        -0.2561991571626643,
        0.07543374074457461,
        -0.00014785243205665756,
        0.2203487885893484,
        0.037730474611857384,
        -0.16598322866156362,
        -0.15739628801605468,
        -0.018796327370888048,
        0.15585379050853235,
        -0.1401941329582097,
        -0.08719946215441565,
        -0.14732416832061587,
        -0.15862418218957097,
        -0.018877091267428092,
        0.14799261835786906,
        -0.03231049097198241,
        -0.048590566598455016,
        0.01703429443239983,
        0.00914351781413067,
        0.00621784458095258,
        -0.15151057654485528,
        0.15682638267357538,
        0.1386138954344215,
        -0.13104619887426178,
        -0.14573972188349937,
        0.010485705108985154,
        0.06400872510714059,
        -0.013961715000755295,
        -0.08883251609425277
    ],
    "statevector_imag": [
        -0.19926634852721015,
        0.16140499311297699,
        -0.1462305324211936,
        0.05259600836931014,
        -0.2203892265853832,
        -0.006340149043115669,
        0.11047798930004812,
        0.23926282426342974,
        0.08669907914518431,
        -0.08340233803727075,
        0.19645692885346303,
        0.20265143120597903,
        0.14577684910604607,
        0.004113162106101202,
        -0.08170095549834182,
        0.018295938659110392,
        -0.023441070549410938,
        -0.08424159795853747,
        0.16071392502993775,
        -0.2066630886043076,
        -0.022945295085412414,
        0.020520779846996597,
        -0.02374523251084194,
        -0.1892695017908397,
        0.20774825887345202,
        0.01970467709100059,
        -0.020541908781136823,
        -0.06301300337029848,
        -0.002323240264597813,
        0.015552354747513625,
        0.18435243701588283,
        0.1953550193006814
    ]
}