{
    "dataset": 3835,
    "last_cost_avg": 0.05817864894447898,
    "statevector_real": [
        0.04378226540329857,
        -0.16187580509089255,
        0.1962373465676933,
        -0.03824508324729531,
        -0.01943559860588052,
        -0.127574443945571,
        -0.010404953275174975,
        0.0008800268509233139,
        -0.1207164933720549,
        -0.0046045209998242876,
        -0.14199544978897402,
        -0.2215729460297789,
        -0.22305551158237832,
        -0.05534781951956949,
        -0.14991712038786115,
        0.01220141535221265,
        0.0035401972601584197,
        -0.18329539331068134,
        -0.10047714649325575,
        -0.15184721368619228,
        -0.0412610165792905,
        -0.048782614090119525,
        -0.1903016884493775,
        0.15075668098114453,
        0.034723869817792026,
        0.02635739124817685,
        -0.08932263118713536,
        0.16210040823938268,
        -0.0923501274604091,
        -0.11446237429876757,
        -0.0421635062918814,
        -0.08939865396547882
    ],
    "statevector_imag": [
        0.18614226622674057,
        0.10357347002178349,
        0.10635030689892049,
        -0.10858549569134332,
        0.16811321015529349,
        0.05263651949013928,
        -0.28366167626611566,
        0.007027626434099005,
        0.08123130619156127,
        -0.19543181100910412,
        -0.03628445680642521,
        0.033260079606160266,
        0.05181547202196429,
        0.03412222484052001,
        0.049128137654670195,
        0.19952013555145198,
        -0.09333710434596448,
        -0.0249137623964334,
        0.15160210606686678,
        -0.10995383077146212,
        0.2525458286413969,
        0.07415550681535356,
        0.06882087467087551,
        -0.0038097449992592018,
        -0.08868474093648732,
        -0.04424124142675105,
        -0.1761185846539295,
        0.0997967418545012,
        -0.09317756314024239,
        0.049160847056922974,
        -0.2412619463743221,
        -0.2160101777460865
    ]
}