{
    "dataset": 0,
    "circuit_id": 4,
    "layer": 6,
    "num_params": 102,
    "expr": 0.007940349189008714,
    "entcap": 0.778858359059669,
    "num_iter": 1024,
    "last_cost_avg": 0.11966608453645691
}