{
    "dataset": 1790,
    "last_cost_avg": 0.0836009117068206,
    "statevector_real": [
        -0.0047468902515832466,
        0.14629964352548766,
        0.08941491285068606,
        -0.04249731535955751,
        -0.11242728819882372,
        0.07305295204838201,
        0.13116508806569524,
        0.06834779187783036,
        -0.04726233970793276,
        -0.060902692157217816,
        -0.0744359123038483,
        -0.04392937007876092,
        -0.11825406462201508,
        -0.17442336391566773,
        0.13023106023202524,
        0.061515678515332066,
        0.11996675425515597,
        -0.0008374922851716255,
        0.10444201854992609,
        0.05239223470571348,
        0.11622848944457131,
        0.010340854614815336,
        -0.03766212650855619,
        0.008647389553296126,
        -0.11324882300810483,
        -0.11225075568100382,
        0.13872114254208306,
        0.1261442076422235,
        0.08215834503923618,
        -0.06094919802479457,
        -0.06288015050117862,
        -0.1034362068703868,
        0.011283063553551423,
        0.07843323370334258,
        -0.01614173570565636,
        0.08623743083994133,
        0.04048824534057508,
        -0.017397387600419433,
        0.12824048550294853,
        -0.1797144065365784,
        -0.11704238823781248,
        0.12331244030347722,
        -0.14111713499544618,
        -0.05713827070365634,
        0.025108917881005836,
        -0.12031617717960569,
        -0.01045817670226864,
        -0.0229805539331906,
        -0.0755922216040285,
        0.1029228148728079,
        0.028971379924797536,
        0.16817627829889323,
        0.14600556558572056,
        0.09456195323887147,
        -0.05982317319342826,
        0.0017812151918703745,
        -0.00231832998639146,
        -0.184845128876924,
        -0.001736403356103019,
        0.02423690879264512,
        -0.08145414650795545,
        -0.01080521855946206,
        -0.13818552117508914,
        -0.12201542837288167
    ],
    "statevector_imag": [
        0.008283623914022374,
        -0.07475212333568122,
        0.037822501750945176,
        -0.09184676254749978,
        0.11444121793869876,
        -0.1740897521062112,
        -0.051367748939119676,
        -0.0006367770255154297,
        0.12398249808958946,
        -0.14507189824735395,
        -0.0940214993057573,
        0.009965841193042037,
        0.04805056229594591,
        -0.02339194471358287,
        -0.15614242775784973,
        0.0701137738671561,
        0.11406657283690666,
        0.04284933677994208,
        0.14144287008229886,
        0.1865064360847447,
        -0.007624132217575386,
        -0.10191028297169688,
        -0.1043028267392191,
        0.046212192861779786,
        0.009018166702769717,
        -0.06292238398369916,
        -0.032317340775885835,
        0.021403132419512468,
        0.050339623228834875,
        0.055043892111870225,
        -0.13194636909289,
        0.10572069584802074,
        -0.01911760534507577,
        -0.1577477415057801,
        -0.010374451888478877,
        -0.0677778627125017,
        -0.06349892872501832,
        0.09185848177479702,
        -0.0070272980540693935,
        -0.07565496174813474,
        -0.05351723774473279,
        0.07266950824609897,
        0.03537551217471213,
        0.10240088557040156,
        -0.044208457654731255,
        -0.0726673474093285,
        0.00012757056233303468,
        -0.002203695050599643,
        -0.0006645177955801243,
        0.10169971681608395,
        -0.09327969013247608,
        -0.042044659573736036,
        0.05596700471150115,
        -0.04721662961021225,
        -0.060107940000274765,
        -0.03157218946222371,
        -0.12104472535469049,
        -0.06997457310777447,
        0.01732288269804359,
        0.05411386401037299,
        0.14135757935135246,
        -0.003949529967680705,
        -0.10915133721922449,
        -0.03985849712369681
    ]
}