{
    "dataset": 0,
    "circuit_id": 17,
    "layer": 6,
    "num_params": 102,
    "expr": 0.010991753920221113,
    "entcap": 0.7809606888227152,
    "num_iter": 48,
    "last_cost_avg": 0.03191375732421875
}