{
    "dataset": 974,
    "last_cost_avg": 0.08485691868050108,
    "statevector_real": [
        -0.13027745376902714,
        -0.12566900014739696,
        0.1800747749785821,
        0.11230785578017231,
        0.0023022222720872985,
        -0.011257899491902023,
        0.18759351769899527,
        -0.02477659065078195,
        -0.016497131775609936,
        0.19033694097899886,
        -0.08996271553929334,
        0.24661384101001665,
        0.013354913089235379,
        -0.21259073218080926,
        -0.006886280577537596,
        0.0021165725240626537,
        0.05809167424541145,
        -0.1460408749938504,
        0.01034840598119671,
        -0.016170676667939435,
        0.13746392816873634,
        0.1688773385692615,
        0.010717987146045202,
        0.21427016463980753,
        0.30552309810014555,
        -0.02849850874114075,
        0.0038851041018773467,
        -0.06370942175822886,
        -0.19460503313610528,
        -0.005621277220587971,
        0.07577584955265523,
        0.19656215090467857
    ],
    "statevector_imag": [
        0.0357294291762261,
        0.17517710239276452,
        0.03800190431632961,
        -0.08516774092462075,
        -0.10395681044135355,
        0.001680133489818961,
        0.03106772803453242,
        0.2532752251208482,
        -0.004948936074687691,
        0.05786319142942521,
        0.11381854875306956,
        0.06276784241758676,
        0.0782251217303312,
        0.07149948181576121,
        0.012676701107907501,
        -0.00495056436067922,
        0.23773533128498336,
        -0.008840856541058041,
        -0.05053988679789973,
        -0.18302126883179742,
        0.1868693224343521,
        0.07929463387593086,
        -0.08906416884051611,
        -0.12599006504878546,
        0.16005304329986264,
        -0.20249755469143904,
        -0.01784698673345496,
        -0.19233134788720263,
        0.09853723298263452,
        0.009954814181633131,
        0.1003307725005785,
        -0.08160197527100109
    ]
}