{
    "dataset": 0,
    "circuit_id": 10,
    "layer": 8,
    "num_params": 45,
    "expr": 0.10947692236299386,
    "entcap": 0.8601575049766194,
    "num_iter": 48,
    "last_cost_avg": 0.15787124633789062,
    "accuracy": 0.90625
}