{
    "dataset": 0,
    "circuit_id": 5,
    "layer": 4,
    "num_params": 160,
    "expr": 0.004766007459515827,
    "entcap": 0.8608697004704212,
    "num_iter": 71,
    "last_cost_avg": 0.10526275634765625,
    "accuracy": 0.9375
}