{
    "dataset": 0,
    "circuit_id": 16,
    "layer": 5,
    "num_params": 85,
    "expr": 0.05626291474556078,
    "entcap": 0.6169276587299046,
    "num_iter": 78,
    "last_cost_avg": 0.12428665161132812,
    "accuracy": 0.921875
}