{
    "dataset": 469,
    "last_cost_avg": 0.0802640748480769,
    "statevector_real": [
        0.08864809325762982,
        0.027037635485051618,
        -0.07050412126920247,
        -0.0024469143138856403,
        -0.1404305105724753,
        -0.08134907457366153,
        -0.003942976626173461,
        -0.10904449345601672,
        -0.0739883922621441,
        -0.10520321291098568,
        -0.028968863620001572,
        -0.15903029000119506,
        0.1266080733139984,
        -0.012162249855354888,
        0.044048839252997025,
        -0.07976706001166341,
        -0.068258590513815,
        -0.15823673627038484,
        0.09707522041726033,
        0.14218421677960677,
        -0.007733431523690722,
        0.056257406091588524,
        -0.13063848032288186,
        0.10132715278407037,
        0.08836507457294884,
        -0.026917207857870953,
        0.05823992288234122,
        -0.10511625640224107,
        0.17213258655609714,
        -0.15668516336918875,
        -0.0038546934584171113,
        -0.04157624120048511,
        0.08099306520452917,
        -0.006750758576434262,
        -0.021245068704245616,
        0.008736836692603047,
        0.13004484972983354,
        -0.0030672923350826588,
        0.11438470163306587,
        -0.009165919532100442,
        -0.04299236722720579,
        0.014539858041556376,
        -0.037758259736053595,
        -0.07807315695290128,
        0.04186756190801229,
        -0.12089093260258717,
        -0.09537374693502142,
        -0.05112452326957082,
        -0.15244178379565307,
        -0.025660827819051796,
        -0.09247352139617643,
        -0.10287839220741012,
        -0.08451721521073945,
        0.1351514940575459,
        -0.0358351006974391,
        -0.08299570707318826,
        -0.0711757233083456,
        -0.18291990507541242,
        0.026754621848508006,
        -0.09628249580104037,
        -0.14776841050294093,
        0.018099957786006392,
        0.027721257107186186,
        0.026856882097310287
    ],
    "statevector_imag": [
        -0.016040929543803723,
        -0.011220388687565535,
        -0.14202368223804832,
        -0.0030696463056902987,
        -0.00951296255921451,
        -0.03731638551167202,
        -0.006044479935263384,
        0.05411310653727501,
        0.015723242009513062,
        -0.20333174277449517,
        0.1988431995829848,
        -0.1402374989594631,
        0.06196531015599628,
        0.011581391732294905,
        0.012858717544633672,
        -0.09596693764147791,
        0.040899562454360376,
        -0.06064504659971568,
        -0.012729848641898814,
        0.08007348685599007,
        0.011606940868178364,
        0.0787058962974162,
        -0.05629191629248493,
        -0.04020454913766372,
        0.08374497669612585,
        0.08756994772379426,
        0.15886523390982554,
        0.07200346823640932,
        -0.1013616173756227,
        0.13735436856150887,
        -0.013755316866795715,
        -0.04047410396763502,
        -0.07163227173919073,
        -0.017393780658261002,
        -0.13263676133934302,
        0.12839516595131828,
        -0.0686532798486452,
        0.05704928585642917,
        0.1661198571399939,
        0.1696163081481179,
        -0.11950631855225596,
        0.00896420266759922,
        -0.10533570911813697,
        -0.05762245967171644,
        0.0851347010102538,
        0.08684124087443156,
        0.030281795111107165,
        0.08100107765989287,
        0.010272933524246974,
        0.06003417060304792,
        -0.08387526523972666,
        -0.08389083751934814,
        0.0007557772060378719,
        0.07894929388495564,
        -0.0435889944099167,
        -0.0887035505157101,
        -0.0428816350445226,
        -0.10099450043135008,
        -0.07145416763372378,
        -0.11480952316395424,
        -0.058552614459395816,
        -0.0009869125640842088,
        -0.061310735497030484,
        -0.15533141790137828
    ]
}