{
    "dataset": 0,
    "circuit_id": 7,
    "layer": 5,
    "num_params": 145,
    "expr": 0.025083679741899637,
    "entcap": 0.6875175096830847,
    "num_iter": 1024,
    "last_cost_avg": 0.04680146247941733
}