{
    "dataset": 424,
    "last_cost_avg": 0.07047241998728113,
    "statevector_real": [
        -0.15129247269677598,
        0.027715574436061357,
        0.06581848411695378,
        -0.22091389651311627,
        -0.17974541955162085,
        -0.027405539185110295,
        -0.08591926782726174,
        0.16711450900590494,
        0.08510763683332385,
        0.019088194712709325,
        0.10583651428197022,
        0.00356737909374935,
        -0.11732047776014397,
        0.10035147303454213,
        -0.21703928406787823,
        -0.24636842199514908,
        -0.012261628280311155,
        0.06151204984610626,
        0.09081490545145979,
        0.0764716201943632,
        0.005035908080979749,
        0.1546194906401435,
        0.056136338454055225,
        0.10636118642122608,
        0.16679395375625236,
        -0.038656104193954065,
        -0.021566369491549314,
        0.0046824396106957275,
        0.1522216560422897,
        -0.04052123111052244,
        -0.00417135050094906,
        -0.15663448930453588
    ],
    "statevector_imag": [
        -0.053489113424889996,
        0.13399700689744687,
        0.14841951512754284,
        -0.127221481550762,
        0.0750935383786256,
        -0.00488031858002639,
        0.1577850978952704,
        -0.06967247991234954,
        -0.23483896113219194,
        -0.01628767827481993,
        -0.13852030695561154,
        -0.024486051524642262,
        0.17581160949901056,
        -0.1283634474514844,
        -0.018351281992925777,
        0.16403802202133452,
        -0.0008869443434053429,
        0.1629950816949386,
        0.05298823898958138,
        0.22905333628460087,
        -0.007110197136496973,
        0.0852325926334507,
        -0.24190235778682864,
        -0.026767012307470715,
        -0.06707221094983958,
        -0.19134800475661917,
        0.022405664795287012,
        0.0025778446958034653,
        -0.24602583575979314,
        -0.12010772062988821,
        0.00019279244096391743,
        -0.2440145199513063
    ]
}