{
    "dataset": 0,
    "circuit_id": 6,
    "layer": 8,
    "num_params": 432,
    "expr": 0.004595126151128223,
    "entcap": 0.9526265486944305,
    "num_iter": 1024,
    "last_cost_avg": 0.09095440837438243
}