{
    "dataset": 0,
    "circuit_id": 13,
    "layer": 4,
    "num_params": 48,
    "expr": 0.05688335903230954,
    "entcap": 0.6233910640501245,
    "num_iter": 1024,
    "last_cost_avg": 0.061267852783203125
}