{
    "dataset": 2694,
    "last_cost_avg": 0.07083463643713456,
    "statevector_real": [
        -0.08123678118577687,
        0.005135203994681006,
        -0.08904210302318688,
        0.10418363353124328,
        -0.047272545089660716,
        -0.1268661430354486,
        -0.18287701524670127,
        -0.04055826617449212,
        -0.21975578069024476,
        -0.04888300210255554,
        -0.014096107972211079,
        0.0791665367663815,
        -0.19328770721519972,
        -0.15647236800535516,
        -0.06684256475175485,
        0.2101872078523529,
        0.02884114318448934,
        -0.08264019092669854,
        0.031120312386503465,
        0.2113819098414112,
        -0.1448709980252283,
        0.03919652676828303,
        0.1475200847171696,
        0.04861157618337302,
        -0.18431585100295048,
        -0.24120405148001328,
        0.04433467218430257,
        -0.08006383994418494,
        0.12904494756331833,
        -0.07056420848953296,
        -0.0901717827396542,
        -0.0028408982052942435
    ],
    "statevector_imag": [
        0.2419851810229077,
        -0.1630889364522173,
        0.10169146788984239,
        -0.10151710622292863,
        -0.06100593917927877,
        -0.07170517799894018,
        -0.1527656506762788,
        -0.1667862730812717,
        0.11796887391377085,
        0.11665270412033713,
        -0.11801325017742659,
        0.17060673366968884,
        -0.009048686382334534,
        0.19023993204320605,
        -0.11836448605414138,
        0.016227534179746903,
        0.20256664645088143,
        -0.09061928703147246,
        -0.028760464962227117,
        0.06729999786687656,
        -0.16285982091040768,
        0.21657557915614856,
        0.03286220650242437,
        0.015150890832659688,
        -0.010233148446513888,
        -0.09986765392081019,
        0.08844158863973844,
        0.06207931621167897,
        -0.15209973966621515,
        0.009612573246561626,
        -0.24613397377264176,
        -0.038047789646507055
    ]
}