{
    "dataset": 0,
    "circuit_id": 2,
    "layer": 9,
    "num_params": 126,
    "expr": 0.0022019267238802837,
    "entcap": 0.97446710866408,
    "num_iter": 1024,
    "last_cost_avg": 0.01222433417470925
}