{
    "dataset": 3859,
    "last_cost_avg": 0.097021599226128,
    "statevector_real": [
        0.010260664794685874,
        0.10458469360680543,
        0.2022386310550721,
        0.17714507607534144,
        0.14559705523527436,
        0.08750547219289737,
        0.05625692282663811,
        0.22154160463049638,
        0.23013013628859516,
        -0.19883275863099759,
        0.08184678376138396,
        -0.1603249658083737,
        -0.1911355469321691,
        0.013098048818057057,
        0.1702348023829486,
        -0.13043732196464553,
        -0.07339783528292691,
        -0.11605651656387747,
        0.04587161724161506,
        0.008028456657009896,
        0.1322343879802155,
        -0.04347816715222638,
        -0.025104927661876143,
        -0.14359887036927568,
        -0.027144971860900386,
        -0.06462810211226794,
        -0.1168464033870876,
        -0.1130274160910042,
        -0.07782641869737227,
        0.01768937937306688,
        -0.0799314730070727,
        0.07086770606048878
    ],
    "statevector_imag": [
        -0.09953109657136346,
        -0.12347400973021198,
        -0.15596551901002803,
        0.01583675839761046,
        -0.01677740249869803,
        0.11609983709432879,
        0.09094437531959489,
        -0.1578605730952804,
        -0.008646234382365309,
        -0.1835211889999385,
        -0.04038142299701738,
        0.19030002391625564,
        -0.1428390633218123,
        -0.23767210511436646,
        0.06658344578498347,
        -0.04823268369366643,
        -0.22217565355442373,
        0.10049946833733227,
        0.09002964517589734,
        -0.04467664353932134,
        0.09225669664228037,
        0.12327903915918283,
        -0.1344807618326589,
        -0.042214390652655844,
        -0.11843053936633997,
        -0.10273676294280365,
        -0.13198700831641272,
        0.08348384655387855,
        0.001191188591877478,
        0.19600582065742295,
        0.20347065044985735,
        0.15278550734136281
    ]
}