{
    "dataset": 213,
    "last_cost_avg": 0.08357791933746367,
    "alpha": [
        0.0504245971656426,
        0.002575843546022426,
        0.02879110639862161,
        0.0010069772075312234,
        0.021803693725101127,
        0.03228119496231991,
        0.025589914615885424,
        0.05040335022558476,
        0.04847277026103145,
        0.01732155225952839,
        0.10572732497395677,
        0.013310110861577327,
        0.0007722473898962301,
        0.05020438398167955,
        0.008655346218441592,
        2.6068224367440248e-05,
        0.01629219237622671,
        0.021576583081939365,
        0.047796449343792784,
        0.05571869960011946,
        0.11201418250621255,
        6.291441211421819e-06,
        0.06615200785739285,
        0.024638866061056915,
        0.03795226182063183,
        0.0002599988258542482,
        1.228447596276049e-05,
        0.0376820827242823,
        0.020329718998668166,
        0.056370400108523164,
        0.013943670751853581,
        0.031887828009084136
    ]
}