{
    "dataset": 0,
    "circuit_id": 2,
    "layer": 1,
    "num_params": 12,
    "expr": 0.3910078266295124,
    "entcap": 0.7229921699294438,
    "num_iter": 1024,
    "last_cost_avg": 0.13608279581875005
}