{
    "dataset": 0,
    "circuit_id": 12,
    "layer": 6,
    "num_params": 120,
    "expr": 0.004760883551356782,
    "entcap": 0.8721094496868667,
    "num_iter": 75,
    "last_cost_avg": 0.02239990234375
}