{
    "dataset": 0,
    "circuit_id": 10,
    "layer": 5,
    "num_params": 36,
    "expr": 0.09234435907810937,
    "entcap": 0.8228221882274565,
    "num_iter": 49,
    "last_cost_avg": 0.0288848876953125
}