{
    "dataset": 0,
    "circuit_id": 4,
    "layer": 8,
    "num_params": 136,
    "expr": 0.004397230302965523,
    "entcap": 0.834882754850268,
    "num_iter": 40,
    "last_cost_avg": 0.13311767578125
}