{
    "dataset": 467,
    "last_cost_avg": 0.11778282913219977,
    "alpha": [
        0.023342873310897336,
        0.03605006443438356,
        0.015964353627747552,
        0.023400464878402766,
        0.018335986312837664,
        0.05744049753078905,
        0.024991440128754785,
        0.020098515073516177,
        0.0426327934282002,
        0.0011329585895003917,
        0.03896303290872379,
        0.02903208522217764,
        0.024648940107695097,
        0.03314193781545824,
        0.05972478424729876,
        0.022052803554007214,
        0.025913360417722544,
        0.05568247485979948,
        0.06536954171923985,
        0.028456865356711002,
        0.031028734387765506,
        0.02801874287265511,
        0.018634641223628727,
        0.05933852757993274,
        0.03628992396423383,
        0.0242344604432116,
        2.942837587174243e-05,
        0.018676661313472624,
        0.014780991699241054,
        0.05409824079299018,
        0.04617946533702581,
        0.02231440848610823
    ]
}