{
    "dataset": 979,
    "last_cost_avg": 0.09670382379318407,
    "statevector_real": [
        0.06666830089001027,
        -0.03624870699017457,
        -0.008122708077883728,
        0.13578860022130498,
        0.03257472992523897,
        -0.0037538672149983457,
        -0.09522616365884286,
        0.05006687883692588,
        -0.02718972908459689,
        -0.036902553808063746,
        -0.0839465301768227,
        0.08037057216824194,
        0.05230497010355454,
        0.11506374926346467,
        -0.003819377212932636,
        0.1321848873142487,
        -0.03772048286968573,
        0.04575228208050837,
        0.09830210265957,
        -0.0031945182334130544,
        -0.14043069202549,
        -0.15135616081447145,
        0.08574654588012884,
        -0.04906161390668901,
        -0.020551513190083963,
        0.02699390372180436,
        0.05426404519336959,
        -0.018606090445115863,
        0.07227805414334262,
        0.02769305215774802,
        -0.03861593374978855,
        -0.1305058631901536,
        0.1635409530681709,
        0.019289895090505636,
        0.0023170759528236945,
        0.14305518481633792,
        0.0932076554978539,
        -0.0241169541735131,
        0.1283898740310929,
        0.09663893238298336,
        0.10139199724024615,
        -0.1443007621144958,
        0.03065947006236741,
        -0.0922285958837179,
        -0.1467038479195353,
        0.023788900012354244,
        0.14032393327560203,
        -0.017849613130752135,
        0.028073559761046713,
        0.09593984516789182,
        0.01785638914152196,
        0.02490526252729881,
        -0.09231746405774455,
        0.082996531411989,
        -0.1846687831545175,
        -0.10775547296697242,
        -0.07843378778897676,
        -0.05083667449447986,
        -0.0998957529803224,
        0.0572936589738641,
        -0.0432008658370408,
        -0.04244488705057607,
        -0.1551792595821253,
        -0.12635638717805966
    ],
    "statevector_imag": [
        -0.03964428361915078,
        -0.08596563003336662,
        0.15899909934308504,
        -0.020166301732405925,
        0.061308979977187296,
        -0.00034229679567120597,
        0.08074779847866181,
        -0.04839374453176106,
        -0.016739042579475474,
        0.06824204224958047,
        0.0947431925784299,
        0.0313241759110041,
        0.005099762886053256,
        -0.04887912210286262,
        0.011192987555906166,
        0.05113939505256617,
        0.11601738578502983,
        0.08443741084950543,
        -0.05220808723423469,
        0.09774234283139165,
        0.015618077461025896,
        0.041341088771923606,
        -0.027896371958222883,
        -0.02232232396588387,
        -0.22170882334310804,
        -0.12873596834625983,
        -0.1218558440396992,
        -0.12714073148900745,
        -0.10315919949160546,
        -0.14594524580360677,
        0.012138849928013373,
        -0.04748326125995155,
        0.10426582405099569,
        0.15897378525896624,
        0.013239517027414117,
        -0.0020728691326921092,
        0.15812752328481577,
        0.10209805653975557,
        -0.03985587229012439,
        0.14858283371277026,
        0.10826290992244066,
        0.12166589051758415,
        -0.020017584409813313,
        -0.08925473525237033,
        -0.04320496187969191,
        -0.14225212970396944,
        0.021518247304941535,
        -0.033304583530976775,
        0.06982266838572701,
        -0.10644308751391514,
        3.9956674731556226e-05,
        0.13673702411239003,
        -0.11431054707127497,
        -0.0487616097187139,
        -0.07280045999952134,
        0.10435519269838937,
        -0.12539095595470612,
        0.06088484324686034,
        0.1335471206829002,
        0.09952047108578607,
        -0.09884916524043313,
        0.0543130441876976,
        -0.025529197639374192,
        -0.028656688729247818
    ]
}