{
    "dataset": 2752,
    "last_cost_avg": 0.07569890030689946,
    "statevector_real": [
        -0.04795232679728313,
        -0.11315704755951297,
        -0.13915559100068844,
        0.18331591244240553,
        0.1515527119592468,
        -0.19486722805586507,
        0.19346135206033824,
        0.18857272457159108,
        -0.09775333593513359,
        0.12389380172116729,
        0.1283946929642363,
        0.17222420200601965,
        0.06395672653375241,
        0.04632148470293266,
        0.013165354718475797,
        -0.031293369393045986,
        0.1702068941862047,
        0.2152776268569291,
        0.049134930321103755,
        -0.15827050105488147,
        0.01698924641739193,
        -0.16701223525395936,
        -0.1452762554629241,
        -0.16735147046459709,
        -0.009364916491411246,
        0.006952278206900893,
        0.06204030330432568,
        0.18964456683713415,
        0.12881588483719766,
        -0.0012705590233402129,
        -0.16860073712023962,
        0.050151590670835855
    ],
    "statevector_imag": [
        0.06672076673815823,
        0.06802885505720183,
        -0.11131047540230311,
        -0.027336094542284688,
        0.0507549158150181,
        0.07698283319555013,
        -0.04463741331050852,
        -0.13783188522032128,
        0.21182994028641644,
        -0.15188506780065492,
        0.17327536500799076,
        0.18078164250827838,
        -0.1969560313781153,
        0.05470162776593554,
        -0.016703382543819107,
        -0.09240240594320785,
        -0.010674844479140355,
        -0.113612489477857,
        0.16137400488896994,
        0.1916533528316869,
        -0.010366118537544128,
        -0.03152651880297804,
        0.1405400313932781,
        0.1660964580688687,
        -0.009924694995597023,
        0.08685844831566226,
        -0.06493800267467527,
        0.020022179287509604,
        0.201594651007355,
        -0.014896871262708519,
        0.18181641477526314,
        0.09287633614936018
    ]
}