{
    "dataset": 133,
    "last_cost_avg": 0.0693396460208455,
    "statevector_real": [
        0.002862697168902641,
        0.015369563641311037,
        -0.12853035446197986,
        0.007297527274270275,
        -0.07675142737574883,
        0.1642603720318841,
        -0.09940565695335354,
        -0.16831158802410864,
        -0.08570048080875842,
        0.10189950866074303,
        -0.11273875106273248,
        0.013736353620948579,
        -0.08769278761823099,
        0.16897330292781412,
        -0.09981500901442507,
        0.00721872628457078,
        -0.0829296305122622,
        0.13401216593197013,
        0.12687574291496287,
        -0.04146797673893924,
        -0.19301987821660158,
        -0.04565603852666766,
        -0.20289384802562313,
        0.022483925260786422,
        -0.10895232241532132,
        -0.18888832178961878,
        -0.31972272977236943,
        0.07611251850527712,
        0.054990016400721306,
        -0.07994259538469438,
        0.01298019508429981,
        -0.021814759061421756
    ],
    "statevector_imag": [
        -0.07620846474598278,
        -0.2156395684942812,
        0.09011932804526693,
        -0.004744371278758204,
        -0.059397604394289906,
        -0.06829725081925868,
        0.20181828649759476,
        0.10441833823373836,
        0.13958143590609073,
        -0.10493087095997325,
        -0.1020326006813448,
        -0.08136753971700086,
        0.007946895088620414,
        -0.012862437072159547,
        -0.2099522884606214,
        0.043232503501008004,
        0.17219936357960894,
        0.11342669842701991,
        -0.08028193541990848,
        -0.12285249488460417,
        0.05321310793681989,
        0.05357079311377879,
        0.16294622057157418,
        -0.005310388452143737,
        -0.18054171383995063,
        0.21653367850817878,
        -0.13278384817568994,
        0.2854282456186945,
        -0.18461258116208445,
        0.0955482852825577,
        0.008643305367511924,
        0.11720977351255579
    ]
}