{
    "dataset": 143,
    "last_cost_avg": 0.08240865211189871,
    "alpha": [
        0.03995813171640941,
        0.010560836863062124,
        0.0282572350505583,
        0.001029257615416871,
        0.030744346067220516,
        0.04173512371371892,
        0.0003512885584451844,
        0.07361826286633098,
        0.013800459285566469,
        0.014164955953677495,
        0.1095322251960561,
        0.017439549306059166,
        0.01724968113089299,
        0.025088517367120537,
        0.0029271877403767624,
        3.134635492126803e-05,
        0.022233317821123144,
        0.012261849661451893,
        0.0862801934996908,
        0.024107722621304953,
        0.0822898578994493,
        0.019398723924824897,
        0.07492081761956777,
        0.033760890737796465,
        0.02874052202734944,
        0.008922092603300022,
        0.00017799293537411662,
        0.05559095435824047,
        0.02077355628698823,
        0.06295678155686121,
        0.0002514381765248463,
        0.040844883484319264
    ]
}