{
    "dataset": 179,
    "last_cost_avg": 0.08849011482553845,
    "statevector_real": [
        0.1641062473552107,
        0.10941634530701165,
        -0.2562264294413704,
        -0.26213718862987906,
        0.09037182432630064,
        -0.08706292146277254,
        0.1842615610777098,
        -0.08823713659154565,
        0.01917893866024307,
        -0.07410949521055805,
        0.00537611788314251,
        0.11168077498437622,
        0.0685205400552652,
        0.0442824077037418,
        0.22600724390369997,
        0.06539197506105741,
        -0.04386992826940935,
        0.11350344297481278,
        -0.022374766985273766,
        0.14163570850503115,
        -0.05081506855798293,
        0.09726386545791145,
        0.07630799333868338,
        -0.07020816247117857,
        0.19710776658654097,
        0.23048843373254752,
        0.152295162597917,
        -0.2506036635277402,
        0.15663161540973938,
        -0.18456486652501677,
        -0.18937471041799606,
        0.20069039174217232
    ],
    "statevector_imag": [
        0.13399837944371198,
        -0.04465748900306255,
        0.09087583194428797,
        -0.06629268149047148,
        -0.0021194056416665684,
        0.12819302329954801,
        0.01310824563739175,
        0.1353715199089919,
        -0.237625006989768,
        0.1281866510966011,
        0.13620193393035912,
        -0.02730317922136549,
        0.09955364854024273,
        0.021414333104899316,
        0.08325556696445674,
        -0.08800158200187125,
        -0.0390900505892321,
        -0.02338997452128354,
        0.04797791946271923,
        -0.010539699244424536,
        0.08320884986191444,
        -0.1273835123663552,
        -0.0019872545191762315,
        0.058891662347608946,
        -0.07592395257514567,
        -0.0662325762103459,
        -0.05275487505137514,
        0.12638191157426537,
        0.10598406616173306,
        0.08999794164906565,
        -0.22636796974418588,
        -0.05127439514441884
    ]
}