{
    "dataset": 3346,
    "last_cost_avg": 0.131566139922854,
    "statevector_real": [
        0.1426444856471768,
        -0.10062546131023904,
        0.16766424761218707,
        -0.13294411395136915,
        0.18085570697596706,
        -0.07472083515689339,
        0.04954356532771446,
        0.08642713450583385,
        0.012013486921698348,
        0.15453097631033302,
        -0.024697855514432498,
        0.14569554686959746,
        -0.035709783504292616,
        -0.22067208810316863,
        0.013691803219167886,
        -0.0029604737608653364,
        0.05288661508903491,
        -0.016795248215149935,
        0.2124275072619459,
        -0.060380707433249414,
        0.07451067282555202,
        0.09504323404450606,
        0.26708044718190194,
        0.10058948872510812,
        0.254035268336458,
        0.11082564878562613,
        0.020760727429411083,
        -0.16757530110981372,
        0.10155371849390762,
        -0.11260238451988043,
        -0.19068570740122762,
        0.043362485575745346
    ],
    "statevector_imag": [
        0.03217982374242203,
        0.044850197776874,
        -0.21593879870559557,
        -0.03923193401118158,
        0.022542410975784306,
        0.0573527180351333,
        0.11633362745448265,
        0.16874203933563164,
        0.006998902595820847,
        0.23057865426337903,
        0.09421419810924597,
        -0.22723936174736697,
        0.10932783401167295,
        0.1721278135711966,
        -0.03609301058222283,
        0.12307964202742648,
        0.21261427685149517,
        0.1320401666800043,
        0.1366075189677568,
        0.12829087045602233,
        0.15133610427913333,
        -0.13180763250794708,
        -0.058856925310002896,
        0.03115556502377,
        -0.08404049859110373,
        -0.04822862567787932,
        -0.1325880822552694,
        -0.035436278522083225,
        -0.001768529929948954,
        0.1241343290403565,
        -0.0392749453940464,
        -0.09282724044994717
    ]
}