{
    "dataset": 4060,
    "last_cost_avg": 0.08126676141230876,
    "statevector_real": [
        0.17014082979389436,
        0.1164497654441645,
        0.029152137965614038,
        0.18059754772659023,
        -0.0894995330639974,
        -0.23290816333132766,
        -0.053038756321624865,
        -0.087354730066903,
        -0.09202474069870269,
        0.006085140256243774,
        0.04637640890986576,
        0.14356836183072344,
        0.10142774571227293,
        0.028817970449311968,
        0.2226555790140204,
        0.1762119027326325,
        -0.11880207612785706,
        0.16061457696709083,
        0.10419647349239754,
        -0.1419555021005582,
        0.19213256830597455,
        -0.07738782354448712,
        0.004024250728413777,
        -0.018616270318886175,
        -0.055994920534446165,
        -0.06321040923647446,
        0.2089515320099655,
        -0.08291142276250271,
        0.11983434807805834,
        -0.05983994188637693,
        -0.12292649153072745,
        0.1729589150732149
    ],
    "statevector_imag": [
        -0.09167944979094483,
        -0.20624337949482036,
        -0.11008306161921948,
        -0.0522955715113904,
        0.16000506063497066,
        0.0006780691273723523,
        0.046134085234450506,
        0.05875662636209939,
        0.18741629061851392,
        -0.0022225853891618547,
        -0.12095401232081143,
        0.17226845412747643,
        -0.06766875065282989,
        0.010969014093218194,
        -0.1849800325709232,
        0.09470046167295307,
        -0.058928357778196695,
        -0.0323302595077875,
        0.029515788575851114,
        0.15719567001150742,
        0.09152249250242207,
        -0.20607456014775846,
        -0.0020846009646390403,
        -0.10468986402447725,
        -0.13346385152109683,
        -0.21612888088743204,
        0.015033837544981,
        -0.08660452014167251,
        0.025966397586857815,
        -0.08844512328704957,
        -0.17749453771546683,
        0.2550247080315783
    ]
}