{"f": [0.1357421875, 0.01727294921875, 0.1160888671875, -0.00201416015625, 0.08648681640625, 0.07037353515625, 0.1480712890625, -0.00115966796875, 0.15484619140625, 0.0062255859375, 0.07733154296875, 0.14324951171875, 0.0924072265625, 0.1600341796875, 0.19647216796875, 0.06500244140625, 0.13848876953125, 0.11273193359375, 0.14166259765625, 0.13800048828125, 0.0728759765625, 0.02606201171875, 0.07391357421875, 0.0809326171875, 0.08673095703125, 0.1907958984375, 0.18890380859375, 0.03448486328125, 0.0465087890625, 0.1171875, 0.149658203125, -0.00146484375, 0.155517578125, 0.0736083984375, 0.02978515625, 0.1802978515625, 0.11407470703125, 0.0863037109375, 0.08514404296875, 0.056884765625, 0.10357666015625, 0.0904541015625, 0.11834716796875, 0.0360107421875, 0.0743408203125, 0.10076904296875, 0.0709228515625, 0.09442138671875, 0.11407470703125, 0.1114501953125, 0.07391357421875, 0.0137939453125, 0.13055419921875, 0.06939697265625, 0.0189208984375, 0.07635498046875, 0.09869384765625, 0.050537109375, 0.0159912109375, 0.06610107421875, 0.0145263671875, 0.06890869140625, 0.0860595703125, 0.15631103515625], "accuracy": 0.390625}