{
    "dataset": 0,
    "circuit_id": 10,
    "layer": 8,
    "num_params": 45,
    "expr": 0.13010469513365105,
    "entcap": 0.8497455815327773,
    "num_iter": 99,
    "last_cost_avg": 0.10266876220703125,
    "accuracy": 0.8125
}