{
    "dataset": 1058,
    "last_cost_avg": 0.07646560984747028,
    "statevector_real": [
        -0.007648978570594077,
        -0.06630631560304114,
        0.1552410207241343,
        0.10127001320397995,
        -0.11620685921145757,
        0.008260052981654954,
        0.1392226189993676,
        0.03238536295392996,
        0.011286496626989467,
        -0.049536272071454744,
        0.1751654044004273,
        0.00934528546350597,
        0.015607935175432146,
        -0.1469344751925451,
        0.009846405262646156,
        0.15851995780519848,
        -0.19583105760004751,
        -0.08523710982256509,
        0.007260315033528497,
        -0.0446285450063866,
        -0.06372095395597165,
        0.044869938315929836,
        -0.008782612461831563,
        -0.1355995221644027,
        0.11094908623154393,
        0.007967032997380535,
        0.15652699051206015,
        0.0020884286654528923,
        -0.15330295730365162,
        -0.022397674889964723,
        -0.13366535762588636,
        0.15863212343705851,
        -0.008801568836857322,
        0.017280667799977112,
        -0.006069745785217494,
        -0.1079212505623628,
        0.12338798680940348,
        -0.12105669435673896,
        -0.04974165640933771,
        0.08877642310981455,
        -0.04202736054731718,
        0.1593123581067251,
        -0.1293086456992973,
        0.11240239134808264,
        0.06623013642443894,
        -0.04293756616343736,
        -0.10598996973512158,
        0.011054783752039804,
        0.05348324863938141,
        -0.03566633905518698,
        -0.04801752028519883,
        0.05008187928803777,
        0.03647867078696712,
        -0.12395324691199425,
        0.1304149951862272,
        -0.14060290147052715,
        0.042890738087773744,
        0.006573880398994914,
        -0.11491542576400174,
        -0.10008932648138434,
        0.18564054753198975,
        -0.12322160352668976,
        0.0609285437012888,
        0.025108918565153446
    ],
    "statevector_imag": [
        0.024380774456525867,
        0.10029742114653077,
        0.10735483723135185,
        -0.013235728818769261,
        -0.07110506023928394,
        0.1236153517367943,
        -0.005861851740690099,
        -0.11463311233022609,
        -0.00479260745808457,
        0.13579898254790634,
        0.01131849114983061,
        -0.006481731898883652,
        -0.00033892015336897105,
        0.08128220865542529,
        -0.002924023024804918,
        -0.006077777171674896,
        0.009608560957670735,
        -0.16970640674593893,
        0.009435259933189182,
        0.12454678026475433,
        -0.07561628724735231,
        -0.15000761036479504,
        0.0127439399278971,
        0.06872823974646396,
        -0.03845630422905402,
        -0.0027363959717045944,
        -0.008536518392258555,
        -0.005028528529129582,
        0.021710568037216927,
        -0.015683976240349586,
        0.03676277571478309,
        0.003356843247987855,
        -0.03062424421562298,
        0.01758242265368366,
        -0.011294877354985024,
        0.011215765451596665,
        -0.07932656054966311,
        -0.013312803206455755,
        0.07801579549501743,
        0.15322968553425484,
        -0.088556985694555,
        0.005289278284635309,
        0.010107506013111615,
        -0.03665849149751515,
        -0.05200129349192971,
        -0.04886470792786758,
        0.10040881675091126,
        0.003598353441049961,
        0.11625766515281219,
        0.10304591794049267,
        -0.0589514312436757,
        0.061375986135342335,
        0.040176420792418295,
        0.10098010166575948,
        0.10034507689687054,
        0.1742433870862902,
        -0.1265510195888616,
        0.009336469611304228,
        0.1877409734322023,
        0.09135625461198255,
        -0.06335708643291213,
        0.13029508994870526,
        -0.01837442827009721,
        -0.11692518099929526
    ]
}