{
    "circuit_id": 1,
    "layer": 6,
    "kl_div": Infinity,
    "dist": [
        0.5712890625,
        0.123046875,
        0.0791015625,
        0.05859375,
        0.037109375,
        0.013671875,
        0.0283203125,
        0.0068359375,
        0.0126953125,
        0.0126953125,
        0.0087890625,
        0.009765625,
        0.0068359375,
        0.005859375,
        0.0048828125,
        0.0009765625,
        0.0009765625,
        0.0009765625,
        0.0009765625,
        0.001953125,
        0.001953125,
        0.0009765625,
        0.0,
        0.0009765625,
        0.0009765625,
        0.001953125,
        0.0009765625,
        0.0009765625,
        0.00390625,
        0.0,
        0.0,
        0.0,
        0.0,
        0.0,
        0.0,
        0.0,
        0.0,
        0.0,
        0.0,
        0.0,
        0.0,
        0.0,
        0.0,
        0.0009765625,
        0.0,
        0.0,
        0.0009765625,
        0.0,
        0.0,
        0.0,
        0.0,
        0.0,
        0.0,
        0.0,
        0.0,
        0.0,
        0.0,
        0.0,
        0.0,
        0.0,
        0.0,
        0.0,
        0.0,
        0.0,
        0.0,
        0.0,
        0.0,
        0.0,
        0.0,
        0.0,
        0.0,
        0.0,
        0.0,
        0.0,
        0.0
    ]
}