{
    "dataset": 2126,
    "last_cost_avg": 0.0906920712667173,
    "statevector_real": [
        -0.008435992137544729,
        -0.017438736880355653,
        -0.10881592009338772,
        -0.07156081895896253,
        -0.010063410614073974,
        -0.08472529383874862,
        -0.045981079139062485,
        -0.14359819821682718,
        -0.0531316109686084,
        0.15847285450335377,
        -0.04187954898657163,
        -0.06927665268131608,
        -0.10591043586668757,
        0.05066097998508894,
        0.06191597958519664,
        0.07865277441185525,
        0.09440901166165482,
        -0.023905019582503927,
        -0.15319930771129645,
        0.08173295495905439,
        0.011440616667556755,
        0.07536939998612487,
        0.11726526019982195,
        0.010618161300689573,
        -0.1357037068459345,
        -0.040014953612462004,
        -0.045301729065067346,
        0.022068450126012284,
        0.030840898006798855,
        -0.040673199793172514,
        0.08942766352754021,
        -0.07037712714114662,
        0.10019080331143378,
        0.16384522332722784,
        -0.01105671078939161,
        -0.009638494388191041,
        -0.06486483315825792,
        -0.12520889233674506,
        -0.033961128119303546,
        0.08646405818916664,
        0.09162131560048656,
        0.0423907036699832,
        -0.01917925140544516,
        -0.1720527928645774,
        -0.12048195623407745,
        -0.01365838439938239,
        -0.05564194011704042,
        -0.003488520270500563,
        -0.05133730715672998,
        0.05202803841790515,
        -0.06802694449508206,
        0.019233278908290227,
        -0.06537539241240105,
        0.0009896726508952704,
        0.02534674874401091,
        0.05537195207900145,
        -0.00046215998458923194,
        -0.11628947443857622,
        -0.049003938859328064,
        0.0896246281273286,
        0.09052851640773105,
        0.07102076145070418,
        -0.20384388738561332,
        -0.14503732942174685
    ],
    "statevector_imag": [
        0.014727973005391623,
        0.016197878220731897,
        -0.019532836075147702,
        0.16914106855009356,
        -0.01606121424285348,
        -0.07817933025093307,
        -0.13569411685697264,
        0.0577404988857998,
        0.016821374935964226,
        0.09096854398379496,
        -0.033023105628401876,
        0.07729735205549704,
        -0.002409378276692782,
        -0.1261378089077176,
        -0.13550930436245687,
        0.15153197010227074,
        -0.10297536935093213,
        -0.034413582012699326,
        0.07038674999065551,
        0.10227660366387174,
        -0.15709307851802173,
        0.06130650652768418,
        0.03824621087122499,
        -0.14536324831623626,
        0.02271189658177198,
        -0.10351408982258435,
        -0.10562730442336253,
        -0.010756263546387474,
        -0.1577400608427869,
        -0.1707996918059259,
        0.08067818410234188,
        0.09262796375042874,
        -0.046557173959729636,
        0.09257163484488116,
        -0.15833949529246757,
        0.13822643042441657,
        0.15081237660702854,
        0.11646745146703842,
        0.06059332098857465,
        -0.0007894163278798904,
        -0.09320899778839302,
        0.09739150825434847,
        0.10170268124895271,
        -0.008830581711392572,
        0.03907355688385097,
        -0.10855974737521705,
        -0.06751269031617661,
        -0.03634411550361175,
        0.06041010711959372,
        -0.12426468550442696,
        -0.057050597050377495,
        -0.005633548674442997,
        -0.08171253926964948,
        -0.10123911082521869,
        -0.034178843820246975,
        -0.06789415259045715,
        -0.007396007733581598,
        0.027337919149433818,
        -0.018258626034126,
        0.15757032103930324,
        -0.1157667276900259,
        0.13196152859176694,
        0.04684098380639004,
        -0.09039923445250353
    ]
}