{
    "dataset": 0,
    "circuit_id": 16,
    "layer": 8,
    "num_params": 136,
    "expr": 0.015194366196673654,
    "entcap": 0.730912940665513,
    "num_iter": 71,
    "last_cost_avg": 0.018192291259765625
}