{
    "dataset": 2780,
    "last_cost_avg": 0.09768743717590365,
    "statevector_real": [
        0.1518569898551965,
        0.09126645924946739,
        0.18381355949830452,
        0.0819644466895239,
        0.09733343979916576,
        0.16282870931689322,
        0.10074507772983177,
        -0.16967840501220274,
        0.05497613923581144,
        0.14126165349848757,
        0.0931733358207417,
        0.19062723273580967,
        -0.29917175371106114,
        -0.0362747579833437,
        0.08496826619683619,
        0.006056849829701799,
        -0.20370240081737245,
        -0.17016331599177512,
        0.18120337901842357,
        -0.14772761376505394,
        -0.07685400024661398,
        -0.09214134833015489,
        0.17323193653054242,
        0.0201264557832363,
        0.023391173010521325,
        -0.19964053761730827,
        -0.11632969667851198,
        0.0019310649775620792,
        -0.10869174142244395,
        -0.1375034320686669,
        -0.05458828453522406,
        -0.04161410935978165
    ],
    "statevector_imag": [
        -0.18874080973797536,
        0.11665427089999854,
        0.1642059272777406,
        -0.06332974281295016,
        -0.10608697436309238,
        -0.09766361740724232,
        -0.07745947274611113,
        -0.07567517174202883,
        -0.10183600507619493,
        0.006822853689554357,
        0.09134323033398704,
        -0.011361467257477702,
        0.1259562320422074,
        0.08851187031777986,
        -0.09742146811863694,
        -0.0021322817706042104,
        -0.029180694949057635,
        0.1239219611622734,
        -0.059444348952184284,
        -0.16016331424526184,
        -0.20678779935011818,
        0.06818551155411064,
        0.12329989881828271,
        0.19781605219034973,
        0.18720959333380957,
        -0.11826512441944902,
        -0.1943954949619336,
        0.024687200252506113,
        0.0686580870954772,
        -0.14361433238925683,
        0.05320556580020961,
        0.016154789862267076
    ]
}