{
    "dataset": 2165,
    "last_cost_avg": 0.07854377934764335,
    "statevector_real": [
        -0.06298926203594106,
        0.02720026247416285,
        -0.17185158178968032,
        0.12445696881430714,
        -0.09547391034802126,
        0.021922689760273978,
        0.08119556440855892,
        -0.024769029804524677,
        0.037419285139718275,
        -0.1101308599834664,
        0.12440877456809986,
        -0.0924148514489281,
        -0.017959503663333723,
        -0.046922493005436695,
        0.005891301694357906,
        -0.105892642595745,
        0.010202810873696696,
        -0.05733400813572991,
        -0.17036423844842113,
        -0.03754618919417392,
        0.06552393043437715,
        -0.0033561627234978387,
        0.011502827752250044,
        -0.14694328075883548,
        -0.19395670026481046,
        -0.04492880118512244,
        0.015969183721309902,
        0.061621388529108076,
        0.10123487747644792,
        0.05768296038657105,
        0.06567214762022557,
        -0.18221113980327364,
        0.13572574262540246,
        0.024062732588071022,
        0.07062413678483627,
        -0.12896741912735796,
        -0.05031402206261478,
        0.06662883514762065,
        -0.049617251597102785,
        0.02050096233921345,
        -0.11415680196337424,
        -0.05166135638701418,
        -0.013960402913838996,
        0.10438365568241093,
        -0.05659520311549018,
        -0.1431129669811977,
        -0.07911508414093517,
        -0.018186383846406026,
        -0.08626388319258503,
        -0.07292296425958235,
        0.06587978389612724,
        0.07594776331397451,
        0.008866705951558564,
        -0.0714556246689732,
        0.1124828112236098,
        -0.12013785002556035,
        0.06296734106899608,
        -0.021547520541524368,
        -0.036986480325982396,
        -0.11968424227023404,
        0.11103471809645503,
        -0.010836886860270956,
        -0.019497787581930295,
        0.2202661397889444
    ],
    "statevector_imag": [
        -0.013994348915414432,
        0.03248684537616103,
        0.010579972257010697,
        0.06906248257780791,
        -0.17834519414983935,
        -0.016396958307741342,
        -0.0030708533770559513,
        0.0028636289043858162,
        0.015016744278812834,
        -0.1092221465943328,
        0.0685165435885912,
        -0.14316186989117344,
        -0.018807357977973047,
        0.057613676012756534,
        -0.021098267590404444,
        0.002040912253833457,
        -0.2092570275526386,
        0.0634461313867572,
        -0.07001757505991243,
        0.10518756842305206,
        0.03399015187336574,
        -0.03418345218858921,
        -0.07180420099384398,
        -0.06719408492987922,
        0.059663502425686736,
        0.18778337436458897,
        -0.019873000318007584,
        -0.026780040751145713,
        -0.028635175708344954,
        0.06946254359508047,
        0.11939289524736137,
        0.0759622823125669,
        0.06036841998617242,
        0.15102952344462522,
        0.05173933470851209,
        -0.07386768255632342,
        0.09664451380248193,
        -0.06386096001290542,
        -0.10764284162518196,
        0.009728396270924946,
        0.08749612264478224,
        -0.02383408982460154,
        -0.15306814864014098,
        -0.056858051710120566,
        -0.19534558076929512,
        0.11107163859297632,
        -0.1326872561294365,
        0.11818551393520565,
        0.014977986884095108,
        -0.03574047936187295,
        -0.1309610170767175,
        0.04005224175125334,
        0.0713807246232495,
        -0.18761022839960767,
        0.03592080057274345,
        -0.11421465432981331,
        0.005171564294740069,
        -0.025759640113862645,
        0.036368726049813116,
        0.011684611640724984,
        0.012044205502329515,
        -0.08722797389716284,
        0.02088622587230995,
        -0.0207467160612926
    ]
}