{
    "dataset": 614,
    "last_cost_avg": 0.08165120223908472,
    "alpha": [
        0.06668968561510398,
        9.389888038006329e-05,
        0.047543850254576865,
        0.004637604912276917,
        0.016725026547234297,
        0.033396318707516734,
        0.00037249660896319865,
        0.06145365401560283,
        0.021311013891657845,
        0.00445551732799427,
        0.09260257673880203,
        0.030283541756017874,
        0.001601591634351454,
        0.03635924281349732,
        0.022115871380366296,
        0.0047592806567239325,
        0.013644390581603633,
        0.005258064108120247,
        0.08581869432385134,
        0.043395343834940356,
        0.09836439708574951,
        0.0002956357184568539,
        0.07876753290532564,
        0.03131234404301211,
        0.03948634933843879,
        0.012871406333112637,
        0.011746790690153617,
        0.03099573956736406,
        0.02649606136320846,
        0.04718582077781121,
        0.00809355875987739,
        0.02186669882790831
    ]
}