{"f": [0.06341552734375, 0.091064453125, 0.060302734375, 0.08154296875, 0.0338134765625, 0.0418701171875, 0.04278564453125, 0.05413818359375, 0.00872802734375, 0.045654296875, 0.05914306640625, 0.0191650390625, 0.0687255859375, 0.03106689453125, 0.04888916015625, 0.01611328125, 0.00848388671875, 0.0631103515625, 0.01531982421875, 0.06396484375, 0.080810546875, 0.04681396484375, 0.03009033203125, 0.0518798828125, 0.050537109375, 0.0697021484375, 0.04473876953125, 0.033935546875, 0.0382080078125, 0.035400390625, 0.05841064453125, 0.08074951171875, 0.04779052734375, 0.05743408203125, 0.03717041015625, 0.0252685546875, 0.054443359375, 0.06439208984375, 0.00738525390625, 0.0345458984375, 0.0357666015625, 0.05743408203125, 0.04803466796875, 0.04248046875, 0.0228271484375, 0.0299072265625, 0.07989501953125, 0.0521240234375, 0.034423828125, 0.04608154296875, 0.0142822265625, 0.04840087890625, 0.0667724609375, 0.0262451171875, 0.0802001953125, 0.04937744140625, 0.02960205078125, 0.0516357421875, 0.081787109375, 0.02978515625, 0.01751708984375, 0.06170654296875, 0.02801513671875, 0.03131103515625], "accuracy": 0.34375}