{
    "dataset": 0,
    "circuit_id": 15,
    "layer": 5,
    "num_params": 35,
    "expr": 0.026203174004589373,
    "entcap": 0.9492132638435149,
    "num_iter": 1024,
    "last_cost_avg": 0.03392522021323078
}