{
    "dataset": 0,
    "circuit_id": 18,
    "layer": 1,
    "num_params": 18,
    "expr": 0.3396836080748401,
    "entcap": 0.22260855288110948,
    "num_iter": 1024,
    "last_cost_avg": 0.15243736217326082
}