{
    "dataset": 0,
    "circuit_id": 9,
    "layer": 11,
    "num_params": 77,
    "expr": 0.0005076221071459422,
    "entcap": 0.9767259261085115,
    "num_iter": 1024,
    "last_cost_avg": 0.029617195255901847
}