{
    "dataset": 0,
    "circuit_id": 12,
    "layer": 7,
    "num_params": 140,
    "expr": 0.0031169796241688405,
    "entcap": 0.8920070235378291,
    "num_iter": 107,
    "last_cost_avg": 0.09113693237304688
}