{
    "dataset": 1424,
    "last_cost_avg": 0.07600944318456496,
    "statevector_real": [
        0.11871499755141951,
        -0.09261672428642101,
        -0.030624759831894596,
        -0.04337619758672601,
        -0.004427553204844198,
        0.0526453892134056,
        -0.1438181100940104,
        0.04278572529117392,
        0.15221976858455438,
        -0.1338663758722881,
        -0.14937182903870722,
        0.00168897958323267,
        -0.11311554302734614,
        -0.10440978069729769,
        -0.0551846352987948,
        -0.028889297491230218,
        0.048553760148209904,
        0.16005367298763423,
        -0.008144918230636445,
        0.15001571840472805,
        0.025739065537821213,
        -0.008670738175266625,
        -0.20165583080249957,
        0.1109552491406796,
        0.018314865813021334,
        0.03147577771021613,
        -0.1412311883810017,
        0.0137435261148322,
        -0.13481977591073688,
        -0.050361894637857986,
        0.012577119465605477,
        0.1960154759221024,
        -0.07418879250367497,
        0.028081471762292736,
        0.11050773727854893,
        -0.005687388098144959,
        0.003099384964977168,
        -0.052939229658268014,
        -0.05883947584075561,
        -0.01710259179140129,
        0.0433445539659469,
        -0.15375658328187572,
        0.0950072892210706,
        0.06956955453601342,
        -0.045817871922436616,
        -0.14835384785407416,
        -0.13556498594853902,
        -0.007680073674264032,
        0.12284145098672473,
        -0.021740151214460365,
        -0.0057198843011845675,
        0.06112408739093029,
        0.024241494169122878,
        -0.03603947152547928,
        0.18703430978781327,
        0.0095753164256273,
        0.011144241810968255,
        -0.07850311132461013,
        -0.08873556123541997,
        -0.00024889770287891435,
        -0.13604644179945025,
        0.16509942979695397,
        -0.1355504232740549,
        -0.11739328838716015
    ],
    "statevector_imag": [
        -0.07010946734301195,
        -0.07773474981022857,
        0.08475837356317623,
        -0.06558047592794412,
        0.08514634399522883,
        -0.10295005431688328,
        0.08234978303310282,
        0.012144947644740656,
        0.025675496104223514,
        -0.004899506607318359,
        -0.11130692187649371,
        -0.025589094029808197,
        -0.13782434304520486,
        0.032828331915666,
        -0.015921699867978225,
        -0.10975806665504892,
        -0.11117960918993619,
        0.01638348431079279,
        -0.010193867995154562,
        -0.10963038116760222,
        0.07445588921893874,
        0.029715973118993756,
        0.06600782704655732,
        0.05674649834669945,
        -0.000509068827816895,
        -0.06266739159466417,
        -0.0484622819077352,
        -0.1484513790953427,
        0.05633138524654743,
        0.1354281393929585,
        0.0023911428498046756,
        -0.018818282878802908,
        -0.07192336891698228,
        0.027998874093522443,
        0.041936785844405855,
        -0.007501250739965789,
        -0.009591322848144268,
        -0.1397431964707433,
        -0.026220209595191436,
        0.02232720964310417,
        -0.15469782466473314,
        0.07266765791278422,
        0.11867471227795295,
        0.14564810028327876,
        -0.01663805996325526,
        0.023554357114750082,
        -0.044508829862437024,
        0.019134277368247875,
        0.11774386117604878,
        0.02574715663885898,
        0.06041603479043902,
        -0.13674590616306567,
        0.19770629706146162,
        0.14248661660913634,
        0.08049741815591585,
        0.003640197709223089,
        0.003918542951007148,
        0.04226877023904232,
        -0.08631677597531719,
        0.06492147863798141,
        0.12565123519769633,
        0.05375321312451988,
        0.06572701616570585,
        0.006627291112254165
    ]
}