{
    "dataset": 385,
    "last_cost_avg": 0.10422058329810743,
    "alpha": [
        0.04535240393722234,
        0.02350031983429493,
        0.036144346100408085,
        0.031200957252099468,
        0.03143377120974544,
        0.03433812377137868,
        0.032960009138469276,
        0.039089179725209935,
        0.004304944480555502,
        0.014265778784462793,
        0.06992598499047822,
        0.042386202158395815,
        0.050044123366531044,
        0.05830132178721957,
        0.03334384942166334,
        0.009141190226939174,
        0.016844514669304724,
        0.0043125871452376835,
        0.03034800895286181,
        0.016717296847407453,
        0.03463404178413459,
        0.03802330923406175,
        0.037840517369190564,
        0.038931174189223844,
        0.029877868674962903,
        0.020903250878795677,
        0.014091222298331981,
        0.014111323681712952,
        0.04534314459126105,
        0.057900917846147155,
        0.004831036888327402,
        0.03955727876396496
    ]
}