{
    "dataset": 3336,
    "last_cost_avg": 0.06861615142482051,
    "statevector_real": [
        -0.10633904946834945,
        -0.25331264494309347,
        -0.17484118125563455,
        0.057443831586830925,
        -0.1134527041571228,
        -0.3655402295416175,
        -0.012071364883587477,
        -0.13913279172383133,
        0.12695434040750464,
        0.014802869476322948,
        -0.012543680016055199,
        0.16070263930439066,
        -0.014610460188050638,
        -0.19415601769030452,
        -0.06632381286684393,
        -0.09024673002720218,
        -0.11973208757401145,
        0.30469145328212693,
        -0.09102733665485802,
        0.05175816529012716,
        0.04690953289883686,
        0.06094380589463503,
        -0.006138232669427306,
        0.04790805159716114,
        0.1711675069967178,
        -0.16740868832091851,
        0.048076322622614596,
        -0.15605751252264966,
        0.278054583906637,
        0.004623948889712973,
        -0.07960497921221776,
        -0.04635513063038119
    ],
    "statevector_imag": [
        -0.12268533361189558,
        0.0955050385973043,
        0.06850121256406247,
        0.18199417123172917,
        -0.028111872094688174,
        -0.017770144526200318,
        0.15937182226479685,
        -0.04668602424046927,
        -0.14835713627140756,
        0.010308575953540582,
        0.003934005041669313,
        0.06317706496810234,
        -0.10072950263870667,
        0.1337110345915053,
        0.10807370611646595,
        0.06198284468898822,
        0.15380820306722515,
        -0.06703599175109767,
        0.02030843426955993,
        0.086088603902572,
        -0.13114248233922615,
        0.05736689460081385,
        -0.015545751650773704,
        -0.1536821999981785,
        -0.0442250069034913,
        -0.09789354134672451,
        -0.20771381790121146,
        0.15501214564229,
        -0.002618019195253868,
        0.003457951882433305,
        -0.028989896648299783,
        -0.12431652504387337
    ]
}