{
    "dataset": 3713,
    "last_cost_avg": 0.06858359997832718,
    "statevector_real": [
        -0.13778499400467847,
        -0.059872413760311244,
        0.16645609805496342,
        0.09485251505499513,
        -0.10815385158497041,
        -0.1520081257791833,
        0.01859558909565009,
        0.009360396977052635,
        0.11682708407069768,
        -0.07240025312283722,
        -0.19368306367129356,
        0.05176598189564029,
        -0.10900677455830719,
        0.05341964230154361,
        -0.14682325269363197,
        0.3019611733614592,
        0.16619122737554307,
        -0.1128211023403748,
        0.007604599852499991,
        0.009467929443566368,
        0.12918045868024805,
        0.034234773209309136,
        0.1037719284456698,
        -0.17699521319267597,
        0.25977751993369136,
        -0.08554340165192922,
        -0.062291264929578254,
        -0.07915978738145286,
        -0.21405733047298195,
        -0.13667360297308476,
        -0.19192411020596753,
        -0.024071955680536026
    ],
    "statevector_imag": [
        -0.07499334954107699,
        0.07355632078787838,
        0.032344564820381894,
        0.10532310907607652,
        0.13430066666049173,
        -0.150239452692394,
        0.10918486999383575,
        0.020909121090604128,
        0.12099283036241122,
        -0.09061936931379601,
        0.08201109919432081,
        -0.055780129292162285,
        0.1558923459986981,
        0.2244751550805727,
        0.19638641843254864,
        -0.05197003251310887,
        0.13773985999417362,
        0.002628300886714929,
        0.004978276530187539,
        0.23780255982885282,
        0.1578864076966012,
        0.17186640620831506,
        0.05034404826155342,
        0.09275620795803965,
        -0.01836274863556954,
        0.1435805279944195,
        -0.025790069481380098,
        0.10358029576495219,
        -0.008175081148622795,
        -0.13978563389987053,
        -0.07902022239705685,
        -0.08644348646314481
    ]
}