{
    "dataset": 1427,
    "last_cost_avg": 0.09361271169675033,
    "statevector_real": [
        0.07180848641307642,
        0.11205819684150485,
        0.028533457467116986,
        0.010870149178509623,
        -0.056484715670193884,
        0.25821988903474413,
        0.26515758104664455,
        -0.17087311345435477,
        0.12013946957044594,
        0.004885541551503556,
        -0.009984278171845325,
        0.01886082443218074,
        0.1880463916920452,
        -0.11097056612880586,
        0.024381217980643785,
        -0.09197266481153538,
        -0.019822560978613513,
        0.008300582308965026,
        0.04625873865213246,
        0.12797707565765284,
        -0.03445254918342065,
        0.024725918962567633,
        -0.12871000767284044,
        -0.019009344242429407,
        0.06142432606430241,
        0.16023034483002924,
        -0.14460893748197873,
        -0.21622072654775615,
        0.05027813286283748,
        -0.1779012201794395,
        0.13912088651588148,
        0.21511937705320913
    ],
    "statevector_imag": [
        -0.03910066741110052,
        0.1611337444167377,
        -0.08305504476660913,
        0.07770855452304214,
        0.1164266550016216,
        -0.008374740470193428,
        0.03730899183168315,
        0.11502167294134757,
        -0.050862348373374285,
        -0.1210731812223927,
        -0.013437830464504232,
        0.08782669307823487,
        0.10120192891651371,
        0.049886277630812936,
        -0.027283983925227562,
        0.20855174372880414,
        -0.009544194842512142,
        -0.005225125783339528,
        -0.17310153204417747,
        0.17384519274207957,
        0.0889498551744807,
        -0.10873335518302817,
        -0.0643024754683622,
        -0.010479607967329958,
        -0.20174012380954612,
        -0.20890201533329597,
        0.20779362271619267,
        0.2613081202300587,
        -0.03588327960601581,
        -0.23738128308398432,
        -0.10804858395857964,
        -0.0743873546809079
    ]
}