{
    "dataset": 3284,
    "last_cost_avg": 0.07149392715795677,
    "statevector_real": [
        -0.1467020150114385,
        -0.03858936974351952,
        -0.1583777486384407,
        0.0834600239298065,
        0.0019995624942302816,
        0.0013783076858842826,
        0.11652402455257573,
        -0.16588549108841172,
        0.013360451713488646,
        0.06657169082530359,
        -0.20919101151207273,
        -0.0031875833185350364,
        -0.012700818396880883,
        0.15624851521074704,
        -0.11126597197522815,
        0.11521309054261686,
        -0.020703977255992344,
        0.03522181856427002,
        -0.10746772961647695,
        0.013757381387488688,
        -0.07149249988394037,
        0.1305037178433683,
        -0.05911304913646394,
        -0.1589935086658867,
        0.10868237457499921,
        0.04575321964082973,
        -0.04452639423763906,
        -0.0012027676232764927,
        -0.04314958757842267,
        0.009642240216796074,
        -0.16881224669513373,
        0.1263660940122229
    ],
    "statevector_imag": [
        0.06198253122210465,
        0.21692825779908925,
        -0.09813711370924554,
        0.1835129467673063,
        0.1290534627495494,
        -0.07950033677130106,
        0.10759801402309846,
        0.0746401920462218,
        0.004171765568399253,
        0.203472182229103,
        -0.010386819432272026,
        0.19196172656299282,
        -0.20205344849890755,
        0.13549449336791777,
        0.07585965243517602,
        0.03932690958140198,
        -0.11036189461993758,
        -0.06849652004534368,
        -0.08445524918224527,
        -0.1884067838791696,
        -0.1940773164426717,
        0.18465850086908367,
        0.10737848027599571,
        -0.10511712604234952,
        -0.0981639942828786,
        -0.3398271437186303,
        0.06888941685239158,
        0.18018528997751915,
        0.21267553671848435,
        -0.18822572159308465,
        0.012116428566455905,
        -0.0491791923893698
    ]
}