{
    "dataset": 0,
    "circuit_id": 16,
    "layer": 8,
    "num_params": 112,
    "expr": 0.012621982530884163,
    "entcap": 0.7090166731328246,
    "num_iter": 73,
    "last_cost_avg": 0.1185760498046875,
    "accuracy": 0.96875
}