{
    "dataset": 962,
    "last_cost_avg": 0.10447469503857863,
    "statevector_real": [
        -0.011937605395352723,
        0.08482621001751932,
        -0.10970022334612488,
        0.14683701214089015,
        -0.015882463107969255,
        -0.072413407342456,
        0.12693550225549213,
        -0.0785082146614045,
        -0.12648470994469738,
        -0.10765073419712465,
        -0.025293478141444663,
        0.054395836161893134,
        0.0676201344923423,
        -0.15128984914725524,
        -0.10148797498304976,
        0.10052695997931205,
        0.12580437183372,
        -0.09344364505289592,
        -0.14278293671549422,
        -0.11010231152433562,
        -0.11368150437155344,
        -0.09058056322733168,
        -0.0005240835075252764,
        -0.045343000443973366,
        0.15930746977375645,
        0.13852706454076716,
        0.014873559731695843,
        0.12300986040503865,
        0.08484162977292817,
        -0.10669654240565281,
        -0.0879122317303134,
        -0.01080300130065479,
        -0.1095245189335989,
        -0.008406777411877056,
        -0.0014546633671681096,
        0.13905783502446603,
        -0.036191893813085775,
        -0.00781814528108774,
        -0.058582369257644165,
        0.13565056883757684,
        -0.005681404325107546,
        0.13645156575876813,
        -0.0645649919644226,
        -0.0795648153536453,
        -0.1005054576015768,
        0.14672798954897154,
        -0.015785711346141842,
        0.058167402807493614,
        0.09753129703265567,
        0.047059383900085475,
        0.0027776532914333186,
        -0.03300373148235544,
        -0.007880185158582945,
        -0.06098277181166595,
        0.12310261578800342,
        -0.043095695050384374,
        0.004575472996656169,
        0.08741670389315531,
        0.0721264838002828,
        -0.18546370405421644,
        0.03663290109853197,
        0.016123765208680977,
        0.07013797665192228,
        0.03861649606936
    ],
    "statevector_imag": [
        -0.05936510497448826,
        -0.004894740090878311,
        -0.06746743219368119,
        -0.04628624736288321,
        0.007973097523136338,
        0.0021685757580143443,
        -0.1422715492657792,
        -0.10720532404724543,
        -0.04112242570340343,
        -0.03874725689519474,
        -0.08053257631205,
        -0.031106710982768824,
        0.00024190239917276337,
        0.06836719392119239,
        -0.0025305508790349667,
        0.08023033803809841,
        0.14935744687112587,
        -0.10537258785225323,
        0.037174244610388846,
        -0.07342782503851802,
        0.006343120823488045,
        0.1742076756031246,
        -0.11574020439316426,
        -0.16063655188905526,
        0.023335985212330358,
        -0.017182539124683274,
        0.009039217485615486,
        -0.10696139449059598,
        0.14893704878607228,
        0.16095723025209566,
        0.1201000054075129,
        0.004880272594788521,
        -0.1328389630719209,
        -0.001781691828436367,
        0.007362914806468786,
        0.11431163085704084,
        -0.03275468684211,
        0.058461986294641555,
        0.005098059397447858,
        0.043575999438199044,
        -0.02693544785511849,
        -0.03162854069327491,
        0.10638341328755993,
        0.02395423323581612,
        -0.13787689818868415,
        0.013084167377395853,
        -0.03440201960078807,
        0.18231865021266055,
        0.04210523300570464,
        -0.007801086594298466,
        -0.012302531700655452,
        -0.15153116308341583,
        0.1953598396544708,
        0.11679507201859814,
        -0.025863660083768,
        0.1119280235601302,
        0.002659216483479267,
        -0.09797016551950767,
        0.08432790437273822,
        -0.01817437936590747,
        -0.07716097851561908,
        -0.013157900653386517,
        -0.06519377720071767,
        0.08639888736765451
    ]
}