{
    "dataset": 1122,
    "last_cost_avg": 0.10636467842149126,
    "statevector_real": [
        -0.13477995602613843,
        0.12364881629505488,
        -0.10337324697650657,
        0.05227112703941395,
        0.1902727246226408,
        0.049025898908286965,
        -0.03339064275105085,
        -0.2098146230256016,
        -0.13803906833735083,
        0.1349863628471651,
        -0.17006739373370733,
        0.11914279519548077,
        -0.18442601482620224,
        -0.11424377917834376,
        0.09111503153003629,
        0.014856841718259241,
        -0.004919425142250564,
        0.1537055198328274,
        0.09197761204847077,
        0.21515940819162388,
        0.16290770645796687,
        0.04637703973405303,
        -0.18947874621113356,
        0.0938691248305228,
        0.10185867764814228,
        0.08834111722989844,
        -0.04333008898639357,
        0.12245989761243427,
        -0.09068693110256361,
        -0.22572568830701306,
        0.17589604754941393,
        0.05614524263072967
    ],
    "statevector_imag": [
        -0.17455559098785486,
        -0.015153426880373152,
        0.1757947067878069,
        0.1438357191368725,
        0.0965097193775638,
        -0.10109341842330001,
        0.24864602324109597,
        -0.0808444877224669,
        -0.06578116920142009,
        0.01937566148357352,
        -0.12673484595138634,
        0.21656843857187688,
        -0.018939266269497133,
        -0.03104622714238042,
        0.19172938314736482,
        0.1319024105461417,
        -0.009129369394519896,
        -0.15415832384769848,
        0.1487395600593065,
        -0.0766250571276783,
        0.1168734629121419,
        -0.0445837526164571,
        0.022617494338891465,
        0.13665866843981458,
        0.07179950585545383,
        -0.10129260082367673,
        -0.13998538456749948,
        0.0555085553054325,
        -0.04263622502184949,
        -0.03385133013039427,
        0.0012808478540587665,
        -0.17945771497356292
    ]
}