{
    "dataset": 0,
    "circuit_id": 17,
    "layer": 2,
    "num_params": 34,
    "expr": 0.07430167965412625,
    "entcap": 0.5077730521767116,
    "num_iter": 42,
    "last_cost_avg": 0.020618438720703125
}