{
    "dataset": 0,
    "circuit_id": 4,
    "layer": 3,
    "num_params": 51,
    "expr": 0.0470986599943035,
    "entcap": 0.621017631892033,
    "num_iter": 63,
    "last_cost_avg": 0.139862060546875,
    "accuracy": 0.9375
}