{
    "dataset": 0,
    "circuit_id": 2,
    "layer": 3,
    "num_params": 36,
    "expr": 0.018319036575614643,
    "entcap": 0.878625760337519,
    "num_iter": 1024,
    "last_cost_avg": 0.1270310396820417
}