{
    "dataset": 567,
    "last_cost_avg": 0.08143824783789198,
    "statevector_real": [
        -0.04053312832607132,
        -0.005876656887928335,
        -0.16221346552950747,
        -0.07064431454459576,
        0.03275737793610593,
        -0.002982293343002942,
        -0.0008953186288388058,
        0.004267492097882502,
        0.004963394807978614,
        0.16467930462451993,
        -0.05890851617491998,
        0.04330414357056684,
        -0.004860274920031653,
        0.0024763918844150864,
        0.04783908832683079,
        -0.07738005383754473,
        -0.08644644647556837,
        0.0285643602296533,
        -0.03319343282326324,
        0.00045328670711819045,
        -0.0037477493958557886,
        -0.021310216028137492,
        0.03985603534704928,
        -0.02784536074273145,
        0.10695377296183045,
        0.022331245560299758,
        0.043717346086587394,
        0.10670928201206935,
        0.045087490372401284,
        0.09407542972557167,
        -0.13959159348019068,
        0.05910509361309826,
        -0.012398146973025452,
        0.1269511043311353,
        0.17793387572728175,
        -0.10244640735315767,
        0.14407757307802307,
        -0.03703862688571027,
        0.003106480769280962,
        -0.08027076892156707,
        0.07078771614712465,
        0.0395282355794265,
        0.11946187859952775,
        0.09269580639007409,
        0.1314744179287774,
        0.015776748061014693,
        -0.10591596332132881,
        0.17618729049575557,
        -0.096314898173959,
        -0.00012363018713777623,
        -0.0034710732953180767,
        0.008694107333952967,
        -0.07710086297028,
        0.11475445568614331,
        -0.0016669886239248904,
        0.04406895199535193,
        -0.007916084057357546,
        -0.14849090870832674,
        0.127814671686442,
        -0.04699127561568866,
        -0.11282262029796505,
        0.056524763649559114,
        0.1379549910420425,
        0.013291848544931647
    ],
    "statevector_imag": [
        -0.052560057450101005,
        -0.1264051895655801,
        -0.04801556260986336,
        -0.12170760863835488,
        0.055251160576817296,
        -0.03194645850832563,
        -0.007817567926778962,
        0.010537927785365336,
        0.003855005503178314,
        -0.03575230913696787,
        -0.02788643628518105,
        0.11583952536732944,
        0.16563411130803757,
        -0.18762693623053875,
        -0.07959494078952659,
        -0.18826301285783414,
        0.08005364942527628,
        0.1249335341307574,
        0.008275854551099209,
        0.025218192600053833,
        -0.031742440656605704,
        0.00021676028621426898,
        -0.11866753167308283,
        0.05439046356611902,
        0.06375208498144308,
        -0.09563746795692468,
        -0.12117766738243943,
        0.05960094841433961,
        0.07496398840053253,
        0.12011601095024517,
        0.1557308782322875,
        -0.1265706135205048,
        0.0165438817962402,
        0.13283353961316915,
        0.1479005533666804,
        0.0065222814459520995,
        -0.09117422493589204,
        -0.07874476993443899,
        0.1136354531046492,
        0.028868928144263842,
        0.06617598919476246,
        -0.1489251781795963,
        0.0997969324240652,
        0.10651253803095612,
        0.004004576921378934,
        -0.13258248681055987,
        0.03159184384529751,
        0.05964716121422753,
        0.07918819193144491,
        0.17995739766184907,
        0.04282091183805905,
        0.07825763625002252,
        -0.0061983181600367265,
        0.1589638996716284,
        0.026178010013147082,
        -0.13403802455200656,
        -0.1364164127716108,
        -0.04836602179732827,
        0.03221644928399586,
        0.09463041020429291,
        -0.09623992268642954,
        -0.05226994400015581,
        -0.056561358523531925,
        -0.06313767158211786
    ]
}