{
    "dataset": 599,
    "last_cost_avg": 0.08038884744830616,
    "alpha": [
        0.044545831776969254,
        0.00035027590330055945,
        0.04022977992610823,
        0.00059597577031154,
        0.013524907949065806,
        0.053721913322441785,
        0.00013988544193886953,
        0.0850463975465109,
        0.00014169240366876612,
        0.02554223517336596,
        0.10482404612235081,
        0.03689549348436143,
        0.008351481782744287,
        0.03778391365459967,
        0.0004913544886331871,
        0.00011650858237054578,
        0.021515341504020475,
        0.0007341285051332331,
        0.08796284593697727,
        0.011926840370527922,
        0.10227575856454849,
        0.01875732716146674,
        0.0758242794676832,
        0.048179552097381034,
        0.03162642401673782,
        0.00026224228405717165,
        2.3496859677175926e-05,
        0.04300296747510719,
        0.03369922702779328,
        0.04844377819113991,
        0.0009812896238349956,
        0.022482807585172484
    ]
}