{
    "dataset": 939,
    "last_cost_avg": 0.09756672166220527,
    "statevector_real": [
        -0.018549776833978997,
        0.15577444583584446,
        -0.10646750066073339,
        -0.06649107581694008,
        -0.10777343689809607,
        0.1599900330796581,
        0.0970366228550852,
        0.09570283347305503,
        0.19725911892920486,
        0.061887209710010584,
        0.05971666526920672,
        0.14047560399731446,
        0.020167923192420226,
        -0.05674239419581697,
        -0.03572174051018703,
        0.00393305985422692,
        -0.06590571403513353,
        -0.15350629329919507,
        -0.09913950209680827,
        0.08227208312660568,
        0.0038217880537090177,
        0.05654647667878818,
        -0.1666370865020545,
        0.006944362496906511,
        -0.0797226378755998,
        -0.051193372240216195,
        0.02733408437926285,
        -0.06680271090074934,
        -0.04685488513169321,
        -0.08293738867881328,
        -0.020615443666998762,
        0.1520387294818146,
        0.0006719556496011298,
        0.011922802831945519,
        0.11314765936424155,
        0.06102106644410553,
        0.06851421291849578,
        0.021649571808700346,
        0.019644661085794032,
        -0.0036940447792909435,
        0.12054578530577678,
        0.16998566217383834,
        -0.11386537325106222,
        -0.02324513201525493,
        -0.016684591756031552,
        -0.06764992747819001,
        -0.13844524536828867,
        -0.07451672999641269,
        -0.095623356791977,
        -0.13394154686085746,
        -0.1055188710710336,
        0.08986898719831259,
        -0.02908268164969061,
        -0.00401751118491699,
        -0.11291139313402634,
        0.12665900301346275,
        0.0016822325804795014,
        -0.15778520227515935,
        0.06299958874077449,
        0.05381173633249505,
        0.115339687848078,
        -0.025187223662603033,
        0.11820611599726437,
        0.12220354686462365
    ],
    "statevector_imag": [
        0.052301218297386674,
        0.06544103273550239,
        0.0445463131704863,
        0.14488182488188503,
        0.029619217228825788,
        0.03945496711756337,
        -0.18924649826091144,
        0.026048519177604812,
        -0.015191924978109271,
        0.08873277034630117,
        -0.16734154692351497,
        -0.0047027556665898045,
        -0.020701669081351293,
        -0.04132011582391427,
        0.1538784305204965,
        0.008936106946167801,
        -0.01720302609121608,
        0.007001794215886528,
        -0.05420868062130454,
        -0.029173891209202215,
        0.07700332626448846,
        0.018314367073989927,
        0.02406360420844335,
        -0.00017392704004721776,
        -0.022633228201549557,
        -0.036408078766593105,
        -0.051454974075019005,
        0.003599312095547279,
        0.03424452922708539,
        0.10760173897177679,
        0.09833778007928369,
        0.08020763351437661,
        -0.1194993246062031,
        -0.09210379423436876,
        -0.03329637825498993,
        -0.04044801460829955,
        0.09297880154776635,
        -0.02971874628744248,
        -0.1647503273519811,
        0.19826569395159613,
        0.07446448596364365,
        -0.027329091082504905,
        -0.0008583755474180882,
        0.15621701673451438,
        0.010131138232750117,
        -0.0894410554132702,
        -0.04049189344007102,
        0.009797407824676505,
        0.011165355867512342,
        0.14156028596134226,
        0.15421710741132041,
        0.04539789200276844,
        0.18414660439268754,
        0.04427677456652521,
        0.003297387534580931,
        0.05157793481302418,
        -0.023476047604352804,
        0.00647621088223117,
        -0.029772850381450732,
        0.056517308271199544,
        0.13525004266584392,
        -0.13079962913759444,
        0.08638895799803918,
        -0.043303581740935924
    ]
}