{
    "dataset": 1511,
    "last_cost_avg": 0.07792822801953674,
    "statevector_real": [
        -0.13984647607943773,
        0.08843060042942837,
        -0.02013661577488825,
        -0.077743783284426,
        -0.07207800221815423,
        0.008570639066122793,
        -0.0036792211828439395,
        0.0935742653262734,
        0.22080148875509967,
        -0.1282851535870786,
        -0.1626532904250691,
        0.034176885233379105,
        0.13099149352627862,
        0.2212789954236948,
        -0.03070572060899656,
        -0.22453564312811014,
        0.12346123878694393,
        0.03150351110606828,
        -0.24494916806581465,
        0.16836077368609087,
        -0.19278764783671662,
        0.06717673739556031,
        0.06974532963808255,
        0.32389203125606203,
        -0.07663923393075457,
        -0.08593890270601784,
        0.04583381284737391,
        0.053390107448741425,
        0.10200387678275885,
        0.049275338848662094,
        -0.050852187091361876,
        0.2278152139983462
    ],
    "statevector_imag": [
        0.008450572749209753,
        0.16435177046120575,
        -0.18755605840242706,
        -0.07057509678388532,
        -0.10890925123370801,
        -0.09189778473299402,
        -0.015947528633332188,
        -0.07935418161786875,
        0.14076078659814378,
        -0.03455345091114543,
        -0.14578144498132284,
        -0.007586337803885827,
        -0.08891115461216136,
        0.027819956271227044,
        0.05739665507634909,
        0.10423292561460423,
        0.009232589034237102,
        0.18122495298527605,
        -0.06951597381091774,
        0.004302309101288781,
        -0.016225972728118578,
        -0.02386125155929212,
        -0.24060136181065309,
        -0.030659392669330404,
        -0.12206704937269394,
        -0.18128353547338397,
        0.19706534508152138,
        0.17566196871821338,
        0.09565119846276823,
        0.1085547687665233,
        0.0288034154855284,
        0.06591707483400046
    ]
}