{
    "dataset": 2832,
    "last_cost_avg": 0.0820574516380839,
    "statevector_real": [
        0.14497976011800448,
        -0.15324119325844912,
        0.1789732748769149,
        0.11446402429034529,
        0.16066029366858012,
        0.10454903559084432,
        0.08483534145754015,
        0.19306624308234852,
        0.07614343993906217,
        0.20406689703618258,
        0.01048656404610836,
        -0.19807033534472718,
        0.10031358915506842,
        -0.14562490199435824,
        -0.1264903103093308,
        -0.005586366796838728,
        -0.04014557990147769,
        -0.07614186744501832,
        -0.08445596675440015,
        0.024824237096543675,
        0.17902432976679275,
        -0.020486988067053662,
        0.004367543478325199,
        -0.18453827268800588,
        -0.13007111991501727,
        -0.068698910292405,
        -0.0033054169818621296,
        -0.22543223282064107,
        0.002696434393413118,
        -0.23410104371002138,
        -0.12099262956896378,
        -0.022789505209648352
    ],
    "statevector_imag": [
        -0.12784125590360898,
        0.03350378231951302,
        0.0638065379931297,
        -0.026913469592131804,
        0.10269121559047856,
        0.2511530073713249,
        0.1282987091934016,
        -0.0416545175169521,
        0.15147789681222656,
        -0.07329643330765635,
        -0.0023832403729070464,
        0.03769400866395198,
        -0.06895031860628083,
        -0.174400656261413,
        -0.19529084925643703,
        -0.07015767808601281,
        0.056420659286217464,
        -0.03221219025015477,
        -0.08295201171487178,
        0.14386597039502402,
        0.1243877640625129,
        -0.1434535897900971,
        0.13792768296945634,
        0.15737369101749094,
        0.1330822281203164,
        -0.2684185009180442,
        0.10976627433549035,
        0.06801411120094068,
        0.003187316352475993,
        -0.029501289702677576,
        0.01734533228195704,
        0.17209496334653623
    ]
}