{"f": [0.029541015625, 0.0076904296875, 0.0093994140625, 0.0067138671875, 0.090576171875, 0.041015625, 0.05609130859375, 0.00238037109375, 0.028076171875, 0.00299072265625, 0.02874755859375, 0.0299072265625, 0.0372314453125, 0.0452880859375, 0.0350341796875, 0.10186767578125, 0.0145263671875, -0.0023193359375, 0.003173828125, 0.0279541015625, 0.02972412109375, 0.0308837890625, 0.05816650390625, 0.0345458984375, 0.01202392578125, 0.016357421875, 0.0693359375, -0.0079345703125, 0.0721435546875, 0.021240234375, 0.04742431640625, 0.0126953125, 0.029541015625, -0.00439453125, 0.0855712890625, 0.0172119140625, 0.028076171875, 0.0360107421875, 0.02911376953125, 0.04473876953125, 0.0596923828125, 0.0511474609375, 0.03680419921875, 0.06103515625, 0.048583984375, 0.01690673828125, 0.03509521484375, 0.03826904296875, 0.0042724609375, 0.029052734375, 0.02239990234375, -0.01287841796875, 0.037841796875, 0.08599853515625, 0.00848388671875, 0.04461669921875, 0.0308837890625, 0.057373046875, 0.00384521484375, 0.03668212890625, -0.022216796875, 0.03875732421875, 0.06695556640625, 0.02935791015625], "accuracy": 0.328125}