{
    "dataset": 1615,
    "last_cost_avg": 0.06644977582141605,
    "statevector_real": [
        -0.10106765204550261,
        -0.06245574068039387,
        0.05537122705456069,
        -0.10928451046458704,
        -0.03658552319886832,
        -0.06247219222142277,
        0.015611194788735029,
        -0.09026056814335646,
        -0.002731508530183311,
        0.038630179022388404,
        0.005205413682966508,
        -0.004875083305200488,
        -0.08251433981167364,
        0.03662365937815797,
        0.10563500519105344,
        -0.1530665671313868,
        -0.161482882391165,
        -0.05336583293002099,
        0.08137973520125699,
        0.15212554508919407,
        -0.020453654668378552,
        0.1327023797762701,
        0.0781786139534501,
        -0.1401017685488354,
        -0.033260300257321254,
        0.04003703122172622,
        0.10096407625210736,
        -0.11808841964705574,
        -0.05459742332354562,
        -0.11674337082708677,
        0.14409917947969644,
        0.06766581414710818,
        -0.07341440842910277,
        0.07686271008279773,
        0.026392756448177696,
        -0.0122066571408611,
        -0.016188268417647186,
        0.1764279951794728,
        0.09344592595406061,
        0.11906020530139859,
        0.024279608044033698,
        0.043520039354565256,
        0.06153609910548754,
        0.16178901897596631,
        -0.07326465310038986,
        0.03708647354249911,
        0.08992882167659458,
        -0.1463045772265468,
        -0.03311568401529807,
        -0.02670384754264618,
        0.12175256317158245,
        -0.009547216895058231,
        -0.00835429422776227,
        0.0584818055575789,
        0.0475938928452474,
        0.07004658809111222,
        0.1533124204962013,
        -0.017486164353968214,
        0.13543410602587927,
        0.03977225607411746,
        0.0007520977940053377,
        -0.02022818528212969,
        -0.12929869955423828,
        0.08817966487237208
    ],
    "statevector_imag": [
        -0.021743351998144887,
        0.08051908661522349,
        -0.10613696517896842,
        0.11098609778922977,
        0.053837251346775944,
        0.10764676545741692,
        -0.040377532989237255,
        0.06502739545665821,
        -0.002057264460849176,
        -0.07418385626528509,
        0.09203078659996336,
        -0.18762179732434525,
        0.0437269138318102,
        -0.006969319676733621,
        -0.02634571128660469,
        0.013732589029565104,
        -0.06734297548873562,
        0.22726461396413228,
        -0.01847243375024919,
        0.14683456404322953,
        -0.059759505402390875,
        0.11882982833460025,
        -0.1791568408528387,
        -0.005952363245171825,
        0.08364949255249822,
        -0.04969841316308336,
        -0.039618662971038,
        -0.11722073180985539,
        0.09103058196382774,
        0.14970871202492828,
        -0.002317063432137786,
        0.0041994826186138425,
        -0.05387651771019854,
        -0.039627380522075525,
        0.06526318288533735,
        -0.09631733956012423,
        0.047008578614614265,
        0.06373176869756336,
        -0.18220448426839891,
        -0.06177801398818306,
        0.018593399893286035,
        -0.08524465503520953,
        0.1277106217117639,
        -0.07262217008865779,
        -0.16000742947755306,
        -0.05655005905664935,
        -0.0006374190873669723,
        0.06314501591645526,
        0.08156253855448323,
        -0.07757244422591379,
        -0.0055405999754219,
        -0.02078226416807849,
        0.02843664501623085,
        0.06400790026258979,
        0.059574114950765276,
        0.10894672497842589,
        0.046335096774290936,
        -0.06523828472380895,
        0.09573071345548785,
        0.0750493861804303,
        -0.001287647947696347,
        -0.1723508821218183,
        -0.08014881351358676,
        0.10083205427849497
    ]
}