{
    "dataset": 2312,
    "last_cost_avg": 0.09951421045588572,
    "statevector_real": [
        0.16855310019218514,
        0.1739712273932092,
        0.1572193239079124,
        0.026778817611518842,
        0.004313932414584696,
        -0.10372838845414778,
        -0.01447104461873166,
        0.06622523524991619,
        0.18433378195884184,
        -0.1516122683364588,
        0.16781135632879784,
        -0.1351989331516082,
        0.14642903732390639,
        -0.14544304286482274,
        -0.005551154469706848,
        -0.08626254443834888,
        -0.034439931034771706,
        -0.020885215074567816,
        0.1776324475259019,
        0.1483184761497383,
        -0.22479821209216427,
        -0.09239342749040538,
        -0.09300283826966306,
        0.12904378472931824,
        -0.053394168881847184,
        0.005872761642961001,
        -0.1819744920338229,
        0.14369757501621377,
        0.015108887276939308,
        -0.09203652334333874,
        0.14439271269835274,
        0.16163473931409283
    ],
    "statevector_imag": [
        0.0730690700314409,
        -0.04845086972402435,
        0.15604345555348167,
        0.06170431804019403,
        -0.17518284046613444,
        -0.06619777293520067,
        -0.02522430062671654,
        0.022051573179543774,
        -0.15808363059347263,
        0.16495127655129926,
        -0.0031027826005955187,
        -0.1570062003503625,
        -0.15342545941703928,
        0.12463440680795779,
        0.15767400930938438,
        0.14842006482423614,
        -0.2293855650742335,
        -0.16960483050845943,
        0.07739689577291395,
        -0.009466180743744576,
        -0.03559123601743297,
        -0.14549712416420962,
        0.10249304150836554,
        -0.025950376509057436,
        0.03587184269803155,
        -0.034827443535202895,
        0.02711648600709766,
        0.14210979430657025,
        -0.18367220626091238,
        -0.19826579925263701,
        -0.08460439539395409,
        -0.1886881656919287
    ]
}