{
    "dataset": 228,
    "last_cost_avg": 0.09071733781956688,
    "alpha": [
        0.02795184248327877,
        0.0003204703011072936,
        0.02743157872057447,
        0.003516304630253339,
        0.024982861023029622,
        0.03869213558357774,
        0.046505142096251076,
        0.052796751657589236,
        0.020211579655272184,
        0.009264400775881932,
        0.08490760658150913,
        0.026202103202111273,
        0.015440339640047372,
        0.009342361891333327,
        0.014215702271922178,
        0.019703781783247172,
        0.050917674989440796,
        0.02105013468818515,
        0.07383384082517352,
        0.05489617576717635,
        0.1014816521398867,
        0.02268654169095703,
        0.04372027387346402,
        0.025389192245158537,
        0.01538913826066031,
        0.0005234832807099033,
        0.01987465839001926,
        0.044211118736951514,
        0.013556217853638561,
        0.04079477656403813,
        0.03639567380292233,
        0.013794484594631763
    ]
}