{
    "dataset": 0,
    "circuit_id": 4,
    "layer": 2,
    "num_params": 34,
    "expr": 0.06478171885382576,
    "entcap": 0.5145984911372203,
    "num_iter": 49,
    "last_cost_avg": 0.18009185791015625
}