{
    "dataset": 512,
    "last_cost_avg": 0.07279773661896102,
    "statevector_real": [
        -0.07605113798292874,
        -0.12920064104882722,
        0.006038807389880402,
        -0.06019198667007681,
        -0.0334786440114768,
        0.0513904575949775,
        -0.10389152586292998,
        -0.07491000860113234,
        0.14622705903492092,
        0.09199973945908244,
        0.0032359437534353816,
        -0.05179922468108677,
        0.016077319187671624,
        -0.09895239853715482,
        -0.16460820001855073,
        -0.03324666062946285,
        0.06195018423590703,
        0.10129771520597068,
        0.10894589974757583,
        0.0025234272038320337,
        0.13665730050742417,
        0.09428531701732212,
        -0.03496579616159235,
        -0.00427045727091773,
        -0.10916354747425804,
        0.041490835351957016,
        -0.1331313854004141,
        -0.09231019583969871,
        -0.013275278020751112,
        0.07171391571327648,
        -0.001522362373580007,
        0.0369167166199647,
        -0.042390893900225594,
        0.06495770384609177,
        0.15355661014945743,
        -0.06924228336297199,
        0.08835618665479418,
        -0.08519772854947531,
        0.08834465754709747,
        -0.041247526761402774,
        -0.16077943251351123,
        0.1822973119583815,
        0.009538876249859784,
        -0.18258339169050447,
        -0.05282415598074483,
        -0.07408154187568024,
        0.0818445976298762,
        0.05205049339028089,
        0.05034664923935148,
        0.034709731323577096,
        0.009298150184495398,
        0.07523394888566724,
        0.13287769913285427,
        0.1185967469831396,
        0.1434658158391334,
        0.02070428291368775,
        0.16131659688484262,
        -0.01729182724242487,
        0.06510102348606446,
        0.0668779873521361,
        0.06334214327987059,
        -0.13026287576601583,
        0.016905861716498927,
        -0.08271335001860063
    ],
    "statevector_imag": [
        -0.1430888782502333,
        0.058081787577868346,
        -0.028636978096254515,
        -0.10022017077535601,
        -0.10945023871831568,
        0.14732604322181292,
        -0.050250785464348385,
        -0.11772245844270669,
        -0.08114320377831456,
        -0.15472339945812266,
        -0.012176366379623514,
        -0.005055545235097813,
        0.009463780073622358,
        -0.1527148098240498,
        0.08427159644298365,
        -0.12009335277921239,
        -0.14189334280412377,
        -0.009122171344446704,
        -0.09825984676640839,
        -0.17837741821201186,
        -0.049715118480662714,
        0.13967384595395146,
        0.20596380544755846,
        0.029442272433664676,
        -0.14439966012848066,
        0.11847970691813925,
        0.11817202564862714,
        0.012183112934294268,
        -0.06601923423794985,
        0.13276594526809257,
        0.003803928647278597,
        0.01244961109024035,
        -0.038945202256053135,
        -0.08740984313850686,
        -0.002367806649133186,
        -0.07094195297315815,
        -0.04355225504763071,
        -0.044415564278226245,
        0.054414937891514664,
        0.15072476240857707,
        0.0786717683064981,
        -0.06845597054672972,
        0.019711832581205728,
        -0.007084918549357817,
        -0.049451975501884085,
        0.03020829508351367,
        -0.022131028928636828,
        -0.002298273559913084,
        0.010993326175413211,
        0.07746878797894652,
        -0.008523571962677463,
        0.010367833975748747,
        0.02626578146888491,
        -0.04259023549355611,
        0.13617100736143137,
        0.11902352362332934,
        0.06779864118638568,
        0.04021997358133282,
        0.07901278410025545,
        -0.08640585270734231,
        0.027890283142433157,
        0.07045474572159331,
        0.010194866042953547,
        0.04812146886451618
    ]
}