{
    "dataset": 3632,
    "last_cost_avg": 0.11582830699223745,
    "statevector_real": [
        0.03116475913630295,
        -0.09653439932795617,
        -0.24559728296999345,
        0.05355550898587372,
        0.014642494773217829,
        -0.13824723587713883,
        -0.1504053618509629,
        0.015278159153138533,
        -0.0800756754586651,
        0.013170592167027323,
        -0.1000150946860538,
        0.06725335472597001,
        -0.24521063947933744,
        -0.05917794470166253,
        0.11903086594672892,
        -0.14773261845403798,
        0.07357988867789912,
        -0.12638065157177206,
        -0.111608301077716,
        -0.1301152963488323,
        0.11961573735234418,
        -0.0559592919537096,
        0.20754868215849087,
        -0.12313992083891415,
        0.10406833896565049,
        0.230850962506739,
        -0.16968028824999168,
        -0.21137538952990148,
        -0.10200790847887925,
        0.11773248038935584,
        -0.11734158154627349,
        0.09470969063581908
    ],
    "statevector_imag": [
        -0.03706984222722524,
        -0.0208275284250675,
        0.10260477899665632,
        -0.09615708260423808,
        0.004357828049582491,
        0.0468634567152836,
        -0.050317542981423054,
        0.19186695995942002,
        -0.21085346382204861,
        -0.0011262533746365293,
        -0.2226732866553931,
        -0.10758834750606341,
        -0.008404862043588687,
        -0.18795426704385687,
        -0.1284823043007613,
        -0.06566957705542571,
        0.15615749706689347,
        0.12265528970594175,
        0.09429542695773888,
        0.1982929940583495,
        0.13083380778464548,
        -0.11135303172413183,
        -0.04895374806861352,
        -0.11013984354679153,
        0.14732128605027378,
        -0.12366645122929187,
        0.06740123350232435,
        -0.02906247515816955,
        0.1818372203875182,
        0.1411041728238968,
        -0.0023166785014534855,
        0.022954346991026737
    ]
}