{
    "dataset": 3794,
    "last_cost_avg": 0.08531189888710228,
    "statevector_real": [
        -0.18471251498991303,
        -0.008723672090369842,
        0.028695480560549547,
        -0.08311796466037497,
        0.07145695650706153,
        -0.15896922261748486,
        0.017665329996024735,
        0.16765216127338212,
        0.048554078056568556,
        0.14321623034953668,
        0.12905271165607549,
        -3.5714427873530515e-05,
        0.07058255859603814,
        0.027021402696887003,
        0.12419794710678345,
        -0.05041681326149995,
        -0.03144059441312494,
        0.11708975390357758,
        0.14488061678405,
        -0.04338403155059804,
        0.14927847698337468,
        -0.2678144940724853,
        0.0972273718170777,
        -0.19016392615002828,
        -0.14532946706255118,
        0.07672999155291749,
        0.037702806555017496,
        -0.20027001147623857,
        -0.2073694193584008,
        -0.047856574878906315,
        -0.007556434346779644,
        0.04582033406370869
    ],
    "statevector_imag": [
        0.20624258615997892,
        -0.0485027846746605,
        0.24823228310134468,
        -0.1371250589754936,
        -0.04056809535902796,
        -0.018136740079030284,
        0.1584915947580281,
        -0.021659790666815247,
        0.07647850618889324,
        -0.21019449757597963,
        -0.044209301225613805,
        0.18973109584098036,
        -0.020207082338431534,
        -0.20150184064267693,
        -0.022793014575712214,
        -0.205108339144285,
        -0.19546907524930943,
        0.13615467057866582,
        0.027041635841984782,
        0.04223584514877095,
        0.09193015385924451,
        -0.030575478661934097,
        0.15145315974787868,
        -0.08853693594358644,
        -0.057156320253884965,
        0.10261989079633284,
        -0.14274441667127602,
        -0.006313598132960135,
        0.08559525286359007,
        -0.12200707089418975,
        -0.10735948792377806,
        0.22596173815648787
    ]
}