{
    "dataset": 0,
    "circuit_id": 6,
    "layer": 7,
    "num_params": 378,
    "expr": 0.003340102252929921,
    "entcap": 0.954158187879362,
    "num_iter": 49,
    "last_cost_avg": 0.130096435546875
}