{
    "dataset": 0,
    "circuit_id": 6,
    "layer": 6,
    "num_params": 240,
    "expr": 0.002962537712034137,
    "entcap": 0.9093979412214682,
    "num_iter": 79,
    "last_cost_avg": 0.13267898559570312,
    "accuracy": 0.8125
}