{
    "dataset": 9,
    "last_cost_avg": 0.08937330439207515,
    "statevector_real": [
        -0.09063970040645464,
        -0.07951811901006073,
        -0.05921037198990525,
        0.1947510798477462,
        0.19903582703652797,
        0.14118022610512573,
        -0.10671203971800831,
        -0.0702723889132252,
        -0.02343600179533519,
        -0.08236657542960978,
        0.05406574743880115,
        -0.044500887212473084,
        0.010411291334672711,
        -0.2884554964275988,
        -0.002481860305064432,
        -0.01708501705045702,
        -0.13713971488207605,
        0.1245274784086454,
        -0.027870226701315323,
        0.010654495507725887,
        0.17581722837269909,
        0.12606689863858056,
        0.006149366294579826,
        -0.0770805536109298,
        -0.06668383912131415,
        0.003789958165689987,
        0.25396535398251247,
        0.07180874423436576,
        -0.06687661445974233,
        -0.09020443774735469,
        0.03590550726559414,
        -0.15376107126069807
    ],
    "statevector_imag": [
        -0.1076103313258958,
        0.002687760336898718,
        -0.02203490677698574,
        -0.10856391607950373,
        0.0887942377998893,
        -0.11141331738439857,
        0.18905516197620378,
        0.03278606856781448,
        0.20215599561405412,
        -0.09782270169641905,
        0.0958979751420245,
        -0.026827789195011865,
        0.008528191772391667,
        -0.06553260243336378,
        -0.07515279593471272,
        -0.24631949611445894,
        -0.0804870743886763,
        0.18548599509331606,
        -0.14646563495535378,
        -0.004759566270123736,
        0.06648487177331218,
        -0.22872175289328037,
        0.04938219371790168,
        0.20338232955288948,
        0.20467887759245845,
        0.002732446944232952,
        0.029484621917285243,
        0.22697067318073463,
        0.13520781370449456,
        0.22104679738376068,
        -0.1894669027468974,
        -0.02058937660633032
    ]
}