{
    "dataset": 987,
    "last_cost_avg": 0.12723595044405964,
    "statevector_real": [
        0.014156731288543205,
        0.2282879299672454,
        0.13266985588026478,
        0.08704764276801438,
        -0.11142286793969704,
        -0.009909896681444508,
        -0.0768844691805287,
        -0.12860871674493535,
        -0.06079136326941961,
        -0.20451902008624573,
        -0.03605481213008758,
        -0.115353561576874,
        0.18734193520931933,
        -0.25323836999440646,
        0.18359370545911577,
        -0.12274994934937247,
        -0.016890889482993544,
        -0.056819294547773125,
        0.13519552416728908,
        -0.17322425005541472,
        -0.14170045630927186,
        0.09586202316333112,
        0.013309984865047234,
        0.0016501054210875778,
        -0.04442881382433188,
        -0.020708017174613867,
        0.1556212452477831,
        -0.013693201073852312,
        -0.02156793469864633,
        0.17786232544757177,
        0.003322443958435434,
        -0.21095600159638156
    ],
    "statevector_imag": [
        0.1402455476296673,
        -0.06696909999333484,
        -0.1125227654054477,
        0.03217859067578056,
        0.11076999030914536,
        -0.2030942076760319,
        -0.1732020912589995,
        -0.06194229683451712,
        0.17910993851684764,
        0.008010654641644011,
        0.0772943400049122,
        0.07574206148413064,
        0.011558671031106206,
        -0.13477911368075898,
        0.031234783321055,
        -0.22063459169775163,
        5.303791884013169e-05,
        -0.011478848641107268,
        -0.07247598635175266,
        -0.1497881713980807,
        0.07132067737727654,
        0.21733382872311463,
        0.12991630745115842,
        -0.10329504465392952,
        0.021850672738821995,
        0.2201279244922739,
        0.1979211573904069,
        0.048905776119221554,
        -0.04935970728625425,
        0.15834046942036697,
        -0.10458730809412796,
        -0.14523511662799235
    ]
}