{
    "dataset": 0,
    "circuit_id": 4,
    "layer": 9,
    "num_params": 180,
    "expr": 0.002375686687353813,
    "entcap": 0.87295967597793,
    "num_iter": 1024,
    "last_cost_avg": 0.00854273730158588
}