{
    "dataset": 2024,
    "last_cost_avg": 0.10734229529345343,
    "statevector_real": [
        0.18211076272149151,
        -0.017441618203156272,
        -0.05266871854090865,
        -0.24611964566814623,
        -0.02389153352449138,
        -0.11629924713790162,
        0.03232909833149637,
        0.26332485386648224,
        0.2259234132589018,
        0.004198808462491408,
        -0.003933262394053527,
        -0.19705814266402064,
        -0.15403490515374998,
        -0.12223495754320399,
        0.2644943102003017,
        -0.11515212548777687,
        -0.11041819857911242,
        0.16781893747919688,
        -0.20542785487525975,
        -0.18492574239533308,
        0.1448683816530842,
        0.18046316149856884,
        -0.10010429850841483,
        0.24653342534375225,
        0.06738919865152791,
        -0.01408762216828418,
        -0.0799714794393543,
        -0.10254853857386385,
        0.06948905007331074,
        -0.08654642734221472,
        0.17999185618326302,
        -0.07038746243019936
    ],
    "statevector_imag": [
        0.12398854063763888,
        -0.12097769176877106,
        0.0007616389543627917,
        -0.0017013046986260173,
        0.042640821628594894,
        0.003328899075929418,
        0.13468651847206045,
        0.09825178749639822,
        0.0848786858479216,
        -0.10589675045019781,
        -0.006519907838298781,
        0.03016860584390871,
        -0.1962312031951507,
        -0.006343043120153854,
        -0.08195244918550833,
        -0.03390997219744013,
        -0.04038424695324929,
        0.0059352111090420386,
        -0.034172461404040025,
        -0.10628319039455385,
        -0.0627988651847348,
        -0.10771656234212226,
        0.01741020257627153,
        0.001814838835271743,
        -0.10334533293921906,
        -0.12889151602122942,
        0.06163583401874418,
        0.17274960194497535,
        -0.05241679475060166,
        0.22250106459439165,
        -0.13894211873451745,
        -0.0811427286071762
    ]
}