{
    "dataset": 0,
    "circuit_id": 14,
    "layer": 3,
    "num_params": 36,
    "expr": 0.01893373744484726,
    "entcap": 0.6875033324241023,
    "num_iter": 92,
    "last_cost_avg": 0.00971221923828125
}