{"f": [0.04010009765625, 0.004150390625, 0.02301025390625, 0.0074462890625, 0.0716552734375, 0.06085205078125, 0.01593017578125, 0.00079345703125, 0.0703125, 0.02734375, 0.020751953125, 0.01409912109375, 0.05340576171875, 0.02301025390625, 0.0211181640625, 0.0953369140625, 0.05267333984375, 0.01220703125, 0.05133056640625, 0.01922607421875, 0.01629638671875, 0.07659912109375, 0.010498046875, 0.06988525390625, 0.03656005859375, 0.00128173828125, 0.067138671875, 0.03887939453125, 0.07611083984375, -0.0106201171875, 0.0347900390625, 0.0120849609375, 0.0120849609375, 0.0147705078125, 0.10284423828125, 0.0604248046875, 0.01971435546875, 0.04840087890625, 0.01580810546875, 0.0775146484375, 0.0523681640625, 0.04791259765625, 0.0093994140625, 0.02227783203125, 0.01202392578125, 0.06396484375, 0.01336669921875, 0.0650634765625, 0.0556640625, 0.02764892578125, 0.08740234375, 0.020263671875, 0.0516357421875, 0.08990478515625, 0.019287109375, 0.05767822265625, 0.0111083984375, 0.09613037109375, 0.01812744140625, 0.0379638671875, 0.01641845703125, 0.01690673828125, 0.06170654296875, 0.0455322265625], "accuracy": 0.328125}