{
    "dataset": 1565,
    "last_cost_avg": 0.07746145774938146,
    "statevector_real": [
        0.041023905815865555,
        -0.054294361566898826,
        -0.005944009975637769,
        -0.005945298819027583,
        0.00046324885441448267,
        0.20011630854086593,
        -0.05329177785846586,
        0.08965635425778785,
        -0.019030590229976097,
        0.0016351337558096687,
        0.15523253638441584,
        0.06604979024967698,
        0.13999928919679558,
        0.0968027423842229,
        0.10821834967418228,
        0.053116834485645026,
        -0.10216646344770236,
        -0.09054910747558147,
        -0.13484391134102527,
        0.10062536639362181,
        -0.12508436402424822,
        0.01080436284730688,
        0.02515528424024986,
        -0.09876834702736567,
        -0.10937025125680762,
        0.09089137918450581,
        -0.06084263816254003,
        0.03656897384216078,
        0.015928973635329986,
        -0.0027010577184099706,
        -0.044440257122775946,
        0.011484568295662096,
        -0.09576170255757807,
        0.0018348993013144262,
        -0.020231721137975216,
        0.015604205554442621,
        -0.11408848361128045,
        -0.003746820224993635,
        0.10892708259667722,
        0.08610479190378106,
        0.18592563826126357,
        0.07143049613599131,
        -0.1312161430652248,
        -0.008703151110278343,
        -0.04131397747421983,
        -0.05375732283393124,
        -0.1565008380852004,
        -0.042590449817105,
        -0.024565492993361207,
        -0.04692055551108837,
        -0.14309169526993745,
        0.043045295586144706,
        -0.046181057408633396,
        -0.038959197170008245,
        0.05939921998422723,
        -0.06409045264728339,
        -0.002866263439474535,
        0.02337148838417217,
        0.062042380286118005,
        0.13602024478581431,
        -0.09064994010354431,
        -0.007869993474623752,
        0.10250512800493722,
        0.06171818821904467
    ],
    "statevector_imag": [
        -0.15950603188645182,
        0.11212477224606644,
        -0.013507359968111279,
        0.045120697483737204,
        -0.08837264105031369,
        0.02227466076564454,
        -0.09509284767807509,
        0.13220579008169822,
        -0.06635708914687906,
        0.0030950866033669085,
        0.08242496722594017,
        -0.07551046036255186,
        0.024363300704989904,
        -0.07842954057755425,
        0.10400487234953482,
        0.1464495798246444,
        -0.05628522232253653,
        0.09695750549112749,
        -0.008821587458398351,
        0.012272600795361532,
        -0.0007927018484257916,
        -0.0786074744593372,
        0.1121471611473649,
        0.11280898706184171,
        -0.057368876041539,
        0.10512849699759744,
        0.1749832096066918,
        -0.1799674747811618,
        -0.14290688076334815,
        -0.03276775732313928,
        -0.15727371971778886,
        0.003991268800632067,
        -0.06373838937862412,
        0.012462517028729891,
        0.12292776341584075,
        -0.000172454528394684,
        -0.048227575687152656,
        0.004143718036160073,
        -0.017970972985392946,
        0.036271734146358627,
        -0.02067619910991278,
        -0.1773408275596357,
        -0.03633140766032241,
        0.16213795401005443,
        -0.011907054936925803,
        0.007363884862484796,
        0.09355536689543156,
        0.08602149073289296,
        0.13055997418588536,
        0.09409801954766668,
        0.030304063569193743,
        -0.10023086612750409,
        0.1173217512881342,
        0.11443784312815727,
        -0.07504117306226035,
        -0.1604119796422298,
        -0.10702677843660566,
        -0.037257344211640835,
        0.09930101173522365,
        -0.12599803398714135,
        0.04953232807995839,
        -0.1370215119111729,
        0.02847118798108071,
        0.07542907899698512
    ]
}