{
    "dataset": 448,
    "last_cost_avg": 0.0975716722338734,
    "alpha": [
        0.032187400878088544,
        0.009361889280715194,
        0.01978596181620733,
        0.009192078092158657,
        0.013356167054237662,
        0.050279615751466056,
        0.014410681298848654,
        0.05804654762741904,
        0.028758362326545623,
        0.0008564754395181984,
        0.09563496950974543,
        0.0251587224997968,
        0.020346252783299885,
        0.012900052669332161,
        0.032410391128231186,
        0.027549257761355778,
        0.008677549618954235,
        0.01191105561879995,
        0.05445397825246747,
        0.02498501907388407,
        0.06489396595260162,
        0.00902530814724358,
        0.03865421481313742,
        0.02646308536886919,
        0.05871371125945106,
        0.019075745133046416,
        0.06049124000702345,
        0.05124386416906007,
        0.028553573228665804,
        0.03498517007614767,
        0.022766889947949998,
        0.034870803415731746
    ]
}