{
    "dataset": 0,
    "circuit_id": 9,
    "layer": 4,
    "num_params": 24,
    "expr": 0.005854636362341981,
    "entcap": 0.9882093664945826,
    "num_iter": 1024,
    "last_cost_avg": 0.11994527419590262
}