{
    "dataset": 3038,
    "last_cost_avg": 0.07258956078721857,
    "statevector_real": [
        0.16007956818659053,
        -0.06190360242338223,
        0.15444855132900281,
        -0.09422315878142962,
        0.008264357485237756,
        0.10404064073274621,
        0.07654673076291735,
        0.053519893080593746,
        0.11224042472236744,
        0.24087688220906908,
        -0.020861386330140907,
        -0.1618610659827091,
        -0.024606702905398535,
        0.08287744113753216,
        -0.006526630459042789,
        0.1292198203397433,
        -0.006169744248777657,
        0.2690837928266372,
        0.04107199052352149,
        0.020583743482836755,
        0.0799377447551028,
        -0.0038391626100228956,
        0.06279484561772132,
        -0.022977977256835792,
        0.23466778920052359,
        -0.0413147169111602,
        0.06204774014922572,
        0.005030007542834181,
        0.1641914501560368,
        -0.009336920014293424,
        -0.12214936097632816,
        0.010271957915263611
    ],
    "statevector_imag": [
        0.18700545508519653,
        0.06919938629065811,
        0.13072105956210767,
        -0.08612192174619249,
        0.10035341322924655,
        -0.12698043868912046,
        -0.17665917187022812,
        0.21255294368268965,
        0.15777258573424124,
        0.012100985006790717,
        -0.15394488694018316,
        0.03048537059895716,
        -0.24759920285207027,
        -0.014584554800256893,
        0.1450717668501542,
        0.2062967889266025,
        -0.22235072621567104,
        -0.025516195633508702,
        0.019368264857307048,
        -0.03520104293729171,
        -0.06531950921635835,
        -0.01192952335689174,
        0.07522354267343727,
        -0.12967570328240716,
        0.06002195623013866,
        0.14492626945018813,
        0.15531857321431614,
        0.23022416629375667,
        -0.1326471001277759,
        0.019441297545561963,
        -0.16520005896878573,
        0.20334582655084493
    ]
}