{
    "dataset": 0,
    "circuit_id": 2,
    "layer": 1,
    "num_params": 12,
    "expr": 0.2794754513137767,
    "entcap": 0.7194191792695448,
    "num_iter": 61,
    "last_cost_avg": 0.007877349853515625
}