{
    "dataset": 1594,
    "last_cost_avg": 0.07988738418501337,
    "statevector_real": [
        0.027367042300041573,
        -0.0064938759342050645,
        -0.09054671761372737,
        -0.08666348564885197,
        0.07700685938239737,
        -0.022327246527886403,
        0.16233871495110022,
        -0.16554532702124058,
        0.082940174922587,
        0.05918662611552918,
        -0.12891273832397707,
        -0.07012214902229146,
        -0.02786805378995481,
        0.09325388544124553,
        -0.05552975777221434,
        -0.006464514009836899,
        0.0727221302736777,
        0.10278130714862518,
        -0.02855333758134309,
        -0.14875251094871272,
        0.08605542000763566,
        -0.14243493490276668,
        -0.008161393096424618,
        0.022446003693515355,
        -0.00011475449290296635,
        0.09181921963631032,
        0.08528080025061355,
        -0.0922017561758638,
        -0.04265685947478792,
        -0.1274050165102322,
        0.03226709913120068,
        0.08869380328167588,
        -0.03509501507765952,
        0.01776511951315295,
        0.121380546144364,
        0.004645594617130597,
        -0.06008131844556619,
        0.0571698748674973,
        0.042542939990837886,
        0.05355988706635599,
        0.08263993921014971,
        0.10885681875801195,
        0.008965362682141447,
        0.0336042389078407,
        -0.0817748101767248,
        0.05634283188498018,
        -0.10293952426427751,
        -0.023345373180247736,
        0.002963894299446735,
        0.061148179344067764,
        -0.13319072738687496,
        0.032579527659577875,
        -0.009887822295340456,
        -0.1215441547915787,
        0.18852952486624974,
        -0.1560146942993905,
        -0.048572622310509135,
        -0.11138422163645675,
        -0.0461823964168489,
        -0.10821083684676328,
        0.09545164991924229,
        0.1490448071255279,
        0.01590268040410406,
        -0.14999779763885848
    ],
    "statevector_imag": [
        0.10642473843852654,
        0.20737797266674832,
        -0.013847562088911063,
        -0.0805831775252067,
        -0.16171993776834614,
        -0.19631562820595835,
        -0.0006391465430061592,
        -0.02083985487700041,
        0.09539956532135663,
        0.046363662324484065,
        0.14002083235526258,
        -0.04183323745248811,
        0.021201855169246765,
        -0.07990362036056861,
        -0.06123891958189231,
        -0.10294620314825362,
        -0.10061429228546794,
        0.009588295110662308,
        0.06255083889593359,
        0.014167254686433242,
        0.03605912812652392,
        -0.007212170934886474,
        -0.126007226610388,
        0.03493753295697231,
        0.11688558735876625,
        0.016098804218084715,
        -0.06048001417692982,
        0.071350348160788,
        0.1397521930777717,
        -0.0377481274726674,
        0.066202857747002,
        0.1758218329913198,
        0.10157019561558868,
        0.07414879357312572,
        0.08629673877237591,
        0.051940658750963487,
        0.03246356125433692,
        -0.053947402303359246,
        0.1668924097087036,
        0.14975978796843567,
        -0.08798904683225786,
        -0.021839850924606483,
        -0.006128416127843805,
        0.11960167510824099,
        -0.039451404929967744,
        -0.03489330944103807,
        0.0426371480247135,
        -0.024317132058073558,
        0.11936271931503767,
        -0.0237711207741456,
        -0.007769262261195074,
        0.16968716226245711,
        0.03296211088432781,
        0.002431476937368591,
        0.012115509974151988,
        -0.11624667825275835,
        0.028825035113061264,
        0.12656481298387168,
        0.09833049530742922,
        0.12143340517211888,
        -0.08449230859864502,
        0.05482324057333815,
        0.049177763282063684,
        -0.0014025705414967683
    ]
}