{
    "dataset": 737,
    "last_cost_avg": 0.081773075897948,
    "statevector_real": [
        0.046105255195506435,
        -0.15647266652080705,
        0.02614278700413295,
        0.06621780160836578,
        -0.10826232427782943,
        0.12607105927948248,
        -0.003991894407506232,
        0.07643343396534658,
        -0.22947840321693597,
        0.09613854404476677,
        0.2677092288621775,
        -0.009828366762656911,
        0.027183296412138395,
        0.13328390951171104,
        -0.09053335306037166,
        -0.11472198279281906,
        0.2554391141202671,
        0.19220136954174508,
        -0.15804769800440252,
        -0.1781774221349834,
        -0.09266065326793006,
        -0.14390447531493378,
        -0.15113093752120627,
        -0.1658216724385953,
        0.23555841650114168,
        -0.10807638043966482,
        -0.26478437823605994,
        0.14626261703848228,
        0.1291961714150499,
        -0.026727056238399938,
        -0.08212815781067043,
        -0.09397021848045935
    ],
    "statevector_imag": [
        0.036229024864218716,
        -0.006073589197918429,
        -0.06690483054610938,
        -0.03681068680950608,
        0.07036978711279827,
        0.05144755739146678,
        0.009054651749732846,
        -0.012539827710855614,
        -0.1352253431665659,
        -0.17767000111816394,
        -0.002371164250594093,
        0.1912721868766703,
        0.038704978511987016,
        -0.1502907478997274,
        -0.13404929994090586,
        -0.0624570449765401,
        -0.12039175910136175,
        0.025513999019356828,
        0.05745166502065838,
        -0.1904261079719833,
        0.1809560405468938,
        0.001652967749555629,
        0.03660268962343745,
        -0.08080049713465623,
        -0.04611377393283406,
        0.1308486524806054,
        0.023050927928001886,
        -0.07423381042666306,
        -0.13714848700772717,
        -0.018586940536038973,
        0.039503819151617735,
        0.20584437034147757
    ]
}