{
    "dataset": 2630,
    "last_cost_avg": 0.085172965286439,
    "statevector_real": [
        -0.056639699021916,
        -0.011813926166669809,
        -0.0036373916953696492,
        -0.11852949703719556,
        -0.2655840644376824,
        0.08920582799086081,
        0.20630756778445894,
        -0.008366934298263105,
        -0.2533844591716427,
        0.024224880364535645,
        0.07416725098668296,
        -0.19534354456993328,
        -0.12701099706568883,
        0.27382813440540216,
        0.017907750345306304,
        0.14851731983963598,
        -0.004652548744999678,
        0.024527786766604154,
        0.04233640587325339,
        0.019671393227932186,
        -0.06585176017822894,
        -0.02084718816842149,
        0.23448946825210037,
        -0.17754603077262937,
        0.2338212502073912,
        -0.016297500145992422,
        -0.009597371984151837,
        -0.03093661732582408,
        0.15793190927599157,
        -0.08280518607367025,
        0.10948254879202962,
        -0.19506272792704585
    ],
    "statevector_imag": [
        0.09557227070622772,
        -0.2884865419944859,
        -0.1302096625942767,
        -0.007714180804468842,
        0.03300860365074489,
        0.20283395309330254,
        -0.10648112160985693,
        -0.016284799306050236,
        -0.10876974075239872,
        0.2526196071076019,
        0.14043984814463562,
        -0.15420272018052392,
        0.05271351943951993,
        -0.15665806166440754,
        -0.026636626535379713,
        -0.039464770944695665,
        0.008467685034234673,
        -0.006424830219036942,
        -0.02519162299217739,
        0.006096691797957879,
        -0.07659948636997005,
        -0.12975432091018516,
        0.04867418353866871,
        0.08911132102933425,
        -0.14906808733305293,
        -0.013022936211548267,
        -0.008916692759288407,
        -0.11401692481082193,
        0.05827170636798221,
        0.124476704937002,
        -0.0851490174193126,
        0.016293240755244322
    ]
}