{"f": [-0.0169677734375, 0.010009765625, -0.02532958984375, -0.04534912109375, -0.0003662109375, -0.07086181640625, 0.01171875, 0.04583740234375, -0.0111083984375, -0.003173828125, -0.09783935546875, -0.01806640625, -0.00115966796875, -0.0084228515625, -0.01470947265625, 0.02313232421875, -0.00091552734375, -0.02020263671875, -0.00872802734375, -0.00128173828125, -0.01263427734375, 0.04132080078125, -0.0185546875, 0.00225830078125, -0.04638671875, -0.00250244140625, 0.0181884765625, -0.0601806640625, -0.01715087890625, 0.0103759765625, -0.02301025390625, 0.00537109375, -0.01055908203125, -0.00128173828125, -0.02459716796875, 0.00189208984375, -0.01812744140625, -0.021240234375, -0.0283203125, 0.02734375, -0.00201416015625, -0.00836181640625, -0.06243896484375, -0.03228759765625, -0.0032958984375, -0.04119873046875, -0.04132080078125, -0.0087890625, 0.00518798828125, -0.08148193359375, -0.00653076171875, -0.00653076171875, 0.00732421875, -0.0018310546875, -0.00164794921875, -0.0638427734375, -0.01123046875, 0.01629638671875, 0.03717041015625, -0.022705078125, -0.09185791015625, 0.0203857421875, 0.005126953125, 0.0166015625], "accuracy": 0.59375}