{
    "dataset": 3807,
    "last_cost_avg": 0.080775815622975,
    "statevector_real": [
        -0.20074647649679717,
        -0.08853000684412438,
        -0.028824085239310904,
        -0.11084123119105092,
        -0.08674320961726247,
        0.13044435514191313,
        0.03496602255996432,
        0.09914874077549063,
        -0.07916057704487911,
        0.09368325727504825,
        -0.1796754745018643,
        -0.03228721286978397,
        -0.05727075769847394,
        0.012727493126006333,
        -0.00760423877794693,
        -0.013172210351125497,
        -0.14446747785899774,
        -0.10685940040511907,
        -0.08596636375874844,
        0.18662703810490155,
        -0.10797192561928541,
        0.05335365249531194,
        -0.22782574184565774,
        -0.13329313774107449,
        -0.08808496732219827,
        -0.24406817225164187,
        -0.09673464539705087,
        -0.14198851315912311,
        -0.05337829225472161,
        0.06197768630856177,
        0.0019704701042685692,
        -0.020849795453661883
    ],
    "statevector_imag": [
        -0.10793025559881093,
        -0.010757317275933933,
        -0.14745467420768102,
        0.1854228574172337,
        0.1459077326984999,
        0.07409650157101547,
        0.13861714604078065,
        -0.07661906258587606,
        -0.15649269374370503,
        -0.14900449838988797,
        -0.1650229696942228,
        0.31027977883099966,
        0.06394033447212749,
        -0.22754950327280982,
        6.898485923281894e-05,
        0.011118181133484166,
        -0.0164392241082644,
        0.02526854356078604,
        0.19002108915035376,
        -0.05774477311722497,
        0.16853528436065715,
        0.24950920382108557,
        0.07243458066847056,
        -0.12540074311293567,
        -0.22548277541423675,
        -0.03295916652027179,
        -0.08917592788074875,
        -0.04614735170074899,
        0.1655998094691912,
        -0.02242556200448369,
        0.022771494247124303,
        0.008328635318918655
    ]
}