{
    "dataset": 238,
    "last_cost_avg": 0.1161786942007841,
    "statevector_real": [
        0.16802513885392817,
        0.02242021173204165,
        -0.014427549244687633,
        -0.009656826799024253,
        0.06161729055397087,
        0.07791068060974701,
        0.05393236830612488,
        0.31032751176830553,
        0.16819035998485196,
        -0.06468330646150892,
        -0.23842614996324185,
        -0.0015226539489923284,
        0.17635411298770437,
        -0.005558674918819983,
        -0.03919639314832085,
        -0.024120008690920652,
        0.041580691763738194,
        0.028063677347034063,
        -0.08046802584122038,
        0.1378109928011472,
        -0.024187022394306375,
        -0.11823332818465881,
        -0.13078798122623578,
        0.009035934785722571,
        0.11072880725020202,
        -0.10811804621064415,
        0.10389618993771006,
        -0.2273434306811869,
        -0.000816225885180412,
        0.06895407149884171,
        -0.07127412394986363,
        0.2694462213711934
    ],
    "statevector_imag": [
        -0.1289484943304507,
        0.1239711992247486,
        0.12330333209965608,
        0.012455903527233053,
        -0.19723632729212232,
        0.060757188668641784,
        -0.13406962997642063,
        0.04803144039000726,
        0.12868240240517356,
        0.09536341504421536,
        -0.0424332750866918,
        -0.25955487655138954,
        -0.15520431225099315,
        -0.22368786073791327,
        -0.07642494007088467,
        -0.014798131488882833,
        -0.09564565322889855,
        0.028656867430096537,
        0.10629323805480388,
        0.17353092485529586,
        -0.038205359420769046,
        0.1267172674777142,
        0.1575260430808817,
        0.07845327077878712,
        0.05330167674944191,
        -0.088769555532803,
        -0.24160011547402266,
        -0.07391359194879367,
        -0.12170848941365305,
        -0.1268012739151537,
        0.13631839569854795,
        0.03973413017853018
    ]
}