{
    "dataset": 0,
    "circuit_id": 9,
    "layer": 5,
    "num_params": 30,
    "expr": 0.006795888960475114,
    "entcap": 0.9788001384947607,
    "num_iter": 45,
    "last_cost_avg": 0.11446380615234375
}