{
    "dataset": 2348,
    "last_cost_avg": 0.113092905125591,
    "statevector_real": [
        0.011479353139895733,
        -0.005699650071093904,
        0.13900798606369902,
        0.016065338101843987,
        0.18727802904775945,
        0.08916607393041363,
        0.21731967727250426,
        -0.01662721643666312,
        0.22806698975371226,
        0.1541202082898815,
        0.26730069095520975,
        -0.022443431838032487,
        0.1938171743474727,
        -0.05007723440612774,
        0.0005952634283079273,
        0.19336675799535,
        -0.11640093096555292,
        0.27953973655439157,
        0.03300977247274602,
        0.11478667530550724,
        -0.1512698702923248,
        -0.06010222732404396,
        0.11153968766329632,
        -0.2080805320069877,
        0.0005153309229946614,
        -0.041841964438228386,
        0.18747467194778522,
        -0.007389011438156739,
        -0.14800682620724914,
        0.09433715002504374,
        -0.05520946919099999,
        0.21224084225497164
    ],
    "statevector_imag": [
        0.007211020062699169,
        0.011023100338504023,
        -0.10490531815277782,
        0.20818663985983088,
        -0.18402738785531447,
        0.02517546569221596,
        0.020652830900854728,
        -0.1098735986882296,
        0.048475230159597205,
        -0.07348210969541442,
        0.11547199495305548,
        -0.016363463780666835,
        0.1281878250289434,
        -0.1536557274951681,
        -0.005960493077924938,
        -0.08821192313447919,
        0.05426667234195229,
        -0.06285378435937433,
        -0.041251416615468224,
        0.014248893710311135,
        0.20986418359404294,
        0.26808599983703035,
        0.04608774430337431,
        0.05537896965038837,
        0.005785369956736949,
        -0.0034004828775000924,
        0.042798467506405063,
        0.1845125078069048,
        -0.1491304513568826,
        0.030108434870841153,
        -0.0013651860314615526,
        -0.02820774514770579
    ]
}