{
    "dataset": 1440,
    "last_cost_avg": 0.09257228694054567,
    "statevector_real": [
        -0.1336097405842723,
        -0.1300356159806956,
        -0.06017120478005569,
        -0.0548896783714784,
        0.012215121276593011,
        -0.04925222088249824,
        -0.07102479148180263,
        0.09402680511455141,
        -0.11818364335561789,
        0.18200417127457208,
        -0.022272834562821423,
        0.07938220764916736,
        -0.08317041508596938,
        0.08512620139130958,
        -0.05960546077908342,
        0.11835851131600354,
        0.13103393053805631,
        -0.017514868505992563,
        0.04411528048557095,
        -0.09600552415187048,
        0.12249464159853558,
        0.040280989048138344,
        -0.1600638945148562,
        -0.113699953393887,
        0.06946833257795511,
        -0.059452406520509676,
        -0.1390384020257699,
        -0.06554820664798217,
        0.006772101238166197,
        0.10463880778687726,
        0.015885716736473945,
        0.0036623085568907943,
        0.07012970132651622,
        -0.14451872433115986,
        -0.11292229921520526,
        -0.014977146194052297,
        0.016078772700026077,
        -0.13301082963969985,
        0.10311272631492711,
        0.024984757109615098,
        0.13950880298571375,
        0.01250363362376389,
        0.13990448047600235,
        -0.14398255655462802,
        -0.11317428691046129,
        0.09504489041436719,
        0.15385491722358638,
        0.031096191919003903,
        0.051024368880031964,
        0.0044721533851912925,
        0.10823315450083254,
        0.024477984869050087,
        -0.04943506657109454,
        -0.01653086259677709,
        -0.018370783725125826,
        -0.03179156179632984,
        0.007176745589709361,
        0.0025323274393076194,
        0.01575160298568801,
        0.04637294734336401,
        0.046831832402700835,
        0.09526613631746345,
        0.011441326712274056,
        -0.013902817621129009
    ],
    "statevector_imag": [
        0.06180231638295869,
        0.06917047579651474,
        0.124346726828181,
        -0.12600799173442392,
        -0.004261934559006208,
        -0.06859229242256984,
        0.13291584793013908,
        0.05040918415789207,
        -0.010434957129105535,
        -0.08444368561460232,
        -0.0036008701684792145,
        0.09661231141133485,
        -0.08864917285866951,
        -0.05265145823569443,
        0.00010730850501144371,
        -0.04117053901237135,
        -0.1778370980795129,
        0.11794575844099123,
        -0.17899162586454687,
        0.11050035792649412,
        0.0056416575538745265,
        0.13986443343575033,
        0.015976667551023848,
        -0.11242316710659568,
        0.09435957004938261,
        0.027386280309869233,
        -0.02634695927709248,
        -0.08482899870372711,
        0.0035040996753920098,
        -0.03819366572482074,
        -0.14658076201418802,
        -9.108408661531004e-05,
        -0.0185121090308318,
        -4.494410697361098e-05,
        -0.11953579560284061,
        0.007459316617965079,
        0.00011905926194058134,
        0.0427120995299947,
        0.013699436323620149,
        0.11018514233001304,
        -0.058044953339948795,
        0.07412509664157203,
        0.0051959426846151895,
        0.09622400521134858,
        -0.019743290665359747,
        -0.11772045505396486,
        0.003623118406682165,
        -0.09990061677837225,
        -0.1697584901427793,
        0.09606291038727237,
        0.046310568934297865,
        0.18996993426136186,
        0.006557073210894596,
        -0.08766051769963619,
        0.17361520163916927,
        -0.05305122930437543,
        -0.002117856664034888,
        -0.003101852428701919,
        -0.16331227143612526,
        0.06979548646425743,
        0.028294471033674416,
        -0.06750901997896584,
        0.09993103983954243,
        0.17425718831502637
    ]
}