{
    "dataset": 0,
    "circuit_id": 16,
    "layer": 3,
    "num_params": 51,
    "expr": 0.11511514538153554,
    "entcap": 0.48586669118427195,
    "num_iter": 100,
    "last_cost_avg": 0.018932342529296875
}