{
    "dataset": 913,
    "last_cost_avg": 0.08760738678711588,
    "alpha": [
        0.043747276578399885,
        0.00034614560149791264,
        0.03700040315667309,
        0.020536117705832763,
        0.0332231218778153,
        0.036993429008464536,
        0.05164485122544044,
        0.04488706747837235,
        0.010688882312630448,
        7.112800665437983e-05,
        0.10394508613875578,
        0.029325112633269083,
        3.929937024531826e-05,
        0.013353543396747325,
        0.02190119443005939,
        8.795859840251542e-06,
        0.037963878614638194,
        0.01674755427154262,
        0.05435845919640327,
        0.01556125177137184,
        0.08363087299558773,
        0.04290831541443033,
        0.0762293107508943,
        0.04851651471934061,
        0.04980615771233549,
        0.028873786952353556,
        7.264656553635326e-05,
        0.024175732185203698,
        0.01483605758686751,
        0.04806616612654383,
        0.0004445373866479813,
        0.01009730296960452
    ]
}