{
    "dataset": 0,
    "circuit_id": 11,
    "layer": 3,
    "num_params": 60,
    "expr": 0.006666741022694351,
    "entcap": 0.8803644692265453,
    "num_iter": 100,
    "last_cost_avg": 0.10478591918945312
}