{"f": [-0.01171875, 0.0738525390625, 0.06585693359375, 0.0162353515625, -0.0164794921875, -0.03033447265625, 0.0133056640625, 0.01043701171875, -0.00177001953125, 0.00048828125, 0.0576171875, 0.089111328125, 0.0225830078125, 0.02008056640625, 0.10162353515625, 0.004150390625, -0.02301025390625, 0.06488037109375, 0.01141357421875, 0.101806640625, 0.0316162109375, 0.03240966796875, 0.02435302734375, -0.05023193359375, -0.0152587890625, 0.07208251953125, 0.0283203125, 0.00909423828125, -0.04986572265625, 0.0107421875, -0.0108642578125, 0.03656005859375, 0.01739501953125, 0.0220947265625, 0.01611328125, 0.02105712890625, -0.053955078125, 0.00067138671875, -0.029052734375, -0.0322265625, 0.039794921875, -0.06292724609375, 0.04034423828125, -0.01788330078125, 0.0361328125, -0.0379638671875, 0.034423828125, -0.04437255859375, -0.0030517578125, 0.048583984375, -0.036865234375, 0.03619384765625, -0.0665283203125, -0.00054931640625, 0.059326171875, -0.03387451171875, 0.02484130859375, -0.00213623046875, 0.0521240234375, -0.02557373046875, -0.0015869140625, 0.017578125, -0.02435302734375, -0.0054931640625], "accuracy": 0.46875}