{
    "dataset": 605,
    "last_cost_avg": 0.09613418276721016,
    "statevector_real": [
        0.1514019576842545,
        0.022505117790776553,
        -0.04360243211689648,
        0.07626543973433728,
        0.13038974660460975,
        0.05120083945783637,
        -0.08253129069774517,
        -0.01832937131036658,
        0.02784940597219089,
        0.16452119751820163,
        -0.015661059833100507,
        -0.11858399229476477,
        0.07787394370439735,
        -0.004142242961328736,
        -0.08440493259855601,
        -0.16661531129711218,
        -0.12587474493910217,
        -0.06032457475469518,
        -0.09494854819312233,
        -0.00468270010626024,
        -0.20226589122405916,
        0.20740803968728527,
        -0.08663802025514661,
        0.009178438983143505,
        -0.10693088606983651,
        0.17332050342100463,
        -0.11195599718610223,
        -0.08733066867865096,
        0.06822923188857631,
        -0.14892087738779652,
        -0.13472330566459448,
        0.03543078394389809
    ],
    "statevector_imag": [
        -0.009179627681137026,
        0.14326705556951652,
        0.14017772782112956,
        0.04702639265702149,
        0.17552324276391926,
        -0.2840214130808784,
        0.11305396736477938,
        -0.273995141319508,
        0.1948993009134159,
        -0.011973670023126793,
        0.2028770019982657,
        -0.1690912173623955,
        0.02977306037009537,
        -0.06876900803941273,
        -0.0753774351567468,
        0.1281911525076719,
        -0.06889595781244777,
        0.23962940351706358,
        0.03106063006761741,
        -0.0059229293042383415,
        0.15575734954461914,
        0.15461343153810245,
        0.17594421735040297,
        -0.0036537534366934805,
        -0.16045291678522877,
        0.08973256734719316,
        -0.17035278589351338,
        -0.16142919041439655,
        0.0010958848405878403,
        0.11201960187913863,
        -0.027390171025158595,
        0.09570493773624798
    ]
}