{
    "dataset": 0,
    "circuit_id": 1,
    "layer": 4,
    "num_params": 48,
    "expr": 0.21732582656425276,
    "entcap": 2.088070331038285e-31,
    "num_iter": 45,
    "last_cost_avg": 0.013355255126953125
}