{
    "dataset": 27,
    "last_cost_avg": 0.09270165564269248,
    "alpha": [
        0.04856307794299982,
        0.019474280512441558,
        0.030767538653255825,
        0.04021521496467361,
        0.02966167739334985,
        0.03028713043572411,
        0.0250218119241644,
        0.04514570998930987,
        0.03428490435724779,
        0.0006703177808303456,
        0.07640482544985837,
        0.019341181834920135,
        0.02333283017820786,
        0.044577150719466295,
        0.05068440191158756,
        0.007119437812825127,
        0.005759816068516923,
        0.013658978511610239,
        0.055154369473965695,
        0.012591102688256655,
        0.07478145370532786,
        0.03742129616763338,
        0.053201156581085596,
        0.021152562701407442,
        0.040600327049394536,
        0.009140520137694766,
        0.0002516989672280699,
        0.02450369099201228,
        0.03152260565603417,
        0.05257705924692577,
        0.02828258397022367,
        0.013849286221820354
    ]
}