{
    "dataset": 2033,
    "last_cost_avg": 0.07807225187716305,
    "statevector_real": [
        -0.02955154982179549,
        0.15092452535073175,
        -0.12829277791851348,
        0.09443251213031688,
        -0.07549839287642046,
        0.045583806747762544,
        -0.03384426157668357,
        -0.0315576682308336,
        0.009741417558983815,
        -0.13253599776370867,
        0.09990336600155367,
        0.0018041231853870136,
        0.011487429388359477,
        0.02033006762155284,
        0.0952715501374791,
        -0.13731240818514226,
        0.07168361473566055,
        -0.10737521101222833,
        0.1137584950940556,
        0.053288758703150994,
        0.09551220877104492,
        0.17070079851444694,
        0.008818300389796137,
        0.0664074335250655,
        -0.14755239695751182,
        -0.047167109496379485,
        -0.12470657077778904,
        0.06536093498364907,
        0.11675258336107727,
        -0.11136073444310164,
        0.03761029337517491,
        0.06553770907944613,
        0.13751091166970328,
        0.014436817516472605,
        -0.08651055505274516,
        -0.028258084722361583,
        0.09274363994246958,
        0.021170196198177987,
        0.07380510204452141,
        -0.04684289199260538,
        0.09583530536252237,
        -0.1050555806175452,
        0.064292430299495,
        -0.11871848176827575,
        0.09941465537717674,
        -0.07563907567961169,
        -0.12018640463536191,
        -0.03834726049712254,
        0.05252989703153724,
        -0.12756472412771813,
        0.1458538145843746,
        -0.03843554963547323,
        -0.03470791150156435,
        -0.042436580805152516,
        -0.1607469033832898,
        0.15965902697488335,
        0.0564307877787516,
        0.08670757885103551,
        0.09626455943512158,
        0.19962071497831244,
        -0.03694860975058737,
        -0.001088408096033027,
        0.031177707306597312,
        -0.06295153160104504
    ],
    "statevector_imag": [
        0.058990800634008626,
        0.0035381413439402893,
        -0.028985150015681402,
        -0.004979585845166152,
        0.09777372905415006,
        0.09402773958690576,
        0.04503429622926315,
        -0.14846432391457562,
        0.12484428787642746,
        -0.0806991276929708,
        0.03138633741948407,
        -0.02907754134456323,
        -0.0909584198636511,
        0.149884572771178,
        0.03933888147886673,
        -0.05394121409470844,
        0.14061755254980718,
        -0.060646232111903245,
        -0.04186448094487572,
        0.20585380264969133,
        -0.057212394795608426,
        0.01827468153759729,
        0.007854855555829718,
        -0.034833335863127646,
        0.10423361816595639,
        0.11476146505350264,
        -0.0877041024654608,
        0.09040411379712365,
        0.11041096689322166,
        0.09472064793585096,
        -0.14124507357212854,
        -0.044719278309040746,
        -0.005883507648703855,
        -0.006901959233471257,
        -0.03996053826354696,
        -0.022625992003618915,
        0.09176410459231643,
        0.10648401790615783,
        -0.06596367430364619,
        -0.12663133536691948,
        0.09744226922377364,
        0.0033245916461697835,
        0.08002938942073484,
        -0.0405405828706787,
        0.1405504926262966,
        -0.004461292116570956,
        0.034998802405129904,
        -0.028908036656993697,
        0.13427028398054366,
        -0.029065971225236135,
        -0.09346672116864777,
        -0.11850642384307246,
        0.10127366598114942,
        -0.033302755590641706,
        -0.0024862752642155622,
        -0.122794377205378,
        -0.14493029275500915,
        -0.08442043682731942,
        0.009676376230258278,
        0.003989856261128904,
        0.08910824488423838,
        0.013587849867235394,
        -0.057099675954559635,
        -0.0836065331180941
    ]
}