{
    "dataset": 701,
    "last_cost_avg": 0.10098328495922021,
    "statevector_real": [
        -0.06396703584072172,
        -0.1543274348231428,
        0.06902131716303722,
        0.15740418949783783,
        -0.08979429065645364,
        0.0949317871453749,
        -0.1584523956455872,
        -0.05966269512244433,
        -0.16083020348276572,
        -0.03934978450504335,
        0.06696717161636487,
        -0.0036627465631270477,
        0.08813162663126496,
        -0.05420932293801672,
        0.028133148219311174,
        -0.04899542627933692,
        0.06343872934370581,
        -0.10708439356926959,
        -0.10071399789312782,
        -0.16051728298609572,
        -0.06800498544144566,
        -0.025375806172657212,
        -0.14544695137997035,
        -0.045710246963561935,
        -0.1362798633530468,
        -0.025965299540566016,
        0.0023009947444537727,
        0.04636836768639868,
        -0.0753094867221068,
        0.08842158514649108,
        -0.020922432458671415,
        0.009451482883155457,
        0.137366271831845,
        -0.035474872349765256,
        -0.16178728039647872,
        0.10838071039338201,
        -0.0627699339862428,
        -0.08515243350022027,
        -0.030390530217317007,
        0.0028204150190309814,
        -0.066808437797718,
        0.13648020616175577,
        0.0193292945978539,
        0.030561927026056087,
        0.00836456337061139,
        0.14209644649990033,
        0.030985708210690032,
        -0.13131682811818196,
        -0.07492139506242233,
        -0.06998054148073411,
        -0.1321172443041781,
        0.12256820897888282,
        0.03335946926959149,
        0.04476546819379824,
        0.11335979823916842,
        0.05998675002755146,
        0.11987544089580333,
        0.07717110878420104,
        -0.07713505716273088,
        0.12559391936934589,
        0.004154295705175137,
        0.10587926396876074,
        -0.14627159455718086,
        -0.0014766662935822765
    ],
    "statevector_imag": [
        -0.10543364352436417,
        0.05142637222411923,
        -0.11225302144225831,
        -0.09838423768453569,
        0.13317062249049838,
        0.052909095983920525,
        0.1416689345328067,
        -0.061746053361425995,
        -0.0346159737012747,
        -0.011783361555802327,
        -0.1411522956977935,
        -0.14610390283766367,
        0.0557423655798949,
        0.11940501160383643,
        -0.06866425831119279,
        -0.08732465213163278,
        0.038531468898117496,
        -0.050937529591635125,
        -0.02220032814789811,
        0.048744672082744515,
        -0.10533178101654993,
        0.07345112717534985,
        -0.06501194922710062,
        -0.04825746100312191,
        -0.08261096373494459,
        0.07754619389938698,
        0.0647377118403044,
        -0.019268251284490428,
        0.12893625726108812,
        0.051382983787210776,
        0.013618974644602192,
        -0.09116269565340869,
        0.04185961226293407,
        -0.14957442016680972,
        -0.036726098072208495,
        -0.0511529251270816,
        -0.11483981405947705,
        0.04790698913075505,
        -0.10810008988082973,
        0.13522194280417896,
        -0.12543717600365192,
        -0.13704940772058777,
        0.07907087537468194,
        0.00965001430145238,
        -0.16040428681683352,
        -0.09906602199288578,
        -0.0029452860622153224,
        0.13249448619887683,
        0.07287183943587913,
        -0.021513351527947654,
        0.0466814936233642,
        -0.1264107194049836,
        0.022435316959119704,
        -0.03464263284651813,
        0.0245466304043848,
        -0.014076298422945263,
        -0.053925780056698354,
        0.06734410741296154,
        -0.11359216356899862,
        0.09945707378280583,
        0.018146336614408107,
        -0.03088402211879747,
        -0.10459126059624087,
        0.032678415298371094
    ]
}