{
    "dataset": 133,
    "last_cost_avg": 0.08336221031400803,
    "alpha": [
        0.0477698484877336,
        0.0006391386298040106,
        0.037601488098299704,
        0.002249955704152636,
        0.027543021770590672,
        0.04909343978758944,
        0.00869680154343519,
        0.07017565704671459,
        0.006771527073008777,
        0.004739752811647393,
        0.10585488038598415,
        0.013710557333509654,
        1.079421205935814e-05,
        0.02288755968731077,
        0.012342154014777201,
        0.00012763714857843428,
        0.022143699586419135,
        0.015443425057107963,
        0.07575722973325755,
        0.047355749056461116,
        0.08403434749527629,
        0.01562285803726543,
        0.08241824918064913,
        0.029517592059420634,
        0.027355763388732694,
        0.02585687489413276,
        0.022454891881371182,
        0.03148897183023188,
        0.010353438709013266,
        0.06509600010412404,
        0.0010699485835939657,
        0.03381674666774738
    ]
}