{"f": [0.02691650390625, 0.0042724609375, -0.002685546875, 0.01470947265625, 0.05810546875, 0.04132080078125, -0.012939453125, 0.0162353515625, 0.00274658203125, 0.03277587890625, 0.0350341796875, -0.00396728515625, 0.010009765625, -0.00048828125, 0.00091552734375, 0.065673828125, 0.01177978515625, 0.00750732421875, 0.02923583984375, 6.103515625e-05, 0.0040283203125, 0.0838623046875, 0.001953125, 0.0098876953125, 0.049072265625, -0.0028076171875, 0.02178955078125, 0.0487060546875, 0.0206298828125, -0.0028076171875, 0.03985595703125, -0.00201416015625, 0.01214599609375, -0.0009765625, 0.0545654296875, 0.0206298828125, 0.01763916015625, 0.0311279296875, 0.0294189453125, 0.074951171875, 0.030517578125, 0.02728271484375, 0.03387451171875, 0.0274658203125, 0.014892578125, 0.01348876953125, 0.026123046875, 0.00262451171875, 0.016845703125, 0.03936767578125, 0.0230712890625, 0.014892578125, -0.00518798828125, 0.06964111328125, -0.0035400390625, 0.0457763671875, 0.0078125, 0.08929443359375, 0.02191162109375, 0.05328369140625, 0.0401611328125, 0.01959228515625, 0.02728271484375, 0.00384521484375], "accuracy": 0.375}