{
    "dataset": 3607,
    "last_cost_avg": 0.07798234737483134,
    "statevector_real": [
        -0.1771149486231713,
        -0.19943853859353952,
        0.24450196334108276,
        0.2767580317923161,
        -0.09212496301634915,
        -0.11781364315744185,
        0.1877598454504588,
        0.11980324864674376,
        -0.08390732996858281,
        0.12886411867499553,
        0.04058140198679213,
        -0.11886398583969385,
        0.038757093459959036,
        -0.0013482841190032065,
        0.06783221464596186,
        -0.12222531525464793,
        0.15546695521192444,
        -0.021917195490744574,
        -0.06631714336361284,
        -0.1285735651271422,
        0.07856735225842339,
        0.277365117648875,
        -0.19397102124707305,
        0.08589292472092946,
        0.18811771214181094,
        0.038653020335072646,
        -0.11721010612240167,
        0.08173205827085739,
        -0.05392189564232438,
        0.033128614778412106,
        0.056976212619844056,
        0.0482013431873979
    ],
    "statevector_imag": [
        -0.12370341307314467,
        0.087949887317384,
        0.060791695100617237,
        -0.1243363659091128,
        -0.07305126149210658,
        -0.025662244811977614,
        0.13076517484347594,
        -0.11936866596294565,
        -0.22484783325475796,
        -0.12492740056841967,
        0.015048014384219453,
        -0.11969844996723948,
        -0.13265411560144247,
        0.061305028330934645,
        0.06566185584470638,
        -0.11763012796914588,
        0.21629792761776764,
        0.17341785438427154,
        -0.15977931849773425,
        -0.025964227954991585,
        0.07631848995146896,
        0.07272610470000579,
        0.06340028146671908,
        0.11337939075747115,
        0.01210736280198513,
        0.12216910423953382,
        -0.11026631730077065,
        -0.06540564005100052,
        0.11703945618487382,
        -0.00033852427708254234,
        -0.10162439843190472,
        0.18203034124040707
    ]
}