{
    "dataset": 3512,
    "last_cost_avg": 0.11514388814558082,
    "statevector_real": [
        -0.1331685253782837,
        0.009334055312888924,
        0.0018442136138622693,
        -0.021372033940739908,
        -0.09253385153761108,
        0.025157653957221034,
        0.14635241934872759,
        -0.2197657126098356,
        0.06986089190924089,
        -0.2729832667701296,
        0.06054258644242166,
        0.15112299803700238,
        -0.04209450449320655,
        0.0008111505795243229,
        0.19982462447555174,
        0.048338706328258596,
        -0.14843453613908647,
        -0.17098026219106446,
        0.07560462040072624,
        0.09837345564691778,
        0.1892354506820885,
        0.13136096613316003,
        0.08566080394870676,
        0.046783458483252945,
        0.04376386035800383,
        0.030772641390466413,
        -0.04115989354230103,
        -0.23787168967476588,
        0.11743806653098188,
        -0.10907805235424982,
        0.24392086356756393,
        0.14611397091246434
    ],
    "statevector_imag": [
        -0.04651827853343224,
        -0.2615082003505849,
        -0.17706322023848403,
        0.10137239414221602,
        -0.09346865393049336,
        -0.1371539732805648,
        -0.12984621985807285,
        -0.028822982053054003,
        0.05245167365934619,
        0.08678169484888987,
        -0.2597315074253409,
        -0.21101924120162005,
        -0.1353472053407329,
        0.004166971527054086,
        0.07214685109365125,
        0.10683961029481111,
        -0.028657431938365254,
        0.06765544773937193,
        -0.14046043218381793,
        0.08509100448822918,
        -0.11686681699831905,
        0.0315997760417754,
        -0.04914216923037687,
        0.08109308004827193,
        -0.02441517082774475,
        0.10951917993885935,
        0.09411353978834323,
        0.01263609466342297,
        -0.20636802746787875,
        -0.11421403978036952,
        -0.027772190399394187,
        0.08523115613826318
    ]
}