{
    "dataset": 969,
    "last_cost_avg": 0.11753192052251561,
    "statevector_real": [
        -0.16943897581535386,
        -0.09681580367536743,
        0.16397746708638802,
        0.09886418955091947,
        0.002732426752225334,
        -0.14334906908285489,
        0.2285219668008293,
        -0.021518226310783987,
        -0.16392809764776797,
        0.2599945530565107,
        -0.1067237967984131,
        0.06912755527516863,
        0.04000021112441485,
        -0.1354986348402394,
        -0.017741121650766693,
        0.07915872066255283,
        0.03185404325597016,
        -0.15421370362731934,
        0.034608497686854485,
        -0.02026024299639571,
        0.17795082727366954,
        0.16912407955762288,
        0.013071439193583844,
        0.06533625353302373,
        0.0095045188777417,
        -0.03147770109522155,
        0.03107086662881162,
        -0.031170388159972376,
        -0.08151104015858496,
        -0.12158087596569929,
        0.1292107212413047,
        0.17867200217667029
    ],
    "statevector_imag": [
        0.0464697283447082,
        0.13495700557643792,
        0.034604824662378,
        -0.07497284694738018,
        -0.12338268696724747,
        0.021393473256154063,
        0.037845968248628015,
        0.21996705236332303,
        -0.04917640758033957,
        0.0790393841402371,
        0.13502424416821115,
        0.017594257801809947,
        0.2342973977845219,
        0.04557151705738712,
        0.032658979539607357,
        -0.18514855356659424,
        0.13036001500374075,
        -0.00933561395391381,
        -0.169022123650461,
        -0.22930737260937292,
        0.2419074659240384,
        0.0794104885933255,
        -0.10862084936866759,
        -0.038417475650458784,
        0.004979090553032166,
        -0.22366635240420826,
        -0.14273011223905052,
        -0.09409978310155445,
        0.041272685630622585,
        0.21530961395142262,
        0.17108104434366905,
        -0.07417495299138928
    ]
}