{
    "dataset": 0,
    "circuit_id": 13,
    "layer": 1,
    "num_params": 14,
    "expr": 0.30640668526116177,
    "entcap": 0.21496408261322655,
    "num_iter": 1024,
    "last_cost_avg": 0.04657478191356694
}