{
    "dataset": 2352,
    "last_cost_avg": 0.08351920336803549,
    "statevector_real": [
        0.20005190822861105,
        -0.027897045480277223,
        -0.13388210016222019,
        0.15174347279375305,
        -0.005132036907367966,
        0.11172510631605322,
        0.0014092862579116977,
        0.005547301479338231,
        -0.1231755945514133,
        -0.020633522009522624,
        -0.1672774195403404,
        0.16205571342133596,
        0.006531151616830944,
        -0.009348279643385918,
        0.13365806021809218,
        0.1631814216488888,
        0.32472451264288404,
        0.15539843098416176,
        0.0481283045795024,
        -0.03394922404351802,
        0.24762663314352049,
        -0.0032482266459700994,
        -0.22088098013998075,
        0.05980851975006098,
        0.17716802990043992,
        -0.18838386899127035,
        -0.11482514419998864,
        0.06148427259283327,
        -0.044433104383929514,
        -0.043621751480393774,
        0.006031584044631308,
        -0.0502688471179485
    ],
    "statevector_imag": [
        -0.17582426242390842,
        0.2726216973505639,
        -0.16345120841856436,
        -0.04081262010541982,
        -0.013924051473474164,
        -0.09041658558513144,
        0.08051036144839996,
        -0.0017349526787032593,
        0.20181754800972615,
        -0.02680095143409248,
        0.161235910558058,
        0.07950493273105112,
        0.012277231113038273,
        0.013969078311534565,
        0.04995777242739919,
        0.1250004130274354,
        -0.05113794199264506,
        0.09712146508670046,
        0.16679430190209382,
        -0.013452181043488443,
        0.030193759618406125,
        0.03286800121260741,
        0.04750239472525705,
        -0.20567497643621577,
        0.03964323564615232,
        0.10835706891137747,
        -0.17137710255702832,
        0.029985065253004296,
        -0.1094082079736306,
        0.26163641967662615,
        -0.006030318556172673,
        0.05343570077462826
    ]
}