{
    "dataset": 0,
    "circuit_id": 19,
    "layer": 2,
    "num_params": 36,
    "expr": 0.03695843479169482,
    "entcap": 0.5996761938543909,
    "num_iter": 1024,
    "last_cost_avg": 0.11108118779183385
}