{
    "dataset": 0,
    "circuit_id": 18,
    "layer": 7,
    "num_params": 126,
    "expr": 0.005127917122542691,
    "entcap": 0.7993283241701064,
    "num_iter": 68,
    "last_cost_avg": 0.010959625244140625
}