{
    "dataset": 1011,
    "last_cost_avg": 0.10427078043667456,
    "alpha": [
        0.0740199841986834,
        0.0002940765193321006,
        0.02326083560991545,
        0.03620697703147702,
        0.018346448003470003,
        0.06254982979298929,
        0.014558077032921756,
        0.04227254781516269,
        0.008131645594717967,
        0.016070505251379923,
        0.0657411734687995,
        0.0023167922524494136,
        0.06399923503142964,
        0.05488101564135518,
        0.021594110102834414,
        0.0031298906351667757,
        0.0074945192453108895,
        0.07369370709358998,
        0.04613425094789519,
        0.027078177146380403,
        0.028291332394214913,
        0.025819317724933424,
        0.04243570469834038,
        0.020034564171438778,
        0.02152964685868274,
        0.0024160995351053672,
        0.04661520128581999,
        0.025026052429963884,
        0.0147075188714232,
        0.05406311681942815,
        0.021903273226105257,
        0.03538437356928279
    ]
}