{
    "dataset": 823,
    "last_cost_avg": 0.09229503396944397,
    "alpha": [
        0.045192518655422995,
        0.036460373625572425,
        0.02696697460430001,
        0.024795853525909226,
        0.03839241353864504,
        0.058743226791227024,
        0.0031434152445930564,
        0.03097705987662967,
        0.02186975012529039,
        0.0009429414148854035,
        0.09383644842571984,
        0.008655442933601872,
        0.026196722396040317,
        0.012302910822872964,
        0.04235504395294792,
        0.02381849318659669,
        0.03592839913230394,
        0.040342093165752116,
        0.07657133922865579,
        0.019316293436782716,
        0.0640620561886442,
        0.02269613789769003,
        0.051246577557896016,
        0.008410951174704473,
        0.03519632454722793,
        0.00012172374073479035,
        0.009054405382475166,
        0.016978595754847968,
        0.028728463508960196,
        0.05411417726610934,
        0.021276702112455987,
        0.02130617078450435
    ]
}