{"f": [0.15655517578125, 0.13873291015625, 0.15679931640625, 0.1307373046875, 0.175048828125, 0.15423583984375, 0.1456298828125, 0.16937255859375, 0.1700439453125, 0.121337890625, 0.10235595703125, 0.107421875, 0.172607421875, 0.12066650390625, 0.15643310546875, 0.1375732421875, 0.181396484375, 0.14971923828125, 0.148193359375, 0.1422119140625, 0.1756591796875, 0.176513671875, 0.06939697265625, 0.18206787109375, 0.12615966796875, 0.172607421875, 0.19378662109375, 0.11566162109375, 0.14141845703125, 0.11627197265625, 0.16412353515625, 0.12347412109375, 0.10797119140625, 0.1396484375, 0.1473388671875, 0.16351318359375, 0.15777587890625, 0.1610107421875, 0.09906005859375, 0.1650390625, 0.14453125, 0.1668701171875, 0.14178466796875, 0.07293701171875, 0.08111572265625, 0.15283203125, 0.14599609375, 0.17266845703125, 0.2054443359375, 0.13397216796875, 0.1793212890625, 0.13323974609375, 0.1851806640625, 0.14373779296875, 0.1285400390625, 0.14141845703125, 0.08367919921875, 0.187744140625, 0.13916015625, 0.14666748046875, 0.08428955078125, 0.161376953125, 0.13433837890625, 0.1749267578125], "accuracy": 0.34375}