{
    "dataset": 0,
    "circuit_id": 13,
    "layer": 7,
    "num_params": 84,
    "expr": 0.010446823387235649,
    "entcap": 0.7912036737728485,
    "num_iter": 1024,
    "last_cost_avg": 0.10508048585459093
}