{
    "dataset": 1024,
    "last_cost_avg": 0.07996208251616399,
    "statevector_real": [
        0.016631509919412667,
        0.03589435711505473,
        -0.009949595328366508,
        -0.06922569615167769,
        -0.028799504553781607,
        0.0964103507041311,
        0.13420076565810404,
        0.00042639717442375784,
        -0.032003128434528495,
        -0.08888514568713314,
        0.15760485616035866,
        -0.0437669022353177,
        -0.06929900179720802,
        -0.05214170209138415,
        -0.10757733798591443,
        -0.04079286648915763,
        -0.07762142776008403,
        -0.00012803321016008587,
        0.11624810159883549,
        -0.12088837929754953,
        -0.024677637731330093,
        0.0007891342533162399,
        0.059427349934862345,
        0.023719423677310465,
        -0.07831600343729396,
        0.017623966787541058,
        0.002367595881404839,
        -0.15235568037919767,
        -0.011422580165098544,
        -0.11951322798310626,
        0.19150094184924574,
        -0.051149905091877494,
        -0.06595596573473232,
        -0.046460958403165956,
        -0.1423098543349612,
        0.029902946606680882,
        0.050494979600001946,
        0.022316391915978784,
        -0.0624988278276985,
        -0.0114805667265389,
        -0.0341726608793673,
        -0.04271436430436499,
        -0.07248220415067119,
        0.004971320111827291,
        -0.15459059174761963,
        0.15220982272667608,
        -0.04629092555317978,
        0.08490576575587304,
        -0.01750043920113166,
        0.054101580992841576,
        -0.1513679481781686,
        -0.14010183668164336,
        -0.04363207997672326,
        0.038008871929035855,
        -0.012753966240060739,
        -0.06452316222524794,
        0.12952172484977745,
        0.05541142937789908,
        0.008864836019755734,
        -0.07789792961341603,
        0.12045456454229424,
        -0.09349154714329135,
        -0.054060203667673765,
        0.09226969327187737
    ],
    "statevector_imag": [
        0.14002920114235495,
        -0.159088255511543,
        -0.06109588429748373,
        -0.13634072734321678,
        0.13566245763816143,
        -0.04075888333010059,
        -0.04810651091576245,
        0.07751538774141861,
        -0.20255850286562516,
        0.015357926539067913,
        -0.0024743276889341637,
        0.11575766988673437,
        0.004699195930538816,
        0.10422165677528386,
        0.10378917948032208,
        -0.06658870816896734,
        -0.16800078935596857,
        0.0225445718859986,
        -0.07782044514457047,
        -0.05824804356969509,
        -0.11134111131886751,
        -0.0061856474006761995,
        0.12121368788292315,
        -0.06766352990527166,
        0.10166168479122077,
        -0.04712289107434504,
        -0.018021119550522754,
        0.003220582657951893,
        0.06348414896113895,
        0.17796306016244454,
        -0.04058782731666358,
        0.032069174167848595,
        -0.1376985960198617,
        0.14240511948971676,
        -0.04058150361281661,
        -0.107887554757881,
        0.13311166540552277,
        -0.18263102290665126,
        -0.03531418593090736,
        -0.0015415741153891628,
        0.09973909838931441,
        0.1196577747886323,
        0.11178850374019995,
        0.00909946500480799,
        -0.012981242419288434,
        -0.028393052663964875,
        0.07453985451006664,
        0.005918220687328994,
        0.07489855054290107,
        0.08728029748215778,
        -0.07444105481736368,
        -0.07367988377970276,
        -0.07910571170255026,
        -0.10279757961633398,
        -0.20933845965956266,
        0.09023021180542122,
        -0.09001982460916004,
        -0.04722440726914074,
        -0.13800910723311607,
        -0.04783256257050371,
        0.006005660313398224,
        0.04879924341685039,
        -0.015370755446260704,
        -0.008935301065895658
    ]
}