{
    "dataset": 2051,
    "last_cost_avg": 0.07402175339844233,
    "statevector_real": [
        -0.14431519077316982,
        0.21979994823400859,
        -0.008039562483795861,
        0.144597463422722,
        0.23753354385011313,
        0.03726097308194092,
        0.24318076080630205,
        0.009912115869569317,
        -0.1999710304102356,
        0.021459152906276684,
        -0.07793142517478244,
        -0.04342030348825002,
        0.1680790821837917,
        -0.24308564359783696,
        0.042064011036431294,
        -0.002675039604516807,
        -0.15125827764085473,
        0.14381136642982156,
        -0.12528166398667698,
        0.18044833286980047,
        0.17936043534623775,
        0.03094446995400163,
        -0.029567065493562646,
        0.21562274343238874,
        0.09307404580689016,
        0.24275171268069123,
        0.04879610198874239,
        0.07593584081177421,
        0.008404638010042568,
        0.09959948600127366,
        0.11110531442526216,
        -0.08500863494104756
    ],
    "statevector_imag": [
        0.032150004965588265,
        -0.06261099347562726,
        -0.10900257314741797,
        0.19666718906595024,
        0.025957614933366947,
        -0.11538546748629935,
        -0.03750194079505704,
        0.01918523870220921,
        -0.028590254820806363,
        0.12888824861091205,
        0.12668671798181438,
        -0.17797035992565693,
        -0.0004805398106798959,
        -0.21722812005601658,
        -0.05856541888260868,
        -0.017135457997504558,
        -0.025180797931457097,
        0.08458647997252416,
        -0.01672588149776349,
        0.04089083820697596,
        -0.019354395584284298,
        -0.24313240732042718,
        -0.0918733344206724,
        -0.05528340317415888,
        -0.03531954705066059,
        -0.22217926085472448,
        0.08069377651908097,
        0.21435833997932688,
        0.01773506880059308,
        -0.00823566851296277,
        0.07719179729242137,
        0.01502014809217605
    ]
}