{
    "dataset": 0,
    "circuit_id": 2,
    "layer": 4,
    "num_params": 48,
    "expr": 0.0016678177580235088,
    "entcap": 0.9062552352172123,
    "num_iter": 76,
    "last_cost_avg": 0.004215240478515625
}