{
    "dataset": 0,
    "circuit_id": 2,
    "layer": 6,
    "num_params": 72,
    "expr": 0.00415925892502394,
    "entcap": 0.9420086095274267,
    "num_iter": 89,
    "last_cost_avg": 0.132080078125,
    "accuracy": 0.828125
}