{
    "dataset": 117,
    "last_cost_avg": 0.08439385373689218,
    "alpha": [
        0.04254430517792899,
        0.0004313794588892359,
        0.040665169113839446,
        0.02093546654094071,
        0.012026075014115126,
        0.05004112226964994,
        0.031255286988554655,
        0.04599766296385226,
        0.00827821380672773,
        0.021998883270968866,
        0.12125182195371097,
        0.027520977968015368,
        0.0001296184985996276,
        0.03571993327433079,
        0.013672665936759625,
        5.408594622533035e-05,
        0.02436416506636724,
        0.0015047762521919576,
        0.0607804469573744,
        0.0368255909488276,
        0.08912804747939837,
        0.01354470361047135,
        0.07091514065993136,
        0.03341009568115841,
        0.038765253281041426,
        0.009644842140371816,
        0.004751900669439455,
        0.029781927151339843,
        0.014658323541091705,
        0.04876409051396748,
        0.01314611898508045,
        0.03749190887883874
    ]
}