{
    "dataset": 225,
    "last_cost_avg": 0.09447057700691988,
    "alpha": [
        0.03911014314244214,
        0.000265394472078768,
        0.03024378039159438,
        0.017344510199675117,
        0.013732087164778837,
        0.04627576319980302,
        0.035364780274239435,
        0.06322828490591917,
        0.028891974921179245,
        0.009682030417098022,
        0.06857930726845132,
        0.040945921087857926,
        0.03751022623192927,
        0.020667538403196187,
        0.031929558233199956,
        0.02759620452116895,
        0.03365685222264255,
        0.006474742559179239,
        0.06642308260162552,
        0.031673767414021184,
        0.07616580195414765,
        0.034743138542716566,
        0.039621725604642014,
        0.02982873119978452,
        0.02531623005914539,
        4.781417338676675e-05,
        0.011663303737016689,
        0.039661009543204936,
        0.01283106427531897,
        0.031219682517471092,
        0.02573517110105266,
        0.023570377660032636
    ]
}