{"f": [-0.12939453125, -0.1129150390625, -0.02655029296875, -0.138671875, -0.09197998046875, -0.15447998046875, 0.00970458984375, -0.042236328125, -0.0440673828125, -0.10430908203125, -0.1387939453125, -0.03778076171875, -0.17376708984375, -0.12176513671875, -0.037109375, -0.07818603515625, -0.0345458984375, -0.02392578125, -0.08099365234375, -0.02850341796875, -0.14410400390625, -0.05224609375, -0.09136962890625, -0.128662109375, -0.11669921875, -0.0611572265625, 0.009765625, -0.128173828125, -0.18170166015625, 0.02716064453125, -0.08807373046875, -0.161376953125, -0.10552978515625, -0.13775634765625, -0.14190673828125, -0.0933837890625, -0.1058349609375, -0.19140625, -0.08673095703125, -0.0604248046875, 0.00091552734375, -0.16259765625, -0.1131591796875, -0.14794921875, -0.0726318359375, -0.12786865234375, -0.14361572265625, -0.10791015625, 0.01361083984375, -0.146728515625, -0.0499267578125, -0.1549072265625, -0.09271240234375, -0.08612060546875, -0.1273193359375, -0.1790771484375, -0.08453369140625, -0.060302734375, -0.083251953125, -0.116455078125, -0.12945556640625, -0.0865478515625, -0.09112548828125, -0.06756591796875], "accuracy": 0.609375}