{
    "dataset": 4045,
    "last_cost_avg": 0.1123339792770841,
    "statevector_real": [
        0.15397445544893115,
        0.03987213961821348,
        0.055521576200176274,
        0.17956567315163005,
        -0.07235674306591845,
        -0.17987851146301523,
        -0.02677566709149722,
        -0.12465491812788532,
        -0.0841350186135657,
        0.10933305559438924,
        0.05408502158841934,
        0.10332192519805984,
        0.12268373032898383,
        0.14636368893370147,
        0.10956989838806859,
        0.17091790380396993,
        -0.1911782677960399,
        0.17871998476111728,
        0.2726343421583905,
        -0.14486009548343287,
        0.07219638280939246,
        -0.05205200547444302,
        0.10970623093067067,
        -0.023255353207886235,
        -0.07137768983999097,
        -0.07855627350211723,
        0.22209687860908373,
        -0.07698785703095222,
        0.08358689765365918,
        -0.1076380564405302,
        -0.14109137602571237,
        0.1287939725044532
    ],
    "statevector_imag": [
        -0.08296828794427881,
        -0.07061727253106934,
        -0.20965821104611587,
        -0.0519967719357322,
        0.1293576029422715,
        0.000523683084165898,
        0.0232899674403708,
        0.08384551635645524,
        0.17134819375694693,
        -0.03993368134237719,
        -0.14105879522261527,
        0.12397653706135368,
        -0.08184993857934567,
        0.05571056329150708,
        -0.0910295778905293,
        0.09185534091285799,
        -0.09482848895650987,
        -0.03597471409919815,
        0.07722927016575507,
        0.16041209696344436,
        0.034390800907069044,
        -0.1386082931611105,
        -0.056828893192530434,
        -0.13077806260177172,
        -0.17012867074011073,
        -0.26859942347759097,
        0.01597963106629477,
        -0.08041710288822505,
        0.018112091001764426,
        -0.15909208585692855,
        -0.2037229587494005,
        0.18990432045825148
    ]
}