{
    "dataset": 0,
    "circuit_id": 9,
    "layer": 2,
    "num_params": 12,
    "expr": 0.0887541921261633,
    "entcap": 0.9999999999999997,
    "num_iter": 112,
    "last_cost_avg": 0.09540939331054688
}