{
    "dataset": 2010,
    "last_cost_avg": 0.1012528025769868,
    "statevector_real": [
        -0.029622766361654663,
        0.009474964445053895,
        0.004367497654358977,
        0.08521790289754161,
        -0.1052182874685933,
        -0.03603577548016457,
        0.05728115471108055,
        -0.005416258281112169,
        0.06458601193802627,
        0.0014310006769114334,
        0.18269048598556603,
        -0.008936804053024845,
        0.14074101477551068,
        -0.10334840246114992,
        -0.23841908508226164,
        0.11835883623613742,
        -0.18377564061559098,
        -0.13509660764162543,
        0.15737499984391085,
        -0.13358058623943544,
        -0.09047808772430552,
        -0.1809077530176836,
        -0.1288287564826732,
        -0.20216814691826232,
        -0.0034440422217938676,
        -0.023365635382259275,
        0.22714721796848214,
        0.0947541762696262,
        0.13672187216100581,
        -0.17891352833454702,
        0.07814124797216372,
        0.10210386634975649
    ],
    "statevector_imag": [
        0.17030536200315302,
        -0.28976927728836344,
        0.010622889865549686,
        -0.1651106780594558,
        0.08679971546918207,
        -0.06762305964882728,
        -0.23137863419523721,
        -0.21672667349791208,
        0.10127292432778444,
        -0.005031774024872983,
        -0.09452449111107421,
        -0.00450485912026131,
        0.1788909718952416,
        0.013185108488723278,
        0.006050043973270761,
        0.17001870106995354,
        -0.12404113328075463,
        -0.16334751856682414,
        0.0982998783346609,
        -0.14659443578324252,
        -0.09058101123231142,
        0.024811090498736785,
        0.00939310549135313,
        -0.061824370959176506,
        -0.20010158260616698,
        0.027107605902505234,
        -0.01602840539865657,
        -0.15133886933791496,
        -0.03796217367931949,
        -0.004319491520404435,
        -0.022244331284700908,
        0.17481575903420465
    ]
}