{
    "dataset": 0,
    "circuit_id": 11,
    "layer": 6,
    "num_params": 120,
    "expr": 0.0041808556716981865,
    "entcap": 0.9435928259078866,
    "num_iter": 76,
    "last_cost_avg": 0.1069183349609375,
    "accuracy": 0.34375
}