{
    "dataset": 0,
    "circuit_id": 4,
    "layer": 7,
    "num_params": 119,
    "expr": 0.004735791320666271,
    "entcap": 0.8066405892749364,
    "num_iter": 67,
    "last_cost_avg": 0.128631591796875,
    "accuracy": 0.390625
}