{
    "dataset": 1289,
    "last_cost_avg": 0.09054103338028537,
    "statevector_real": [
        0.22799650349779263,
        0.05049602553523534,
        0.0029596802320835877,
        0.18862354317565333,
        0.10716825158866929,
        -0.059058935858759244,
        0.16240109299284874,
        0.11259323198484916,
        0.14390389350807337,
        0.06907923478828006,
        0.2124622184380435,
        0.2801061049562523,
        0.052720743879533266,
        0.1515718421544885,
        -0.046680792489545375,
        0.014989162599435021,
        -0.15616017759215844,
        0.16228000623244312,
        -0.09624259097121791,
        0.1787805221535849,
        0.20550651263180078,
        -0.13746131387329613,
        0.02726501646248909,
        -0.15426951625103383,
        -0.014971685884319273,
        -0.03174120611098633,
        0.17549288263804091,
        0.2058359754604632,
        0.17951190017565008,
        -0.031507135827874184,
        0.06468700512487968,
        -0.07574008961143687
    ],
    "statevector_imag": [
        -0.07879149553030954,
        0.02491165473500529,
        0.0009423882039672953,
        0.03573268913674651,
        -0.15478527785913473,
        -0.1644019873700127,
        -0.012563714492040925,
        -0.10663633219033543,
        -0.1467232478361343,
        0.04542569062526127,
        0.09610687594739332,
        0.05792587248113105,
        -0.09839417897081922,
        0.0738323237404535,
        -0.1289746345665678,
        0.01998273442650776,
        -0.04840740275067856,
        0.12793132478057243,
        -0.1363665826451852,
        0.03927290085049597,
        -0.189206923246566,
        0.1866302512536535,
        0.1525993175715968,
        0.15917178748419722,
        -0.023870743541651918,
        -0.142867393122312,
        -0.06563348589815084,
        0.10659985124715861,
        0.11808731535303493,
        -0.12296658074161383,
        -0.0836107158109983,
        0.11698513385722534
    ]
}