{
    "dataset": 0,
    "circuit_id": 19,
    "layer": 8,
    "num_params": 144,
    "expr": 0.0036398382728355396,
    "entcap": 0.926569781073608,
    "num_iter": 1024,
    "last_cost_avg": 0.10388950848756241
}