{
    "dataset": 1040,
    "last_cost_avg": 0.07944258083331265,
    "statevector_real": [
        0.18027223629297973,
        -0.037976986447809835,
        0.08371228094411301,
        0.006537048707863374,
        -0.043332378456475,
        0.02389002711623419,
        0.01710860836892612,
        0.0869039675736697,
        -0.1119579253617383,
        -0.10395645803599755,
        0.08244396856759731,
        -0.05400663139657016,
        0.0013843287466015566,
        0.06975774312557338,
        0.12098999196238945,
        0.06354949655919155,
        0.17805154434639991,
        -0.062453483401151824,
        0.1586746465151172,
        -0.0702775995300746,
        -0.06131721375047147,
        -0.022400860944465802,
        0.07805295269476308,
        0.05876999860113134,
        -0.0165501307525309,
        0.17115653924074503,
        -0.017964459055804374,
        -0.10227272108936294,
        -0.12061652092466954,
        -0.021952792899602457,
        -0.15726610161802007,
        -0.061874060834639186,
        -0.034950424145989534,
        -0.014200666495674696,
        -0.03503223867144726,
        -0.09889464862087259,
        -0.01889318228266467,
        0.021432802163299864,
        -0.06943414341875308,
        0.005996214693458407,
        -0.17567559088896972,
        -0.12942215374188265,
        0.0893846219370604,
        0.1672420911696497,
        -0.07021035511987303,
        -0.0012120156789511883,
        0.11345643167473404,
        0.02821021064616432,
        0.002906022042623475,
        0.06740858643767712,
        0.08260179080876377,
        -0.08125436533834587,
        -0.0594569650791106,
        -0.1470795383292585,
        -0.05306642762272355,
        0.0565832353261294,
        0.09270100915741798,
        -0.07478044440852134,
        0.17835835126049562,
        -0.0015455632712509221,
        0.04199283704934132,
        0.11009905280992155,
        -0.08588585978046889,
        0.012225724537715931
    ],
    "statevector_imag": [
        -0.059966977841795506,
        -0.08974129191763416,
        0.11863394412784772,
        -0.02831601949283049,
        -0.17327524662502636,
        0.1103426932754938,
        -0.041717521514014956,
        0.14394571742861606,
        0.09843027597771055,
        -0.050525927913790514,
        0.0024639633178121087,
        0.07426965388887818,
        -0.08277053063878123,
        -0.015565692020248434,
        0.12078642815522277,
        -0.04698409366290715,
        -0.021690717460571052,
        -0.011264578581156391,
        0.02324469550484462,
        0.018577822051472404,
        0.10215569555504271,
        -0.00047851253011150515,
        0.12635038175616745,
        -0.01170007153504241,
        0.13350967018439752,
        0.026629348495320834,
        -0.0059459288473662315,
        -0.03290589768806247,
        -0.09966475543151933,
        -0.0639911562459742,
        -0.05383694681297687,
        0.09978292833114247,
        -0.05033046163282612,
        0.012080697785026623,
        0.0010170913846002574,
        0.0761508926232294,
        -0.1025883804548157,
        -0.019832677472188323,
        0.10338566824376919,
        -0.13437235938145245,
        -0.014395922033146609,
        -0.018950519552406855,
        0.05515021741242568,
        0.06275960448262301,
        -0.021944663851928073,
        -0.10380089156352605,
        -0.1857930126005897,
        0.051608619731656646,
        0.15849985966815378,
        -0.21577284157546067,
        0.013035627155060407,
        0.06304065640867096,
        0.02811452321205175,
        -0.006679912039761251,
        -0.04378569760683241,
        0.07201030569050053,
        -0.049143449895168306,
        -0.05168530244530543,
        0.081269365078691,
        0.010535733217273259,
        0.11352224104464831,
        0.12320472547101544,
        0.17813535574931988,
        -0.1578396003676269
    ]
}