{"f": [0.04742431640625, 0.01934814453125, 0.03460693359375, 0.0352783203125, 0.07830810546875, 0.05792236328125, 0.07489013671875, 0.01885986328125, 0.04876708984375, 0.03839111328125, 0.06805419921875, 0.09124755859375, 0.022216796875, 0.0560302734375, 0.05303955078125, 0.1087646484375, 0.0601806640625, 0.0545654296875, 0.04034423828125, 0.072265625, 0.013916015625, 0.05816650390625, 0.07928466796875, 0.02056884765625, 0.050048828125, 0.05084228515625, 0.05511474609375, 0.04669189453125, 0.05865478515625, 0.079833984375, 0.05462646484375, 0.00970458984375, 0.0577392578125, 0.03155517578125, 0.08929443359375, 0.05230712890625, 0.04473876953125, 0.0299072265625, 0.06707763671875, 0.06353759765625, 0.08251953125, 0.04595947265625, 0.0552978515625, 0.0787353515625, 0.0660400390625, 0.05694580078125, 0.0396728515625, 0.0423583984375, 0.03533935546875, 0.0570068359375, 0.03656005859375, 0.044921875, 0.0284423828125, 0.08740234375, 0.0068359375, 0.07501220703125, 0.09912109375, 0.06854248046875, 0.0303955078125, 0.04559326171875, 0.03594970703125, 0.04315185546875, 0.0614013671875, 0.04071044921875], "accuracy": 0.34375}