{
    "dataset": 0,
    "circuit_id": 2,
    "layer": 3,
    "num_params": 36,
    "expr": 0.01482487728862597,
    "entcap": 0.8820394142530584,
    "num_iter": 1024,
    "last_cost_avg": 0.12803770379259732
}