{
    "dataset": 1570,
    "last_cost_avg": 0.08057393147087169,
    "statevector_real": [
        -0.02592825762263703,
        0.032656560658443065,
        -0.05893756462854824,
        0.11846369632465503,
        0.1361213126402188,
        -0.10910672242737968,
        0.16308643602725162,
        0.13999830788559398,
        -0.04258481798030442,
        0.02369857390854915,
        0.1278143723015669,
        0.00047549435688172494,
        0.18718266769741956,
        0.08455637421624086,
        0.038372036788323544,
        -0.07216538132671765,
        0.019804425055360023,
        0.03937749328696989,
        0.0070599631200656595,
        -0.005399224441892572,
        0.042980060777263025,
        -0.02870872633625152,
        0.08195183003011734,
        0.002685672801711115,
        -0.11907112512889621,
        0.16897879079558073,
        0.05343892872198069,
        -0.042470361057027076,
        -0.01467860810945656,
        0.006017846908590303,
        -0.020565814045746002,
        0.1360395052125583,
        0.10530502748940342,
        -0.07151986013376258,
        -0.12114111767412959,
        -0.01714924427009213,
        0.08565132518242186,
        -0.007891742265151627,
        -0.145459496075706,
        -0.03962662465512024,
        -0.09027309930181389,
        -0.021600510900343116,
        0.06372517122221312,
        -0.11786396623780401,
        0.057670772928113866,
        -0.04527881867205851,
        -0.010488067100074364,
        0.06297753243576389,
        0.10076388080610227,
        0.06561404742056579,
        -0.20576397102948443,
        0.01621681574188099,
        0.016858877593653534,
        -0.08386783237125257,
        0.16059245509976056,
        -0.014596922296804033,
        0.04939345199700706,
        -0.0041842764257805625,
        0.1521151694019943,
        0.04607362320375612,
        0.14442814676424737,
        -0.12840748219934336,
        0.01884216581275943,
        -0.05183022744477161
    ],
    "statevector_imag": [
        -0.045180909563121534,
        0.1315292237045885,
        -0.06081165479187815,
        0.12037630222353778,
        0.05781297697080896,
        -0.07056542162003351,
        -0.07466107337456462,
        -0.10987513004083052,
        -0.16214661928744187,
        0.014723697807660975,
        -0.0229130871282674,
        -0.03291145019041994,
        0.03030166824516586,
        -0.03887175174634511,
        0.10896527136193229,
        0.010200726295877592,
        0.19264168010658067,
        0.16964817874786622,
        0.09842259396282801,
        -0.12346432943952346,
        0.09414448269954802,
        -0.02401370261300657,
        -0.06252775749067656,
        0.006668416176998087,
        -0.184432746605138,
        0.012870907128987068,
        0.004509080112508837,
        -0.04355911502571627,
        0.12159601110537874,
        0.1270661115725646,
        0.0024852605844403715,
        -0.059120451507412776,
        -0.07441426672673428,
        -0.03813849814394498,
        0.012869020643315757,
        -0.05800715233966518,
        -0.174748612127439,
        0.1493599999245935,
        0.16305489384076968,
        0.1108370258473644,
        0.1018460232961317,
        0.02234140755126579,
        0.0025642251901204314,
        0.0707472961011565,
        0.0347081445305157,
        0.14003429353124702,
        0.02366122116399642,
        0.14408787931217798,
        0.0436701398348615,
        0.0713046764114527,
        0.09033174974472445,
        -0.09364030810222725,
        0.10192882869482363,
        0.0850185076187292,
        -0.058962873413856504,
        0.0063966525673455794,
        0.06132731505392175,
        -0.007504185938100702,
        0.052712808103041305,
        -0.061063706176066886,
        -0.03886272272677182,
        0.009931337448957234,
        0.06412815417483306,
        0.024810072492072427
    ]
}