{
    "dataset": 2249,
    "last_cost_avg": 0.0745041204698086,
    "statevector_real": [
        -0.033608963079572736,
        -0.05516038525630751,
        -0.11302959167441384,
        0.05389317281420897,
        0.12785223576747637,
        0.007883793688729698,
        0.013525315595650523,
        -0.07809795106143831,
        0.03790687928530511,
        -0.020275991653116904,
        -0.048304446929161325,
        -0.13017995547542283,
        0.14115980072256504,
        0.0751468921466568,
        0.07779316889478151,
        -0.0026099351605400755,
        -0.20165755763520643,
        -0.03119063744611319,
        0.14469880635236862,
        0.12581324452303833,
        -0.015770747979492662,
        0.007522424297079079,
        -0.02604397211242994,
        0.06731895022637796,
        0.01297875391324935,
        0.15411025960167468,
        -0.040197826284138316,
        -0.08757434930224851,
        0.02222335249516101,
        0.054067206067479355,
        0.013250371105710559,
        0.14354386700761776,
        -0.11810799355234472,
        0.00453397844863472,
        0.04372729134939086,
        -0.042861301557616006,
        -0.1260721538585522,
        -0.008494772507375138,
        -0.018665095432646606,
        0.007457078732424837,
        0.034809999007417755,
        0.10283610909955161,
        0.014491839934662003,
        -0.05069393768122704,
        0.13352255661442777,
        -0.09450005440358387,
        0.10998197711053749,
        0.017603063024254236,
        -0.13864169601901763,
        -0.08918822977957393,
        -0.07763971677193886,
        -0.15837468032236426,
        0.04808286502136868,
        0.0879428553110489,
        0.03810906596028871,
        0.09396723378287539,
        0.11330699613285726,
        -0.04199914893948226,
        -0.1653382941840805,
        0.15320095954681395,
        -0.16039387531201796,
        0.08945634957920076,
        -0.048757595479223106,
        -0.015428621489940696
    ],
    "statevector_imag": [
        -0.08935640560613929,
        0.0788104021937042,
        0.03841168914453118,
        0.06793163962823484,
        0.04828408285794546,
        0.07519084206689633,
        -0.015630368504601498,
        -0.12764325831441684,
        -0.20758750472189919,
        -0.04419623354267561,
        -0.16045793884501058,
        0.09753299276694521,
        -0.11734109339454352,
        -0.05694162663816979,
        0.013824412713819328,
        0.09315937367777753,
        0.08567885921134272,
        -0.13216864723370567,
        0.021257905744251543,
        -0.031092717247203378,
        -0.007282663794150992,
        -0.015696682370249796,
        0.018269849409215784,
        -0.16268819518851113,
        0.022975996198152836,
        -0.10908494940651324,
        0.12584463074601732,
        0.03644659856772642,
        0.17643345406788608,
        0.1524318186205256,
        -0.13828447235024782,
        0.006194919784823517,
        -0.0009591434915993463,
        -0.004371325267734968,
        0.011063237586909953,
        -0.15218165386985463,
        0.034687774297211725,
        0.15678576991867532,
        0.08600075396308544,
        -0.012892376164677045,
        0.15632929453529568,
        -0.14231031292672935,
        -0.011375584657793609,
        0.023251499583623977,
        -0.007890290950597597,
        0.08607720872397827,
        -0.06853423539631606,
        0.05616225098091882,
        0.04592015473510663,
        0.01680945785994576,
        -0.12981228163038855,
        0.019369890954003433,
        0.10967414892991546,
        0.017339942634955488,
        0.040024243125240666,
        -0.033814347705314204,
        0.012297536241235326,
        0.11794159926196485,
        0.03564452701737691,
        0.02445676857014737,
        -0.049904558535467186,
        -0.014516810251442773,
        0.13065710181387863,
        -0.004205850883477763
    ]
}