{
    "dataset": 694,
    "last_cost_avg": 0.08914145303852167,
    "statevector_real": [
        0.05475274317009526,
        0.057341779795439383,
        -0.042164465651471215,
        0.08791580058250695,
        0.011050190293341566,
        0.15131635976228391,
        -0.09849697380855602,
        0.1694021972197854,
        -0.12896705885973814,
        -0.0535986501473931,
        0.03494819607393257,
        -0.1970738196422205,
        0.18003900818034954,
        0.011451793573714964,
        0.15022972916359537,
        0.002668611030867728,
        0.07612897358958311,
        0.06527702368099707,
        0.02006620359560147,
        0.11127432152698156,
        -0.17241577224257632,
        -0.03238025934446201,
        0.027751326239170666,
        0.08594019345897724,
        0.2308311544229605,
        0.09119210970997722,
        -0.16157009316652154,
        -0.008627777217453067,
        0.06252395766336902,
        -0.005152054508233842,
        0.13567477442247236,
        0.015153646747340294
    ],
    "statevector_imag": [
        0.02235928376662861,
        0.19662362760613442,
        0.13961650104267093,
        -0.21540290530961959,
        -0.1497869755239288,
        -0.11210668682750279,
        -0.11564869228124085,
        -0.09954906161152756,
        0.17612889910573154,
        0.04346081200758444,
        0.008305702678650098,
        -0.018304612958133754,
        -0.14579736249332567,
        0.2143771316947626,
        0.17889985578272644,
        0.018664066871085804,
        0.17734113803381862,
        0.08262581249768579,
        0.01429637187203268,
        -0.015194400310871319,
        0.04244448434917975,
        0.24605065399069714,
        0.15719256997059422,
        -0.0448797436638422,
        -0.06575020258467754,
        0.17503113384122765,
        0.03525284778158482,
        0.008016492795872203,
        0.22776577617692756,
        -0.21354257118900988,
        -0.1991296469800956,
        -0.19642220655494733
    ]
}