{
    "dataset": 2135,
    "last_cost_avg": 0.08890615294538101,
    "statevector_real": [
        -0.06868483082912831,
        0.018980922287120724,
        -0.06600194847371335,
        0.06566217284766397,
        0.07769941923803057,
        0.14202033123237925,
        -0.0668610950020642,
        -0.008353606806356906,
        0.05834363898744707,
        -0.08958087274263123,
        0.03278124405771787,
        -0.011530666266514092,
        0.07063087290331292,
        0.1737574026944203,
        0.01640153912875472,
        -0.10563520606208089,
        -0.04682226824902409,
        -0.0010345735769514911,
        0.044946988508361554,
        -0.05789413839888856,
        -0.022375474878585027,
        -0.05606628012349662,
        0.021897387879166504,
        0.017195315753783122,
        -0.045560631098136,
        -0.012020594909975956,
        0.16722291880321535,
        0.14671837425800993,
        -0.07425198161015444,
        -0.0013511215390060534,
        0.1018892544831527,
        0.01873082777133197,
        0.21268851409628195,
        0.026306842737715257,
        0.07510534117497837,
        0.14498008893089095,
        0.022834619063518188,
        -0.0212573282668653,
        0.0003961642479258417,
        0.16233160173153474,
        0.16031789675946562,
        0.05826280152824147,
        -0.08086258243543536,
        0.04911964646412526,
        0.06415628485485271,
        -0.05232443617323797,
        -0.05452937600558229,
        -0.060793203638224234,
        0.06452206774433157,
        0.036576275334396335,
        -0.15810256498165964,
        0.011792056224945412,
        0.05918754450386725,
        -0.0686495559660128,
        0.024457017152231586,
        -0.032268996941534095,
        0.15982828698197354,
        0.058501884243405126,
        0.0887739973901436,
        0.06824430741169614,
        0.0931674446167943,
        -0.15716358503782685,
        -0.020818356804604202,
        0.1621258411335755
    ],
    "statevector_imag": [
        0.07019125270236867,
        -0.005999919554572691,
        -0.02780341784991386,
        -0.12156355966336298,
        -0.07522125629255266,
        0.11219867597057423,
        0.10275003639139035,
        0.006750570159146306,
        -0.1731580630552714,
        0.03399640424317297,
        -0.0920448598643153,
        -0.005319483738135887,
        0.12483660770086967,
        -0.04812154533583685,
        -0.005410809700547887,
        0.10865589857910611,
        0.11735412721802556,
        -0.13158016178805376,
        -0.06033144348865439,
        0.14103380510554125,
        -0.05154001329385535,
        0.1150846468865933,
        -0.11452384863287533,
        -0.016270602991138392,
        -0.13773733502089144,
        0.05597048939865777,
        -0.047859026010771466,
        0.001906377205889633,
        -0.024605868936102514,
        0.010679173006313028,
        0.1290970062198325,
        0.16278688809706693,
        0.017832443180321154,
        0.0833610494243724,
        -0.11212276087148922,
        0.02586599776580467,
        -0.0025876090221514307,
        0.06695541371534278,
        -0.0029896428366705517,
        0.048952740809295285,
        0.009201452894033037,
        -0.11610303753672717,
        -0.0398193046925446,
        0.1398619834761516,
        -0.13111308868845048,
        -0.10866156040385644,
        -0.09631637587455016,
        0.03938629735418854,
        0.08858483536645353,
        -0.08404273310645988,
        -0.001391947373365624,
        -0.03049630595450199,
        -0.033083238796722834,
        0.16801791874678823,
        0.05572703199621984,
        0.12587368894011247,
        -0.09940428638304809,
        0.1198543824927558,
        -0.11359123557704018,
        -0.08141567366162573,
        -0.12577625918722707,
        0.1253958894041978,
        -0.08149174123818427,
        0.061654584107657104
    ]
}