{"f": [-0.032470703125, -0.02178955078125, -0.02398681640625, 0.0045166015625, -0.01678466796875, -0.034423828125, -0.03863525390625, -0.0389404296875, -0.05987548828125, -0.01824951171875, -0.0343017578125, -0.045654296875, 0.00689697265625, -0.03387451171875, -0.0079345703125, -0.0335693359375, -0.02764892578125, -0.0169677734375, -0.05322265625, -0.0177001953125, -0.00885009765625, -0.03253173828125, -0.04632568359375, -0.02691650390625, 0.00103759765625, -0.0042724609375, -0.01007080078125, -0.00286865234375, -0.02362060546875, -0.06329345703125, -0.01666259765625, 0.0125732421875, -0.0318603515625, -0.004150390625, -0.0262451171875, -0.03021240234375, -0.02215576171875, -0.02984619140625, -0.05712890625, -0.0047607421875, -0.04132080078125, -0.03692626953125, 0.014892578125, -0.0396728515625, -0.056640625, -0.01092529296875, -0.00384521484375, -0.00714111328125, -0.04705810546875, -0.0108642578125, -0.02178955078125, -0.016357421875, -0.04156494140625, -0.02142333984375, -0.0042724609375, -0.00689697265625, -0.0413818359375, -0.017333984375, -0.02459716796875, -0.005126953125, -0.01043701171875, -0.0211181640625, -0.0455322265625, -0.03289794921875], "accuracy": 0.609375}