{"f": [0.084228515625, 0.0843505859375, 0.10699462890625, 0.09259033203125, 0.109619140625, 0.1312255859375, 0.08538818359375, 0.10125732421875, 0.111572265625, 0.1072998046875, 0.14892578125, 0.108154296875, 0.08221435546875, 0.0853271484375, 0.0845947265625, 0.098876953125, 0.12310791015625, 0.10198974609375, 0.09564208984375, 0.11126708984375, 0.11602783203125, 0.104736328125, 0.09063720703125, 0.099853515625, 0.12139892578125, 0.0975341796875, 0.11199951171875, 0.122802734375, 0.10595703125, 0.12213134765625, 0.13262939453125, 0.0823974609375, 0.0623779296875, 0.0848388671875, 0.10797119140625, 0.08758544921875, 0.1185302734375, 0.10589599609375, 0.10906982421875, 0.1123046875, 0.099365234375, 0.10626220703125, 0.1278076171875, 0.11566162109375, 0.0899658203125, 0.08819580078125, 0.097412109375, 0.09783935546875, 0.121826171875, 0.1573486328125, 0.10009765625, 0.0860595703125, 0.1055908203125, 0.10009765625, 0.09222412109375, 0.12420654296875, 0.09625244140625, 0.11248779296875, 0.07940673828125, 0.09796142578125, 0.11163330078125, 0.087158203125, 0.11151123046875, 0.08843994140625], "accuracy": 0.34375}