{
    "dataset": 767,
    "last_cost_avg": 0.08373405728602738,
    "statevector_real": [
        -0.055712175030989096,
        -0.02773137082744187,
        -0.07143881977080928,
        -0.013922835821379346,
        -0.10754992008979701,
        0.1795141628750745,
        -0.047296978237692265,
        -0.13432245536556872,
        -0.02230597643589623,
        -0.032115199226667744,
        -0.07751769860486853,
        0.10036259758359584,
        -0.09306290260640872,
        -0.031915449541915275,
        0.11037474196197225,
        -0.010355896760209588,
        -0.047660966588760616,
        -0.13560575414194967,
        -0.0396015409671111,
        0.11389609152006205,
        0.001628034050918519,
        0.0066648697903230305,
        -0.0021558703263083482,
        -0.04215013778892299,
        -0.10470935576603403,
        0.0018502655160628787,
        0.08128556184131552,
        0.06259447058474442,
        0.028988894964695807,
        0.0035493733941210494,
        0.0005803010317863593,
        -0.1353999881410804,
        -0.007156243183855887,
        0.0009065999258173227,
        -0.12366256727276015,
        -0.10993168329608129,
        0.001588413986927828,
        0.04010546644567229,
        0.1489590146108159,
        0.02824716228110861,
        0.05048152938046721,
        0.011214763194370408,
        -0.11162535858718108,
        0.064196840949653,
        -0.18792238266098377,
        0.08304380978512695,
        -0.049770527076892716,
        -0.1067710274522368,
        0.04030447950582526,
        -0.06471714835418661,
        -0.03265324804771097,
        0.15525816436150977,
        0.07854780321542923,
        0.0022633299015275337,
        0.19323254831030126,
        0.08996605769775079,
        -0.13972442201552238,
        -0.1602127958074195,
        -0.05045507507940149,
        -0.13446408024678813,
        0.09800353890100985,
        -0.006974597602038471,
        0.12005954483259473,
        0.02755147675563977
    ],
    "statevector_imag": [
        -0.17824392392385566,
        -0.012504868644695449,
        0.15361618463098592,
        0.05677034025460339,
        0.02349678407392264,
        0.023084540007643817,
        -0.033218750342376493,
        0.055490465628294294,
        0.010019545552983122,
        0.1250418016786474,
        0.09466027318258752,
        0.004545172431725297,
        -0.0325060134431978,
        -0.13731832586161072,
        0.08004366815006168,
        0.016962845139350067,
        0.07253008600250507,
        0.100905316363066,
        -0.18328423561633908,
        -0.10884684697568252,
        0.016347116606987892,
        0.007344084353938649,
        -0.07188841463181013,
        -0.15717572931726376,
        -0.07549355493602429,
        0.11085447429662328,
        -0.056061113201541404,
        -0.014891204986848216,
        -0.1501807426924619,
        0.01585508481841777,
        -0.07788044761424288,
        -0.09019724629498553,
        0.14690411936548783,
        -0.005348212167636251,
        -0.06426655541091424,
        -0.12634622562211634,
        0.066617007284032,
        -0.05361389034038849,
        -0.0434835992912887,
        -0.044335382285815884,
        -0.02304405609423579,
        -0.15043148946384122,
        0.04437909103729643,
        0.09713777691268875,
        -0.026691555484887258,
        -0.03727563216283416,
        0.012351973328633619,
        -0.09070195212554913,
        0.03430242727247455,
        0.12136446645298911,
        0.035881403559400615,
        -0.14584998493164142,
        0.06013440657984082,
        0.07820158346107281,
        -0.011077162934381138,
        0.02228195342489359,
        0.05916535289635872,
        0.10631066866046548,
        0.14852009283973383,
        0.07745361708521357,
        -0.1346079345383769,
        0.14769574115418824,
        0.011054572575026423,
        -0.12014888522810592
    ]
}