{
    "dataset": 1947,
    "last_cost_avg": 0.070435312337773,
    "statevector_real": [
        0.05159244113154038,
        0.0398813423734685,
        0.1711356855750069,
        0.005622083429905379,
        0.07168327962585368,
        -0.06684562797240548,
        -0.01036733783047254,
        -0.06986727869463621,
        0.0683671210992146,
        -0.026326424850839122,
        0.04552770292591422,
        -0.18848595404806803,
        -0.1539255375775141,
        -0.08490044981775804,
        0.14036703370113746,
        0.19644110130021064,
        0.13018017978955237,
        -0.036962999388240575,
        0.10143449914612739,
        -0.07650779120153083,
        0.04762052530939355,
        -0.022524728170971692,
        -0.15065207688418314,
        -0.003244369987892694,
        0.016392871052106062,
        0.0498242306289986,
        0.07901224971553862,
        -0.06652192103324296,
        -0.09515699659897701,
        0.02676518929637656,
        0.0255698498962078,
        0.04166532211546844,
        -0.0891957047825609,
        -0.09525230730016113,
        -0.04125806396496225,
        -0.05451486589034691,
        -0.048765910480449634,
        0.12168022576488864,
        0.009014614265054092,
        -0.01790349890686796,
        -0.07722848556795178,
        0.07132540572411544,
        0.018708262845028602,
        0.10742411012672963,
        0.05294715924573354,
        0.13351893819668234,
        -0.10878360678989907,
        0.09073644834261173,
        -0.015305275557202763,
        0.12384619803013834,
        0.09054869604360044,
        -0.01403179218546525,
        0.09004932113566617,
        -0.07613508274099698,
        0.02320420668336669,
        -0.05730478080794402,
        -0.07175451011688219,
        0.025998659809285108,
        0.0955523084459896,
        0.12611378126608186,
        -0.04854302489024368,
        0.007186815290378812,
        0.09876303751670429,
        0.2015670980388607
    ],
    "statevector_imag": [
        0.036683063640725246,
        0.12992192826699592,
        -0.10433257913130667,
        -0.1390540424072958,
        -0.017031500633267322,
        0.000606389704176873,
        0.023248782852056074,
        0.012669098419718756,
        0.02145002108978301,
        -0.08953820303174564,
        -0.12837217157007583,
        0.10152806516317328,
        -0.008301497809184951,
        0.12946486767741977,
        0.027081665286391554,
        0.02287194407466002,
        -0.13102870318643767,
        0.06529946709556561,
        -0.05582740236231245,
        0.11288812058415855,
        0.06682353498526583,
        -0.13095214781429731,
        -0.003355570044857203,
        0.03694221888887043,
        0.1445729875931892,
        0.057893239228698636,
        -0.08991360721102303,
        -0.0564861505564915,
        0.06293051919068669,
        0.18009567808524066,
        -0.07012282463141337,
        -0.10304483892197919,
        0.11002530329669927,
        0.02111388822343356,
        0.17207354783093723,
        -0.087422425538341,
        -0.1830979114926232,
        -0.047324411766631484,
        0.007148901560346114,
        -0.0015853470334902728,
        -0.13803888498177244,
        0.11317556571035778,
        0.12568824714198767,
        -0.16221551970235804,
        0.055648880258496444,
        0.026364618105813597,
        0.0689900351472443,
        0.01957082500907839,
        0.02079816884206394,
        -0.03866212261532419,
        -0.01473303046626907,
        0.01022608402105336,
        -0.02189874547765985,
        0.019439926047369837,
        0.08168404908976033,
        0.1875688554941652,
        0.07742415899293448,
        -0.09446518746269952,
        -0.035246846011239064,
        0.02478540248678119,
        -0.1166602858248493,
        -0.006974670184039681,
        0.1042829276498144,
        0.023460089961944163
    ]
}