{"f": [-0.00909423828125, -0.04498291015625, -0.04486083984375, -0.01385498046875, 0.03216552734375, 0.02532958984375, -0.05487060546875, -0.01611328125, -0.0220947265625, 0.0047607421875, -0.01971435546875, -0.0596923828125, 0.01190185546875, -0.0438232421875, -0.05743408203125, 0.03680419921875, -0.01959228515625, -0.0494384765625, -0.047119140625, -0.068115234375, -0.0098876953125, 0.04150390625, -0.04388427734375, 0.0133056640625, 0.0050048828125, -0.06109619140625, -0.01446533203125, 0.0146484375, 0.036865234375, -0.04913330078125, 0.00457763671875, -0.0133056640625, -0.04400634765625, -0.0230712890625, 0.05780029296875, -0.0084228515625, -0.00341796875, 0.03717041015625, -0.0140380859375, 0.03314208984375, -0.03741455078125, 0.012939453125, -0.03521728515625, -0.00701904296875, -0.0302734375, 0.00823974609375, -0.02471923828125, 0.0040283203125, -0.0006103515625, -0.00750732421875, -0.0008544921875, -0.01092529296875, -0.0133056640625, 0.0272216796875, -0.03265380859375, 0.041748046875, -0.04095458984375, 0.03631591796875, -0.0072021484375, 0.02740478515625, 0.0015869140625, -0.0216064453125, 0.005126953125, -0.0286865234375], "accuracy": 0.609375}