{
    "dataset": 483,
    "last_cost_avg": 0.08180375657390518,
    "alpha": [
        0.07630233570476438,
        0.00020363219579183815,
        0.04869010363511586,
        0.03924805825769037,
        0.006064690368735997,
        0.040207431727944665,
        0.0004618369971209602,
        0.08637049762446175,
        0.0003239271817639381,
        0.02542054735194795,
        0.06952985284360756,
        0.0467783850333195,
        0.0019501679990936774,
        0.04998341125591809,
        0.02755327385299295,
        6.143720906619806e-06,
        0.0025049793108540062,
        0.0012416897701147142,
        0.09093785701150933,
        0.03532471044251366,
        0.10978595289170756,
        0.023552438200040455,
        0.07122795163118963,
        0.009577837974532552,
        0.036805022102782275,
        0.0002110780670725267,
        0.00022307915802022337,
        0.03206938873461772,
        0.004939475780965852,
        0.05256779909489986,
        0.00019373943366425892,
        0.009742704644339215
    ]
}