{
    "dataset": 2680,
    "last_cost_avg": 0.10992347862068945,
    "statevector_real": [
        -0.22249765993208503,
        0.001057214899431489,
        -0.23076523014043165,
        -0.05801734901069641,
        -0.0031565852107494066,
        -0.173415241160027,
        0.042118345784266376,
        -0.08053876887908705,
        -0.05414422254358754,
        0.18519792629959492,
        -0.027239493873532715,
        -0.17905143603359433,
        -0.13145566586440063,
        0.13726503509512392,
        -0.17906819938976798,
        0.21563388802806796,
        -0.07036954273002918,
        0.11271243703813595,
        -0.07058494512183748,
        0.06120967292490477,
        -0.09204528746115084,
        -0.08649592566548892,
        -0.09372061434656022,
        -0.06522099009750286,
        -0.12664938142902973,
        0.1901692832256385,
        -0.22152343527587984,
        0.15068502677827922,
        0.14665834191139415,
        0.15637783760553903,
        -0.10296277007612317,
        -0.11534726710846185
    ],
    "statevector_imag": [
        0.043955731914968765,
        0.049080014600873606,
        0.11139697367155955,
        0.017886135024204167,
        -0.030262606312011813,
        -0.057097797438176896,
        0.07276107595890026,
        0.07452331376064937,
        0.10433088708733806,
        0.08334811300374209,
        0.08785343013426598,
        0.04148757947552396,
        0.062057778324712,
        0.1447417236808292,
        -0.20894977491930147,
        0.038051423744150555,
        0.11005492121955138,
        -0.24273272576676524,
        -0.09204122420790453,
        -0.10186776280575954,
        0.12941238766265625,
        -0.07070590976579252,
        0.3001433171329613,
        0.10387629259490136,
        -0.21268329571606867,
        -0.020691681491615134,
        -0.04581885228622952,
        -0.04633368365732592,
        -0.06020815096431551,
        0.09658425889691616,
        0.07386142249350618,
        0.10719869696747418
    ]
}