{
    "dataset": 3720,
    "last_cost_avg": 0.09355873172953127,
    "statevector_real": [
        -0.16561114394773066,
        -0.12448266311093262,
        0.18253239316944006,
        0.16096007365651482,
        -0.16925466972338943,
        -0.17470107040141672,
        0.026903992933891396,
        0.0303812306408911,
        0.015187086667059533,
        -0.1025689839982703,
        -0.09590310102103974,
        0.1645997707713977,
        -0.0036373932846934776,
        0.04885165340311876,
        -0.03133187168725439,
        0.21646325962219437,
        0.20334750393366235,
        -0.015966071468387924,
        0.1319328492517251,
        0.004901013638701918,
        0.09909974258947972,
        0.03664065842114197,
        0.11831654152665678,
        -0.15512232130827197,
        0.0941426603066886,
        -0.010813813490981847,
        -0.09571622606393772,
        -0.15408648374366712,
        -0.1984305765569581,
        -0.19964687915570584,
        -0.20734500374750334,
        -0.014488288668559574
    ],
    "statevector_imag": [
        -0.09013851251137024,
        0.15293331478122046,
        0.03546839612171447,
        0.17872815902445224,
        0.21017295867076968,
        -0.17266835616414547,
        0.15796805122399454,
        0.06786515912832447,
        0.015728618200337812,
        -0.12837989150825563,
        0.040608190420963364,
        -0.17736351478077714,
        0.005201894788359863,
        0.2052799682129395,
        0.041908580218472026,
        -0.03725512957585695,
        0.16853510961017895,
        0.0003719485001229292,
        0.08636854268863511,
        0.12309698714869462,
        0.1211212788757748,
        0.18394450126620793,
        0.05740024075852714,
        0.08129348830773529,
        -0.006654609711944247,
        0.018150471230802805,
        -0.03962880065889122,
        0.2016216072264242,
        -0.007578278502010427,
        -0.2041927991347904,
        -0.08536941133379737,
        -0.05202810282703526
    ]
}