{
    "dataset": 273,
    "last_cost_avg": 0.0892494397625952,
    "statevector_real": [
        0.1778411012402719,
        0.09567594631218394,
        0.03103664659076324,
        0.031173738505654074,
        0.04826313555563346,
        0.004916188350869537,
        -0.0521051708184357,
        0.019639060502375703,
        -0.09646285375157904,
        0.01970600501081526,
        -0.005046510019992593,
        -0.03907851578230814,
        -0.20324514135450675,
        0.022069346832937497,
        -0.10892484330643058,
        -0.15663047706038988,
        0.0325105670781328,
        0.019373699194435653,
        0.14490894180548472,
        0.10911052776296828,
        -0.10620484481987297,
        -0.18854405535279797,
        0.003305690191539786,
        0.042110498329797734,
        0.002353421500717879,
        0.03687488374031376,
        0.01762090424144951,
        -0.07786039459316395,
        0.1709347820149589,
        0.03415494539729665,
        0.10748666458259228,
        -0.013065579557498175,
        0.008096373927299373,
        -0.10794996531320152,
        -0.030379763627651445,
        0.06574903035758427,
        0.09258735120756682,
        -0.013427570004661405,
        -0.006149116552970025,
        0.03449100452849472,
        0.16046664466438362,
        0.05041977349983789,
        0.08558515807626642,
        0.07779593843251935,
        -0.07266351650990108,
        -0.016698194842046488,
        -0.1561960223662039,
        -0.0396292122063453,
        0.00911834468122324,
        0.005027210297787982,
        -0.03206214979469984,
        0.10893742932319136,
        -0.04805916844276541,
        0.16334429544441328,
        -0.1506522154495364,
        0.008664366894144356,
        0.09110694444205619,
        -0.09687837426549141,
        0.08446115278153617,
        -0.18841975832499028,
        -0.1016897624098854,
        0.03541872729413514,
        0.0004149967825162276,
        0.08140168716393355
    ],
    "statevector_imag": [
        -0.03614097987214775,
        -0.05091851457702175,
        -0.12468997019116908,
        -0.030944539655318355,
        0.09995316892511218,
        -0.07206893944900987,
        0.07403050677008316,
        -0.060423182102816345,
        0.026673784609257303,
        0.08740805453620033,
        0.03788888721694469,
        0.1710095936713489,
        0.12693800441554143,
        -0.03391350034760865,
        -0.009392935024315716,
        -0.13643512555669973,
        0.10082277370074591,
        -0.007937190599045294,
        0.04516486879021676,
        0.08395020883274175,
        -0.14775136140299625,
        -0.0703176377121997,
        -0.13184839741203563,
        0.21049273544978572,
        0.04666314903915367,
        -0.006273431475391858,
        -0.10761557735427399,
        -0.0653396284540797,
        0.06887131351650867,
        0.09002321438238364,
        0.1525009057662249,
        -0.05817852958699691,
        -0.02829647171306755,
        -0.05245830112906006,
        -0.0656423436935267,
        -0.02256671610544455,
        0.0662959179046733,
        -0.014961456289799384,
        0.1378032757601997,
        -0.02198413389181929,
        0.0009406354684351039,
        0.10959269048236747,
        -0.07632066845210836,
        -0.08531839327089039,
        -0.1275575981239527,
        -0.0055751615678374415,
        0.04665942072478966,
        -0.16670525235858463,
        0.05736183017512501,
        0.15685543162766497,
        -0.014308168407406013,
        -0.012995267721673668,
        -0.09396282178315352,
        -0.0873343191636679,
        0.08221554482345185,
        0.017659548648038568,
        0.08190997249175451,
        -0.04516806558719149,
        0.0765750031803724,
        -0.017451411502563807,
        0.002761433153196715,
        -0.13793522443681921,
        -0.009464797726097509,
        -0.10679466098030878
    ]
}