{
    "dataset": 3996,
    "last_cost_avg": 0.11003089393786009,
    "statevector_real": [
        -0.06411096978896516,
        -0.16128383049716888,
        -0.11225755047242035,
        0.14526807968430264,
        0.15264643287302035,
        -0.1813281746440707,
        0.029362482540935254,
        -0.15913426795853727,
        -0.12410517778061791,
        -0.07886508039308589,
        -0.11388700981376454,
        -0.011473359899578449,
        -0.19079681405632024,
        0.20384287305559545,
        -0.042838585493289824,
        0.21133091027020914,
        -0.041442481429706315,
        0.18242811958792268,
        -0.0414461584370557,
        -0.004286077949564798,
        -0.1510563495101809,
        -0.10647313879310866,
        -0.08586294073488338,
        0.031278310388223464,
        0.23462961665417592,
        -0.11863303576977047,
        0.1265034763102782,
        0.08802870805731798,
        -0.1839557876632412,
        -0.09667760136150605,
        -0.18793753496296994,
        -0.12973324973084785
    ],
    "statevector_imag": [
        -0.1916588789597184,
        0.0642917014493988,
        0.1409605201757116,
        0.14867393970095374,
        0.18677512941159335,
        -0.03941917328022924,
        0.24836115392749739,
        -0.05417353835628963,
        -0.015507224916276,
        0.018596865985328618,
        0.043330088668877685,
        -0.20290761441127175,
        0.05705036112208229,
        -0.08896293566372412,
        0.22350615217973982,
        0.07231156673435586,
        0.14747957435619916,
        0.09147971601983135,
        -0.18321596243366034,
        -0.06887337222291227,
        -0.051317550028770385,
        -0.007677851668538978,
        -0.11182468451524052,
        0.0519891709875212,
        0.0871337703003853,
        -0.11718989545197311,
        0.03645312913459392,
        0.028864991149939106,
        -0.0853576877903491,
        -0.08911822465757958,
        -0.07131746377111742,
        0.05620942006366585
    ]
}