{"f": [0.1473388671875, 0.080810546875, 0.1533203125, 0.1480712890625, 0.18939208984375, 0.08905029296875, 0.14117431640625, 0.1005859375, 0.12548828125, 0.11627197265625, 0.10174560546875, 0.13995361328125, 0.13531494140625, 0.16339111328125, 0.1453857421875, 0.159423828125, 0.10369873046875, 0.13653564453125, 0.11285400390625, 0.1439208984375, 0.11236572265625, 0.1246337890625, 0.146728515625, 0.1395263671875, 0.11785888671875, 0.13800048828125, 0.16558837890625, 0.1190185546875, 0.1439208984375, 0.12908935546875, 0.12890625, 0.119873046875, 0.1385498046875, 0.0919189453125, 0.1263427734375, 0.13018798828125, 0.1292724609375, 0.1087646484375, 0.15838623046875, 0.14215087890625, 0.14642333984375, 0.12481689453125, 0.11260986328125, 0.1309814453125, 0.1319580078125, 0.0689697265625, 0.17059326171875, 0.1260986328125, 0.07989501953125, 0.1141357421875, 0.08624267578125, 0.07049560546875, 0.1405029296875, 0.19012451171875, 0.10369873046875, 0.09674072265625, 0.1435546875, 0.15087890625, 0.08209228515625, 0.18670654296875, 0.1339111328125, 0.1298828125, 0.15960693359375, 0.1380615234375], "accuracy": 0.34375}