{
    "dataset": 1671,
    "last_cost_avg": 0.09506506022474409,
    "statevector_real": [
        -0.048139299626019164,
        -0.12250221244901208,
        -0.024874587328448803,
        0.12957267246583976,
        -0.06127110949834436,
        -0.03431199638848121,
        0.008328741541427405,
        -0.06454128143320485,
        0.04193550687992089,
        -0.07987780669863673,
        -0.03157136843473747,
        -0.008942863546777247,
        0.04094566305034633,
        -0.0044286049021905706,
        0.006934662674435851,
        0.08443163006884401,
        -0.10405734859921029,
        0.07592609461423662,
        -0.028636418874496253,
        0.0018353184603090336,
        0.0017802162219125396,
        0.11665913314578043,
        -0.08603012379139093,
        -0.02329573184426958,
        0.05256750153811964,
        0.15889884237442248,
        -0.1365357941248981,
        -0.05082052570531275,
        0.1263485192311518,
        0.02947485981856328,
        0.16902930383799109,
        0.09856191329210377,
        -0.01733964277259766,
        0.12589019531160164,
        0.14022635502202896,
        0.02189743418923847,
        -0.0570733496196354,
        0.07207482910129505,
        -0.004204756073533204,
        -0.12468388654446495,
        -0.016246178996182047,
        -0.024513638391691836,
        -0.045107401575463904,
        0.1318442415475181,
        0.056517275424840384,
        0.08070249753560813,
        0.11851585856969603,
        -0.10598442515205656,
        0.041429685637371254,
        -0.05366837833492881,
        0.07131221478335405,
        0.00701950641242082,
        0.03338803174006569,
        0.09667712708534336,
        0.14901955559812272,
        0.005164771338250094,
        -0.11598151005154503,
        -0.1609956567923373,
        -0.13146512883448178,
        0.17206144891162126,
        0.0052219655583023075,
        0.0004552353101956368,
        0.16707024180728003,
        -0.07655337833414688
    ],
    "statevector_imag": [
        -0.13298648605646016,
        -0.0952575032043076,
        -0.06480691380990937,
        0.005766248075244292,
        0.0183344893674547,
        0.07013517705718518,
        -0.0009531906037031527,
        -0.15457266124661706,
        0.09974857938665836,
        0.11762238288605094,
        0.13812922293212207,
        0.16846345974955218,
        0.09692046720558486,
        0.12362309197288082,
        0.00803164341190074,
        0.10623019625364316,
        -0.15309872989442214,
        -0.00509396277533519,
        0.013314664172714376,
        -0.012534941478461644,
        0.10975216430881314,
        -0.05217136847310126,
        0.027127255204714172,
        -0.05936524345998555,
        -0.12713137609499564,
        0.11185783851100381,
        0.0253473822951061,
        -0.11677946846745524,
        -0.03617317894355279,
        -0.10866886046326302,
        0.05295584307157958,
        -0.09070732878867092,
        0.013975997436238886,
        -0.026159703908214538,
        0.03308784272166117,
        -0.1024706012949228,
        0.11077392649692808,
        -0.11460810009537678,
        7.609792468132764e-05,
        -0.1527478011613945,
        -0.008256775978000204,
        -0.10492262224185485,
        -0.13401882668426357,
        -0.09118293555610485,
        0.07660134809729541,
        -0.04958182784961831,
        -0.12245295827012924,
        0.048984349689297116,
        0.08957878393627687,
        -0.1695565316590734,
        0.0728977150588986,
        -0.08038806957753895,
        -0.1292127921821242,
        0.007216235102848978,
        -0.03315867715977446,
        -0.0007986643870293316,
        0.10831240869322087,
        0.08635780260899997,
        0.06447225588186628,
        0.0943601070628734,
        -0.08602311661079562,
        0.05929699741358307,
        0.032299385187407575,
        0.06624430222011297
    ]
}