{
    "dataset": 2070,
    "last_cost_avg": 0.08621338884601921,
    "statevector_real": [
        -0.06879073056280066,
        0.050361008450501565,
        -0.0521596478158013,
        0.046738480714408115,
        0.06379310172301922,
        0.051049006708485986,
        -0.12550674253279176,
        -0.028834598387492562,
        -0.029905186706941866,
        0.0893760938081654,
        0.0806305670130801,
        0.002015004149533147,
        0.09540110022129765,
        0.04655942284564173,
        0.1039273014051484,
        -0.0785978502943169,
        -0.03854991168677868,
        0.08268586578937429,
        -0.07643059247663782,
        -0.13604898607655092,
        -0.07839257902767659,
        -0.06435514542902236,
        0.012559414455863107,
        0.10246511757614271,
        -0.14178195334250582,
        0.06237672251532655,
        -0.005901586754637854,
        0.14044227844828017,
        0.029877079298730035,
        0.008896029733087804,
        -0.07867549984214807,
        -0.2058748463521134,
        -0.09941158526989445,
        -0.07087518709648546,
        0.006002998386693888,
        -0.024690255680807592,
        0.1593837892419602,
        0.027368084941659345,
        0.07770486109804041,
        -0.10028947955818389,
        0.010966868475688526,
        0.07644032855773476,
        0.14319219633696914,
        -0.007904547031687787,
        -0.08841552715265355,
        -0.10733916067258027,
        -0.07936481706366547,
        -0.04265921665353192,
        0.03898737008716907,
        -0.022318046954637464,
        -0.15789648526657019,
        -0.018880927348532077,
        -0.008858218543391463,
        0.04045495298557616,
        -0.01002930992621778,
        0.023148224518733107,
        -0.03783662253717804,
        0.12392615555067227,
        0.006102549502236375,
        -0.002522073384337143,
        -0.17011409638276845,
        -0.16476215443430164,
        0.12028277448245203,
        -0.060089577023686704
    ],
    "statevector_imag": [
        0.029605767026935105,
        -0.13169889321093045,
        -0.07559651248856053,
        -0.15253548677079587,
        -0.004758981398380565,
        -0.09808862405206044,
        -0.0513000730372539,
        -0.01968071272347709,
        0.028010893066310365,
        -0.043865019015591145,
        -0.07758918156855163,
        0.009871421632641783,
        -0.02190296536247426,
        -0.01638725088886721,
        -0.13292660722294866,
        0.10793689817331638,
        -0.03594509490022128,
        -0.015081672922044358,
        -0.0621425463713419,
        0.06322762731009597,
        -0.009626619093894197,
        -0.05665304873821478,
        -0.012879681157559561,
        -0.01380189184391667,
        -0.11566368105091156,
        -0.1392518482378255,
        0.048082232527970475,
        -0.003595259673898917,
        0.12635354975730767,
        0.05690561673729161,
        -0.08340642474477279,
        -0.039799595236713135,
        -0.0223825174800605,
        0.07874083962849018,
        -0.004470655777002045,
        0.19240609183062293,
        -0.1252376707319229,
        0.13767627401522717,
        0.15990062896316456,
        0.03241610322256269,
        0.13757469663254845,
        -0.06664849407838404,
        -0.08588386626031572,
        -0.007390780453958297,
        -0.0635754554887403,
        0.015487419525004452,
        -0.02532110554836728,
        -0.18029086694363589,
        0.15884195977994056,
        0.07858041599834548,
        -0.030142772028534284,
        0.19272968872805873,
        0.07800536497409283,
        0.06581968999460722,
        -0.14101674417226054,
        -0.07241201924406646,
        0.019211141398377665,
        0.16129509021894697,
        0.05010299369333384,
        0.1663791027354192,
        0.15739982609351985,
        0.021307453941690275,
        -0.02075761731654796,
        -0.08043438307025252
    ]
}