{
    "dataset": 1259,
    "last_cost_avg": 0.07270129494771302,
    "statevector_real": [
        0.08367822967794612,
        -0.06584972896540668,
        0.0065086171727556045,
        -0.11772557849201223,
        0.00030435690993138055,
        -0.15893378017868245,
        -0.0774360229975658,
        -0.014669894468490114,
        -0.10540069080849848,
        0.06802023453592633,
        0.016010691921810285,
        -0.022528054715606576,
        0.0031975639681758607,
        0.06360515514600498,
        0.07712919760533052,
        0.05528384002938313,
        -0.14154131245074597,
        -0.04132084953905905,
        0.07591750949131706,
        -0.11525196024779967,
        -0.1209750782251029,
        -0.136501007434513,
        0.029201271948188286,
        -0.051233400551869264,
        -0.08060726822490556,
        -0.009568164685329448,
        -0.07688205313025902,
        -0.13305464378685122,
        0.01816640968918528,
        0.11776200861896449,
        -0.07875575842550155,
        0.11429891906342983,
        0.005534758909596252,
        0.18937935484747487,
        0.15956411655253647,
        -0.014089457375809645,
        0.0480786669460922,
        0.042489090109873874,
        -0.03116831731982369,
        -0.005283568463416651,
        0.18184822784381707,
        -0.15060223517271615,
        -0.14267180931745993,
        0.07816105117610475,
        0.16438481908904554,
        -0.04555667965289658,
        0.007996904567908397,
        0.03333283384779815,
        0.16639215621520984,
        -0.005751070102153604,
        0.013797756808186321,
        -0.09736303361480436,
        -0.0644127754200026,
        0.06230348368915833,
        0.14658708408402826,
        0.1276271808126474,
        0.013447524832511933,
        0.0016400362692660922,
        -0.012279538186560676,
        0.014189359581064133,
        -0.0028282543688441346,
        -0.01925085214349304,
        -0.03305801235425,
        -0.021631906870297944
    ],
    "statevector_imag": [
        0.0614562875882463,
        0.05759960241962301,
        -0.13554190710638514,
        0.10606313746327226,
        0.04808687122699138,
        -0.006202663243553409,
        -0.1422939516174783,
        -0.00417296702663076,
        0.08581700788269943,
        -0.07361417747901805,
        -0.1217721183512648,
        -0.04876706160167232,
        0.01009065216906448,
        -0.06641168253587194,
        0.03660867156945469,
        -0.12535922235352528,
        0.0648035031622771,
        -0.0138861638766287,
        -0.15140527131595163,
        0.12835115456994894,
        -0.10686223207009483,
        -0.11429882493550753,
        0.19119852464619413,
        0.026732037711677665,
        0.05794391183731932,
        0.005545751852478891,
        0.08574578413548276,
        -0.08297266845023157,
        0.00305398199189339,
        -0.12496769558419728,
        -0.13029491738764726,
        0.02823860509401495,
        0.18411542001420703,
        -0.00895822712319994,
        0.024035634456050083,
        0.17737442838510423,
        -0.013475040049262988,
        -0.06791858858599069,
        -0.09786178727783273,
        0.08955107630640265,
        -0.02258746729401229,
        -0.061945178376804536,
        0.030105306273513075,
        0.010876938439662254,
        0.058525720049315486,
        0.023181351197935008,
        0.20418353830545108,
        0.016342486289629317,
        -0.07467514115304406,
        -0.07309081306678479,
        0.0756762214720759,
        -0.14486449975981006,
        -0.030363856775455434,
        -0.005517799181672121,
        -0.006803707754308665,
        -0.09889696915050597,
        -0.07763380955900423,
        0.005571383797794792,
        -0.10060527678518767,
        -0.02477088728084547,
        -0.05883013142565934,
        0.03957116656918903,
        -0.1626234736966789,
        0.06212090924874495
    ]
}