{
    "dataset": 0,
    "circuit_id": 4,
    "layer": 8,
    "num_params": 136,
    "expr": 0.003280009490466426,
    "entcap": 0.8234471003614726,
    "num_iter": 1024,
    "last_cost_avg": 0.10593046092260369
}