{
    "dataset": 0,
    "circuit_id": 2,
    "layer": 8,
    "num_params": 80,
    "expr": 0.007489691964400174,
    "entcap": 0.9085183144383818,
    "num_iter": 131,
    "last_cost_avg": 0.097564697265625,
    "accuracy": 0.96875
}