{
    "dataset": 867,
    "last_cost_avg": 0.086210053587668,
    "statevector_real": [
        -0.00984469258552078,
        0.0018478213087012242,
        -0.13184931461583058,
        0.10345488583208624,
        -0.05716288071677907,
        0.12771615777292072,
        0.013992433659630795,
        0.1236275742719651,
        0.10171574535921621,
        -0.18093776920571372,
        -0.08256690638950258,
        -0.022583154428442376,
        -0.18611174283984164,
        -0.16744647831728515,
        0.016403409459991393,
        -0.1287975794052393,
        -0.0642567198716072,
        0.016563091585611003,
        0.006917280266000061,
        -0.1582918177410233,
        -0.030988049080005096,
        -0.037968849841592295,
        -0.16122857532593102,
        0.02770374157962347,
        0.006005485137603043,
        0.07308681233798284,
        -0.09776512529712471,
        -0.10701998121115328,
        -0.09563757288627119,
        0.09933787534882858,
        0.1276047805598772,
        0.0717812506247823,
        0.007862889629304407,
        0.08359102649188992,
        0.1183170304754409,
        -0.0983008960697599,
        0.11764812468483875,
        -0.023307160105079338,
        -0.08476516267292566,
        -0.06064896983501956,
        0.06347884218215284,
        -0.004321817207026695,
        0.06166280622975175,
        -0.08558654436399456,
        0.04190696196497907,
        0.003968904262631863,
        -0.17405959610159163,
        -0.08097279878526277,
        0.12659032449964835,
        -0.15767535794352702,
        0.09315004993404502,
        0.030549277279760038,
        -0.08236328028707092,
        0.012528979704469392,
        0.0552308200817548,
        -0.10618313243017427,
        0.013121958663689485,
        -0.11556823240644616,
        -0.14164201914723165,
        -0.0549300424911867,
        0.049292143683125504,
        -0.11150443810557017,
        -0.058982236400687504,
        0.15048150952271339
    ],
    "statevector_imag": [
        0.19511379987929292,
        0.011700710407526608,
        0.148340631955934,
        0.04504492189924546,
        -0.14412129426789858,
        -0.034523613425585256,
        0.014374937501272101,
        0.13008020268116235,
        -0.07944082676005099,
        -0.05177497475373596,
        -0.08610548182888424,
        0.059873823824638225,
        -0.020185092566247943,
        0.010508787339666172,
        0.007861704510988983,
        0.04181814974715504,
        -0.03654331809841806,
        -0.044878088066288985,
        -0.01923172873139797,
        -0.05998853156875727,
        0.04859914843695956,
        0.0704733430573246,
        -0.06299215367945289,
        0.002753237038221594,
        -0.04952190370247219,
        -0.005260020292422357,
        0.02666457611892452,
        0.10088196470208469,
        0.13532359779739941,
        -0.1338871061979397,
        -0.07760637512776937,
        -0.009177064994644117,
        0.09121494771874447,
        0.025849505935329392,
        0.014790232834109244,
        -0.11467376532876591,
        0.02383333949177888,
        0.14817519688118688,
        -0.015720687941037523,
        -0.07008610228962577,
        0.08714674830804388,
        -0.12388309628262063,
        -0.04528786314110731,
        -0.13669468762433837,
        0.15303630411843722,
        -0.003090050414476324,
        -0.06840888047683796,
        -0.08623189313844047,
        -0.030309356452929342,
        0.07888834879862415,
        -0.13235033502482912,
        0.019112694939442638,
        0.05527317094418223,
        -0.05189230783437029,
        -0.04465050119924184,
        -0.016373148678275926,
        -0.008668119083692638,
        0.08970854081284316,
        0.10296323123831284,
        0.07895280485653115,
        0.013952110915847695,
        0.11641339105239482,
        0.130711341639023,
        0.07815577688862856
    ]
}