{
    "dataset": 1494,
    "last_cost_avg": 0.08950328127124708,
    "statevector_real": [
        0.09373412587969458,
        -0.062109943192440335,
        -0.10587805715414886,
        -0.01055622236727634,
        0.14053377815493448,
        -0.08273776488031911,
        0.026762014087294325,
        -0.13700695724275852,
        0.16304990135179145,
        0.04282355336442734,
        -0.0287433976427031,
        -0.013636445974951556,
        -0.10927778771425939,
        -0.002564038003664919,
        0.02768937410610893,
        -0.14574884061923363,
        -0.04452204119874844,
        -0.21382631417762094,
        -0.08239872429126159,
        0.10613846335101555,
        -0.08903954641561071,
        -0.16780641764244975,
        -0.00702099665988925,
        -0.07465218206359378,
        -0.07096994878467765,
        0.15105926956932883,
        0.00860010273804753,
        -0.07150405386169549,
        -0.12130349246198883,
        -0.1733357242396694,
        0.11514548748707171,
        0.08997479697998625,
        -0.03530264512647211,
        -0.00852963076978673,
        0.018115236315439067,
        0.02308243569245985,
        0.13764417288594427,
        -0.07211387201782161,
        0.0061784301525950455,
        0.05391377861661965,
        0.008358012856209485,
        0.08045357051635423,
        0.03801460974881875,
        0.09177058008084082,
        -0.05638718543688726,
        0.013457489513900401,
        -0.007666676470011314,
        -0.14189444773769802,
        -0.13599074257425153,
        0.09789039363764769,
        0.025065520891179468,
        0.10209047278396019,
        -0.011933764141725136,
        0.11532654371228906,
        0.004957243414174356,
        0.05698668664344637,
        0.08592390748220795,
        0.09092891376727097,
        0.05802458250814179,
        0.03503429861009235,
        0.07895259857453395,
        -0.03183830728660461,
        -0.15624818195346316,
        -0.1081860051268915
    ],
    "statevector_imag": [
        -0.06243181168031438,
        -0.10960572644640072,
        0.04250826772694296,
        -0.16802878725278836,
        -0.0646343239281861,
        0.11594655389865961,
        0.101608626498788,
        -0.011263880019774412,
        0.004183671818623589,
        -0.06366405010053465,
        0.05145090804753683,
        0.11357898930514798,
        0.000134755449631064,
        0.022191297890001706,
        0.108876292674474,
        0.1218711408697635,
        -0.09211474000348414,
        -0.04518697011928433,
        0.13988352256297581,
        0.09390529081778891,
        -0.1020782425754258,
        0.04171774924658522,
        -0.04327289588249699,
        0.04481935165516785,
        -0.05718427782792225,
        0.09389325445697387,
        -0.020600232604808196,
        0.05032878195869478,
        0.02750355734511688,
        -0.06855577697777812,
        0.018815839587586675,
        0.04022894958366283,
        -0.00384805618913001,
        0.011469150727647323,
        -0.013302633738119235,
        -0.13092232897962844,
        0.14764588471383272,
        -0.11647967210303238,
        0.16953012556704428,
        -0.09153031337663937,
        -0.0011952609771169653,
        0.019901010935837998,
        -0.09406936756618378,
        0.08869648333247906,
        0.023510811379808764,
        0.0999726027038278,
        0.05269980603455808,
        -0.08106360861350516,
        -0.007928884525289273,
        0.13943853771467588,
        -0.10897056201907641,
        -0.12297970284748028,
        0.022468341481762775,
        0.08549166375171226,
        0.007836606024788521,
        -0.19720653678632385,
        -0.10114736304400707,
        -0.05561563016985547,
        -0.01250205291876949,
        -0.12403571069709554,
        -0.030664162692083906,
        -0.08115554724006976,
        0.0949559302204123,
        -0.08572629380134057
    ]
}