{
    "dataset": 0,
    "circuit_id": 9,
    "layer": 3,
    "num_params": 18,
    "expr": 0.02851899023647678,
    "entcap": 0.9999999999999994,
    "num_iter": 48,
    "last_cost_avg": 0.11560821533203125
}