{
    "dataset": 0,
    "circuit_id": 16,
    "layer": 4,
    "num_params": 68,
    "expr": 0.055234233268439126,
    "entcap": 0.5560233845429621,
    "num_iter": 95,
    "last_cost_avg": 0.011844635009765625
}