{
    "dataset": 811,
    "last_cost_avg": 0.09942486566878862,
    "statevector_real": [
        -0.09697005262811213,
        -0.02166328016308788,
        -0.1319391874860817,
        0.057967485869865325,
        0.04288042869503719,
        0.0040344487945877215,
        0.2631449704381416,
        -0.10067521405023991,
        -0.21286403643316149,
        -0.032818203653593246,
        0.09552537280786134,
        -0.009557450206495236,
        0.17401772449320685,
        0.059583194033026525,
        0.06487682140006104,
        -0.004371589838596386,
        -0.10482323216031189,
        0.13061145209321054,
        -0.04196859297850401,
        0.2012332797578757,
        0.05330347559980963,
        -0.06019153883461274,
        -0.1070722478524743,
        0.0012755840422839129,
        -0.20478372347463322,
        0.1379541513711325,
        -0.1414390523414071,
        -0.13340349409353716,
        0.14641191848126708,
        -0.11346569369110357,
        -0.0692947907151071,
        -0.07513869846521398
    ],
    "statevector_imag": [
        0.12471587113054455,
        0.2640735017761122,
        -0.16609365295894551,
        0.12531287821177667,
        -0.04185564368222849,
        0.1004502454111163,
        -0.06233693638954196,
        0.06811897394072863,
        0.01744995637581114,
        -0.1665272805719582,
        0.002031947878167413,
        -0.004792163609743708,
        -0.14243245092896062,
        -0.1922221618838785,
        -0.1875473614373511,
        0.005178201713766463,
        -0.1763893512078298,
        -0.05517825272832143,
        -0.1934714247563835,
        0.0729253810339529,
        -0.2032247179524397,
        -0.13172967924810028,
        0.11533888630131901,
        -0.12521347130582222,
        -0.12354050819785524,
        0.044993456760200945,
        0.015362166667609624,
        0.18958646358546766,
        0.23584314807903278,
        -0.010410044260341898,
        -0.13912295051371845,
        0.012509442897023368
    ]
}