{
    "dataset": 2656,
    "last_cost_avg": 0.1269810738499531,
    "statevector_real": [
        0.06351820293724007,
        0.006307953567663123,
        -0.27401115769552037,
        -0.11580683668683513,
        0.10872879365275381,
        -0.06511885411658581,
        -0.02593884061113424,
        0.23835694289774007,
        0.2908381958163237,
        -0.02057919594836703,
        0.002650316889843883,
        -0.08109092441438345,
        0.08404504477480945,
        0.14690674883054933,
        -0.09403202206969663,
        0.04623117556406031,
        -0.15733788492748363,
        -0.1115364201872735,
        0.1135236030546232,
        0.1930432493327836,
        -0.004605889892791107,
        0.14429859842120424,
        0.014294029801568303,
        0.13243994747903998,
        -0.28640701639458327,
        -0.16984950025693005,
        0.006045497297745229,
        0.2049284760409113,
        -0.10551210270267312,
        0.11288587945867926,
        0.052191893977975544,
        0.06493806552606018
    ],
    "statevector_imag": [
        0.056189695070011904,
        -0.13667278982267592,
        -0.08175102155732362,
        -0.09621075598864322,
        -0.13679474989056725,
        0.05139115842103091,
        0.07732179320864942,
        -0.17594226253299491,
        0.018602510188504937,
        -0.005015474646949914,
        -0.000832909813109394,
        -0.04856646738754528,
        -0.2115877808903014,
        -0.01668649889947132,
        0.04781116553614325,
        -0.15618256308369324,
        -0.21504798876950518,
        0.008800028147207466,
        -0.16529015610357004,
        -0.052240512893288224,
        0.0011100158787801212,
        0.19659990152512347,
        -0.053889861721040384,
        0.04201583437707416,
        -0.05343999186191815,
        0.0438254976764563,
        -0.14650254469965152,
        0.05636010179055418,
        0.14186916920826192,
        0.14488871669772968,
        0.1149232443131138,
        -0.13799069162499553
    ]
}