{
    "dataset": 431,
    "last_cost_avg": 0.10412290651664313,
    "statevector_real": [
        -0.18998598879781167,
        0.04770943477332115,
        0.08898796919962977,
        -0.06771034858851736,
        -0.1634090756239933,
        -0.07203062134308974,
        -0.07811016538390643,
        0.25240441755129106,
        0.04375442672952689,
        0.08913952324143347,
        0.10906726984319276,
        0.03348882773872796,
        -0.03598128575078888,
        0.04272110165089168,
        -0.058127629200771885,
        -0.2001482631293848,
        -0.24793780244936447,
        0.03486633931745939,
        0.18677152784462522,
        0.019062734601878954,
        0.1433060819317298,
        0.03905703478829615,
        0.029855114397332225,
        0.21714375065545413,
        0.09106892361662625,
        -0.05226026261990302,
        -0.10214090781622313,
        0.15870080256692862,
        0.04238979737351934,
        -0.055825506107563726,
        -0.037355903292997726,
        -0.17048111319952586
    ],
    "statevector_imag": [
        -0.06716911901039067,
        0.23066169799735534,
        0.20066629333676364,
        -0.03899352190928503,
        0.06826858632835421,
        -0.012827055775006146,
        0.143444193641102,
        -0.1052310886483784,
        -0.12073233966324202,
        -0.07606145567870871,
        -0.14274876492283822,
        -0.22986319647024792,
        0.05392006477013382,
        -0.054646212168167785,
        -0.004914854560200172,
        0.13326352837295166,
        -0.017934570056403205,
        0.09238908213383952,
        0.10897654195290661,
        0.05709808355270245,
        -0.20233381487680954,
        0.021529836386080265,
        -0.1286514718201833,
        -0.05464671504571482,
        -0.03662119590207396,
        -0.2586886906709907,
        0.10611591085432152,
        0.08737027193739376,
        -0.06851183726191386,
        -0.16547064607442852,
        0.0017265237669743883,
        -0.26558561388907304
    ]
}