{"f": [0.27880859375, 0.19134521484375, 0.2691650390625, 0.210205078125, 0.26849365234375, 0.22259521484375, 0.28985595703125, 0.20556640625, 0.25445556640625, 0.22802734375, 0.2408447265625, 0.2576904296875, 0.2576904296875, 0.2630615234375, 0.26904296875, 0.22979736328125, 0.24566650390625, 0.262939453125, 0.2186279296875, 0.28082275390625, 0.22607421875, 0.1873779296875, 0.24114990234375, 0.26214599609375, 0.27215576171875, 0.2890625, 0.2750244140625, 0.2427978515625, 0.24713134765625, 0.24859619140625, 0.252197265625, 0.2469482421875, 0.2684326171875, 0.22967529296875, 0.2181396484375, 0.24786376953125, 0.29229736328125, 0.2567138671875, 0.2530517578125, 0.2742919921875, 0.252197265625, 0.2772216796875, 0.2637939453125, 0.249267578125, 0.2628173828125, 0.214599609375, 0.26580810546875, 0.26513671875, 0.22930908203125, 0.2645263671875, 0.21453857421875, 0.21368408203125, 0.27642822265625, 0.2720947265625, 0.22747802734375, 0.21966552734375, 0.25537109375, 0.23834228515625, 0.181884765625, 0.2747802734375, 0.22955322265625, 0.2315673828125, 0.26513671875, 0.277587890625], "accuracy": 0.34375}