{
    "dataset": 2027,
    "last_cost_avg": 0.09009402589022598,
    "statevector_real": [
        0.10029896887565193,
        0.004743255028608061,
        0.05687577312114625,
        0.016875672503665767,
        0.012485521793053494,
        0.05198401927710321,
        0.014596666122833002,
        0.00965741453554203,
        0.10074064318603976,
        0.15920245127785188,
        -0.12680402914057481,
        -0.030080262617760777,
        -0.012743216315387535,
        -0.03800769902415181,
        0.07905143869847309,
        -0.20674503893610466,
        -0.13029741258857166,
        0.046648919656016134,
        -0.032652106713702736,
        0.023192387671792214,
        -0.1311411435504019,
        0.020628061890140634,
        -0.06044820995780798,
        0.017521364246819656,
        0.007722958166339054,
        0.10614432305398733,
        0.04863667963442555,
        0.10569423592086209,
        -0.006202582794236888,
        -0.10597400369519994,
        0.06367902143980904,
        0.09415322184131021,
        0.03205876324711239,
        -0.11188318405092698,
        -0.024710343254548333,
        0.0662241379155684,
        -0.005373729829342885,
        0.13048500918404404,
        -0.20840385598151193,
        -0.019315079948003435,
        -0.01889604059611815,
        0.058404533377017114,
        0.15416698558264255,
        -0.03700951061005905,
        0.04331655345879166,
        -0.03623156436634017,
        0.003901945461638754,
        0.05849725718202444,
        -0.1622302664853298,
        -0.004047191936226647,
        0.036233800596038916,
        -0.12383708588260511,
        -0.012065886208855018,
        -0.20835404625634846,
        -0.1302069613790765,
        -0.05578702389032735,
        0.009896509106884738,
        -0.13892438187569214,
        0.19037234235866687,
        0.013145558547054362,
        0.043974564270116034,
        -0.01834165085942717,
        0.059725207879761086,
        -0.19537776374128718
    ],
    "statevector_imag": [
        0.13878949694431073,
        -0.01806387613926052,
        0.00024172651958380943,
        0.07611964131115624,
        -0.1581205727989627,
        0.03397271842243568,
        0.03886214272291362,
        -0.12295088367355193,
        0.15496509560506183,
        -0.013966010100186282,
        0.038956314924993594,
        0.0032523401324990367,
        0.030265083816733332,
        -0.16032921874629444,
        0.20423640323571904,
        -0.07742749298411349,
        -0.03345563732836144,
        -0.10685227120224365,
        0.0664834295561229,
        -0.17304653056550126,
        -0.12216239054246067,
        -0.06505071571215072,
        -0.024388150888741585,
        0.1655400821776837,
        0.007268864294895798,
        0.0664591853777953,
        -0.1456243177782384,
        0.04933105672350088,
        -0.006550439803014845,
        -0.027179140971914654,
        -0.10575049256368496,
        0.15502673355551427,
        0.02170387226637647,
        -0.019243377789807992,
        -0.14202156099940955,
        -0.1014492482818157,
        -0.031653793400546346,
        0.028696747050336036,
        0.02748399336686653,
        0.0054745935884134385,
        0.007173839810826827,
        0.04918803287000346,
        0.06628048640597708,
        -0.1658191073716602,
        0.02801100849302972,
        -0.08333363336639397,
        -0.03686943365064978,
        0.06997416525017676,
        0.058143519231673345,
        0.04860823157331853,
        -0.010211056692748669,
        -0.10964599877838242,
        0.10795442460989083,
        -0.06333797364502217,
        -0.030892561111425926,
        0.06568179546877975,
        0.02246335243308243,
        -0.06753128567068127,
        -0.028824582892861366,
        -0.020888728911562997,
        0.0830301797658886,
        0.07465240184910045,
        0.022255547402116643,
        0.02540140009247922
    ]
}