{
    "dataset": 0,
    "circuit_id": 17,
    "layer": 1,
    "num_params": 17,
    "expr": 0.1778156963454659,
    "entcap": 0.3324397013031817,
    "num_iter": 79,
    "last_cost_avg": 0.0209503173828125
}