{
    "dataset": 2197,
    "last_cost_avg": 0.06909095616705352,
    "statevector_real": [
        0.009453442606839134,
        -0.05745776074522578,
        0.09682083965848748,
        0.06399682936405118,
        0.026224722754215724,
        0.1937496220682132,
        0.06570010661205995,
        -0.012321013897437396,
        0.1516784834270057,
        -0.08127334575119785,
        0.02418773378491047,
        -0.14253685657412452,
        -0.062471357729255585,
        -0.08126453419906676,
        0.0056141195134216376,
        -0.21641721175974302,
        0.09223622807721123,
        -0.03614087547408116,
        -0.13586159706150536,
        -0.05893645646811013,
        0.0008786620231138429,
        0.07651980290965649,
        -0.06299832312540041,
        -0.05782801947640599,
        -0.1040094518908887,
        0.16855549380213455,
        -0.0053752565559891646,
        -0.03948105935116517,
        -0.10908315701737478,
        0.02112523047728937,
        0.024101989325079506,
        -0.11447060507080407,
        0.00641968007575225,
        -0.10919394940127988,
        0.022589306359213912,
        -0.043451505756465454,
        0.02037470796681744,
        0.08400136923902074,
        -0.14952373068481886,
        0.07910362060220394,
        0.15229786317788324,
        0.09474622536949057,
        0.09722473877282883,
        -0.12362205696290403,
        0.010015961839306831,
        -0.03362806414395793,
        -0.009119291505872418,
        0.04455861999689503,
        -0.06380417728178536,
        0.021733017694313655,
        -0.05428525898480026,
        -0.19083287159754092,
        0.09942108333796999,
        0.08714683253605651,
        -0.00563763385221748,
        0.07947176968702463,
        0.030592135706324294,
        0.09035451176314246,
        0.03513401943642831,
        0.10286312023384368,
        -0.021725780430777823,
        0.0009553238215581043,
        -0.04157107098035911,
        -0.026152099221904354
    ],
    "statevector_imag": [
        0.09736334312381147,
        0.00463705868367816,
        -0.11734713987509852,
        0.12145859862085394,
        0.09726949041641432,
        -0.05253093772080922,
        0.022260208999303966,
        0.16067498072204905,
        -0.012719941552043196,
        -0.0071140312184122916,
        -0.03210350717650415,
        -0.017016268767460038,
        0.10037276025370652,
        0.12952060877582655,
        -0.1434319381989537,
        0.06162663834080051,
        0.12646211497285795,
        -0.04571980235949486,
        -0.09524092362863697,
        0.004067907358061404,
        0.14110398720214914,
        0.046096388189739976,
        -0.020619528831054137,
        -0.039602150386059395,
        -0.06432086047705002,
        0.0314751468212921,
        0.04966954323543305,
        0.11280630090855388,
        -0.09176717884080167,
        0.054882783220142596,
        -0.1046195412511848,
        0.047262926227617214,
        0.005428941704613892,
        0.017963633568956177,
        -0.12069139250521588,
        0.006955405847197942,
        0.12234844310498318,
        0.04546387899963887,
        -0.03509388243271831,
        0.006460646440632745,
        0.049767326198370425,
        0.05073845975144098,
        -0.12984230635731614,
        0.003322535824906877,
        0.17767690350400947,
        -0.14587719918482492,
        -0.013763114736538117,
        -0.11297347747010333,
        0.09855242614220829,
        0.10153239085201883,
        0.12029129868863199,
        -0.13840793303814602,
        0.13739788967177405,
        -0.03303548625929616,
        -0.17386070461745673,
        -0.0736361326059025,
        -0.022107211639375426,
        -0.014939012778925773,
        0.00440291204957932,
        -0.09211928210315382,
        -0.1479451134593887,
        0.0008394004945387435,
        -0.07803823161577257,
        0.1603187626899444
    ]
}