{"f": [0.1256103515625, 0.03924560546875, 0.06671142578125, 0.01776123046875, 0.030029296875, 0.10211181640625, 0.090087890625, 0.07281494140625, 0.0714111328125, 0.0462646484375, 0.06146240234375, 0.07366943359375, 0.10211181640625, 0.09954833984375, 0.10601806640625, 0.0321044921875, 0.11126708984375, 0.0809326171875, 0.08026123046875, 0.08526611328125, 0.10546875, 0.0384521484375, 0.03460693359375, 0.09130859375, 0.0518798828125, 0.10516357421875, 0.11114501953125, 0.0045166015625, 0.0843505859375, 0.04473876953125, 0.1346435546875, 0.04388427734375, 0.1007080078125, 0.075439453125, 0.0234375, 0.11474609375, 0.1077880859375, 0.1519775390625, 0.0628662109375, 0.04302978515625, 0.06256103515625, 0.1153564453125, 0.0753173828125, 0.04522705078125, 0.018798828125, 0.08795166015625, 0.07977294921875, 0.11322021484375, 0.09771728515625, 0.08367919921875, 0.0968017578125, 0.05780029296875, 0.11553955078125, 0.04058837890625, 0.03741455078125, 0.10626220703125, 0.0185546875, 0.03448486328125, 0.03814697265625, 0.03594970703125, 0.009033203125, 0.0947265625, 0.0882568359375, 0.12152099609375], "accuracy": 0.34375}