{
    "dataset": 0,
    "circuit_id": 3,
    "layer": 1,
    "num_params": 17,
    "expr": 0.24467037365098743,
    "entcap": 0.18947060086520454,
    "num_iter": 1024,
    "last_cost_avg": 0.14051517749156783
}