{
    "dataset": 362,
    "last_cost_avg": 0.09872527834474848,
    "statevector_real": [
        -0.1716983366001412,
        0.15768870817198802,
        0.07031312180537831,
        0.023468277805997594,
        0.20778483525055733,
        -0.06721904760335363,
        0.00924103713376353,
        -0.14091023412172377,
        0.15385087668423494,
        0.13330882061992333,
        -0.09349651438011293,
        0.01727452587078007,
        0.01915786488657465,
        -0.09046980923958724,
        0.15699381795132342,
        0.1661854169005006,
        0.0043528465543051465,
        0.11172843732469115,
        -0.27881908623760276,
        -0.20591070551126578,
        0.028055025014709602,
        -0.03840562125263477,
        -0.004315760194928842,
        -0.18320730512350356,
        -0.05041263443436112,
        -0.12420993072373922,
        0.16469732189386266,
        0.12413610745781169,
        -0.036056478526723584,
        0.09401939122103732,
        -0.007360521482611228,
        -0.02765128622870247
    ],
    "statevector_imag": [
        -0.12097725104670261,
        0.10037631578197136,
        -0.05224879692617823,
        0.11992848045088184,
        -0.050026018110660486,
        -0.11166993792416537,
        -0.021675557642065777,
        0.16291686747120648,
        0.12690261864716548,
        -0.12384023729757715,
        0.18092751305153554,
        -0.19841856708450722,
        0.15245839966830615,
        0.11323973880653285,
        -0.06296912651078311,
        0.03973973945819883,
        0.13647332396733,
        -0.011779295116353752,
        -0.05679772869370884,
        0.18592661173988032,
        0.03128894873545049,
        -0.19991575786533006,
        0.15192085671470817,
        -0.1309492356301613,
        0.036935126618583086,
        -0.09561820563894081,
        0.177381940714159,
        -0.20630563082002906,
        0.007559566848350823,
        0.01739033259166089,
        -0.16600273411053332,
        0.2052591781606787
    ]
}