{
    "dataset": 0,
    "circuit_id": 19,
    "layer": 7,
    "num_params": 126,
    "expr": 0.0023702812036730217,
    "entcap": 0.9101794795079784,
    "num_iter": 66,
    "last_cost_avg": 0.013885498046875
}