{
    "dataset": 314,
    "last_cost_avg": 0.08121602360685597,
    "statevector_real": [
        -0.08781204610334051,
        -0.053148074757067225,
        -0.05534466874800458,
        0.035252805787783184,
        0.010358950357937755,
        0.1322138248934278,
        -0.06572655134140604,
        -0.10294962275364027,
        -0.05735629752428773,
        -0.05916958217650859,
        0.017652302415268273,
        -0.15036772083433367,
        -0.12323092481531442,
        -0.09797982626410393,
        -0.06261170015278288,
        0.09247447316118253,
        -0.005270635913701305,
        -0.012118519118929276,
        -0.026115154340348796,
        0.010518421071447008,
        0.03274998036988456,
        0.04495726346459968,
        -0.0618531193046978,
        0.009920351786459308,
        0.05447999032511793,
        0.10849881856497083,
        -0.1060261729233225,
        -0.00892959954862897,
        -0.1303695225946201,
        0.07148141463667931,
        0.16808754106816873,
        -0.0017216405917891962,
        -0.0558859814413234,
        0.06091095407865081,
        0.08083880452840514,
        0.13738621761679354,
        -0.0032589838754974627,
        -0.054364014903450913,
        -0.04472528523453788,
        0.16210929812410563,
        -0.014268987334257228,
        -0.07773958092654668,
        -0.07992689897217588,
        -0.10355198984060193,
        0.1062647092042919,
        0.11421955883390131,
        0.01769468286276961,
        0.11276779000004382,
        0.17497728661156597,
        0.1815542138158848,
        -0.12265484651784235,
        -0.031084262758005778,
        0.09390586535945274,
        0.03742689790063448,
        -0.02213518950375876,
        -0.05636125445285119,
        0.047793641085630445,
        0.03651101157089035,
        0.013259946865287735,
        -0.05871175509203915,
        -0.15221963597074994,
        -0.08337655839722521,
        0.00021710117883224654,
        -6.405973228217207e-05
    ],
    "statevector_imag": [
        0.10485333980575337,
        0.003253807129907321,
        -0.06035454264349167,
        -0.13087615463936278,
        -0.01280334138818347,
        0.015993206809029152,
        0.13824814001819602,
        0.007615360971143598,
        -0.1427362881504951,
        0.0597820566444135,
        0.10766670420110888,
        0.14241876272881537,
        -0.04787524687111945,
        -0.01728768077722668,
        -0.13139198280609887,
        -0.02536454465028677,
        -0.030643061773410158,
        0.045407335473276314,
        -0.16940887806776514,
        0.17898867871726257,
        0.12255165804595876,
        -0.11779998414919135,
        0.050188741853636774,
        0.019289619182301664,
        -0.07726355593713852,
        -0.13251054648814733,
        0.016430538801659483,
        0.05108649458512653,
        0.09132232411440878,
        0.12650438591398633,
        0.013489025728186626,
        0.04396638234445251,
        -0.1590741703437343,
        0.0097305306862112,
        -0.013092532687637144,
        0.03260520523525611,
        -0.006778295211635981,
        0.19552071836250806,
        0.06337834990843481,
        0.034060040784364594,
        0.043338655152204426,
        -0.0656618929030113,
        0.030474093393292,
        0.0012415583132869715,
        0.06466922869754119,
        -0.03296118834274611,
        0.01556886954063589,
        0.05520597338040034,
        0.009877450439787286,
        0.017540162797827125,
        -0.08636887378677546,
        -0.13611080951021298,
        -0.10972156524136899,
        -0.10452605267614924,
        -0.15481455942529238,
        -0.09698636150660052,
        0.06259273859406499,
        0.15435549784363709,
        -0.1604436113751852,
        0.1253117186405711,
        -0.0907729397773999,
        0.11796953945419736,
        -0.03607807059471803,
        0.0948799764200558
    ]
}