{
    "dataset": 1589,
    "last_cost_avg": 0.09442488873682331,
    "statevector_real": [
        0.0757493492739631,
        0.2553895145450898,
        -0.14165771628575263,
        0.2947339514089111,
        0.09455289048478537,
        0.06483861210377641,
        0.12048013635792977,
        0.1755488209140098,
        -0.010577688232928284,
        0.06836066298993122,
        0.00037980745222569495,
        0.14568236995019537,
        0.016830457152885635,
        -0.22213968549349988,
        0.10906233452965229,
        -0.1402103411752759,
        -0.05799025356377111,
        0.07577646372225019,
        -0.19907243640180022,
        -0.031986263348282244,
        -0.14025170438299797,
        0.021502573829017615,
        0.03422427529820166,
        0.14568872865581461,
        0.006910280432283902,
        -0.18247741423084804,
        0.14890445237261585,
        -0.07012478874210931,
        0.10656783125726707,
        0.26548304496864844,
        -0.14219646680082731,
        -0.06106373309759533
    ],
    "statevector_imag": [
        -0.13614823175256666,
        -0.06423183047379977,
        0.05366415975049937,
        -0.016378919229484,
        0.09516614693801105,
        -0.10734048857515396,
        0.1168056245736042,
        -0.13475255833726127,
        0.02178865611238841,
        -0.16639919839141873,
        -0.1439523872323174,
        0.08104058758554859,
        0.026884755282960218,
        -0.11319712941553127,
        -0.13877473885507052,
        0.15302447336977895,
        0.12247128312808594,
        -0.11502253236346943,
        -0.014677632666988606,
        0.10065327978016311,
        -0.1653477872168541,
        -0.2495224868230079,
        -0.02891915174003961,
        0.08828064660718397,
        0.0008345360620552669,
        -0.022184817212149228,
        -0.15017245185097783,
        0.038527486369391,
        -0.171006860187619,
        -7.325255194726225e-05,
        -0.12575283439641713,
        0.04094714983537454
    ]
}