{
    "dataset": 1706,
    "last_cost_avg": 0.1216004361413843,
    "statevector_real": [
        0.10599716315614494,
        -0.06520653111281362,
        0.007659739235860155,
        0.1058312373593708,
        0.06113674364658328,
        0.19126217912149981,
        0.10296663152972167,
        -0.17239324498808836,
        -0.20170288118157842,
        0.1460337045635508,
        -0.12347313599811777,
        0.13498916918574555,
        -0.1661911411104868,
        -0.18779812179414423,
        0.07973964314416217,
        -0.15593661937146433,
        0.026547969917810478,
        0.12569974815418697,
        0.06826576565731488,
        0.14172978634673633,
        0.10498967428331309,
        -0.13137885203247684,
        0.12608130248884325,
        0.005631335101067374,
        0.016975883893488794,
        -0.23108940705701908,
        0.07837192454449482,
        0.028049741756841676,
        -0.09361882620132526,
        -0.05782380450994375,
        -0.169690749175591,
        0.029934086242361328
    ],
    "statevector_imag": [
        0.07663357124006873,
        -0.07398455146845213,
        0.19951303907545015,
        -0.1437842300666828,
        -0.30254619015452333,
        0.11606163918790759,
        0.0012440255810959838,
        -0.11906282100200073,
        0.07293999859014824,
        -0.2240738722032768,
        0.0645428770360569,
        -0.09147787270409322,
        0.044639212450087645,
        -0.17375373884819428,
        0.07537492061807545,
        -0.003759994393177188,
        0.12592710104976004,
        -0.10767877458440574,
        -0.07574172353979687,
        0.15397006882900316,
        0.11177081080641371,
        -0.0815307913456321,
        -0.17246837853302643,
        -0.03420357347393194,
        0.20701022415806747,
        -0.051104793323589144,
        -0.06308064310946498,
        -0.16922718581049512,
        -0.10006621104434499,
        0.005860303371405193,
        0.059591683593228154,
        -0.14180699643446254
    ]
}