{
    "dataset": 517,
    "last_cost_avg": 0.08624786902749475,
    "statevector_real": [
        0.16567152865590482,
        -0.1059248197735416,
        0.2206568985612308,
        0.05676360406663778,
        0.09527078387163919,
        0.05002830652739602,
        0.08377753125006396,
        -0.05425231929104355,
        0.048121434600780895,
        0.14061253106958627,
        0.10218589598384155,
        0.00796593781953563,
        -0.12433351078087466,
        -0.08024763139430856,
        -0.16911919451970434,
        0.1674625765413584,
        0.15202101598330642,
        -0.2353232821515363,
        -0.06772658687151219,
        -0.027201246513573574,
        -0.011808091777023536,
        -0.022617131259031805,
        0.08419752402901674,
        -0.1571133289087532,
        -0.08211469574543609,
        0.13505371309897815,
        -0.051521264846293345,
        -0.009228529451371554,
        -0.11280978379697418,
        -0.14925402222630885,
        -0.177734884899401,
        -0.02035648072197763
    ],
    "statevector_imag": [
        0.1290026120161171,
        0.021960804059384286,
        0.16913972133046662,
        0.15558896175700732,
        -0.06433400699647024,
        -0.19258878415085645,
        -0.17263327823604208,
        0.1046027854339713,
        0.16030759099531972,
        0.07002081474297177,
        -0.11510957228186788,
        0.1489782334692833,
        0.1741352153504459,
        -0.06492339788845711,
        0.13050904744305317,
        0.054046778260443885,
        0.15729474496755227,
        -0.027613622838862484,
        0.029582831540547475,
        0.08325702297972142,
        0.02188283742247834,
        0.015516376419161345,
        -0.09245092916692411,
        -0.041481909373567626,
        -0.22629128513964378,
        0.10586727223329707,
        0.18253735369175592,
        -0.019903680326403415,
        -0.28874568672285317,
        0.08359681952931197,
        0.005427610883358187,
        -0.250004135727476
    ]
}