{
    "dataset": 2092,
    "last_cost_avg": 0.07861450378525446,
    "statevector_real": [
        0.06503627371998649,
        -0.10183775673305805,
        -0.0570845193253267,
        -0.14207112271500036,
        -0.18274881800503365,
        0.09119732383146754,
        -0.09921061227587591,
        0.04824848161879429,
        0.09744549563186229,
        -0.10712112304414044,
        0.0930376286892518,
        -0.027094047388422488,
        0.14393907753297805,
        0.04092136126853873,
        -0.11823533318626021,
        6.206092983102402e-05,
        0.05448019769321896,
        -0.007283214292107525,
        -0.12908709083974543,
        -0.031549742535677716,
        0.107527440351541,
        -0.062268009614819604,
        0.16281699060889757,
        0.12400356754289504,
        0.10837990966630684,
        -0.11075704648467768,
        -0.06028094223271624,
        0.14550190256351753,
        0.02143875470872838,
        0.12633487665577514,
        -0.15597899416015062,
        0.03442720523699552,
        0.01960923408929502,
        0.013053219724117285,
        0.008266939785209463,
        0.130623509909547,
        0.08687143517993254,
        -0.1680406034425999,
        -0.04039125874570231,
        -0.04575530347705112,
        0.07859466302509702,
        0.023314460706905085,
        0.05307652162324538,
        -0.0024059159134145382,
        0.12822190108677775,
        0.049375023788781496,
        -0.13442549003253437,
        0.11575069696940024,
        0.05519139114595204,
        -0.038118088092226186,
        0.018076202342824782,
        -0.026475189413180975,
        0.11251770891728483,
        -0.005993694817775707,
        0.15904951977259282,
        -0.014382998489544961,
        -0.039742693071934225,
        0.013011422246976425,
        0.13931895184955034,
        0.10474194304046125,
        0.11125088301015224,
        0.017069102956408132,
        0.016680136648665096,
        0.01799253563990124
    ],
    "statevector_imag": [
        -0.07745898573409382,
        0.09762285625823981,
        -0.012234301980563368,
        0.10405541581592129,
        -0.002037390802793905,
        0.07133754117687065,
        -0.08088328670898008,
        -0.05352834399621983,
        -0.03679820480747395,
        0.05749363801252272,
        -0.0597585876121027,
        0.124198243082989,
        0.07124415198363915,
        -0.13399887758281018,
        -0.11761980391555486,
        -0.019582894979037223,
        -0.0832734482586991,
        -0.09093744969213306,
        0.07811084843862523,
        0.0779600099466741,
        0.05131114592448372,
        0.10414259105269298,
        0.03681142600519126,
        -0.03294436488052288,
        0.1065516362650287,
        -0.08236356795382588,
        -0.09518600269614673,
        -0.033857419828225765,
        0.013001380359732572,
        0.007690475940486744,
        -0.09385375502843636,
        0.15145980474051815,
        -0.1457243907226496,
        0.04740116752299198,
        0.0881198962431081,
        0.16968377436255663,
        0.11317843228233058,
        -0.021881122388832604,
        0.06801496461699348,
        0.08690797713780934,
        -0.014531625363283103,
        -0.03817925927602654,
        0.13868788576088964,
        -0.0021660386833026236,
        -0.09398358637917997,
        -0.0947800588942556,
        0.04696183652873818,
        0.03348022947673974,
        0.15648201104764792,
        0.1675932421289902,
        0.010233672170439804,
        -0.01916547544349992,
        -0.031746079934875736,
        0.015494913058098648,
        -0.05854473656392032,
        -0.09215328647328785,
        -0.0021252472277238205,
        0.011533277179232443,
        -0.17198385931713195,
        0.0818142690738823,
        -0.048365709727734164,
        -0.007740366691859303,
        -0.1680088579846793,
        -0.005030849717342303
    ]
}