{
    "dataset": 478,
    "last_cost_avg": 0.08893544126281633,
    "statevector_real": [
        0.021820526353474465,
        0.1622058112287863,
        -0.04564417324656837,
        -0.05936613484026413,
        -0.04907195932100046,
        -0.060712606491344974,
        0.037928720759436776,
        -0.028918181017089234,
        0.12375419794544266,
        0.015760427346370523,
        -0.10357394288461601,
        0.04177672397776378,
        -0.1498554434938976,
        -0.09542446565490029,
        -0.03223378523739864,
        0.10629668519938362,
        -0.2119056242830163,
        -0.009780432559204482,
        0.15012067799447162,
        -0.05089268215533816,
        -0.007232912546903188,
        -0.05297026731845563,
        -0.10448542576622172,
        -0.1978118030306906,
        -0.07956712399608228,
        -0.008601262667009892,
        -0.11642648233703795,
        -0.00912021306476333,
        0.11240544192928202,
        -0.1521239216898029,
        -0.06885763681251876,
        0.11199425534237296
    ],
    "statevector_imag": [
        -0.26315126026697,
        -0.08923554584177026,
        0.222506046689782,
        -0.06494007167304051,
        -0.03303271222986325,
        0.1664782155028031,
        -0.27870159926911203,
        0.14781857740228124,
        -0.08042830034623816,
        -0.009128951760116579,
        -0.14654417481396725,
        -0.13495178772400057,
        -0.10471663597326229,
        -0.10096694880574494,
        -0.22211662484519867,
        -0.16002451322262484,
        0.17304824492433135,
        0.14234798175777194,
        -0.015220347516934046,
        -0.10371929848794575,
        0.02624280609099215,
        0.06894432640069446,
        0.0977108437704703,
        -0.05963966636143138,
        -0.14203310775271272,
        -0.17827998529879513,
        -0.1955020012608525,
        0.18713821258479055,
        -0.06970509774799509,
        0.045794121528701104,
        -0.22767550473360545,
        -0.16068002925666122
    ]
}