{
    "dataset": 2035,
    "last_cost_avg": 0.06704243432643578,
    "statevector_real": [
        -0.21216814855311483,
        0.12603579676212565,
        -0.09637652522433805,
        -0.11521481824763574,
        -0.10205870097719916,
        -0.11771430392436322,
        -0.023694667856016417,
        0.11048223659493152,
        -0.1157653923581603,
        0.11339062020682925,
        0.022480774725828163,
        -0.1335313768817786,
        0.06472924353895536,
        0.14852753158498935,
        -0.06325769213358477,
        0.0017309136540693299,
        0.23722173028527216,
        0.0029720319261657174,
        -0.20391831181567532,
        -0.010763930390046647,
        0.02042862279261247,
        -0.08183736538032796,
        -0.21806104677960242,
        -0.03248858724085263,
        -0.06989755149399271,
        -0.12253193516230003,
        0.06483897332984963,
        0.19431012770243894,
        -0.025065277486075108,
        0.11901706231976027,
        0.0665154346823596,
        0.20499935864823993
    ],
    "statevector_imag": [
        0.13181743777152521,
        -0.194369122982203,
        0.06146710541685174,
        0.15895073125692186,
        0.005759195608705038,
        -0.21907579578578004,
        -0.10745071146032424,
        0.16302670934004176,
        -0.01916467072161482,
        -0.25551006050712455,
        -6.65593647650435e-05,
        0.1352090737895779,
        -0.17807384301071175,
        -0.00204756875775047,
        -0.006951561399625589,
        0.1281075505255977,
        0.028191590092832213,
        0.0017376344674629373,
        -0.035371996238835426,
        -0.20784345715845362,
        0.11725846337497296,
        0.19687252851146547,
        0.03637509439983328,
        0.16166251005370702,
        0.17690370775777692,
        -0.14422792985707247,
        0.11397835538521102,
        0.0050357443498306575,
        0.0693940717837925,
        -0.1103299275271733,
        -0.12568645998861078,
        -0.04765523174993238
    ]
}