{
    "dataset": 785,
    "last_cost_avg": 0.078994747700713,
    "alpha": [
        0.034392079444933533,
        0.0003375900085227919,
        0.04017151996793914,
        0.01719079797774696,
        0.022452292472821458,
        0.04252971849071531,
        3.792621427245752e-05,
        0.0670405930076944,
        0.031094576829065065,
        0.004705601526007222,
        0.11477379439465427,
        0.03649044479367685,
        0.0018386350389895576,
        0.022667101297040325,
        0.01901205961130287,
        0.00011949960846748587,
        0.032602595032373984,
        5.0031663660624593e-05,
        0.0917236310035099,
        0.038639447151674534,
        0.11450162947653605,
        0.0001260350097956592,
        0.07459280691387263,
        0.00976231940577496,
        0.03842519850401387,
        0.0004933885165451072,
        1.1723930719595246e-05,
        0.028523555258059437,
        0.024894116774501398,
        0.058712287256593644,
        0.007139126301011549,
        0.02494787711750746
    ]
}