{
    "dataset": 2160,
    "last_cost_avg": 0.10794027616303693,
    "statevector_real": [
        0.08175257340652319,
        0.19093686154070796,
        0.11795836480979642,
        0.007770937316441085,
        -0.0385246712185068,
        0.07486240953752138,
        0.17896418403818978,
        0.14901468183009686,
        -0.12200161848872033,
        -0.019334241046906852,
        0.0206377402973365,
        -0.14700038037683857,
        0.0633513792883553,
        0.02998662435683605,
        -0.12477660575862262,
        -0.010748403111350197,
        0.07598478249883847,
        0.0645630201921602,
        -0.08350995262418993,
        0.2611777122533321,
        -0.041033900414811725,
        -0.19992899106723552,
        0.02888877712764866,
        0.08332224275434051,
        0.03774875462216924,
        0.11294641633932684,
        -0.16207615756555885,
        0.06097044709742249,
        -0.08145391699321493,
        0.06945420806561871,
        0.11231797319933852,
        -0.20135878346066585
    ],
    "statevector_imag": [
        -0.05840393360392851,
        -0.10897822423139392,
        0.017557287687233514,
        -0.03600026380907399,
        -0.22737492590870007,
        -0.027359782965510168,
        0.15809293886754142,
        0.022777370485278874,
        0.10581252703448384,
        -0.16435162389337604,
        0.13394562466058385,
        0.20591867867348262,
        0.020038562911817107,
        0.12758430512569263,
        0.1682950445641529,
        0.1833401972922041,
        0.0767644988046428,
        -0.14402155040005363,
        -0.13842369752749234,
        0.156796963259567,
        -0.22703419775167438,
        -0.1976012932737256,
        -0.1806271556546921,
        -0.11064210726816896,
        -0.08964132372085705,
        0.018476672001197788,
        0.053867558362889964,
        0.09146291411347575,
        0.2108227535697411,
        -0.1655916472951108,
        -0.004105376028038656,
        0.10457299188806114
    ]
}