{
    "dataset": 817,
    "last_cost_avg": 0.09379221211784616,
    "statevector_real": [
        0.030732972496233878,
        0.05513892510151654,
        -0.028811821309158218,
        -0.18451564083930988,
        -0.10718084905589018,
        0.01256274695018792,
        -0.00909735736070961,
        0.11772502082060528,
        -0.005208754490152919,
        -0.1582360940502056,
        0.08552679577377008,
        -0.005078747594749141,
        0.008721683622607742,
        0.10497943637094408,
        -0.14245294269732012,
        -0.15133709712180685,
        -0.10798135649185794,
        0.08750455023645708,
        0.047848242910869185,
        -0.027731496793819952,
        0.13823366496436806,
        -0.026777897622645326,
        -0.07028895850395665,
        0.05338655401715659,
        0.10550391366932145,
        0.0009508170538627223,
        -0.10388425274687682,
        -0.125350194998881,
        0.041851636014486465,
        -0.031577280396696085,
        0.07446865385018879,
        0.06201432719941194,
        0.1573292088081383,
        0.07786960032257194,
        0.07141185405475604,
        -0.07130793653941743,
        0.0979236329709274,
        -0.05560015382955198,
        -0.014593307447296755,
        0.12679618332804224,
        0.05283201630676688,
        0.06786735174742066,
        -0.14188211965279382,
        -0.0438789851585504,
        -0.06450267746707028,
        -0.028544088306515992,
        0.05235302820444668,
        -0.0839615417122737,
        0.003139203605418268,
        -0.09973802338752666,
        -0.06531996359520473,
        0.1402908732184412,
        0.06384152632806121,
        0.09432496533046131,
        -0.07340817252312072,
        0.005495958604977968,
        0.049195795762035685,
        -0.05594502514279162,
        -0.10875315563512702,
        0.019011094959415956,
        -0.18674947407243647,
        -0.10070844521661894,
        0.0661200668427773,
        0.02686724403069629
    ],
    "statevector_imag": [
        0.08703266752496545,
        0.12732430481098006,
        -0.09716460824530367,
        -0.06120440901204999,
        0.057796129759345935,
        -0.040459720087405567,
        -0.025128337151376044,
        -0.10410141466533987,
        0.004534516688777227,
        -0.10175976686454749,
        0.017926628392651446,
        0.0413077545411541,
        -0.010184583239757336,
        0.013801621384220305,
        -0.04250730914122056,
        -0.13600360588247445,
        -0.1687057148170637,
        0.027378418617951095,
        0.1314640279795337,
        0.12721759492984175,
        0.0017168823101827847,
        -0.0977195638795729,
        0.12451992392695685,
        0.13728099373587432,
        -0.10628133526703243,
        -0.07781101835294418,
        0.08162795477845895,
        -0.09629623463598927,
        -0.17568243385887253,
        0.17586580681135858,
        -0.06633053733393668,
        -0.08224516188646347,
        -0.059487628164450954,
        -0.08183858568635864,
        0.08335176214183372,
        0.03920396223138145,
        0.09340122640815575,
        0.04406177638829135,
        -0.007694982489625702,
        0.0638090378903947,
        0.025189853358588508,
        -0.011993899799767902,
        0.01815805189978922,
        -0.1942875524204832,
        -0.0661550444833643,
        0.07357221156681008,
        0.07732283485193797,
        -0.02583908445033337,
        -0.001422281308770167,
        0.08016527548480383,
        -0.08422268335737572,
        0.008708930398445522,
        0.02230410057673537,
        0.07926841010356125,
        0.14032448079964277,
        0.007660360516647284,
        0.12100282725593303,
        0.13609468642338501,
        0.003314968482101942,
        0.18426060408895065,
        0.023621609650430763,
        -0.0981320641247621,
        -0.028067830107314354,
        0.09198910018508002
    ]
}