{
    "dataset": 1602,
    "last_cost_avg": 0.10519338702122938,
    "statevector_real": [
        -0.17118691712272155,
        -0.04896166121615107,
        0.03734646015668457,
        -0.09291424993224728,
        -0.014606523430445193,
        -0.07355532309052328,
        0.01846584484244368,
        -0.0956838708944833,
        -0.037082922010884325,
        0.07539551795279303,
        0.006287006591521919,
        -0.005702469670614835,
        -0.06178848865527683,
        0.1037679702707801,
        0.013114771095419468,
        -0.12274222516444123,
        -0.14389029325706515,
        -0.04135595396289817,
        0.1563234060498634,
        0.12232794674770783,
        -0.03086584859860891,
        0.018365397672070086,
        0.09200807981879149,
        -0.0750401426815619,
        -0.015495054353694929,
        0.11353384670758146,
        0.08134298966358591,
        -0.11487459104627543,
        -0.09824658813951086,
        -0.058756635778941906,
        0.030128706276890006,
        0.0908605205552109,
        -0.07175625821814226,
        0.06319875860074098,
        0.05561951366453618,
        -0.01624050883673235,
        -0.04205036281418912,
        0.13840834541013033,
        0.05166702316956691,
        0.11176589476609385,
        0.12465519725573444,
        0.05456477641735898,
        0.04716619220695554,
        0.08231169868410966,
        -0.07159353322216318,
        0.06134676895550474,
        0.01204919730959485,
        -0.20881647041308915,
        -0.00434050481368623,
        -0.03853404063581272,
        0.06352258869459189,
        -0.028236415712398093,
        -0.03206990860680715,
        0.10780101714801131,
        0.050599760857625534,
        0.04682217479466525,
        0.14115877763752302,
        -0.03668970802132635,
        0.1356008676063792,
        0.04892147156762396,
        0.023655500964628963,
        -0.014707402416934728,
        -0.1008964892085933,
        0.08550907924424085
    ],
    "statevector_imag": [
        -0.036828572952311144,
        0.06312227182546377,
        -0.07158663717713798,
        0.09436094818153515,
        0.02149415956013373,
        0.1267442734329862,
        -0.04776093498224312,
        0.06893456400138297,
        -0.02792939385487265,
        -0.14478654793743462,
        0.11115315654358907,
        -0.2194644771807284,
        0.032743640988870094,
        -0.01974658374673948,
        -0.00327086624594678,
        0.01101199671715891,
        -0.06000636320328447,
        0.1761191458366465,
        -0.035483941484056356,
        0.11807333686444071,
        -0.09018084425418588,
        0.016445500497791414,
        -0.21084892759911936,
        -0.003188155237701255,
        0.03896998595118365,
        -0.14093082952178684,
        -0.031919278739213665,
        -0.11403051771756013,
        0.16380707274958944,
        0.07534800651260856,
        -0.00048445885551789866,
        0.005638994839554752,
        -0.05265965359430424,
        -0.0325827862808451,
        0.13753419425551414,
        -0.12814668145470667,
        0.12210866135435383,
        0.04999778321188562,
        -0.10074236211134982,
        -0.0579931387887539,
        0.09546134052694781,
        -0.10687847740383936,
        0.09788764348225777,
        -0.03694721817314276,
        -0.15635776234956567,
        -0.09354255274211878,
        -8.540519278910415e-05,
        0.09012513208957887,
        0.010690481013427336,
        -0.1119381659608018,
        -0.002890725617529657,
        -0.061464682005756416,
        0.10916070010129549,
        0.11798740972561209,
        0.06333661294769316,
        0.07282471194187158,
        0.04266194220407148,
        -0.13688385685254761,
        0.09584858778970595,
        0.09231375774488354,
        -0.04049999549475778,
        -0.12531197163388783,
        -0.06254304123424641,
        0.09777828178570036
    ]
}