{
    "dataset": 0,
    "circuit_id": 3,
    "layer": 4,
    "num_params": 68,
    "expr": 0.0664709521888881,
    "entcap": 0.563453436304154,
    "num_iter": 74,
    "last_cost_avg": 0.10095596313476562
}