{
    "dataset": 2615,
    "last_cost_avg": 0.07214117567802596,
    "statevector_real": [
        -0.169213611015342,
        -0.057431156876766504,
        -0.004535828881955172,
        -0.06868549150118247,
        0.09162409348306094,
        -0.0365812929707747,
        0.11869161928514922,
        -0.11888120193933503,
        0.11650010348234852,
        -0.010447840068782995,
        0.13209441185272836,
        -0.08939600766276486,
        -0.10371724202968835,
        -0.11473266605813683,
        -0.09835059886523828,
        0.04045815363537988,
        0.019230424515261812,
        0.1271053013390233,
        -0.05434691652781755,
        0.1704709791195648,
        -0.19971441404966178,
        -0.21980831512959004,
        -0.14195822916681775,
        0.15229334924799343,
        0.1248980028264216,
        0.016963681972023865,
        -0.08667099355410034,
        0.15733457606833157,
        0.03982037043729848,
        -0.04877418747353933,
        0.04958730354502882,
        0.027374205872733103
    ],
    "statevector_imag": [
        -0.01825817184420942,
        0.1388311330622822,
        0.09957787319882981,
        -0.060981872040973314,
        -0.14333254328974085,
        -0.16535532011134307,
        0.12917523493273333,
        0.05310580889198806,
        0.053018244800965786,
        -0.1810138997477346,
        0.17154702753997775,
        0.169388240409607,
        -0.0077453423981985545,
        0.0020983455007483635,
        0.13942515045421994,
        0.20772176270274664,
        -0.10614369893980549,
        -0.05606874292459585,
        0.24097391147234504,
        -0.20350278927681004,
        0.20383929534175235,
        -0.06156533305289072,
        0.20745665142101133,
        0.0220371526136783,
        -0.02417838054796764,
        0.15774663712243686,
        -0.034614430263405355,
        -0.06015874925270484,
        -0.0031372629572534905,
        -0.16683636048399336,
        0.14872398826496996,
        0.27499271134778563
    ]
}