{
    "dataset": 3924,
    "last_cost_avg": 0.11298871467696328,
    "statevector_real": [
        -0.06104798950380075,
        0.21064190540130687,
        -0.0031678067468311646,
        0.08554141804592634,
        0.17093787557809484,
        -0.1239279812258772,
        -0.20872117333198553,
        -0.12927045866822376,
        0.1781077193484983,
        -0.1299660646866828,
        0.0005062538769877194,
        0.08618963970013993,
        -0.064435543194918,
        0.1802424299150831,
        -0.0451630991986045,
        -0.07396638458960784,
        -0.07731489903970927,
        0.0441231497925679,
        -0.06220764918188068,
        0.04200244575066308,
        -0.005354418563953912,
        0.11301488782414247,
        0.04353396643764491,
        0.2029302743976933,
        0.18110534369789094,
        -0.09118731035186797,
        -0.17954852471138313,
        0.16635386989578657,
        0.006894361696426935,
        0.0025785177272996673,
        0.20571418293323004,
        -0.15083789942285877
    ],
    "statevector_imag": [
        -0.1949908926440614,
        -0.011235096195589574,
        -0.02586132488238252,
        0.1677838637462598,
        0.12890226315761705,
        -0.1247886222318361,
        -0.07141955844276636,
        0.20392120731146698,
        0.1580733513982977,
        -0.137447685391874,
        0.09793164492023447,
        -0.07840565014092322,
        -0.24179746206078664,
        -0.122087876932977,
        0.10494599516154418,
        0.17185644923615132,
        0.03793169733152154,
        0.21538047993762616,
        0.16859296581031458,
        0.18593403631493666,
        0.07480886925419906,
        -0.09801630787925986,
        0.15870551654124965,
        0.040629905705566696,
        0.03599376263772109,
        -0.03203434692928214,
        -0.03620926652205849,
        -0.10486892070248079,
        -0.04156786434511772,
        0.004340995013522797,
        0.08573305793074827,
        -0.08930554822871804
    ]
}