{"f": [0.0489501953125, 0.02581787109375, 0.002685546875, -0.00225830078125, -0.0361328125, 0.1033935546875, 0.0006103515625, 0.04034423828125, 0.04620361328125, -0.00341796875, 0.00286865234375, -0.03692626953125, 0.06683349609375, 0.001220703125, -0.00262451171875, -0.0218505859375, 0.0535888671875, -0.004638671875, 0.01153564453125, -0.01885986328125, 0.07568359375, 0.01934814453125, -0.04486083984375, 0.09698486328125, 0.00640869140625, 0.02447509765625, 0.006591796875, -0.02752685546875, 0.0460205078125, -0.00347900390625, 0.05859375, 0.02362060546875, 0.00067138671875, 0.04541015625, 0.02130126953125, 0.03668212890625, 0.0643310546875, 0.1170654296875, -0.00604248046875, -0.01092529296875, -0.0086669921875, 0.086181640625, 0.02532958984375, -0.0185546875, -0.04290771484375, 0.09326171875, -0.00244140625, 0.07855224609375, 0.0289306640625, 0.02667236328125, 0.06500244140625, 0.05352783203125, 0.06964111328125, -0.0440673828125, 0.0040283203125, 0.1109619140625, -0.0418701171875, -0.04022216796875, 0.013671875, -0.02178955078125, -0.0316162109375, 0.04144287109375, 0.04534912109375, 0.04083251953125], "accuracy": 0.375}