{
    "dataset": 0,
    "circuit_id": 11,
    "layer": 5,
    "num_params": 100,
    "expr": 0.00988866639935898,
    "entcap": 0.9362307862964734,
    "num_iter": 100,
    "last_cost_avg": 0.13346481323242188,
    "accuracy": 0.84375
}