{
    "dataset": 0,
    "circuit_id": 16,
    "layer": 7,
    "num_params": 119,
    "expr": 0.03701556035000171,
    "entcap": 0.6952364029807737,
    "num_iter": 1024,
    "last_cost_avg": 0.12580231937487468
}