{
    "dataset": 70,
    "last_cost_avg": 0.10802554847445628,
    "statevector_real": [
        -0.02170384437363556,
        0.007154596728000205,
        0.027195830050617015,
        0.07660180159176556,
        -0.15010683405015557,
        0.09670922210583863,
        0.13790137922685056,
        0.19199584926214894,
        0.08026112974294243,
        -0.06743617200239267,
        -0.12014579483197392,
        0.14978163102822223,
        -0.03605061823166391,
        0.12329151328322499,
        0.051891919937235756,
        -0.04662972638097052,
        0.0269368403787877,
        -0.051296940589078806,
        0.12488077313240063,
        -0.018259354042854736,
        0.12723332427524806,
        0.16519248309188628,
        -0.14418605502432616,
        -0.15591367282000496,
        -0.10521504573595848,
        -0.1255946781386667,
        0.17555238701070766,
        -0.2165920814225463,
        -0.1889479101406626,
        -0.09729305748645453,
        0.09134549649988218,
        0.15054117742354692
    ],
    "statevector_imag": [
        0.16317473993414106,
        0.07100495308650627,
        0.014433049978100985,
        0.17524728966525208,
        0.18169865024465423,
        -0.026675281221114764,
        -0.03962262505842873,
        -0.05405804248228832,
        -0.08245713376578401,
        -0.2531429237571357,
        -0.011765743386121692,
        0.07547896022989031,
        -0.17940034688487788,
        0.033290766581205104,
        0.15739570375507023,
        -0.008930351567722268,
        -0.011452193266739524,
        0.1177277975083542,
        -0.16901239517207445,
        -0.00257093625741193,
        0.009934600059341832,
        -0.0005120607490301248,
        -0.12994836964597742,
        0.12281979403237919,
        -0.2719217299918716,
        0.2003323958014298,
        -0.08609419011393225,
        0.21340970945512305,
        0.15488997857299586,
        0.11660710786660601,
        -0.11175978206121545,
        -0.1409261402255822
    ]
}