{
    "dataset": 702,
    "last_cost_avg": 0.0738142582965029,
    "statevector_real": [
        -0.028025603494461204,
        -0.06344424202053843,
        0.03430934165973631,
        0.14432160695928004,
        -0.06388919085763185,
        0.07830076498923615,
        -0.1116041366594917,
        -0.09457371454137677,
        -0.07196827041147763,
        -0.062148982029629735,
        0.04828767485659513,
        -0.0036755977229485657,
        0.09277549027766858,
        -0.03912845317459267,
        0.063848698120359,
        -0.03958062633759632,
        0.11408621432889633,
        -0.06189571409485959,
        -0.023629807929252337,
        -0.11353253188754694,
        -0.06371097519927117,
        -0.03352756735574598,
        -0.01043444874552072,
        -0.018827714512143354,
        -0.1348200604042919,
        -0.01806841155680603,
        0.004742523548440632,
        0.09004736737903915,
        -0.060399913937548386,
        0.13879053055427104,
        -0.014003023064495688,
        0.016448937508356763,
        0.06889772071538272,
        -0.002319848615383289,
        -0.09559684372776339,
        0.08769885582039644,
        -0.06931970147365393,
        -0.1357680814314264,
        -0.04400646981954243,
        0.0026505725228165387,
        -0.03751210822867575,
        0.15919049636523955,
        0.007912151720371165,
        0.17012441198072073,
        0.010759750543871816,
        0.14648041748439572,
        0.0038353646541505293,
        -0.09472444615227,
        -0.13139760454931412,
        -0.01016863732052614,
        -0.15081349883621092,
        0.08745637917314084,
        0.12112344234309858,
        0.01570047528393325,
        0.18721414822000323,
        0.1290973376813112,
        0.023733739500025924,
        0.03446738487529673,
        -0.08107541611372016,
        0.12475348384279344,
        0.010257234197667128,
        0.17320038029941554,
        -0.1673914636025395,
        -0.009248867539910006
    ],
    "statevector_imag": [
        -0.04619319075137027,
        0.021141459451874744,
        -0.05579909835540832,
        -0.09020707344191109,
        0.0947517181184347,
        0.0436399947268004,
        0.09978289735276882,
        -0.09787612867095163,
        -0.015489949660835278,
        -0.018610620993015317,
        -0.10177996166484966,
        -0.14661652487513038,
        0.058679562531496185,
        0.08618689834393531,
        -0.1558347990915694,
        -0.07054463423538801,
        0.06929378101665877,
        -0.029442336676845808,
        -0.005208704858066226,
        0.03447669892382607,
        -0.09868086059394376,
        0.09704667496950434,
        -0.004663994986628472,
        -0.01987689323953874,
        -0.08172605142660642,
        0.053961886472712786,
        0.1334293020941646,
        -0.03741894288582213,
        0.10340979843264901,
        0.0806530619132595,
        0.009114944757969907,
        -0.1586554726315746,
        0.020995196539047727,
        -0.009781289925431624,
        -0.021700711264418054,
        -0.0413916183906596,
        -0.12682284530739832,
        0.07638348939754008,
        -0.15653242338364615,
        0.12707901626540347,
        -0.07043141670810275,
        -0.1598544129963072,
        0.03236645597488619,
        0.05371726093189314,
        -0.20633594795643748,
        -0.1021224148631079,
        -0.00036456310704835373,
        0.09557394130874888,
        0.127803081256015,
        -0.0031260328172355223,
        0.05328751308217518,
        -0.0901981345728605,
        0.08145941406280513,
        -0.012150119784796182,
        0.0405388556984948,
        -0.03029356732903918,
        -0.010676585684584355,
        0.03007829362380594,
        -0.1193948934164279,
        0.09879153791455886,
        0.04480451987368555,
        -0.05052098187733455,
        -0.1196929878575654,
        0.20467612474284663
    ]
}