{
    "dataset": 390,
    "last_cost_avg": 0.08940681182683738,
    "alpha": [
        0.056419210171047104,
        0.019898758367676697,
        0.02067343861455591,
        0.03828550071569575,
        0.03084872293788473,
        0.03902987527009065,
        0.013297321386657283,
        0.055560798484821414,
        0.0058978063181259095,
        0.0011964800210982477,
        0.08801115877142374,
        0.0396112280928019,
        0.036680754891244345,
        0.06902812368445173,
        0.0282871859551535,
        0.00024393334679838547,
        0.0004068018735334349,
        0.0002644727757987289,
        0.04353144211840384,
        0.021577817909730887,
        0.0699047809249299,
        0.027935745663182843,
        0.05010697476988951,
        0.020384015239130644,
        0.03776537019152348,
        0.0002731003237038276,
        7.289716194924156e-05,
        0.0289288487841986,
        0.03151696229020868,
        0.06451469071419808,
        0.010113376901214274,
        0.04973240532887674
    ]
}