{"f": [0.0579833984375, -0.00238037109375, 0.080078125, 0.01116943359375, 0.10211181640625, 0.134033203125, 0.091064453125, 0.030517578125, 0.08856201171875, 0.05889892578125, 0.11370849609375, 0.10009765625, 0.0394287109375, 0.07171630859375, 0.09954833984375, 0.15966796875, 0.11859130859375, 0.091064453125, 0.06982421875, 0.10638427734375, 0.04461669921875, 0.0804443359375, 0.09967041015625, 0.08465576171875, 0.11248779296875, 0.08746337890625, 0.13153076171875, 0.069580078125, 0.1060791015625, 0.10107421875, 0.1461181640625, -0.003662109375, 0.056640625, 0.0255126953125, 0.16375732421875, 0.05877685546875, 0.0941162109375, 0.0850830078125, 0.0999755859375, 0.10107421875, 0.11700439453125, 0.08868408203125, 0.13348388671875, 0.094970703125, 0.08563232421875, 0.13079833984375, 0.0455322265625, 0.07318115234375, 0.09918212890625, 0.13043212890625, 0.10296630859375, 0.01666259765625, 0.11309814453125, 0.115966796875, -0.015380859375, 0.14453125, 0.1024169921875, 0.093505859375, -0.00775146484375, 0.08465576171875, 0.05548095703125, 0.07733154296875, 0.10089111328125, 0.06536865234375], "accuracy": 0.375}