{
    "dataset": 1920,
    "last_cost_avg": 0.06711005051886575,
    "statevector_real": [
        -0.003676092498950731,
        -0.14683405249736214,
        -0.2643736510287949,
        -0.01896789679012811,
        0.07803063053610025,
        -0.16752017845063374,
        -0.09251772330270559,
        0.014061827348017098,
        0.15963524253694392,
        0.1612919453134118,
        -0.25117603104395425,
        -0.2480958890253862,
        -0.21770425148526681,
        -0.07888775560982295,
        -0.0995686982392663,
        0.02030999581744394,
        0.2573037104263521,
        0.012713998916141032,
        0.1382913926179841,
        -0.03396266120635353,
        -0.15775406192986557,
        0.14937024892160394,
        0.013146678471869507,
        0.20774964372967997,
        -0.012958828167235292,
        -0.1124060195621151,
        0.14608010265218788,
        0.12118572599347902,
        0.0648262197855097,
        -0.1039675217792319,
        -0.07071361180278554,
        -0.012450618481859892
    ],
    "statevector_imag": [
        -0.006181969396841138,
        -0.05452711146342246,
        0.08001942105736375,
        0.049228483334338165,
        0.06817725833341935,
        0.06285657722615233,
        -0.1293393430139516,
        0.009327420655641318,
        -0.16717009248058862,
        0.03887950829095555,
        -0.023542225220609485,
        0.16288907974242534,
        0.19166718856826317,
        -0.057361390866652484,
        0.05594769610501298,
        -0.030948921124094548,
        0.1007608380564341,
        0.10547827913561655,
        -0.0349859642744614,
        -0.014473635365680014,
        -0.08970506079857549,
        0.11743024278946146,
        0.21595474090056382,
        0.04396045506668746,
        -0.00023220395088034148,
        -0.07960744714500902,
        -0.07085107587239484,
        0.14026120478160764,
        -0.2750335747941017,
        -0.16196613162296966,
        -0.1227561341699023,
        -0.0017513330532621936
    ]
}