{
    "dataset": 1248,
    "last_cost_avg": 0.10246459098417528,
    "statevector_real": [
        -0.21940929803091522,
        -0.10275290262938178,
        -0.012535036426075149,
        0.06998549864610978,
        0.10788731092286608,
        0.04257210874717583,
        -0.08053382159041515,
        -0.04022758487801955,
        0.10677859521064838,
        -0.09007439918963646,
        0.11111639800670647,
        0.013392152813063404,
        0.08073378470866834,
        0.030318236648016483,
        0.05807299403900834,
        -0.07593256571340368,
        0.11906602042652445,
        0.23451325088772582,
        0.1197701899901166,
        -0.08504181139324707,
        -0.23474173758344744,
        0.19297014582987376,
        0.008318132860681409,
        0.1558648229273581,
        0.11485953789099904,
        -0.17505925106950057,
        0.0006844752274204468,
        -0.08852192920857269,
        -0.005459064784705773,
        -0.2067192446840017,
        -0.06902919666820677,
        -0.1275458310692548
    ],
    "statevector_imag": [
        0.04357051202663939,
        -0.12034206379791809,
        0.08891597145299615,
        0.1328728785094651,
        -0.13107244535112908,
        0.2177437680104268,
        0.02338663197058751,
        -0.235878515790273,
        -0.16802962970800384,
        0.12761537032475564,
        -0.10683419003088464,
        0.0725635582818278,
        -0.17270025640163075,
        0.08901195149358494,
        -0.2144090731327061,
        0.0386863978709842,
        -0.037909456343562846,
        0.11181139457920218,
        0.1278875550800846,
        0.0899604104111635,
        0.004053583780881075,
        0.08450085045457732,
        -0.0912108829347499,
        0.10120076548651481,
        -0.19685654686845383,
        0.21898758257969253,
        0.19879570066105381,
        -0.0029770000484119004,
        0.03495332531588952,
        0.08719860927237054,
        0.1531573597005127,
        0.1067226736338253
    ]
}