{
    "dataset": 2483,
    "last_cost_avg": 0.12033843915930434,
    "statevector_real": [
        0.0471024154595542,
        0.10724999620799018,
        -0.02619017033460759,
        -0.10815391332899299,
        -0.1187868418074956,
        -0.039367269285576365,
        0.07419909515614533,
        0.16164907153865155,
        0.06737316828345286,
        0.002113111092590342,
        0.19723580642786553,
        0.1794033137786269,
        0.13250385911359736,
        -0.11108198695485018,
        0.09565385614569408,
        0.12052051374864244,
        0.23112415023956556,
        0.14879659499444134,
        0.0912241765855063,
        0.18172099106901388,
        -0.21492380944186742,
        -0.03083048688218071,
        0.03068777486138088,
        0.12504527840739332,
        0.07726835421405324,
        0.026019841167612988,
        0.2008290015192549,
        0.19944851286873014,
        -0.0037572343916687768,
        -0.03840218196103639,
        -0.08110453762802664,
        0.12719353942739337
    ],
    "statevector_imag": [
        0.17911017424116799,
        0.15436990629190953,
        -0.24615146427961931,
        -0.0096807411889528,
        0.09267690532030202,
        0.17953122387976536,
        0.009685644666408413,
        0.11080319906337562,
        0.09453350669868602,
        0.006105053739306519,
        -0.051553228163185645,
        0.19784330742522846,
        -0.048699966346548836,
        0.051474739834195996,
        0.23347912951904423,
        0.05161851178760037,
        0.007809409597578662,
        -0.16538977759069695,
        -0.09384428471671118,
        0.1384619293484585,
        -0.10769773412387809,
        -0.06621451162956313,
        0.09782943265474284,
        0.2121734225175369,
        -0.035111577648307746,
        0.16654652410212353,
        0.03921389737381832,
        -0.0193968436773306,
        0.1629301369577858,
        -0.0953068365652193,
        -0.1728304241786388,
        -0.02571721365562385
    ]
}