{
    "dataset": 0,
    "circuit_id": 14,
    "layer": 1,
    "num_params": 12,
    "expr": 0.16826961760147383,
    "entcap": 0.3466310811890984,
    "num_iter": 88,
    "last_cost_avg": 0.18599700927734375,
    "accuracy": 0.921875
}