{
    "dataset": 0,
    "circuit_id": 4,
    "layer": 2,
    "num_params": 28,
    "expr": 0.0535042399381012,
    "entcap": 0.5041233726512634,
    "num_iter": 1024,
    "last_cost_avg": 0.08778828009168763,
    "accuracy": 0.90625
}