{
    "dataset": 4073,
    "last_cost_avg": 0.11858371208902495,
    "statevector_real": [
        0.07324057403744272,
        0.0999678140969118,
        -0.1798303918140842,
        0.12843504864846084,
        -0.26364159182603875,
        -0.07097448081784467,
        -0.0498779447550792,
        0.06210156004042563,
        0.19950692654443677,
        0.006912125621354477,
        0.05540050575541829,
        0.10466480083296581,
        0.15628607975577574,
        0.010253871033357417,
        -0.017457424710860595,
        -0.06944001054273873,
        0.11961307050356125,
        -0.20088351167177124,
        0.05442975283286729,
        0.04114525063948281,
        -0.06413849652560125,
        0.09458568244257251,
        -0.030628252621129913,
        0.15219200775643757,
        0.018810066916672433,
        -0.22883956182002949,
        -0.13381762298243557,
        0.197272830799131,
        -0.05837130769706398,
        -0.01916766684737562,
        0.260963407003486,
        -0.23415505159083597
    ],
    "statevector_imag": [
        -0.11971591131816678,
        -0.1702281191251089,
        0.01759057957412038,
        -0.07996934365359094,
        -0.032033192180158834,
        -0.212247692624977,
        0.21132362557972753,
        0.048279612105106846,
        -0.0024302399857729015,
        0.0283944384214922,
        -0.1799860423564183,
        -0.0824398618738235,
        -0.07813198154892527,
        0.08676881574189366,
        -0.22965263816134843,
        0.0850089969841565,
        -0.06222926292956587,
        -0.14482031290225642,
        0.1689600160336309,
        -0.10055957626913327,
        -0.15274382377578138,
        -0.177503177413438,
        0.053241134314137045,
        0.0871924864041931,
        0.0038711080175893257,
        0.05695674094367913,
        -0.09787302980479749,
        -0.16911899395215096,
        -0.011852289365677456,
        0.006067164984190626,
        -0.012862173361186646,
        0.1068420178859105
    ]
}