{
    "dataset": 2820,
    "last_cost_avg": 0.09618295055476117,
    "statevector_real": [
        0.01128272863261055,
        -0.17701525870323243,
        0.216319485118925,
        0.03376919035377651,
        0.0029286238099220535,
        0.06490014738828012,
        -0.15566301791529136,
        0.19744944489095534,
        0.04073445287790032,
        0.017625596562765713,
        -0.11468851616856962,
        0.03894903854167129,
        -0.19622852288880482,
        0.0019943334576055464,
        -0.015328256808647696,
        -0.059730701050534775,
        -0.06252875441447144,
        0.006167974909186839,
        0.02167849589234904,
        -0.0653911296829889,
        0.17009803123461692,
        -0.11381653012290584,
        0.002495033486099938,
        -0.18922511539792936,
        0.016822962037204466,
        0.18835352250256654,
        -0.28021660088544176,
        0.27347848146877646,
        0.16072515559916273,
        0.10883841696080285,
        -0.0056613893165200204,
        -0.21043538080823082
    ],
    "statevector_imag": [
        -0.021067599413491987,
        0.17482733746136472,
        -0.11272722872591391,
        -0.12404422086357253,
        0.16670668097359959,
        -0.022284723054867728,
        0.017949800834170887,
        0.04039504466945921,
        -0.17126422460718732,
        -0.20186435697202296,
        0.24883002631884052,
        0.061798146423604663,
        0.08415294084404756,
        0.06928770304359456,
        -0.0026389588340253733,
        -0.16069233677600372,
        0.2562957164418677,
        -0.0096192768743011,
        -0.011884105733709996,
        -0.123935364756676,
        0.025481057516317986,
        -0.10900332862380535,
        -0.0012027031702666795,
        0.031765231727355694,
        0.022536048087503813,
        -0.19079662247390375,
        -0.0649381804173983,
        0.04670679752093409,
        -0.11689731525558739,
        0.13123829593034295,
        0.0033422081271834774,
        0.06964146849439493
    ]
}