{
    "dataset": 661,
    "last_cost_avg": 0.09349786184087815,
    "statevector_real": [
        0.15867672326278953,
        0.0023414513360150418,
        -0.03852884618618608,
        0.13781928207737332,
        0.1378819861555458,
        0.12117035564338684,
        -0.1679180186424733,
        -0.11751809948260045,
        -0.04209854105144966,
        -0.08766769393901085,
        -0.0882364590584977,
        0.06513123415431303,
        -0.07359924724087798,
        0.07957089551428512,
        -0.010618277607807423,
        0.09465617655129127,
        0.06602950900913387,
        -0.023674085657853772,
        -0.10185020464839735,
        -0.07633343524488329,
        0.12334776445938617,
        -0.06804211566261816,
        -0.007448025800366373,
        0.070282929551283,
        -0.13751041470486228,
        0.09515154162376745,
        0.1501914044998734,
        -0.010415843024200492,
        0.002238619737475596,
        0.011952844204888619,
        -0.052488224422720935,
        -0.04333551606537743,
        0.12028207862280245,
        -0.08452550279188058,
        -0.11439162691214282,
        -0.14037314751686925,
        -0.11632582876655982,
        -0.13338256333486376,
        -0.11853042351330731,
        -0.01566333438059014,
        0.06806838875982144,
        0.06790686270145462,
        0.058889850477544844,
        -0.14880061627955063,
        0.1861583076437223,
        -0.02373871676167369,
        -0.02428841485094924,
        0.08179896268492738,
        0.0569431483482415,
        -0.0993862493915758,
        0.052411811956684505,
        0.019205855403242548,
        0.028914876518505012,
        -0.13159577669510775,
        0.00717596357356416,
        0.004864122149853584,
        0.10298940883703492,
        -0.05383867102310592,
        -0.03073867092690048,
        -0.03811597834602924,
        -0.04999430757131413,
        -0.027034638485322438,
        -0.022023911291795806,
        -0.1129886595401934
    ],
    "statevector_imag": [
        -0.05532380092649017,
        -0.0794510941655851,
        0.017409209056386404,
        0.055013888267138565,
        0.04606598477693187,
        0.10482254969519181,
        0.0015173254314311084,
        0.03165713425845882,
        0.04802166566865283,
        0.016041599731334188,
        0.06440903487341794,
        0.05844837880113922,
        0.07723749670856565,
        0.05910759735262887,
        0.11235249479340552,
        -0.05471441198310395,
        0.011239922485699445,
        -0.12009092658474926,
        -0.055139869484823786,
        0.06673674724651822,
        0.07217181086759715,
        -0.10557142312268897,
        -0.13279380113841788,
        0.020585142447194935,
        0.025683519078926405,
        0.050405137182771176,
        0.04854690901691487,
        -0.013183093212023765,
        0.1429379536525538,
        -0.019085345084411696,
        -0.12252194226685019,
        0.09305676723697161,
        -0.05229302852882319,
        -0.08512711223208247,
        0.014735454628957449,
        -0.0675394007825745,
        0.10087618824423224,
        -0.10316227601614388,
        0.061801813223506134,
        0.11494096529492741,
        0.10436436784525116,
        -0.11298931959178404,
        -0.05371931582459169,
        0.0386500819654462,
        -0.04241882179362072,
        -0.1322225294970565,
        -0.1441341637568082,
        -0.01790309651501185,
        -0.14050538972780147,
        -0.04955212482499491,
        -0.1324617779125687,
        0.05045330611549133,
        -0.1960296571715957,
        -0.133579480388663,
        -0.002459613462605936,
        0.11586769750400197,
        0.12728811298584908,
        -0.0740146936410296,
        0.03587942442794081,
        0.06627129624129399,
        -0.12449916004925146,
        -0.10665495202547436,
        -0.14467665644454608,
        0.11782028761409725
    ]
}