{
    "dataset": 0,
    "circuit_id": 12,
    "layer": 6,
    "num_params": 120,
    "expr": 0.004820824856116698,
    "entcap": 0.8700895674458027,
    "num_iter": 1024,
    "last_cost_avg": 0.05202484130859375
}