{
    "dataset": 446,
    "last_cost_avg": 0.11873891086580286,
    "statevector_real": [
        0.06737895783731891,
        0.05412618282469619,
        0.15066623855843386,
        -0.16976829052701883,
        0.0572091579593307,
        0.12858053703023584,
        0.1212104614188242,
        -0.20053677605600365,
        -0.24696818942681711,
        -0.16047613004454084,
        0.029277590323218,
        0.07141866674453456,
        -0.12377160631069782,
        0.12109930521834494,
        -0.010978438314272376,
        0.1751723333736559,
        -0.06432013714304974,
        0.13967860232572998,
        0.1447275653169763,
        -0.15447600856505786,
        -0.010897058312397382,
        0.03397575505046184,
        0.2140351045132413,
        0.19899707867095068,
        -0.1111246329967582,
        -0.05273033434382938,
        0.18571115283756712,
        0.1388486235187192,
        -0.00712854430348928,
        0.004974014991681724,
        -0.0005236453115923527,
        0.06565944563405313
    ],
    "statevector_imag": [
        -0.13721980567676303,
        0.12807621461940058,
        0.0018805372736924203,
        0.1447529107853864,
        -0.08505157711647361,
        0.0067872595891934765,
        0.11914277519038269,
        0.027225067645742177,
        0.0723608023571843,
        0.05966171792436379,
        -0.17695425356285438,
        0.0394889428265349,
        0.1552488098197342,
        -0.21013145340686526,
        0.07978397779820982,
        0.018171561509489398,
        0.24035275325943264,
        -0.09897905905485573,
        -0.1315801281665091,
        0.07536910912543426,
        -0.14413219198054433,
        -0.17022151383269085,
        -0.16223489756607282,
        0.0989630695149477,
        0.15774692945870503,
        -0.024846075102024592,
        0.04180414085300579,
        -0.10111256845048051,
        -0.2339118898412672,
        0.12177786053792843,
        -0.0002600929622786899,
        0.07688087244542982
    ]
}