{
    "dataset": 3809,
    "last_cost_avg": 0.0801492464990256,
    "statevector_real": [
        -0.11405912995247827,
        0.014680367925141128,
        0.23249905620105252,
        -0.18461847224008288,
        0.2606233948335712,
        -0.06932998749648538,
        0.017224037446248244,
        -0.1750323569901253,
        0.020859493115021367,
        -0.18928373684389996,
        -0.1009459425857713,
        -0.18743055327777935,
        0.06841132846005667,
        0.004839164988293642,
        -0.1934678857753264,
        0.08901953456964598,
        0.0049095914088373195,
        0.15522042022962637,
        -0.03295855529899347,
        -0.20929597233172373,
        0.23178162967457497,
        -0.02162206770085261,
        -0.13153265734029013,
        0.24200859777864964,
        0.07992405089045891,
        -0.03528450421485123,
        -0.27925789762314845,
        -0.00766008810145226,
        -0.04484773640585345,
        -0.04847392564476397,
        0.06002342043138272,
        -0.03568511070341878
    ],
    "statevector_imag": [
        -0.057645554580386685,
        -0.19007772276473078,
        -0.11118053028232038,
        0.03385271261776026,
        -0.09867142948045839,
        -0.14564526816849746,
        -0.19378907694392525,
        0.1295497571520882,
        0.08390668188931531,
        -0.1283510998469787,
        -0.2318438652254938,
        0.09462508834463242,
        -0.14402501171642879,
        0.03272853309158896,
        0.14075206488554903,
        -0.0481893594897042,
        -0.011745931756184685,
        -0.044497259642930616,
        0.0006663189264234884,
        -0.04779846483542582,
        -0.05964502308237687,
        -0.023807597605790314,
        -0.09131313129982717,
        0.07707353229798464,
        -0.038653009246921485,
        0.049829936627327334,
        -0.06519488238424291,
        -0.025387344677636894,
        -0.08509434314757777,
        0.042364609810523264,
        0.05008651128624324,
        0.2402341123120844
    ]
}