{
    "dataset": 1345,
    "last_cost_avg": 0.09633614588654685,
    "statevector_real": [
        0.009628469019889008,
        0.20096027925143636,
        0.0943173965503402,
        0.04483178579493611,
        0.07535889356961353,
        -0.18977481490313167,
        -0.07014330467602656,
        -0.0072725498775221675,
        0.10396665603269728,
        -0.0032976611698931624,
        0.01039500030462293,
        -0.018776530836917694,
        -0.1680339832364707,
        0.03286108645708326,
        -0.057715631351638486,
        0.09256565721860596,
        0.14007608511637767,
        0.07889276230274514,
        -0.12183651004475128,
        0.039282941227433636,
        -0.03329658858479395,
        -0.008695272177083426,
        -0.0017898085789447922,
        -0.02433625379113738,
        -0.13497389359484757,
        0.14911174651794917,
        0.09081567364957,
        -0.02022304737917968,
        -0.06820006080238587,
        -0.17544302166581321,
        0.040224295259213054,
        -0.012926435442031543,
        -0.014535868143642657,
        -0.09553006945695992,
        0.11812497167486195,
        0.030297771416789937,
        -0.05613045470463822,
        0.07676460049782394,
        0.011620469282157432,
        0.11530178144854067,
        -0.10242078874825658,
        0.1266708681474384,
        -0.050990413362480724,
        0.09482420514355515,
        -0.04520389769651807,
        -0.007362559471586236,
        0.08922795850277591,
        -0.13589267708158298,
        0.07907186739879361,
        -0.026340022635995414,
        0.1341255104534383,
        -0.08063451395833825,
        0.09004638502828867,
        0.1580544110722981,
        0.18751168306204177,
        0.18361783945322724,
        0.004666983741613466,
        0.0174153282480559,
        -0.1382887924805217,
        -0.015560165479838,
        -0.08349540916842262,
        -0.0962637832302267,
        -0.04005005286286173,
        0.08090501885346078
    ],
    "statevector_imag": [
        0.14287787438534263,
        -0.00622243604866471,
        0.12077871455709169,
        0.014373728162708738,
        -0.01582525867996038,
        0.010361786109608192,
        -0.036445315071508375,
        0.033306194820807676,
        0.07080102722058362,
        0.037700638661958996,
        -0.005398134384682301,
        -0.14576621036907045,
        0.015095264662726983,
        -0.012698634729610046,
        -0.11684726513361067,
        -0.04921232514798641,
        -0.047285034482666265,
        0.04794452064140878,
        0.10264922985173967,
        0.008483479816371636,
        0.03397692836697805,
        0.027697687169931318,
        -0.016462184732728546,
        0.10256461222395978,
        0.07175285529741758,
        -0.12446661895950398,
        0.06876261882638614,
        0.033889108581991706,
        -0.14966838728697132,
        0.0022294610837164035,
        -0.016480041483933824,
        0.19123953077143438,
        -0.09759582696452347,
        0.07692369913391778,
        -0.009516718771617264,
        -0.05101283919812267,
        -0.1309840498672978,
        -0.10745296930982122,
        -0.003521329666533459,
        0.1387505142711743,
        -0.04687148740453139,
        -0.10789104643404625,
        -0.010871935444459349,
        -0.1642569298114989,
        0.001013061194774613,
        0.0698640405023159,
        -0.02937887824986821,
        -0.029298521083674936,
        -0.08635141893287723,
        0.0040593279611127785,
        0.06509511733901388,
        0.11667865191553925,
        -0.09384018167796578,
        0.11730273702926852,
        0.004730640758167825,
        0.020438520492059645,
        -0.1516405153466383,
        -0.021539380100600053,
        0.1090546606194822,
        0.0015516786069267928,
        0.07708223089533997,
        -0.11904134796033304,
        0.06916468074470193,
        -0.10118111790614367
    ]
}