{
    "dataset": 1828,
    "last_cost_avg": 0.08375643704117054,
    "statevector_real": [
        0.20601563265768166,
        0.19706916846403785,
        -0.24251886645252085,
        0.10979280586474748,
        0.029235011893464148,
        0.1875615589614844,
        0.13072724778123435,
        0.17042118715199184,
        -0.00639319911102481,
        -0.13363898574560537,
        0.13965221245604723,
        -0.05713097257773701,
        -0.11078163728975375,
        -0.1359578757700615,
        0.04801613668855417,
        -0.2025495105440585,
        -0.2500229933005202,
        0.05061268570165796,
        0.11063540737591947,
        -0.14237543767953717,
        -0.010426488642111341,
        0.08111344759084757,
        -0.05140985938909629,
        0.009716702590756847,
        -0.02712458419240085,
        0.06474147598555909,
        -0.1612185191694812,
        0.07909024025833471,
        0.14577584323690487,
        0.15255631158302754,
        0.12865860111322328,
        0.0638472728801937
    ],
    "statevector_imag": [
        -0.04941639641462144,
        0.10397677915428076,
        0.036231054970966854,
        -0.007909370742438804,
        -0.07301622480910186,
        -0.12227045049002581,
        -0.014277178106506812,
        -0.09193221333394348,
        -0.014492998491543403,
        0.17700920422939717,
        -0.1688415210106191,
        0.02156829130261002,
        0.21734321999611886,
        0.03396710549977339,
        -0.0312729970043169,
        -0.18155225741795947,
        0.0762668183654476,
        0.10120126191524442,
        -0.05555528799683929,
        0.03964254939421077,
        -0.20592165806013948,
        0.13397673166070276,
        0.10786819510951665,
        -0.1812269611038303,
        -0.003152867780998436,
        0.003942816918340889,
        -0.01776436067246747,
        0.17117822913401187,
        0.2541842045972773,
        0.006517789486822151,
        -0.08490687387032378,
        -0.16771249316697429
    ]
}