{
    "dataset": 1081,
    "last_cost_avg": 0.08341358871384474,
    "statevector_real": [
        -0.20716659842968463,
        0.044635508707775,
        0.10119285266123976,
        0.08410582770892573,
        -0.03199128272448011,
        0.16906966579643193,
        -0.10018086731896385,
        -0.2406573423941335,
        -0.12087368842569857,
        0.08355409300404118,
        -0.2536372935845237,
        0.0904999424790344,
        -0.061655169172398216,
        0.04129788955232081,
        0.09202101463158739,
        -0.10899313231871668,
        -0.05482560600134407,
        -0.14698671097793692,
        -0.07356282353051585,
        -0.15737240909328562,
        -0.03227113954914377,
        0.1985203620217282,
        -0.11900214461101849,
        -0.03765958372698423,
        0.05945358598465001,
        0.1586170834009269,
        -0.0012765544227239729,
        0.13943459944745254,
        0.03962970347199312,
        0.040048986122060384,
        -0.15858442165024297,
        -0.2589099476710898
    ],
    "statevector_imag": [
        0.041375487260939425,
        -0.15099106657179293,
        -0.120058897854622,
        0.0734376328533368,
        0.10961052092319758,
        0.06277575612686948,
        0.11507601908444912,
        0.07186460957904475,
        -0.0874011686732856,
        0.09657068096210951,
        -0.03020072392112926,
        -0.02202970455387712,
        -0.2557180961717899,
        0.21746295463980927,
        -0.18535169750473715,
        0.07873694641233156,
        0.15069372497050842,
        -0.08434041647916317,
        0.14939034696852768,
        -0.05922514660072139,
        -0.15441114038187648,
        0.07476364238745258,
        0.14637361224356824,
        -0.09884280467230004,
        0.11186055883397943,
        -0.08302415541332475,
        -0.01019811457912778,
        -0.15765691438035415,
        0.19557010033810343,
        0.1267408027099673,
        0.002002246481478606,
        0.026429005504662095
    ]
}