{
    "dataset": 0,
    "circuit_id": 13,
    "layer": 8,
    "num_params": 96,
    "expr": 0.005149269155054878,
    "entcap": 0.827113006516236,
    "num_iter": 69,
    "last_cost_avg": 0.01220703125
}