{
    "dataset": 881,
    "last_cost_avg": 0.0813998065547481,
    "alpha": [
        0.039746775903711166,
        0.00010892105658831812,
        0.034779446280049926,
        0.012710591416754308,
        0.01050694952007412,
        0.030982651479546694,
        0.010526063976268145,
        0.08225126043931934,
        0.006878440477812574,
        0.016026296603869745,
        0.10095133959040782,
        0.02968162186285114,
        0.003651544711140183,
        0.05476936940395248,
        0.02454792667678567,
        9.319301772973482e-06,
        0.008203679007701598,
        0.003450101012433309,
        0.06329273643892845,
        0.042417808936101815,
        0.09738289690559573,
        0.00596931922678814,
        0.07576888355696784,
        0.02812976213375172,
        0.030052032765388557,
        0.0044166593910823886,
        0.0004910181220353343,
        0.04174626517291249,
        0.022449652354142778,
        0.07069923217843706,
        0.015191273549836145,
        0.03221016054699193
    ]
}