{
    "dataset": 0,
    "circuit_id": 2,
    "layer": 2,
    "num_params": 24,
    "expr": 0.04841279750579171,
    "entcap": 0.7859065648473332,
    "num_iter": 92,
    "last_cost_avg": 0.1097564697265625
}