{"f": [0.109619140625, 0.04644775390625, 0.08868408203125, 0.060791015625, 0.09368896484375, 0.12225341796875, 0.066650390625, 0.05950927734375, 0.114501953125, 0.0538330078125, 0.08282470703125, 0.04736328125, 0.1041259765625, 0.05194091796875, 0.0596923828125, 0.06927490234375, 0.09332275390625, 0.0872802734375, 0.07525634765625, 0.04754638671875, 0.0831298828125, 0.07037353515625, 0.01971435546875, 0.13922119140625, 0.08056640625, 0.09246826171875, 0.09881591796875, 0.04693603515625, 0.1329345703125, 0.0572509765625, 0.09906005859375, 0.084228515625, 0.0574951171875, 0.0621337890625, 0.08636474609375, 0.08343505859375, 0.1036376953125, 0.12078857421875, 0.08203125, 0.08514404296875, 0.0760498046875, 0.1474609375, 0.07318115234375, 0.055908203125, 0.028564453125, 0.09893798828125, 0.06298828125, 0.1436767578125, 0.0751953125, 0.07904052734375, 0.11175537109375, 0.04791259765625, 0.11968994140625, 0.0750732421875, 0.034912109375, 0.12432861328125, 0.040283203125, 0.09234619140625, 0.05328369140625, 0.0943603515625, 0.0341796875, 0.08416748046875, 0.12493896484375, 0.1229248046875], "accuracy": 0.34375}