{
    "dataset": 558,
    "last_cost_avg": 0.10698985276358225,
    "statevector_real": [
        -0.10662855668716704,
        -0.037454155517115555,
        -0.043407465174971044,
        0.1180790644025934,
        -0.04452054175035311,
        -0.00042341717199881015,
        -0.1398717118417251,
        0.14233612491869493,
        0.08202923050168004,
        0.018894637174799073,
        -0.006994823975440374,
        0.08114122023038234,
        -0.07836841458951911,
        -0.1578373000799283,
        -0.15574982332250353,
        -0.04890191742181055,
        -0.07690893038103415,
        -0.0032150987363127447,
        0.10955614813880786,
        0.047826909318584486,
        0.1287033920755705,
        -0.018205105481402063,
        0.11218340135185434,
        0.11728551189353395,
        -0.06413254262226417,
        0.026111902083077253,
        0.05096685977702843,
        -0.009537871761171417,
        -0.0967929813495796,
        0.09781029386092809,
        0.010108912789119257,
        0.11746910815627157,
        0.05935236701947296,
        0.02634444517878939,
        0.04427568265636729,
        -0.16729417456787543,
        -0.07390449910702901,
        -0.001939968751791823,
        -0.13408159008939236,
        -0.06181617216100864,
        0.09976884852282095,
        -0.19824379785778584,
        0.012022873710959812,
        -0.1187742516400115,
        -0.07444128345210907,
        -0.09792924657577082,
        -0.0011469049403651723,
        -0.103906040611179,
        -0.14722683998394723,
        -0.10503469852791186,
        0.036567609262630855,
        -0.12948173098126073,
        -0.04300776605155645,
        -0.1448078409574931,
        0.009115346340539919,
        0.051324453147181634,
        -0.16759306407057067,
        -0.0075735271516204706,
        -0.09128741982181451,
        0.05653610722854906,
        0.060333335685009475,
        -0.12058065520413042,
        -0.08429930774050644,
        -0.07646658738563578
    ],
    "statevector_imag": [
        -0.05870984416376903,
        -0.05363244089613691,
        -0.0322806516293995,
        -0.13352535966439266,
        -0.039257380187157534,
        0.012258498201544786,
        -0.032275622357177486,
        0.01554536575287279,
        0.0510765790457333,
        0.020110510871025732,
        -0.006335454060394804,
        -0.15074681990503613,
        -0.13058953237119145,
        -0.05620493408514725,
        -0.09062872551499344,
        0.13729857989258568,
        0.06510160056549733,
        -0.08489578506202425,
        0.08567293504478317,
        0.11501620997228904,
        0.07823594159785871,
        -0.11194943687121355,
        0.08029388711396852,
        0.131045989315548,
        0.12672449553852472,
        -0.0015341786902868257,
        0.003946081860020137,
        -0.06234130393495979,
        0.019219522829448065,
        -0.13405274818587937,
        -0.006922262058852917,
        -0.0023765809989788017,
        0.08356191756475972,
        0.0972296083740779,
        -0.13534448605995805,
        -0.03801272907017615,
        0.07336639212346947,
        -0.0051809199198076675,
        0.04950318546437961,
        -0.15925036274330656,
        0.11988955394012453,
        0.005180600415197607,
        -0.11087128049593777,
        -0.06467829581115518,
        -0.04624176359104942,
        0.06921048690338777,
        -0.009816525589096304,
        -0.049359112105974046,
        -0.0989176646177527,
        -0.044076766973845966,
        -0.14743177876219749,
        -0.11948461113195141,
        0.118361535645292,
        0.02227541581116677,
        -0.029322725761766272,
        0.15172097921152458,
        -0.12623412395329534,
        0.010487166666413292,
        0.06874371571650602,
        -0.031434832985519155,
        0.11828430464530651,
        -0.010443583202407847,
        0.10087321539253076,
        -0.024393166753234698
    ]
}