{
    "dataset": 268,
    "last_cost_avg": 0.07409527303745261,
    "statevector_real": [
        0.010236607149013905,
        -0.017317391403439287,
        0.15218350108653697,
        -0.0502261972267375,
        0.0459150734377794,
        0.14544544670508588,
        0.05977419564807642,
        0.18371970871440196,
        -0.09337586722867804,
        0.010816879576585166,
        -0.04643580541424444,
        0.11741230697475577,
        0.04165126299520282,
        0.0971623248758897,
        -0.0456091608259062,
        0.10927992214161043,
        0.10919419572173487,
        0.057745283676962904,
        0.01795957258785316,
        0.0729944418418724,
        0.09919833847977032,
        -0.12634690791664185,
        0.043100220592835116,
        -0.011515189877359526,
        -0.09519804230215642,
        -0.06079003837356434,
        -0.06875599370973647,
        0.04611753760794558,
        -0.05211066121731045,
        -0.08858243205919424,
        0.010588820426025148,
        0.08776623454006058,
        -0.12009629014001638,
        -0.09995510226468264,
        0.011368763190006657,
        -0.14785406234191656,
        -0.11456285703279069,
        0.009708958631310095,
        -0.12591488295318945,
        -0.11057682556366569,
        0.14134075523889184,
        0.03734073310332272,
        0.014164253776560463,
        -0.1549290643817114,
        -0.011249365413835066,
        -0.11588819617560106,
        0.1174371693004933,
        -0.002367748907521382,
        -0.05295474027639771,
        0.002646950835852672,
        0.041227948896083555,
        -0.0008411601153772212,
        -0.1707713116185928,
        0.0181544260733227,
        0.03197208646431007,
        -0.00866900290893578,
        0.009271681862060739,
        0.011950962883315952,
        -0.10851990870750487,
        0.015384430424763222,
        -0.11692381437374258,
        -0.07227384336169483,
        0.037150264799507324,
        -0.09591575041838375
    ],
    "statevector_imag": [
        -0.1200248673078895,
        -0.11533808844784688,
        -0.034521658063784266,
        0.1255952449981653,
        0.09227399359078615,
        -0.08946870506602884,
        0.037533230087815575,
        0.02200243363349096,
        -0.0675965560468242,
        0.13601851794301362,
        -0.09636477401617882,
        -0.03783772964090326,
        -0.12180536125122712,
        -0.09827096359799363,
        -0.07469328835365942,
        -0.06313293338720875,
        -0.07940343698568658,
        -0.1469752056502357,
        -0.18854099095069002,
        0.02859615404865231,
        -0.024122150161720552,
        -0.06812743967762232,
        0.05459562768905327,
        -0.09722517827836473,
        -0.13472317618671548,
        0.039942428710730164,
        0.1087112700689244,
        0.08698398258223738,
        -0.02039678815159639,
        -0.09125712734309739,
        0.04259836365263073,
        0.06114896239891321,
        0.07875798283827938,
        -0.07558137073824801,
        -0.0035129551013612834,
        0.046953929411020896,
        -0.05384588093368193,
        -0.006700307921903826,
        -0.05270085477498314,
        0.08057692101102226,
        0.01292018638205643,
        0.07211266236200317,
        -0.07874143424443286,
        -0.002974557699663212,
        0.00019668765921514308,
        -0.15060115787921988,
        0.1519729576283552,
        -0.1297869439471564,
        -0.18027329296729125,
        0.08115041759301986,
        0.1846641145772635,
        -0.008624375354694597,
        -0.07991335342063323,
        0.0008420798346851537,
        0.13520256045111412,
        -0.14172820592248184,
        0.07288258924898537,
        -0.14487652261040945,
        0.029855233514417504,
        0.04996579054827789,
        0.04072505833300026,
        -0.06264289857007256,
        0.13328746843656633,
        0.03633887247049957
    ]
}