{
    "dataset": 0,
    "circuit_id": 7,
    "layer": 7,
    "num_params": 203,
    "expr": 0.009691451291391446,
    "entcap": 0.7625757453270858,
    "num_iter": 1024,
    "last_cost_avg": 0.10408721047241808
}