{
    "dataset": 1562,
    "last_cost_avg": 0.09616761090853476,
    "statevector_real": [
        0.041129645008201175,
        0.23585442199102008,
        0.1944406304345263,
        -0.0971128635550732,
        -0.21723887735843064,
        -0.05308368474525586,
        -0.10396185015669587,
        0.16949460536233413,
        -0.24890675169772675,
        -0.02918165100511106,
        -0.13616572655853548,
        0.174915584365347,
        -0.2459639063025575,
        -0.07485862539363072,
        0.15645252427252596,
        -0.03168614673533306,
        -0.05968533534251871,
        -0.010049967545231546,
        -0.13866884739098845,
        -0.14297418157455558,
        0.04200038763650351,
        -0.17525597245456173,
        0.07746330608181255,
        -0.022270281094930896,
        -0.10562125940008879,
        -0.049378249745037524,
        0.09651102037295134,
        0.22481845624855792,
        -0.03686316241785825,
        -0.13135361811069882,
        0.09277091113941036,
        -0.016166312366037335
    ],
    "statevector_imag": [
        -0.06401384925106364,
        -0.08646776540936313,
        -0.0304059831338987,
        -0.041629187128775995,
        0.1557969278417723,
        -0.07936578074602632,
        -0.1132250589678991,
        0.1320782808900314,
        -0.04830589858226035,
        0.06654916263237974,
        0.10651259258463958,
        -0.21662519637536026,
        -0.056976382111663296,
        -0.1541819020158865,
        0.00665031042747042,
        0.25242353555953206,
        0.12472029283752402,
        -0.02608632172551435,
        -0.08497959226737693,
        -0.06029221731933525,
        -0.0438256831904524,
        0.14125579276578318,
        0.13025142245812818,
        0.06251976959457084,
        0.13992549497605572,
        -0.07277889264577218,
        -0.17259882474801747,
        0.01400670927107918,
        0.13712528499513255,
        -0.18019061165660236,
        0.062325287580975136,
        -0.09158020950189977
    ]
}