{
    "dataset": 4017,
    "last_cost_avg": 0.06644526221199681,
    "statevector_real": [
        0.03159863111686919,
        0.20731287218833375,
        -0.06203778146342401,
        0.16172054787857,
        0.07194478375793813,
        0.06403533988708617,
        0.22036785703120865,
        -0.015816585095221124,
        0.07506166759545081,
        -0.03927441489602192,
        0.09363267277462846,
        0.12479061566230394,
        -0.002641772287339195,
        0.012737435996471463,
        0.01743231087124257,
        0.15273098575216798,
        -0.14258557107436645,
        -0.019999117441668383,
        -0.10501064891073283,
        -0.1655363950438493,
        0.20268371938331037,
        0.09659012300645302,
        -0.1689801689206491,
        -0.062351546695996025,
        -0.08066005017796418,
        0.011813695830346594,
        -0.01757368030772377,
        0.2106972114371112,
        -0.01927539514107085,
        0.07534996367199964,
        0.15318612297021386,
        0.15241170186168346
    ],
    "statevector_imag": [
        -0.048977106619873055,
        0.04169697825378199,
        0.08856312355844738,
        0.003180995708701017,
        0.26095663049543655,
        0.09994054891744704,
        0.11843041674805391,
        0.18410458909927607,
        0.07769380270942408,
        -0.061729435469323635,
        -0.11542221684365567,
        0.04147751229398269,
        -0.12194154103201825,
        0.09572523171281674,
        0.1451308163423265,
        0.0980942957248742,
        -0.012092097338571613,
        -0.23333795652702172,
        -0.06940348627592902,
        -0.09628066703794493,
        0.019777583794325756,
        -0.08315174391835038,
        -0.06344253267058156,
        0.031396347991814025,
        0.1988520114323407,
        0.015994510874016706,
        0.16552226965904254,
        -0.20441477364596464,
        0.256503954213907,
        -0.25213371359516734,
        -0.05043727937566717,
        -0.16437421236121777
    ]
}