{
    "dataset": 1999,
    "last_cost_avg": 0.11672197553777558,
    "statevector_real": [
        -0.024974326000628853,
        0.0012805022497988918,
        0.04139434534550939,
        0.11612842724041285,
        -0.18282424274392806,
        -0.05119150922302933,
        0.023263313867600718,
        -0.004102742067020897,
        0.11966288196068703,
        0.027045091047039768,
        0.1371661755729124,
        -0.19102145862047698,
        0.1186536774134555,
        -0.1289150911756547,
        -0.20596022670910452,
        0.14194548410621943,
        -0.13562928398354335,
        -0.15086396252130735,
        0.21424585504298213,
        -0.11055700236660934,
        -0.1666207970434604,
        -0.17909964403887102,
        -0.06742865668683655,
        -0.06269423296056238,
        -0.0035860889379374316,
        -0.14536235874023734,
        0.1477834435362557,
        0.13750268021261663,
        0.12127382196765134,
        -0.1478853382738369,
        0.009317605131688788,
        0.07044102875268947
    ],
    "statevector_imag": [
        0.14358083841310343,
        -0.03916111914109011,
        0.10068181060681412,
        -0.22500017850352289,
        0.15082066656690654,
        -0.09606360444797053,
        -0.09396866764802406,
        -0.1641675109006812,
        0.18763521118594093,
        -0.0950976395933893,
        -0.07097010484008556,
        -0.09628998856037488,
        0.15081653138066567,
        0.01644688667174728,
        0.005226378701625193,
        0.20390017000789615,
        -0.0915442875618454,
        -0.18241208531590786,
        0.13382266246429741,
        -0.12132782045715479,
        -0.16681033682452548,
        0.024563112428385582,
        0.004916328486682814,
        -0.019172315592930374,
        -0.2083546093909348,
        0.16864191661489208,
        -0.010428183824541724,
        -0.21961565150538756,
        -0.03367287047436948,
        -0.003570381013734856,
        -0.0026524262244077327,
        0.12060465826406007
    ]
}