{
    "dataset": 237,
    "last_cost_avg": 0.09893315868658142,
    "statevector_real": [
        0.08804942233697138,
        0.03875448160137516,
        -0.03344182445797751,
        -0.02944230857953276,
        0.09976582832537746,
        0.007399677345703484,
        0.06314502473094312,
        0.1713330805078858,
        0.02242794767093348,
        -0.011414978233885223,
        -0.057170189368284996,
        -0.001823567407032804,
        0.11293773305062918,
        -0.002266757372592074,
        -0.09758476018420938,
        -0.09825444515113943,
        0.05036872648818431,
        0.02249863806196043,
        -0.023143266764960257,
        0.1638943137091944,
        -0.0820271112101439,
        -0.09789177239724138,
        -0.11082074747065179,
        0.03015849102641904,
        0.07612192263147434,
        -0.16679895215211685,
        0.08256427917886383,
        -0.1429744508717668,
        -0.0011555947054226446,
        0.0820403844278603,
        -0.11374364699212532,
        0.14744126603950414
    ],
    "statevector_imag": [
        -0.06757227230675773,
        0.2142905525102473,
        0.2858065716655732,
        0.03797630038500238,
        -0.31934941298527675,
        0.005770500129910762,
        -0.15697122834429736,
        0.026518353452964192,
        0.017159617159825162,
        0.016829246471598613,
        -0.010174716039313237,
        -0.310849233687517,
        -0.09939333360788283,
        -0.0912170822888581,
        -0.19027029912392196,
        -0.060281163964136596,
        -0.11586025972447665,
        0.022974198296484626,
        0.030570810429322238,
        0.20637491435475494,
        -0.12956846092674293,
        0.10491608497525397,
        0.13347674363227757,
        0.2618469830607649,
        0.036642913568830746,
        -0.13694909744329972,
        -0.19199490756689247,
        -0.04648366213694654,
        -0.17231220980000928,
        -0.15086600445510126,
        0.21754531125174437,
        0.021742559345192168
    ]
}