{
    "dataset": 515,
    "last_cost_avg": 0.06256606877218032,
    "statevector_real": [
        0.22398292384236407,
        -0.17064203998253707,
        0.09573208572923464,
        0.06080057350775797,
        0.10879239930921615,
        0.05899095371571681,
        0.10628023409372951,
        -0.07964070575947534,
        0.027195136477231877,
        0.11467342765883769,
        0.09726392432718575,
        0.008680144289590772,
        -0.1469412538133655,
        -0.2007517096047179,
        -0.16579657287101796,
        0.20165380995836363,
        0.09625827645978675,
        -0.1685139958724934,
        -0.07444973347186806,
        -0.07826103992740029,
        -0.0034555899999407424,
        -0.19731018305016287,
        0.008384291606640544,
        -0.0576677171596929,
        -0.03336856735571246,
        0.020129746476509485,
        -0.056062310898808136,
        -0.10169139196675173,
        -0.050250793345582856,
        -0.028092596797069866,
        -0.07183100227198373,
        -0.02197165613042393
    ],
    "statevector_imag": [
        0.17440765143590142,
        0.03537826556950317,
        0.0733813373078562,
        0.16665428951969283,
        -0.07346481989433297,
        -0.22709135768543254,
        -0.219002696182701,
        0.1535536132875288,
        0.09059552882455509,
        0.05710392077408378,
        -0.10956510798250199,
        0.162335256917321,
        0.20579847473100465,
        -0.16241579836061645,
        0.12794498493308654,
        0.0650816378040242,
        0.09959755201491968,
        -0.019773997211615397,
        0.03251948791861148,
        0.23953980183963444,
        0.006403923309148452,
        0.1353637221483329,
        -0.009206156099949313,
        -0.01522574203992719,
        -0.09195693805651858,
        0.015779509510072155,
        0.19862606059542737,
        -0.21932345432916192,
        -0.12862093467931712,
        0.015734596023104144,
        0.00219355209819735,
        -0.26984059653579895
    ]
}