{
    "dataset": 638,
    "last_cost_avg": 0.09483854583598578,
    "statevector_real": [
        -0.1241812537284093,
        -0.0729245559038798,
        0.06483094604682424,
        0.04663928322116277,
        -0.12315286330112665,
        0.08006742853338109,
        0.10408945703489113,
        -0.10543974027481966,
        -0.09057823956296081,
        -0.06587412843859411,
        0.1552265030221276,
        -0.1519229638701177,
        0.00976082196635198,
        -0.09124988823432001,
        -0.11528353887661473,
        0.01742941126732921,
        0.1498905771355585,
        -0.12539899428546908,
        0.04041833178144778,
        0.041576646572309486,
        -0.12285821153136658,
        0.04282071346496366,
        -0.041878765581583564,
        0.003615299761341723,
        -0.15101311715590007,
        -0.05461464305983406,
        0.09632418624727185,
        0.16533614623372622,
        0.020923262485473444,
        -0.01907455846794971,
        -0.13895134270970724,
        0.011097868758403783,
        -0.013323997771663302,
        -0.00700963198586496,
        -0.10388091484544751,
        0.13081137661857387,
        -0.14174619115631582,
        0.003656186386165584,
        0.021085858046347845,
        -0.1502859302463888,
        -0.02078707956666321,
        0.1377000728389061,
        0.019459876642965834,
        -0.04978325758320057,
        0.035327107467544465,
        -0.006896692268978434,
        -0.043158844322845155,
        -0.10514103396283278,
        -0.0642508792856261,
        0.13812244079888963,
        0.13267688179823545,
        -0.1082602445559886,
        -0.07245356700027361,
        0.06280835290244856,
        0.12529622420743447,
        -0.01670506362298058,
        0.03824351270035442,
        -0.054430523847491835,
        0.013334390296214428,
        0.04458590893203242,
        -0.10941964564636868,
        -0.16325915582127287,
        0.12801046782246722,
        0.14240894408258956
    ],
    "statevector_imag": [
        -0.010596146650619307,
        0.10526396955459214,
        -0.01872125389064654,
        0.1078564201035832,
        0.027483512898424215,
        0.04440453832348623,
        0.0799445454781155,
        0.12274591841125249,
        -0.08768878670626862,
        -0.012498856222429348,
        -0.07057603591297176,
        -0.04414789944435024,
        -0.05551917569125731,
        -0.10868288495684687,
        0.07802899652993642,
        0.010605169081744666,
        -0.008622848400585009,
        0.01954033536979121,
        -0.15569055494558115,
        0.09270583534435382,
        -0.05086148763248799,
        -0.1078150232635751,
        0.07381282715409364,
        0.019670424585025468,
        0.017269161020318724,
        0.15226881633033507,
        0.021444902125002694,
        -0.08026855127193573,
        -0.06150256993342813,
        -0.07468060217465936,
        -0.07437467610893439,
        -0.16302914755858844,
        -0.09802248989556042,
        0.012677672617340137,
        0.15725177874980262,
        -0.061240248821496715,
        0.09113614789157852,
        0.012885498741437733,
        0.0030378407834097815,
        0.05752409215784187,
        -0.06822531898067397,
        0.01794137118947807,
        -0.08291486256183314,
        0.0596900006055278,
        0.08747265315529787,
        0.1506952927906085,
        -0.07059419913927217,
        0.005237496403169924,
        0.060753154750305176,
        0.06129538552298492,
        -0.023770551284559762,
        -0.12143118897923798,
        0.10231942240105299,
        0.053742702928180355,
        -0.10316569373291512,
        0.09032757517808783,
        0.09641119554703363,
        0.11969038638460378,
        0.19969011760988037,
        -0.023406033201714884,
        0.05525673291172195,
        -0.009446425356883309,
        -0.00042106856586058265,
        -0.07787578135139195
    ]
}