{
    "dataset": 1781,
    "last_cost_avg": 0.09868442353969842,
    "statevector_real": [
        -0.19407925100847742,
        0.14507110370598258,
        -0.014015982748344764,
        -0.0891124472444884,
        0.1717498234849049,
        -0.006952619101134206,
        -0.05346653451191316,
        0.05172904745470433,
        0.1401066301955083,
        -0.10194419195651913,
        0.13218018526533828,
        -0.17063758271778492,
        -0.16216007533799273,
        0.058208929246995444,
        0.1606760197864438,
        -0.05291466909523822,
        -0.050138067732817954,
        0.05247869599522201,
        0.012414107843247443,
        0.03599548454820346,
        -0.12097425635531929,
        -0.15511393807692034,
        -0.14275864547147124,
        -0.018756589298048916,
        0.12779384843407682,
        -0.1820096132418332,
        -9.637428502162153e-05,
        -0.06912172508584871,
        0.09024849317408863,
        0.07013695400035741,
        0.16645492022073244,
        -0.12215454020229195
    ],
    "statevector_imag": [
        -0.1714699221250416,
        0.06812892996521655,
        -0.1044504222167256,
        -0.08198855468513765,
        -0.036609476754759195,
        -0.06963631227650507,
        -0.06439862513065332,
        -0.17707056982132297,
        -0.23248464402637445,
        -0.18613146302049735,
        0.19093240288293029,
        -0.10177099885124202,
        0.056914953603873636,
        -0.2172481208474961,
        -0.07374658384842389,
        0.2461484383989174,
        0.05224985336422164,
        0.03139901528380982,
        -0.1548120962400029,
        -0.11379315620175837,
        -0.00025218599571834446,
        -0.06510526214053824,
        -0.10234001152902118,
        -0.23643384262877618,
        -0.10906526114319634,
        -0.12480684127830653,
        0.0034096405935107646,
        -0.08905005052169133,
        -0.1404285472908961,
        0.11648912466182156,
        -0.015279249623634686,
        0.24812275663252756
    ]
}