{
    "dataset": 3697,
    "last_cost_avg": 0.07659501522294371,
    "statevector_real": [
        0.04360983076192463,
        0.07433318228647687,
        0.046863234687948015,
        -0.1267054069299125,
        -0.20468920373858057,
        0.03371947848782419,
        -0.17041351120939738,
        0.06276109854444639,
        -0.03163395677396141,
        -0.07563594049728553,
        0.06950154794175692,
        -0.12511067575043508,
        0.0064863634328430515,
        0.18554188029041357,
        0.18062502393725155,
        0.26164303865542876,
        -0.04904747869678561,
        0.10587826728641964,
        0.020226235320229866,
        0.1915003102166986,
        -0.10514001195790379,
        0.0653453942421124,
        0.22633957643654512,
        0.0019705717241907455,
        0.014216416491301192,
        0.13383051309153673,
        -0.05976917283363964,
        0.07346230429378738,
        -0.12391807687276651,
        0.24754626641534902,
        -0.1851574342893035,
        0.2558459740055466
    ],
    "statevector_imag": [
        0.13757672993326447,
        -0.07029461506098375,
        0.12202576595348291,
        0.12560281822729205,
        0.137504091022203,
        0.059715287730741536,
        -0.05415443301746996,
        -0.12334233311594006,
        0.17800443110042224,
        -0.03882429227294277,
        -0.10358205780579922,
        0.12999153324212925,
        0.10418091901298568,
        0.018755427466382018,
        -0.10122856517668513,
        -0.026826949462252756,
        0.15518935908705753,
        -0.026016337973388894,
        0.19916046479703553,
        -0.12252220668696086,
        -0.01875601318590044,
        -0.0900589990145417,
        0.12553922558808908,
        0.09064304753548738,
        0.03265669084457153,
        0.15956857065814414,
        -0.13376152332282723,
        0.18887541287198117,
        -0.18764550621713585,
        -0.013977249551965094,
        0.096514749433366,
        -0.0014802810863378728
    ]
}