{
    "dataset": 766,
    "last_cost_avg": 0.07699810496343974,
    "statevector_real": [
        -0.05867227385141581,
        -0.12286149809851729,
        -0.008868120110699406,
        -0.008670944632487961,
        -0.1116874550300757,
        0.2080111414062993,
        -0.005809862932076484,
        -0.14798663987264044,
        -0.08092457230785505,
        -0.018891861675458612,
        -0.0035124991963951364,
        0.023400585552755888,
        -0.005365747313594783,
        -0.01903477079327934,
        0.1617418796201952,
        -0.057027435670578656,
        -0.08512378990240599,
        -0.0576372171537492,
        -0.02440589155082813,
        0.025862664520874858,
        0.0048471608511971515,
        0.09882043783847598,
        -0.0050874332579196055,
        -0.03208277173593162,
        -0.0873513763084748,
        0.0031546722047430743,
        0.01958730196990916,
        0.15658133898783347,
        0.020859835692173936,
        0.0021311067241558206,
        0.00047719596291434784,
        -0.1652764230895823,
        -0.006189958713941689,
        0.0215160013365338,
        -0.09852557182308731,
        -0.11286933699068569,
        0.0037155554074085593,
        0.08949679037982922,
        0.19777257860348013,
        0.06252495624196407,
        0.183664988346515,
        0.002076777998427373,
        -0.06701565725011087,
        0.0076682558809813214,
        -0.14055895508600863,
        0.11658974910103331,
        -0.1554299596031212,
        -0.1164346736479058,
        0.08297066605959724,
        -0.028046460161092454,
        -0.009364715516741564,
        0.06442411880746389,
        0.040834948123939396,
        0.004011006965751222,
        0.16849957814902447,
        0.12794624501390187,
        -0.17930073800532617,
        -0.0930693635946863,
        -0.05636312453615252,
        -0.15724971757416398,
        0.07831938239063649,
        -0.0038910511954125416,
        0.06019838098510392,
        0.0066296070949482255
    ],
    "statevector_imag": [
        -0.18771437860744597,
        -0.055401765198427565,
        0.019069278868624383,
        0.03535576253504947,
        0.024400724913756527,
        0.026749095664229103,
        -0.004080522550387206,
        0.06113532939038641,
        0.03635023290392228,
        0.0735562125674611,
        0.004289267347566745,
        0.0010597543198503237,
        -0.0018742060415435958,
        -0.08189835631360326,
        0.11729507229785054,
        0.0934103132131549,
        0.1295407173705251,
        0.04288831007198866,
        -0.11295558375225313,
        -0.02471612019268653,
        0.04867042160613399,
        0.10889119430850024,
        -0.16964262970456429,
        -0.11963503112057551,
        -0.06297876515271529,
        0.18900505132857842,
        -0.013508991365422555,
        -0.037250651602304265,
        -0.108067093295851,
        0.009519674071078763,
        -0.06404302793857732,
        -0.1100995535142322,
        0.1270681292429712,
        -0.12692714489601073,
        -0.051203037916836246,
        -0.12972251756425346,
        0.15582787842248264,
        -0.1196413240010745,
        -0.05773308571668137,
        -0.09813615292766294,
        -0.08384029457795883,
        -0.027857280815879355,
        0.026643533258655677,
        0.011603021551486537,
        -0.019964291083644857,
        -0.052333299889447,
        0.038574369777564656,
        -0.0989112163380708,
        0.07061486150309315,
        0.0525956992838638,
        0.010290527183826058,
        -0.06052021029582855,
        0.031262304897526745,
        0.13858655593399924,
        -0.009659331711208037,
        0.031688531711232905,
        0.0759236737975854,
        0.06175702899191824,
        0.16591108973028512,
        0.09057853509571903,
        -0.10757173073692212,
        0.08239782751156567,
        0.005542811047858108,
        -0.0289109694200083
    ]
}