{
    "dataset": 0,
    "circuit_id": 2,
    "layer": 8,
    "num_params": 96,
    "expr": 0.008135305228972807,
    "entcap": 0.9505863402257954,
    "num_iter": 1024,
    "last_cost_avg": 0.10033459262289532
}