{
    "dataset": 547,
    "last_cost_avg": 0.08210545690327548,
    "alpha": [
        0.05638963513534332,
        1.7737487325131966e-05,
        0.03793831790523941,
        0.028352439882690147,
        0.011340892833323511,
        0.03049750199429893,
        0.0001795123498911441,
        0.07938442544143942,
        0.021103562060538903,
        0.004620281796703881,
        0.09093017885269586,
        0.023386198911499425,
        0.0121883272584796,
        0.04940289631215748,
        0.019177920161783074,
        6.058757889321885e-05,
        0.033309047935716575,
        0.03670860900893286,
        0.06853652779422585,
        0.02120111977841285,
        0.10913711624454435,
        0.023145039116805214,
        0.07950959526642964,
        0.011520696628885108,
        0.03632389639866744,
        0.007829039280855085,
        9.07210955846608e-05,
        0.03829280625631296,
        0.026605292038786907,
        0.038343568228143825,
        0.0018597586759658059,
        0.002616750289428547
    ]
}