{"f": [-0.10791015625, -0.14605712890625, -0.12109375, -0.1326904296875, -0.062255859375, -0.11651611328125, -0.09356689453125, -0.13507080078125, -0.1029052734375, -0.1455078125, -0.1251220703125, -0.085205078125, -0.10516357421875, -0.06884765625, -0.08221435546875, -0.04486083984375, -0.10943603515625, -0.12774658203125, -0.0950927734375, -0.104736328125, -0.1253662109375, -0.12127685546875, -0.08099365234375, -0.11517333984375, -0.1444091796875, -0.0867919921875, -0.0635986328125, -0.1541748046875, -0.10662841796875, -0.10791015625, -0.09039306640625, -0.14202880859375, -0.08697509765625, -0.1348876953125, -0.0709228515625, -0.09869384765625, -0.1162109375, -0.1265869140625, -0.10528564453125, -0.10247802734375, -0.105712890625, -0.1026611328125, -0.119873046875, -0.13348388671875, -0.0926513671875, -0.12677001953125, -0.0919189453125, -0.12396240234375, -0.109130859375, -0.1240234375, -0.136962890625, -0.14080810546875, -0.120849609375, -0.07147216796875, -0.13787841796875, -0.13238525390625, -0.09832763671875, -0.08367919921875, -0.13116455078125, -0.09210205078125, -0.14208984375, -0.093505859375, -0.0960693359375, -0.10919189453125], "accuracy": 0.65625}