{
    "dataset": 525,
    "last_cost_avg": 0.09445112371423951,
    "statevector_real": [
        -0.003426490098985607,
        -0.14326591840633543,
        0.012708693814380214,
        -0.07990945318217345,
        -0.05303885618490452,
        0.02763783651258097,
        -0.09987067663031267,
        -0.10279353609792685,
        0.12577950090515125,
        0.08500597620018947,
        0.032224637409487285,
        -0.08834891649346026,
        0.11399872208979867,
        -0.06543524179596306,
        -0.16817633573166607,
        -0.0333635129086404,
        0.022941370569797212,
        0.12245972667248305,
        0.10151078923201969,
        0.0009060538590182294,
        0.14593511202921156,
        0.08675335877241086,
        -0.02725724693289899,
        -0.010538328262538699,
        -0.1155774430477464,
        0.04617093877996267,
        -0.018370260935890424,
        -0.10414137591983487,
        -0.02183510697365087,
        0.08303209009216556,
        -0.0546741673032227,
        0.084489410855458,
        -0.11398335300609988,
        0.06225612400048677,
        0.1755697615861179,
        -0.07571291093628743,
        0.17932458020090775,
        -0.10022180135743056,
        0.10466336049935505,
        -0.03930846267360604,
        -0.0021224176778400433,
        0.03796922867797454,
        0.050318278870510276,
        -0.17379854317371302,
        -0.0676366161379942,
        -0.05108079874589579,
        0.13405096599911634,
        0.1308346623728554,
        0.08874771477091521,
        0.04408497144538732,
        0.097186103831356,
        0.12738354540118693,
        0.1672382279389208,
        0.03439712252205171,
        0.040761415579914737,
        0.0033784338689623766,
        0.1448249437705162,
        -0.04230961693830967,
        0.08380252196795517,
        0.0642735529585628,
        0.08390630837114306,
        -0.001300696609696368,
        0.10062522082476542,
        -0.06910805891692816
    ],
    "statevector_imag": [
        -0.006446880843642836,
        0.06440479375702389,
        -0.060266632614294935,
        -0.133049920554691,
        -0.17339756857518376,
        0.07923208484930569,
        -0.04830596050875653,
        -0.16154193554963955,
        -0.06979660085103692,
        -0.14296142238314946,
        -0.12125643133687879,
        -0.008622753459235688,
        0.06710439855912904,
        -0.1009872489640466,
        0.08609831280848408,
        -0.12051544575699219,
        -0.052545893104380875,
        -0.011027875675468904,
        -0.09155401550848521,
        -0.06404763643954905,
        -0.05309033149404913,
        0.12851603677526402,
        0.16055708494034773,
        0.07265552890882206,
        -0.1528838507061979,
        0.13184403853000048,
        0.01630607944143924,
        0.013744593784281618,
        -0.10858808679191695,
        0.15371959289947026,
        0.1366144059260681,
        0.02849279141539725,
        -0.10471835642564824,
        -0.08377448264162113,
        -0.002707244243446898,
        -0.07757141310529528,
        -0.08839211094218806,
        -0.0522479640720186,
        0.06446626676948083,
        0.14363912608379134,
        0.0010385305457936342,
        -0.01425813892776912,
        0.10398137714434655,
        -0.00674403356724829,
        -0.06331884006827562,
        0.020829261953093314,
        -0.03624779023111978,
        -0.005776964360300104,
        0.019378302042723488,
        0.09839342385346526,
        -0.08909005913456985,
        0.017554461377121237,
        0.03305778755165972,
        -0.012352628430214492,
        0.03868881927398421,
        0.019421735352469487,
        0.06086747791081314,
        0.0984101709806635,
        0.10171069855343133,
        -0.08304094321309985,
        0.03694492444892008,
        0.0007035024242955033,
        0.06068076647343776,
        0.04020610100679334
    ]
}