{
    "dataset": 993,
    "last_cost_avg": 0.07926680520237472,
    "statevector_real": [
        0.019460209196690025,
        0.03594062439875824,
        0.20468337974019848,
        0.14878255499909157,
        -0.06655410185279274,
        -0.0032300222263325876,
        -0.0792285002061428,
        -0.12295393642898447,
        -0.06858482255862208,
        -0.22919600178645885,
        -0.05084070805985596,
        -0.18536313395743523,
        0.16534954224760787,
        -0.12651789314290016,
        0.10908170188642724,
        -0.11242354587289306,
        -0.18408157200854564,
        -0.18304075185916333,
        0.08375258237972147,
        -0.16113952098547973,
        -0.16714875159061005,
        0.07668484188068005,
        0.017130697971841694,
        0.0028953752879102733,
        -0.16014566868868527,
        -0.02297699475119205,
        0.1414768154145781,
        -0.03978032861347228,
        -0.048798686804371987,
        0.1405056976619835,
        0.0037585349765051437,
        -0.14863202389271815
    ],
    "statevector_imag": [
        0.19278515923985787,
        -0.010543313742118001,
        -0.17360039903628596,
        0.0549999148141411,
        0.06616413087892889,
        -0.06619633139680406,
        -0.17848262554556718,
        -0.059218763860004284,
        0.2020718518389131,
        0.008977209135769864,
        0.10899235754413127,
        0.12171090079207306,
        0.010201778698659578,
        -0.0673356470543295,
        0.01855806174941659,
        -0.20207359165811353,
        0.0005780218671126352,
        -0.03697858451901804,
        -0.044898313423199845,
        -0.13933842507995425,
        0.08412931402415254,
        0.17385623358437483,
        0.1672095834163688,
        -0.18124776504125092,
        0.07876173806692659,
        0.24424734261135697,
        0.1799320845054165,
        0.1420769208475673,
        -0.11167916308502993,
        0.12508403939985907,
        -0.11831502968537991,
        -0.10232744819469376
    ]
}