{
    "dataset": 0,
    "circuit_id": 19,
    "layer": 1,
    "num_params": 18,
    "expr": 0.1255807779880116,
    "entcap": 0.3823918804823408,
    "num_iter": 80,
    "last_cost_avg": 0.15351104736328125
}