{
    "dataset": 506,
    "last_cost_avg": 0.07798016821096074,
    "statevector_real": [
        0.019704710082008,
        -0.021275777246779055,
        -0.0351169080298045,
        0.016626050994691655,
        0.11251349121222218,
        0.07078943293953906,
        0.0873104376245273,
        -0.004101140874707994,
        -0.0449796774947897,
        -0.044048866197233284,
        -0.04143074691785105,
        0.036082645555441654,
        0.033086530553262085,
        -0.032270258533126865,
        0.11382219234944588,
        0.08119232797130499,
        0.1099206963899328,
        0.10268924906031283,
        0.08670473446835245,
        -0.002831853630573901,
        0.00866538478373086,
        0.11574800551753303,
        -0.07663394584421286,
        -0.10095166051336164,
        -0.151186354827044,
        0.09430755986919329,
        -0.01507764614589807,
        0.13950306356751324,
        -0.06637594616789186,
        -0.15463541180187707,
        0.020172362393909956,
        0.016509398594411646,
        -0.011600760787582548,
        -0.009364224730646225,
        0.0650453139984724,
        0.0478625631680204,
        -0.05892615905083564,
        0.07398019112866046,
        0.06542588399638129,
        0.10595428469370914,
        -0.032889774985628145,
        -0.08518981478786554,
        -0.059680490828560626,
        -0.13467183641393804,
        -0.1271723992027184,
        -0.16924778457880804,
        0.10125810544272765,
        0.006385113219197018,
        0.16360348456539092,
        -0.002396791592402037,
        -0.040438716253713015,
        0.028499416961666274,
        -0.012811944399038742,
        -0.051892141592604114,
        0.001404971262825848,
        0.0042294208952779605,
        -0.015677418057822624,
        0.11730299015983059,
        -0.1285249954146621,
        0.01528099415816297,
        0.04906153407440139,
        -0.1303266975608501,
        -0.03609659434976897,
        -0.13472343231414446
    ],
    "statevector_imag": [
        -0.01729012750613371,
        0.12179295400159032,
        -0.08515769168732482,
        0.11959129615426155,
        0.039478629411865675,
        -0.146519802100062,
        0.026348331941266293,
        -0.11870266551996704,
        0.06725416328423606,
        -0.032263107094240066,
        0.12998107433906705,
        -0.060867847098335155,
        0.13836269427078698,
        -0.14907262415317318,
        0.0851480507228662,
        0.10697084115494705,
        0.10903314955615055,
        0.17180305961024,
        -0.06768803562935125,
        -0.011606779853930108,
        -0.14640994362687224,
        0.10094973330080821,
        -0.05470175674331767,
        0.06382800579471185,
        -0.014456151004676194,
        0.02622716674933882,
        -0.0017087637303963342,
        -0.1040406080900136,
        0.12969991208001547,
        -0.08178299322002991,
        0.047188776189505316,
        -0.14492800362649896,
        0.09956030476980843,
        0.0011071040594639858,
        0.15811524343885364,
        0.1399796792949561,
        0.02848074226957674,
        -0.1162077448918008,
        0.005140306979025387,
        0.10746241126003954,
        -0.049804499568620215,
        -0.06847997359119416,
        -0.15760795447850925,
        -0.014749862576432335,
        0.06915446180099975,
        -0.033933045305778474,
        0.038205523873621916,
        -0.09972293152994322,
        0.06434239005036156,
        0.17647425739449255,
        -0.12388476773539757,
        0.08006550532953709,
        0.09615594059289304,
        0.09547849326209963,
        0.05710251132409819,
        -0.09279377021139379,
        -0.12906597133785025,
        0.06023292570526256,
        0.11969283992853018,
        0.13359643151089748,
        -0.03055921171583331,
        -0.08755100618408816,
        0.026786701189096433,
        -0.0498497808119504
    ]
}