{
    "dataset": 950,
    "last_cost_avg": 0.08111375959730902,
    "alpha": [
        0.05195973628615135,
        0.00021962838046969045,
        0.0426370793322144,
        0.0014144154170835288,
        0.024050347296167965,
        0.04392155209578713,
        0.032132808446116996,
        0.07658375874872173,
        0.00036364741995017954,
        0.0032626514795566857,
        0.10229769726476085,
        0.0188787782212369,
        0.011225758260970397,
        0.018872263001581728,
        0.01924337353914993,
        0.0001030778697215325,
        0.02372438746262899,
        0.029617634297912813,
        0.07948509084505848,
        0.029048027775427355,
        0.10388731676025845,
        0.0005730405631024586,
        0.08379771523613672,
        0.03893062603775892,
        0.0369514653686247,
        0.00032940167866918156,
        5.1128924997722274e-05,
        0.033626894540824785,
        0.03562586463670406,
        0.053108122708366456,
        0.00038313031736453046,
        0.0036935797865232925
    ]
}