{
    "dataset": 96,
    "last_cost_avg": 0.08318774113230748,
    "alpha": [
        0.0480578443345122,
        0.020202133306070756,
        0.04718135650054779,
        0.022957326771788147,
        0.010196178071294084,
        0.04292605444992583,
        2.012122844240076e-05,
        0.07171839007005769,
        3.7698532588745096e-05,
        0.020863379711030233,
        0.08490001526829465,
        0.018149586811019785,
        0.013876921206744294,
        0.029235257850377148,
        0.006056802264212391,
        0.00016114188325606254,
        0.015778125810165036,
        0.023074526609115978,
        0.0841793762017675,
        0.033302982999424,
        0.0854309821111773,
        0.0001316969080872742,
        0.06819991043265144,
        0.01536541893150336,
        0.03182937248610799,
        0.006071544211393878,
        0.0005286662095787018,
        0.03850243009340374,
        0.0425818064736067,
        0.08360356473636214,
        0.014299762624503758,
        0.02057962490098882
    ]
}