{
    "dataset": 0,
    "circuit_id": 11,
    "layer": 3,
    "num_params": 60,
    "expr": 0.009831036178346162,
    "entcap": 0.8825243447965583,
    "num_iter": 1024,
    "last_cost_avg": 0.04599761962890625
}