{
    "dataset": 0,
    "circuit_id": 16,
    "layer": 4,
    "num_params": 68,
    "expr": 0.0775664099924726,
    "entcap": 0.560273550321946,
    "num_iter": 49,
    "last_cost_avg": 0.1148529052734375
}