{
    "dataset": 1855,
    "last_cost_avg": 0.06364914781819886,
    "statevector_real": [
        0.0706415682825227,
        -0.1576290194338499,
        0.14694852757746688,
        0.14746469509075202,
        -0.021396305369727774,
        0.05015637529156287,
        -0.10607676003357738,
        -0.23985554266496262,
        -0.12875564506353418,
        0.007301397655105034,
        0.010077463761078782,
        -0.1957768246990915,
        -0.2367160902203112,
        0.0003843858896233395,
        0.04724649733550216,
        0.16989710282003231,
        0.013045906067437043,
        -0.14123498992441855,
        -0.014439861412987226,
        0.1704572180024601,
        0.10601264156834038,
        -0.10591322419320616,
        0.019710526381439195,
        0.06745809387401697,
        0.11168551585041742,
        0.23559450851422628,
        0.00818808579939995,
        0.12210304215578972,
        0.10215245003557302,
        0.23239083904100702,
        0.023984638208613965,
        -0.08016903348242838
    ],
    "statevector_imag": [
        0.10969256613599945,
        -0.06601889540573429,
        -0.07935701205042595,
        -0.012638774714129653,
        0.10489957659550711,
        -0.24799912918139894,
        -0.03947785876377214,
        -0.013889004214999685,
        -0.11935622260569725,
        0.08385739125975726,
        0.10362056772312431,
        0.20643107106545194,
        -0.008127749184985898,
        0.0006970510198686822,
        -0.004783868453593474,
        -0.03521856067327608,
        0.016712254223490847,
        -0.034648042419690876,
        0.015129395447181249,
        -0.14641605459421148,
        0.07643213703437049,
        -0.25744422979670156,
        -0.18083900492300947,
        0.21765186934386244,
        -0.1587358461220443,
        0.24788773558684782,
        0.020384061709659833,
        0.14712876007366818,
        0.030643891011915704,
        0.1252656519625773,
        0.041222760554282305,
        0.07908454194520598
    ]
}