{
    "dataset": 154,
    "last_cost_avg": 0.09314844424273354,
    "alpha": [
        0.044668749020462514,
        0.01596246249533745,
        0.02632031715239421,
        0.005107231416728177,
        0.012806127731320616,
        0.04784277920937785,
        0.012000633959454185,
        0.05816581544534075,
        0.008083398103802517,
        0.015543970567487657,
        0.08184476976161593,
        0.021254477001899884,
        0.026968262918404182,
        0.05211219940390394,
        0.024133528366588053,
        0.00013133852554385322,
        0.025306079841664365,
        0.04639629438462227,
        0.038632485591256246,
        0.012060737973181026,
        0.054998921068812226,
        0.016209074208845157,
        0.06686562643248019,
        0.0560596323385785,
        0.02002199803714636,
        0.030051355481658742,
        0.009731441266887084,
        0.03392884803752398,
        0.05710727405589887,
        0.06711496076691197,
        0.0006933703041600592,
        0.011875839130711137
    ]
}