{
    "dataset": 687,
    "last_cost_avg": 0.09372941340308293,
    "alpha": [
        0.04514529058784355,
        6.834408578597848e-05,
        0.05831428181062465,
        0.059729410821367325,
        0.043567607218506034,
        0.02277411046552401,
        0.04070782282427635,
        0.040609991726504965,
        0.019135366014776615,
        0.004469569375397013,
        0.07326023855116018,
        0.03261251938504104,
        0.011660321123528251,
        0.02144027685777992,
        0.01073174848277734,
        0.03762585129323879,
        0.021883304458619378,
        0.0047231499282349015,
        0.0667709083423044,
        0.01055893833721127,
        0.07443506594600931,
        0.011360915226620697,
        0.04958629457849602,
        0.0007222273545633926,
        0.024165969467228647,
        0.002665999425757673,
        0.00046193886780581945,
        0.04953398482387921,
        0.057009530623759595,
        0.04661012543006454,
        0.03371551115838124,
        0.023943385406931878
    ]
}