{
    "dataset": 85,
    "last_cost_avg": 0.07680026773527134,
    "statevector_real": [
        0.09779345245213832,
        0.1329188385617219,
        0.157014046936127,
        0.10018945477531384,
        -0.031545477523099136,
        0.047033011397922465,
        -0.06622862897641246,
        0.004020090225609063,
        0.0016283370446273802,
        -0.006507112359094203,
        0.026910481060335556,
        0.1598223568694979,
        0.013717180273626013,
        -0.02848500871089776,
        -0.02536333180605254,
        0.049012655619714,
        0.03193533603328253,
        -0.19591991160139752,
        -0.07200292603594789,
        0.1522004900312838,
        -0.007248218262958911,
        0.02003033520408754,
        -0.025608674363321496,
        -0.16145814066038597,
        -0.05837512514257321,
        -0.0054957828196398,
        0.13151816645792,
        -0.0863460012901245,
        -0.07836878938229372,
        -0.1308917587311171,
        0.14811153816229006,
        0.05774657561722637,
        -0.0731426433643209,
        -0.004633221746657795,
        -0.009013772973242825,
        0.1135135182988378,
        0.02947052034984411,
        0.0885359845152393,
        -0.13469006682197254,
        0.1114310284638726,
        0.07980100119713199,
        -0.016755193310276653,
        -0.02772584378647453,
        0.07071969301191015,
        -0.16821854472183823,
        0.1092256458119009,
        -0.10209661348166703,
        0.05329771143805249,
        -0.0060201847176181685,
        -0.019819576848900462,
        0.07585691057591365,
        -0.13450692173679052,
        -0.03699106857876257,
        0.0027941128369110596,
        -0.08537173891576272,
        -0.0019535334835712663,
        0.043517463766504096,
        0.08345312674804067,
        -0.0079306216403074,
        0.044246206188138126,
        0.12030859436170908,
        0.04680356159441949,
        -0.07265970329097382,
        -0.07153770581678087
    ],
    "statevector_imag": [
        -0.041837720510203735,
        0.07100658391546867,
        0.09411584155349367,
        0.047367682880364595,
        -0.04286758808381443,
        -0.07830421962387846,
        0.1871544247026466,
        -0.013341572830663095,
        -0.006845998509975427,
        0.024752537192514048,
        0.08834644431418144,
        -0.11085653316753233,
        0.006316805232188088,
        -0.00380156747201638,
        0.24982122140461946,
        0.16761824561263006,
        0.06204331832396771,
        0.011637398878877846,
        0.08853100168973005,
        -0.10047841137340553,
        0.001319464479873771,
        -0.020450415227551155,
        0.03771003471772059,
        -0.07109450606404456,
        0.02796001032570766,
        0.0059013647290949885,
        -0.0934753682244724,
        0.05182859439352656,
        0.08647120303883749,
        0.061400682999423355,
        -0.06437821996674013,
        -0.22083498287697131,
        0.07046729843626293,
        -0.013725871990654365,
        -0.18216357383850137,
        -0.10062207655027798,
        -0.013587237853101935,
        -0.07169359460589478,
        -0.12639347348624494,
        -0.021641940837074273,
        0.026376136725615836,
        -0.03976559178300071,
        0.05574799616492063,
        0.07865640870933822,
        0.0757429742929159,
        -0.15149010326792905,
        -0.10131420915234149,
        0.05945658868912016,
        -0.0004947597455173655,
        -0.1502599994636865,
        0.21638123827387729,
        -0.08009480316647774,
        -0.038311951238835885,
        -0.07747337603262845,
        0.09736571521636105,
        -0.08507714298094862,
        0.14192043761639986,
        0.010329298370221854,
        -0.008266306837654997,
        0.09167693483369722,
        -0.03281667341369365,
        -0.04286500952313144,
        0.0016595158715804108,
        -0.022728228249583943
    ]
}