{
    "dataset": 218,
    "last_cost_avg": 0.07573493514095048,
    "statevector_real": [
        0.17641922565973314,
        0.010113122201806438,
        -0.028764865558623412,
        -0.05323414761282483,
        -0.0212945763912866,
        -0.014126220611001805,
        0.011193240390689394,
        -0.0066938037145203725,
        0.17459230145321625,
        -0.10211274221719166,
        0.09558879720729474,
        0.015392135480354762,
        0.0036850392042241595,
        0.17077541996606987,
        0.0455361852027894,
        -0.07345621599042168,
        0.16617107022235345,
        -0.008802656808492874,
        0.07740604216435806,
        0.07554014371874776,
        -0.12923168857233946,
        0.0659940382482832,
        0.08049537357071751,
        -0.13188158110158568,
        0.04629674851235542,
        0.05148982391018684,
        0.17787246298517417,
        0.11258872694891583,
        -0.16185986466700758,
        0.0725090302305242,
        0.07441877095280429,
        0.0644239910457814,
        -0.024580268002951714,
        0.10610903237179084,
        0.029586513995069456,
        0.05226371027895315,
        -0.0033679132109287733,
        -0.013704424686972624,
        -0.12665894406317607,
        -0.09016314009645786,
        0.1144198218513995,
        -0.17962876266933134,
        -0.011241666363203054,
        0.07396794657897282,
        0.04894792682977109,
        0.04063653692497474,
        0.1437387961001666,
        0.09117878598883479,
        0.040326525455414194,
        -0.020978682146053827,
        -0.0874329006504203,
        -0.14138891875743173,
        -0.0960234932818771,
        0.03351180437226929,
        0.15801205993587364,
        -0.17629196473726563,
        0.0002235490380430049,
        -0.015533131405370616,
        -0.07457274316818292,
        -0.008296743231538398,
        0.08451966399365379,
        0.02069443370324191,
        0.08991773336320599,
        -0.10645876321398162
    ],
    "statevector_imag": [
        -0.08354676874278272,
        -0.003831918484904072,
        0.03844027795866866,
        -0.08297856379578188,
        0.004509686421071549,
        0.12184331866209885,
        -0.008120301315392065,
        0.014765311876519721,
        -0.003408274287951062,
        -0.09375481634257163,
        0.07697460439136553,
        0.07263864126941172,
        0.0008685096227593265,
        0.004645451643923021,
        0.12058570335866005,
        0.1480924242329344,
        0.048230406613291955,
        -0.017188670325569057,
        -0.044210528349254465,
        -0.06954326185417171,
        0.06016304557862086,
        -0.0676321660259595,
        0.015645292812383204,
        -0.12740044512560889,
        0.07625975672232851,
        0.049731048508102116,
        -0.01908534820415227,
        -0.10926109386241006,
        -0.028583842019923932,
        0.1060026682936304,
        0.03355820482516769,
        0.20562554716731904,
        0.027081209021180577,
        0.022536723783810143,
        0.07993108460848766,
        0.1422034112949222,
        0.15894733305641862,
        0.005380805494569094,
        0.038532790341498716,
        0.05616923387783875,
        0.08626610055425027,
        0.10560706566848774,
        0.016946715793210092,
        -0.050873338264869734,
        0.08119286457354657,
        0.01698218615142872,
        -0.10323703169694128,
        0.10430596049723936,
        -0.11660414219205663,
        -0.008909964504210263,
        0.14970816417399102,
        -0.003795928483608241,
        -0.048927342889870634,
        -0.11821347573787616,
        -0.03741181047949221,
        -0.014733207789851042,
        0.18771009917945916,
        0.12202253410543591,
        -0.03229041432598182,
        -0.051761138916419085,
        -0.12928256271620572,
        0.12892990393442383,
        0.06267826191966237,
        -0.0015244789207757173
    ]
}