{
    "dataset": 751,
    "last_cost_avg": 0.10174137699713245,
    "statevector_real": [
        0.11971604478758152,
        -0.12846288381762322,
        0.0676283126827934,
        0.12630298694358522,
        -0.16795704953499957,
        0.14515696377246057,
        -0.10382092998702454,
        0.1675354687970218,
        -0.2448854108768668,
        0.09102738172548654,
        0.27029939424248706,
        -0.005932291477909257,
        0.055640355763674744,
        0.03646888961334162,
        -0.008509213064368496,
        -0.024957303828128538,
        0.12079129224200436,
        0.141493563859635,
        -0.17771401341497342,
        -0.11128315731189325,
        -0.11459109847128318,
        -0.03075150855168353,
        -0.26160156064557893,
        -0.17746979025406778,
        0.31199304656078825,
        -0.09139808778341123,
        -0.21687232099731085,
        0.053036217745191246,
        0.06168753742395579,
        -0.0679595155882301,
        -0.03937220645301178,
        -0.10369917091334112
    ],
    "statevector_imag": [
        0.09407160951313699,
        -0.004986371107725801,
        -0.17307492117983755,
        -0.07021223270115436,
        0.10917095950702783,
        0.05923620589162536,
        0.23549279349630076,
        -0.027486216504737593,
        -0.14430427115620556,
        -0.16822425566815194,
        -0.0023941059608183542,
        0.11544973763909462,
        0.0792236063493277,
        -0.04112226836038395,
        -0.012599268841461867,
        -0.01358727778007137,
        -0.056930498710916724,
        0.01878273114373383,
        0.06460053576933109,
        -0.11893324235931406,
        0.22378378232802024,
        0.0003532291249099322,
        0.06335778025576921,
        -0.08647631559874598,
        -0.061076895622834304,
        0.11065615425971728,
        0.018879921369193125,
        -0.026917886562961527,
        -0.06548454441230096,
        -0.047261451610282834,
        0.01893811531613164,
        0.22715591052955514
    ]
}