{
    "dataset": 0,
    "circuit_id": 18,
    "layer": 6,
    "num_params": 108,
    "expr": 0.005821955378295397,
    "entcap": 0.7670551806910036,
    "num_iter": 75,
    "last_cost_avg": 0.00864410400390625
}