{
    "dataset": 0,
    "circuit_id": 13,
    "layer": 1,
    "num_params": 12,
    "expr": 0.25437495001872146,
    "entcap": 0.21513238606222654,
    "num_iter": 1024,
    "last_cost_avg": 0.07913531579914793
}