{
    "dataset": 0,
    "circuit_id": 7,
    "layer": 6,
    "num_params": 174,
    "expr": 0.02002498915725544,
    "entcap": 0.7317411597430064,
    "num_iter": 77,
    "last_cost_avg": 0.1398162841796875
}