{
    "dataset": 2592,
    "last_cost_avg": 0.09625521909759784,
    "statevector_real": [
        0.22990365321752623,
        0.10725262504706325,
        -0.12936285376296555,
        0.005526365390840761,
        0.14823680420423144,
        -0.04196944640179041,
        -0.06140324262315706,
        0.06447172324569751,
        -0.14754762048158385,
        -0.08713755099892467,
        0.0487582579058999,
        -0.0257486956059056,
        0.08648180903465426,
        -0.11005115426103822,
        0.014060513883163856,
        0.06475051316857487,
        0.01513566517856852,
        0.11576244021041386,
        -0.1643336984877396,
        -0.11103831551862954,
        0.11634910188718567,
        0.09282311600126407,
        0.0687261973147065,
        0.024204406868139287,
        0.030298145980310488,
        0.09941209399253705,
        -0.31309924831348723,
        -0.15192429285059836,
        0.15242116302413905,
        -0.19056404721071346,
        -0.14050095930185771,
        -0.012960139604841471
    ],
    "statevector_imag": [
        -0.004348218358650815,
        0.06864729835828907,
        0.001411010832679836,
        0.007550998758970241,
        -0.11700742980930866,
        0.181037183926997,
        0.11548685231976076,
        0.02791589390628346,
        -0.25125352226305286,
        -0.062256438884319185,
        -0.14354322403730727,
        0.00576676123713377,
        0.10368852621043355,
        0.04454530102810493,
        0.07582114996693123,
        -0.15327724459130548,
        0.10824805649238889,
        -0.06292046943307587,
        -0.16625030160777668,
        -0.06944329469736737,
        -0.21315633621659347,
        0.18010433679683577,
        -0.02557578302484772,
        -7.335723832150081e-05,
        0.3284743571819546,
        -0.0790306912497224,
        -0.10687667108656822,
        0.21923223720375534,
        -0.1518757885511556,
        0.0879327957434523,
        0.11123867295400675,
        -0.024003815440687606
    ]
}