{
    "dataset": 1324,
    "last_cost_avg": 0.07567628979823954,
    "statevector_real": [
        0.12700886752590543,
        -0.15521123389667726,
        -0.1644062040806546,
        -0.12059963162834614,
        0.07857433217236832,
        -0.01670660976126658,
        0.13681920396349903,
        0.06991175482633963,
        0.12142912631872914,
        -0.09246463665925943,
        0.11224144279871237,
        0.0323469371130028,
        0.19216519032317292,
        0.15647089150489998,
        -0.15203799873653065,
        0.03401016684835043,
        -0.1740375613620396,
        -0.16132446173451634,
        -0.01240921176447654,
        -0.18107599239130542,
        -0.13763664289371566,
        -0.18597962245492078,
        0.1696232950849022,
        -0.15104577132285193,
        0.045451786807449296,
        -0.02220865087803935,
        0.1861220919715928,
        -0.10690093823371338,
        -0.2689607405542164,
        0.12618078768842236,
        0.09343613910602229,
        -0.09363768009543981
    ],
    "statevector_imag": [
        0.14242328383643968,
        -0.04490500539986515,
        -0.0024488412252303545,
        0.19221998549575736,
        0.0837023908373236,
        0.1615825039797539,
        0.2520501797855286,
        -0.010819576219857406,
        -0.006246704107284115,
        0.20019444128726965,
        -0.0516978071142069,
        -0.19516531754588282,
        -0.04897005758565213,
        0.1635301775762329,
        -0.16210639818193096,
        -0.14841551653486787,
        -0.15676824860749997,
        0.01628000776218261,
        -0.0003066253631540985,
        -0.10644497352011215,
        -0.038162584913418104,
        0.04164957975840849,
        -0.10141619830264283,
        -0.0446809749057196,
        -0.0898212234369277,
        0.013569227895874544,
        -0.08034417646560428,
        0.12180319278321214,
        -0.09402156591143564,
        0.025397149709462895,
        0.0839995059107595,
        0.06846524725210154
    ]
}