{"f": [0.0765380859375, 0.0198974609375, -0.00372314453125, -0.005859375, 0.03228759765625, 0.0589599609375, 0.0484619140625, 0.02362060546875, 0.0689697265625, 0.0147705078125, 0.019287109375, 0.0218505859375, 0.07464599609375, 0.07904052734375, -0.00579833984375, 0.07171630859375, 0.0223388671875, -0.00048828125, 0.0526123046875, 0.02008056640625, 0.04901123046875, 0.04022216796875, 0.066650390625, 0.0711669921875, 0.0010986328125, 0.00347900390625, 0.039306640625, -0.0125732421875, 0.10626220703125, 0.05755615234375, 0.0074462890625, 0.020263671875, 0.0679931640625, 0.04803466796875, 0.0816650390625, 0.06011962890625, 0.0712890625, 0.07794189453125, 0.06414794921875, 0.04052734375, 0.05963134765625, 0.08380126953125, -0.01104736328125, 0.06060791015625, 0.05047607421875, 0.03582763671875, 0.0447998046875, 0.06414794921875, -0.0072021484375, 0.00445556640625, 0.0233154296875, 0.04541015625, 0.072021484375, 0.03533935546875, 0.0074462890625, 0.05242919921875, 0.057861328125, 0.02362060546875, 0.033935546875, 0.01275634765625, 0.0015869140625, 0.0421142578125, 0.09747314453125, 0.0494384765625], "accuracy": 0.328125}