{
    "dataset": 533,
    "last_cost_avg": 0.08077934037959009,
    "statevector_real": [
        -0.009099442978255606,
        -0.14328703256044412,
        0.08867080147306719,
        -0.2957625925180191,
        -0.14289933461304785,
        -0.2661753847868046,
        -0.023968653446758775,
        -0.029516761734600556,
        0.27980082963065944,
        0.11857849592279207,
        0.0706041691858547,
        -0.09613570756403936,
        -0.12799598016324348,
        -0.022465047198397793,
        0.054096606728481184,
        0.15653787054370727,
        -0.22827054692240142,
        -0.0072672448081370885,
        -0.18011841366987302,
        -0.10839370502446764,
        0.1650694873487451,
        0.030091502252812794,
        -0.13047402858362667,
        0.04197232877457743,
        -0.06582098484660553,
        -0.038151918483722805,
        0.04449840937148052,
        0.043461776636749654,
        0.06097750864355774,
        -0.061544277306343265,
        -0.05234230336996929,
        0.15999616151154464
    ],
    "statevector_imag": [
        -0.006868303236822103,
        0.10693644015505703,
        0.1311146191602258,
        -0.01825533566169549,
        0.1495149626918826,
        0.0019740961001637213,
        -0.08562871151204574,
        0.19216617608318814,
        -0.1389646094830906,
        0.03534395232816266,
        -0.15452513419054884,
        -0.14080741016645593,
        -0.024506813262288943,
        0.05730182288483304,
        0.21133953818484327,
        0.011371884495916772,
        0.1255356758900566,
        0.025376770343852093,
        0.06857072495665693,
        -0.16141644498794402,
        -0.11859507149465867,
        0.15389901666703606,
        0.13019271041634056,
        -0.10839011581393065,
        0.006948900545301168,
        0.004328400563898035,
        -0.14103227661232096,
        0.22506755494092945,
        -0.1846514071718547,
        -0.1317182279813634,
        0.0852676087519744,
        -0.011828010961450728
    ]
}