{
    "dataset": 775,
    "last_cost_avg": 0.09125713961916437,
    "statevector_real": [
        -0.1572168293005302,
        0.06676178669717861,
        -0.10465918548511921,
        0.12912998197328707,
        0.11222649904004041,
        -0.07118441371685065,
        0.0926769687018617,
        -0.14391747498010057,
        -0.014678777079245912,
        -0.04131927522237551,
        0.15870797678735418,
        -0.0594708414638036,
        0.12245977541859114,
        -0.10124742075651816,
        -0.12563775469672747,
        0.04523434489929223,
        0.001954902775744459,
        0.12137463969634302,
        0.13885334140818087,
        -0.0875860790211899,
        -0.013993967493128853,
        -0.03964101539951795,
        -0.06680230406519512,
        0.13185945364102838,
        -0.011417411666465179,
        -0.017938830047061514,
        -0.028734097156241194,
        0.16281344093069772,
        0.12714042227126265,
        -0.010415987141905782,
        -0.027799410660247385,
        0.10602123276043283,
        0.14010991838650497,
        -0.1465813457933232,
        -0.04498937355765238,
        0.024395368157747576,
        0.11133414127019824,
        -0.06198487197707028,
        0.08402586738421083,
        0.017602399873630766,
        -0.015295419056857629,
        0.05344083204777543,
        -0.08453825766893548,
        0.0100623841136344,
        -0.12543842495543087,
        -0.1485528172190191,
        -0.026690579710680045,
        0.12770989351754983,
        -0.11750017746527631,
        -0.050124118727962956,
        0.04171411540626024,
        0.10053358543045975,
        -0.013614952871173227,
        0.037985304599600665,
        0.12441929353961831,
        0.09204827501606905,
        0.13873271560149908,
        0.14426699387457925,
        0.1510684609623284,
        0.14963887694090705,
        0.042627271542984575,
        0.0025385093875374284,
        -0.04314530959941806,
        -0.05146526606586427
    ],
    "statevector_imag": [
        0.006615853649399788,
        0.024194905660520894,
        -0.12150825490226957,
        0.06952040946624549,
        -0.0636656271046477,
        -0.1316313454708662,
        0.034674338338429235,
        0.09337111649718612,
        0.12400742407987823,
        -0.0657701937213308,
        0.049596439605430614,
        -0.018750262438259432,
        0.0712885735437462,
        -0.02582706898554394,
        -0.05012268782090948,
        -0.11546068969004779,
        -0.0439309221468938,
        -0.008330714232909908,
        0.004631283693293504,
        0.03453196369061463,
        0.019483786444810993,
        -0.06233072464275573,
        0.013112263914208597,
        -0.014657065961471078,
        -0.008102312619343422,
        0.04639535834436436,
        -0.022477501881001175,
        -0.007920143014981293,
        -0.11775849510467652,
        -0.04262062162172787,
        0.02835885008325134,
        -0.08276290888916642,
        0.07182771424826498,
        0.052537918260409884,
        0.14608191184709723,
        0.11781186326495728,
        0.08623901081473145,
        -0.007513580806181989,
        0.08371531691405881,
        -0.020788397900542092,
        -0.14248327963315813,
        0.0547157040800069,
        0.12170940657194197,
        0.19549403850318542,
        -0.07673224326700082,
        0.019562540061814074,
        -0.13451505565016508,
        0.04703013951159139,
        -0.11057831556693065,
        0.1161882872818201,
        -0.12512961579361245,
        0.04191099684180107,
        0.059748728983182064,
        -0.0638010052407505,
        0.11119897599492665,
        0.08053650817967171,
        -0.05297198946479168,
        0.054010708484708146,
        -0.1253009531119843,
        0.11250522855547339,
        0.1443106986053317,
        0.0045240529969928864,
        0.06942081098026108,
        0.05738422082373006
    ]
}