{
    "dataset": 1248,
    "last_cost_avg": 0.1002797906615957,
    "statevector_real": [
        0.03407411839263771,
        -0.08487139336329846,
        0.0006298710362676566,
        -0.05374484107391485,
        0.0003328777840907364,
        -0.11688779697886725,
        -0.030878944370787927,
        -0.18404449739607628,
        -0.012568490072960797,
        0.044160985168490936,
        0.02024716850490821,
        -0.06269286184861413,
        0.028140943314755924,
        0.10563529792076883,
        0.12826452261035648,
        0.04778911027089532,
        -0.04918457977259249,
        -0.18702433460030893,
        0.04252598287470609,
        -0.09071075534149828,
        -0.10478274822196776,
        -0.0949086867357881,
        0.020669275738549178,
        -0.12228766090999481,
        -0.09268405540236677,
        -0.13993830629412152,
        -0.035049022020343615,
        -0.1270271761489878,
        0.12718166976828205,
        0.05469792594362311,
        -0.050614815407782274,
        0.21014792503795152,
        0.004285435035956326,
        0.1488812703190411,
        0.11682387405855779,
        -0.007738083612502197,
        0.11666144145339963,
        0.06995168878910919,
        -0.04218230899298858,
        -0.0053594276883205515,
        0.060072320522420855,
        -0.08418525521599507,
        -0.05560250213903982,
        0.06274579960934941,
        0.15931275022330282,
        -0.1361980184240405,
        0.005930032238184837,
        0.10781281987181582,
        0.14172033813575935,
        -0.007388611943727814,
        0.011086617324117205,
        -0.08786913593866912,
        -0.13854809757772088,
        0.1519532855868427,
        0.09749353567554195,
        0.03932761216852085,
        0.028721473842433457,
        0.042651511795857605,
        -0.024332956657927028,
        0.0376751796549325,
        -0.0020447463658636073,
        -0.06128637535789643,
        -0.02259976042507643,
        -0.06049262771677457
    ],
    "statevector_imag": [
        0.025025252414079206,
        0.07423809621287225,
        -0.013117059925441555,
        0.04842062820826253,
        0.05259302685622083,
        -0.004561746666603217,
        -0.05674215754124953,
        -0.05235290688125203,
        0.010233236645712185,
        -0.04779275787596053,
        -0.15399338214103314,
        -0.13571285645175943,
        0.08880525097377664,
        -0.11029637226719333,
        0.06087958812021811,
        -0.10836450031948248,
        0.02251874746419076,
        -0.06285085103883052,
        -0.08481123812233064,
        0.10102066945291498,
        -0.09255888503418004,
        -0.07947158467146936,
        0.13533434549453469,
        0.0638060001465111,
        0.06662521697144701,
        0.08110888000844038,
        0.03908982335870198,
        -0.07921394902731456,
        0.021380698542898743,
        -0.058044812911834706,
        -0.08373804435375176,
        0.05191898851799427,
        0.14255628555395453,
        -0.007042542915951219,
        0.01759754005648641,
        0.09741597003730224,
        -0.03269677999916098,
        -0.11181740911553889,
        -0.13244334325787113,
        0.09083681250627407,
        -0.007461615607499796,
        -0.034626781236487124,
        0.011732733778855968,
        0.008731742849268698,
        0.05671991776080544,
        0.06930386765686426,
        0.15141045568018627,
        0.05285867798239459,
        -0.0636026751216388,
        -0.09390246420397386,
        0.060806500626121016,
        -0.13073872032831305,
        -0.06531087294299935,
        -0.013457477258360313,
        -0.004525074830538405,
        -0.03047455583229372,
        -0.16581173549102063,
        0.14489188210284631,
        -0.19935797278206766,
        -0.06577094781383688,
        -0.04253248885992428,
        0.12597745542027303,
        -0.11117581739805249,
        0.1737182514303284
    ]
}