{
    "dataset": 0,
    "circuit_id": 16,
    "layer": 4,
    "num_params": 68,
    "expr": 0.07441749457309037,
    "entcap": 0.562109889187744,
    "num_iter": 1024,
    "last_cost_avg": 0.12487801946345381
}