{
    "dataset": 3536,
    "last_cost_avg": 0.07992521514638096,
    "statevector_real": [
        -0.09814505461268323,
        0.13155248616393247,
        0.08927862949232478,
        0.21850498893092998,
        0.09257751234223317,
        0.06065343393104397,
        0.12516733520957965,
        0.18590793189244986,
        0.1406286997909228,
        0.030029672345479777,
        0.151079581134438,
        0.005249952808874588,
        -0.09536529774831429,
        -0.09778138859837368,
        0.138177375325161,
        0.03666804309905573,
        0.10571331436258093,
        0.02284469315037433,
        0.05439303274749819,
        -0.1255508053760986,
        0.08866598393206657,
        0.0362847939274512,
        0.011861528851737312,
        -0.13746222421218907,
        -0.21023764981871113,
        -0.18526662522568288,
        0.0605108470101629,
        0.05726958887669075,
        -0.04576445608361267,
        0.18377966526220524,
        0.09214523162635888,
        -0.08861168599066553
    ],
    "statevector_imag": [
        0.20212896462468213,
        0.020342857947250197,
        0.05425036843798848,
        0.06862675491072223,
        0.06688633278392754,
        -0.14920286683693218,
        -0.10001437605052428,
        0.018464577138012247,
        0.1800810204369982,
        0.23098191354727549,
        -0.16644135880322256,
        0.1841660414465699,
        -0.005632724453330257,
        -0.038852327265980896,
        -0.21028084505790184,
        -0.01547214048158566,
        -0.2331798669165151,
        0.10516752112182307,
        -0.10334927298325618,
        0.1578522082878892,
        -0.01002830592729194,
        -0.2336549879875271,
        0.0760935128130182,
        -0.0317311061301061,
        0.07901171673731322,
        0.10002269528962267,
        -0.18475180702530553,
        -0.01648013149890109,
        0.05972593707544936,
        0.15846848850620548,
        0.13886791971034954,
        0.18812693003293363
    ]
}