{
    "dataset": 1462,
    "last_cost_avg": 0.09086738849711454,
    "statevector_real": [
        -0.002885041404685471,
        0.12169730153252988,
        0.2050038988983724,
        0.10977389951568084,
        -0.04081816258221893,
        0.07740078084467382,
        0.14036705197431162,
        0.14524285483218316,
        -0.029075070590495543,
        0.17856112938516022,
        -0.14796000487598332,
        0.022976187864123126,
        -0.016388002319668967,
        -0.06863113367625491,
        -0.18148928659926256,
        -0.0006200764136607609,
        -0.19988530632200616,
        0.16740179597865576,
        0.1753090024645522,
        -0.10069213458478393,
        0.007526304373891271,
        0.17619248857385592,
        -0.08051163860272428,
        0.01949680497601463,
        0.16849852020729572,
        0.10008829735641757,
        -0.06825947451706989,
        0.045779392393359895,
        0.09794961433964788,
        0.09038798777196884,
        -0.2098538643863799,
        -0.1503996609916348
    ],
    "statevector_imag": [
        0.11151551413888487,
        0.1462420053818291,
        0.09148988426989683,
        -0.1617350664339935,
        0.15899027056489137,
        -0.17134268341417638,
        0.13708433275870674,
        0.09861113413554222,
        -0.25257681240009766,
        0.02582726412013518,
        -0.19777745732970015,
        0.019339334411994726,
        0.151992528078338,
        -0.1904295233630611,
        -0.004207795936367438,
        -0.048543245278377015,
        0.0369327763919196,
        -0.16655345208376449,
        -0.030856209493681307,
        0.1385025570319604,
        -0.012517884761409541,
        -0.1154975722438693,
        -0.11192093119926515,
        -0.06204883475188339,
        0.0794237198811304,
        0.10181175045138338,
        -0.11091192786821434,
        -0.06715565811532585,
        -0.13704025894361851,
        -0.2477266234259956,
        -0.04916711866431244,
        0.028716486819043267
    ]
}