{"f": [0.14501953125, 0.09356689453125, 0.15045166015625, 0.1290283203125, 0.185302734375, 0.177490234375, 0.15289306640625, 0.1248779296875, 0.15814208984375, 0.12774658203125, 0.15826416015625, 0.14361572265625, 0.1617431640625, 0.14471435546875, 0.1300048828125, 0.1815185546875, 0.16473388671875, 0.1455078125, 0.13665771484375, 0.15191650390625, 0.11541748046875, 0.13848876953125, 0.15728759765625, 0.17608642578125, 0.17938232421875, 0.12811279296875, 0.1748046875, 0.1678466796875, 0.1998291015625, 0.1412353515625, 0.1436767578125, 0.1229248046875, 0.1302490234375, 0.10858154296875, 0.19854736328125, 0.13665771484375, 0.151123046875, 0.12884521484375, 0.18109130859375, 0.18157958984375, 0.17498779296875, 0.177490234375, 0.14471435546875, 0.182861328125, 0.1527099609375, 0.13629150390625, 0.14508056640625, 0.17108154296875, 0.15057373046875, 0.16595458984375, 0.15435791015625, 0.1044921875, 0.16162109375, 0.2078857421875, 0.09375, 0.16339111328125, 0.15167236328125, 0.1790771484375, 0.09686279296875, 0.1805419921875, 0.1580810546875, 0.12554931640625, 0.17694091796875, 0.14453125], "accuracy": 0.34375}