{"f": [0.03631591796875, 0.06256103515625, -0.00732421875, 0.0377197265625, 0.03192138671875, 0.02996826171875, 0.0272216796875, 0.0413818359375, 0.0311279296875, 0.03680419921875, -0.024169921875, -0.0186767578125, 0.06451416015625, 0.01123046875, -0.01495361328125, 0.05419921875, -0.01202392578125, -0.0059814453125, 0.026611328125, -0.03607177734375, 0.046630859375, 0.069580078125, 0.0142822265625, 0.04766845703125, 0.00238037109375, 0.00146484375, 0.00250244140625, 0.00347900390625, 0.065673828125, 0.0301513671875, 0.00189208984375, 0.0625, 0.0113525390625, 0.0323486328125, 0.041015625, 0.03192138671875, 0.0218505859375, 0.0296630859375, 0.00909423828125, 0.0489501953125, -0.00811767578125, 0.0391845703125, -0.00262451171875, 0.0111083984375, 0.00048828125, -0.01068115234375, 0.025390625, 0.03546142578125, 0.008056640625, -0.02874755859375, 0.04437255859375, 0.038330078125, 0.02496337890625, 0.05169677734375, 0.0682373046875, 0.00830078125, -0.0047607421875, 0.054931640625, 0.0616455078125, 0.03582763671875, -0.01007080078125, 0.05169677734375, 0.0426025390625, 0.0205078125], "accuracy": 0.328125}