{
    "dataset": 0,
    "circuit_id": 1,
    "layer": 7,
    "num_params": 84,
    "expr": 0.23194965811481233,
    "entcap": 4.095094351018566e-31,
    "num_iter": 62,
    "last_cost_avg": 0.0118255615234375
}