{
    "dataset": 0,
    "circuit_id": 19,
    "layer": 13,
    "num_params": 273,
    "expr": 0.0035120097151280253,
    "entcap": 0.9695629240133943,
    "num_iter": 1024,
    "last_cost_avg": 0.0337558762891137
}