{
    "dataset": 362,
    "last_cost_avg": 0.08153520529708014,
    "alpha": [
        0.06204675612927621,
        0.0033615199561058346,
        0.04918491077065404,
        0.04870391801395075,
        0.007947031035998729,
        0.04101192684208976,
        8.343221057373613e-06,
        0.07191876105918625,
        0.001064753048656912,
        0.02384107545135323,
        0.0948914813617078,
        0.019250108457788608,
        0.009331084557438344,
        0.03274678670967274,
        0.019310228715640382,
        0.0002463118206150793,
        0.02648561376463655,
        0.03514719559573057,
        0.08615977692324782,
        0.035729007488905125,
        0.10259472276816432,
        0.01855510553494008,
        0.06342560267858753,
        0.006981239283086785,
        0.033591705487157224,
        0.00030131865916386413,
        0.0003130354667992292,
        0.04041693368146115,
        0.01415495570934025,
        0.043460770471948136,
        0.00023994562122923614,
        0.007578073714409876
    ]
}