{
    "dataset": 0,
    "circuit_id": 17,
    "layer": 7,
    "num_params": 119,
    "expr": 0.0059002726570330346,
    "entcap": 0.8088895627879993,
    "num_iter": 48,
    "last_cost_avg": 0.13623046875,
    "accuracy": 0.65625
}