{
    "dataset": 0,
    "circuit_id": 7,
    "layer": 5,
    "num_params": 145,
    "expr": 0.01628012927167558,
    "entcap": 0.693105679793804,
    "num_iter": 60,
    "last_cost_avg": 0.01476287841796875
}