{
    "dataset": 3496,
    "last_cost_avg": 0.10249637601761304,
    "statevector_real": [
        -0.012783300663608891,
        0.006050684117548221,
        0.0028394028060916556,
        -0.04694457244514637,
        -0.13550812178280375,
        0.04304007301469919,
        0.09441858609046691,
        -0.14769078594969678,
        0.1637911451081107,
        -0.24060234752661958,
        0.06394854351525907,
        0.08978295923634604,
        -0.04718808974542934,
        0.035246149872634296,
        0.19300611360789974,
        0.059909967882914625,
        -0.13921864361236608,
        -0.13393506600793362,
        0.07600776911741533,
        0.10147085983674993,
        0.0987946828970626,
        0.1177378560016127,
        0.21389128439744534,
        0.01834512175431991,
        0.03134347743006206,
        0.04342882903113177,
        -0.055292745202733626,
        -0.21263446806867342,
        0.11969324507266829,
        -0.08698817257171884,
        0.17431748311005701,
        0.08617693130856988
    ],
    "statevector_imag": [
        -0.004465448116641386,
        -0.16951940624189138,
        -0.27261148091618165,
        0.2226687321357696,
        -0.13687706206133587,
        -0.2346449726309727,
        -0.08376968787224723,
        -0.019370122947190965,
        0.12297466374552317,
        0.0764877633344608,
        -0.27434327769708816,
        -0.1253676288651369,
        -0.15172470015515427,
        0.1810634260332722,
        0.06968502192950277,
        0.13241474808860149,
        -0.026878170725271912,
        0.05299697604068032,
        -0.14120941343232316,
        0.08777019504919555,
        -0.06101298718037091,
        0.028322644015257303,
        -0.12270584923596921,
        0.03179889805391145,
        -0.017486034127941637,
        0.15456228410304784,
        0.12642880065508738,
        0.011295456264240666,
        -0.21033093967329158,
        -0.09108404842306349,
        -0.01984733187669582,
        0.0502687008094346
    ]
}