{"f": [-0.01416015625, -0.0780029296875, -0.081298828125, -0.08416748046875, 0.013427734375, 0.06207275390625, -0.0635986328125, -0.0555419921875, -0.0172119140625, -0.00482177734375, -0.0152587890625, -0.06170654296875, -0.02569580078125, -0.05023193359375, -0.0638427734375, 0.02288818359375, -0.0040283203125, -0.0692138671875, -0.02996826171875, -0.068603515625, -0.02093505859375, -0.00201416015625, -0.036376953125, 0.0150146484375, -0.013671875, -0.08026123046875, -0.02044677734375, -0.01129150390625, 0.05712890625, -0.0628662109375, 0.02593994140625, -0.06341552734375, -0.0418701171875, -0.0269775390625, 0.05914306640625, -0.02520751953125, 0.02227783203125, 0.0418701171875, -0.00347900390625, 0.01104736328125, -0.05413818359375, 0.02667236328125, -0.02081298828125, 0.0009765625, -0.04327392578125, 0.0345458984375, -0.04498291015625, 0.0096435546875, -0.01544189453125, 0.01837158203125, 0.0074462890625, 0.00933837890625, 0.00146484375, 0.00384521484375, -0.0762939453125, 0.06427001953125, -0.04644775390625, 0.01544189453125, -0.02801513671875, 0.00152587890625, -0.01495361328125, -0.00823974609375, 0.012939453125, -0.04754638671875], "accuracy": 0.546875}