{
    "dataset": 3898,
    "last_cost_avg": 0.06443688485339225,
    "statevector_real": [
        -0.006731949975250153,
        0.1741912082816765,
        -0.027472028580165855,
        -0.03446761715786787,
        0.18607850755406735,
        -0.04625804510732125,
        -0.037675532078950684,
        0.14771494437743973,
        -0.11908549953347437,
        -0.1061551105067365,
        0.012190144491881034,
        -0.2675721391833218,
        0.018902289611249113,
        -0.06867069532999251,
        0.08632246229472733,
        -0.21840188822806117,
        -0.015009678276851238,
        -0.05031967801146146,
        0.01586451211447675,
        0.20963647307110944,
        0.0971845714535848,
        -0.015334656933782722,
        0.13802953224004816,
        0.21878130944520072,
        0.010689621434944906,
        0.00874562859745467,
        -0.12075561196461736,
        -0.08290461718629888,
        0.0016745032179396185,
        0.10351581618823436,
        -0.19732132151198997,
        -0.13117477108207282
    ],
    "statevector_imag": [
        -0.14595107333792465,
        0.2250812049413565,
        -0.22660985442763487,
        0.026390086269569287,
        -0.10549764294007072,
        0.1195528706519132,
        -0.037822478357959696,
        0.17819914295832803,
        0.1019199221222855,
        0.08916242572395698,
        -0.005810831474257044,
        0.029542267166219646,
        0.21212376898071084,
        -0.19583594725349443,
        0.06406842369381038,
        -0.10803785525239983,
        0.08615310312500762,
        0.09110075706676421,
        -0.06640001915793159,
        -0.038210072689955105,
        0.17071634657741394,
        -0.1681533792216179,
        0.29170070847380647,
        0.032322732129383865,
        -0.04974694303321142,
        0.11619080236627548,
        -0.1414736837386178,
        -0.018515717060797975,
        0.055041658416951286,
        0.09171488947461372,
        0.1343876524657442,
        -0.07886414144148311
    ]
}