{
    "dataset": 523,
    "last_cost_avg": 0.09085147572899416,
    "statevector_real": [
        -0.07460425045578807,
        -0.17496534724439922,
        0.022588057153387926,
        -0.050687583261473663,
        -0.014334133067891108,
        0.05757549579295206,
        -0.11567860137660127,
        -0.09353429069459959,
        0.10864476028795897,
        0.027757105142570956,
        0.014234686650508107,
        -0.13819158946386007,
        0.038328608825863336,
        -0.018693723151878113,
        -0.09448169008280498,
        -0.02414026875997685,
        0.05800105298458394,
        0.112220280840469,
        0.10008423472988373,
        0.0014902156096406596,
        0.1544211237201857,
        0.05648217378623104,
        -0.016344466910605582,
        -0.020342039359814525,
        -0.10631249717304388,
        0.03663628008335217,
        -0.1137933664117299,
        -0.18776241414826145,
        -0.011596025962217713,
        0.08942383111531532,
        -0.04650041435303975,
        0.16230604107575425,
        -0.011276201827113818,
        0.07188862242883107,
        0.17101530419994637,
        -0.05856068445516465,
        0.08810562229845807,
        -0.07447689219623381,
        0.09337965865713597,
        -0.01090775346416753,
        -0.14679428792571791,
        0.1440009797555378,
        0.046023875536241224,
        -0.07072181793997878,
        -0.08648199080586491,
        -0.05351028909333245,
        0.08980960094297825,
        0.08575995755351322,
        0.13052845944701283,
        0.010231360253864112,
        0.10029361247134422,
        0.07870200049007343,
        0.16744267373832508,
        0.045552221828588965,
        0.12999350814253996,
        0.010300753174510888,
        0.1704588873371296,
        -0.037773348047908696,
        0.01904723460307316,
        0.11331112432678161,
        0.14626133901881444,
        -0.13923030828094504,
        0.08486298028726724,
        -0.13988732636597537
    ],
    "statevector_imag": [
        -0.14036658482105036,
        0.07865518351643978,
        -0.10711613339787711,
        -0.08439525810136357,
        -0.04686194236430123,
        0.1650572962117147,
        -0.05595201853383894,
        -0.14699086083266857,
        -0.06028832133857434,
        -0.046681367708494494,
        -0.05356297054660277,
        -0.013487341479450753,
        0.022561816445991943,
        -0.028850320136207454,
        0.04837014715556024,
        -0.08719930836625919,
        -0.13284808424139494,
        -0.010105782031383364,
        -0.09026738584083747,
        -0.10534118544147783,
        -0.056177492407359794,
        0.08367243904067231,
        0.09627604609266019,
        0.1402463077588131,
        -0.1406283399027285,
        0.10461721703180145,
        0.10100693066331408,
        0.024780910446300132,
        -0.05766815226259825,
        0.16555279891544325,
        0.11619063984870398,
        0.05473528726270695,
        -0.01035962963816355,
        -0.09673638133570724,
        -0.002637015586590808,
        -0.05999815605323981,
        -0.04342874764915469,
        -0.0388265420792691,
        0.057516192458497296,
        0.039858597069543956,
        0.07182862899730012,
        -0.05407499827038501,
        0.095107107540259,
        -0.002744271070484887,
        -0.08096116655881293,
        0.021819937355625773,
        -0.02428479012783177,
        -0.0037867046036745393,
        0.028501239934625913,
        0.022835413816770934,
        -0.09193869816405645,
        0.01084575895225709,
        0.03309820011693161,
        -0.016358626221089557,
        0.12338372629522018,
        0.059216343976537474,
        0.07164099145886756,
        0.08785902376111934,
        0.02311753264096823,
        -0.14639711370396866,
        0.06440057040700874,
        0.07530492405444195,
        0.05117554671526476,
        0.08138448773682719
    ]
}