{
    "dataset": 0,
    "circuit_id": 11,
    "layer": 6,
    "num_params": 96,
    "expr": 0.011196052759296776,
    "entcap": 0.9021848223957033,
    "num_iter": 50,
    "last_cost_avg": 0.13497543334960938,
    "accuracy": 0.71875
}