{
    "dataset": 826,
    "last_cost_avg": 0.1100026535512629,
    "statevector_real": [
        0.04686195913983056,
        -0.08044201055262513,
        -0.2011748977541708,
        -0.03340705120422553,
        -0.11717423424278389,
        0.05552289427641497,
        0.14744596243403224,
        -0.020455996542381002,
        0.1756826378249741,
        0.0004544877160694721,
        0.14440685966519634,
        0.21353966964124144,
        -0.16672784894669118,
        0.13086284665478728,
        -0.21725188272421045,
        0.06607807001761322,
        -0.20220494932044925,
        -0.044738753717955625,
        0.19162287481015522,
        -0.16364700547934383,
        0.0020221978188544117,
        0.11008468488547903,
        -0.14842015511582873,
        -0.050140138818373065,
        0.16171534124175427,
        0.06094426544940488,
        -0.11074087903627707,
        0.006203082783911344,
        -0.15793129678966042,
        0.22718147480792666,
        0.02498106644186486,
        -0.13767269594240436
    ],
    "statevector_imag": [
        0.15379470441732265,
        -0.2298270657518296,
        0.13207909390766284,
        0.22607699738073886,
        -0.04593795721012234,
        -0.1537464156715124,
        0.10035113957520493,
        0.06271723655562081,
        0.1848379816213238,
        -0.16396937755703425,
        -0.006419229035600371,
        0.11678979628780232,
        -0.12485599261854094,
        -0.004453480213269398,
        -0.0362861616017927,
        0.17513437752593267,
        -0.0038390500864135322,
        0.1402215389265283,
        -0.06922802956576175,
        0.1343907967475129,
        0.022887153200396623,
        -0.024376866085963712,
        -0.006414064058991897,
        -0.14985418074177195,
        -0.06928674825519344,
        -0.1042205128911322,
        0.07185922170319277,
        -0.1191409367415023,
        -0.1344040768792207,
        0.0906159934627022,
        0.01712305351924549,
        0.02774942330712653
    ]
}