{
    "dataset": 724,
    "last_cost_avg": 0.08620711949708053,
    "statevector_real": [
        0.12041998496871835,
        -0.09772022804795592,
        0.006102025049367115,
        0.05877365906404973,
        0.051253724755097436,
        0.044172914776575097,
        0.15795818915848994,
        -0.10183810949089252,
        0.10512847049211806,
        0.10932458535158911,
        0.10055469227584747,
        -0.16749322343124987,
        0.04963939164176132,
        -0.0030083870392035366,
        0.04898407005725951,
        0.1739969837618283,
        0.08981094982706561,
        -0.10930225807473203,
        0.022080006418942297,
        -0.07704109854330131,
        -0.017685663157436724,
        -0.11427472521127088,
        0.0547456413907407,
        0.1374014500909255,
        0.01442529737399405,
        -0.05958274555063828,
        -0.1149647582823003,
        -0.17040233069596386,
        0.023650945943877295,
        -0.1469768522339359,
        -0.041088211929561656,
        -0.10303117860467695,
        0.002758674767954779,
        -0.02128867413995582,
        -0.025958994718223664,
        -0.003181046673628772,
        0.08998787823628816,
        0.010926355767108728,
        0.021576689911505523,
        0.04935553061795084,
        0.08004950944574941,
        0.08173682947478125,
        0.05596031283432905,
        -0.03979854771396472,
        0.029508137829186844,
        0.02639470737386766,
        -0.05901946638602815,
        0.1197591961992457,
        -0.14536358290848728,
        0.0820905071129535,
        0.024403946893983546,
        -0.020328963576111254,
        0.07171428931294464,
        -0.06132940248896448,
        -0.015359861836516353,
        -0.11702667789216757,
        0.10426878715496564,
        0.046208317393123664,
        -0.017429065539450894,
        -0.16560699477841037,
        0.06791874492365133,
        -0.12669922244203952,
        0.1221344891873499,
        -0.013392223744531036
    ],
    "statevector_imag": [
        0.051135832522322865,
        0.15786381535545413,
        0.016560432330056604,
        0.05481795816148429,
        0.10265024591747574,
        0.03026268695564241,
        -0.013754042183291347,
        -0.10735560536477193,
        -0.03186719315580856,
        0.031662734590485395,
        0.010518048030602306,
        -0.13475567663318969,
        -0.08230223365331535,
        0.08260969777264121,
        0.011695768711191315,
        -0.03291987419453067,
        -0.12457906653556175,
        -0.048935204517335254,
        0.13863375559762317,
        0.17784861314259534,
        -0.12870617699286485,
        -0.009326193902463854,
        -0.010580797365968881,
        0.08827691711964514,
        0.12061973211526913,
        -0.12051535547848197,
        -0.02966960007726558,
        -0.01581218616218159,
        -0.11637445006762165,
        -0.01833104236027585,
        -0.11936319962598174,
        0.0019414499813720128,
        -0.020350426859844454,
        -0.08507805798055319,
        0.14997439486274375,
        0.13850329276741752,
        -0.10750095508671133,
        -0.028187264257377363,
        -0.0013099065503429262,
        -0.13183665323342392,
        -0.16614496436146792,
        0.1464108530127251,
        0.07155574824115686,
        0.08167179555640706,
        -0.11115073337218144,
        0.18838567117987284,
        0.06608518136830921,
        -0.0028466586936396233,
        0.011358815573146691,
        0.0492751478738567,
        0.12445899734684462,
        0.08403504524059738,
        -0.10941903027449437,
        0.005792734003995039,
        -0.018946550105497353,
        0.11530689202993658,
        -0.06016935418229315,
        -0.005522638237867909,
        -0.08810448925442942,
        -0.07628106332227585,
        0.023393826430028644,
        0.0726050578083262,
        -0.09861004152252702,
        0.002918276552541197
    ]
}