{
    "dataset": 0,
    "circuit_id": 13,
    "layer": 4,
    "num_params": 48,
    "expr": 0.044993138896432056,
    "entcap": 0.6412499627313741,
    "num_iter": 59,
    "last_cost_avg": 0.1553497314453125,
    "accuracy": 0.90625
}