{
    "dataset": 0,
    "circuit_id": 2,
    "layer": 8,
    "num_params": 96,
    "expr": 0.002828685066853356,
    "entcap": 0.9515050235430546,
    "num_iter": 55,
    "last_cost_avg": 0.12172698974609375
}