{"f": [0.11669921875, 0.0723876953125, 0.14453125, 0.09112548828125, 0.1097412109375, 0.115966796875, 0.12713623046875, 0.0186767578125, 0.07550048828125, 0.0445556640625, 0.15142822265625, 0.1461181640625, 0.115966796875, 0.1456298828125, 0.19439697265625, 0.11474609375, 0.10321044921875, 0.13592529296875, 0.08544921875, 0.16162109375, 0.12176513671875, 0.038818359375, 0.12164306640625, 0.071044921875, 0.106201171875, 0.1796875, 0.13525390625, 0.09100341796875, 0.0653076171875, 0.09027099609375, 0.15130615234375, 0.09442138671875, 0.13946533203125, 0.112060546875, 0.08917236328125, 0.11907958984375, 0.08892822265625, 0.11639404296875, 0.07916259765625, 0.08636474609375, 0.08935546875, 0.0762939453125, 0.15753173828125, 0.08416748046875, 0.11962890625, 0.09405517578125, 0.1392822265625, 0.0870361328125, 0.07275390625, 0.1573486328125, 0.03631591796875, 0.069580078125, 0.0928955078125, 0.11907958984375, 0.075927734375, 0.11273193359375, 0.13372802734375, 0.0855712890625, 0.0501708984375, 0.0936279296875, 0.0740966796875, 0.11444091796875, 0.066650390625, 0.11883544921875], "accuracy": 0.34375}