{"f": [0.11053466796875, 0.1168212890625, 0.07373046875, 0.1416015625, 0.15618896484375, 0.07537841796875, 0.0982666015625, 0.09356689453125, 0.09710693359375, 0.10430908203125, 0.10711669921875, 0.0611572265625, 0.14532470703125, 0.107666015625, 0.09759521484375, 0.12347412109375, 0.0914306640625, 0.09490966796875, 0.10186767578125, 0.10235595703125, 0.12579345703125, 0.10333251953125, 0.10009765625, 0.107666015625, 0.14013671875, 0.09185791015625, 0.11419677734375, 0.13653564453125, 0.12298583984375, 0.0845947265625, 0.10797119140625, 0.1400146484375, 0.11370849609375, 0.08270263671875, 0.11578369140625, 0.123046875, 0.11541748046875, 0.1146240234375, 0.12945556640625, 0.13458251953125, 0.0709228515625, 0.12042236328125, 0.12457275390625, 0.130615234375, 0.09356689453125, 0.0880126953125, 0.144287109375, 0.11065673828125, 0.06011962890625, 0.106689453125, 0.08929443359375, 0.08856201171875, 0.1099853515625, 0.16229248046875, 0.13427734375, 0.097412109375, 0.0946044921875, 0.139404296875, 0.122314453125, 0.1607666015625, 0.13555908203125, 0.089599609375, 0.12054443359375, 0.1004638671875], "accuracy": 0.34375}