{"f": [-0.0074462890625, -0.05303955078125, -0.0328369140625, -0.05902099609375, 0.00555419921875, 0.0091552734375, -0.0181884765625, -0.0284423828125, 0.0108642578125, -0.0499267578125, -0.04046630859375, -0.01226806640625, 0.0125732421875, -0.01373291015625, -0.0208740234375, 0.01470947265625, -0.0118408203125, -0.0107421875, 0.00390625, -0.02032470703125, -0.02001953125, -0.00347900390625, -0.04595947265625, 0.0286865234375, -0.07366943359375, -0.004638671875, 0.00390625, -0.07672119140625, 0.00750732421875, -0.016357421875, -0.003662109375, -0.0367431640625, -0.02294921875, -0.01531982421875, 0.02496337890625, -0.00494384765625, -0.0242919921875, 0.048583984375, -0.04302978515625, -0.02935791015625, 0.01861572265625, 0.020263671875, -0.03790283203125, -0.0478515625, -0.048095703125, 0.001953125, -0.029296875, 0.00860595703125, -0.00079345703125, -0.04376220703125, -0.0050048828125, -0.028564453125, 0.00714111328125, 0.01434326171875, -0.0361328125, 0.0211181640625, -0.04217529296875, -0.0220947265625, -0.04083251953125, -0.05218505859375, -0.0762939453125, 0.01568603515625, 0.03265380859375, -0.00518798828125], "accuracy": 0.5625}