{
    "dataset": 0,
    "circuit_id": 2,
    "layer": 3,
    "num_params": 36,
    "expr": 0.0075846513874055985,
    "entcap": 0.8782217045294719,
    "num_iter": 94,
    "last_cost_avg": 0.00420379638671875
}