{
    "dataset": 1487,
    "last_cost_avg": 0.09415063914912089,
    "statevector_real": [
        -0.09146421950793446,
        0.07459483908933093,
        0.1284247623602388,
        -0.022709417158472994,
        -0.17064893752392882,
        0.0317730400844737,
        -0.1412624709618137,
        0.07840108142175878,
        -0.010619235313833726,
        0.10924952779565641,
        -0.10510209917149105,
        -0.010586164245427486,
        -0.007931443134284838,
        -0.04105621947826608,
        0.0031201398521857795,
        -0.10996145807407963,
        -0.08164662184466903,
        -0.10366442972096296,
        -0.0921742961643534,
        0.1040096856155817,
        -0.014380720408689684,
        0.1748781309381601,
        0.0702670904245279,
        0.12695276873161593,
        0.1367900061173035,
        0.2322060914096858,
        0.051234858694314024,
        0.1952085439755316,
        -0.04831071393739684,
        0.08465199628286924,
        0.12731529104407602,
        0.20652681188665165
    ],
    "statevector_imag": [
        0.1568704920273448,
        -0.14317107397246195,
        0.026436736182683086,
        -0.012389142406005723,
        0.05268724168154907,
        -0.11164812899996882,
        -0.09432415744862911,
        -0.03218150483257747,
        -0.14077920248180834,
        -0.06975137427424176,
        0.11140891051448057,
        0.0649232853901287,
        -0.1287103200397572,
        0.20971910170406458,
        0.2198604851888392,
        0.2297668270844644,
        0.10889595609941324,
        -0.06377671603007187,
        -0.24177534879241852,
        -0.10702030285641344,
        0.27874855259110326,
        0.22543566651736735,
        0.13863873010828917,
        -0.14837848675563794,
        0.06068598699260431,
        -0.14524732447627173,
        -0.15694901465714717,
        -0.0938101729425959,
        0.08587812881523914,
        0.02013484780987359,
        0.05399210975057028,
        -0.0827753342906894
    ]
}