{"f": [0.07318115234375, 0.03521728515625, 0.06390380859375, 0.04339599609375, 0.046630859375, 0.13946533203125, 0.02947998046875, 0.00982666015625, 0.05987548828125, 0.00457763671875, 0.08709716796875, 0.0557861328125, 0.07269287109375, 0.0546875, 0.08746337890625, 0.048095703125, 0.05059814453125, 0.0838623046875, 0.02960205078125, 0.0748291015625, 0.0924072265625, 0.0230712890625, 0.02435302734375, 0.07928466796875, 0.0689697265625, 0.0948486328125, 0.0487060546875, 0.0428466796875, 0.1131591796875, 0.0272216796875, 0.08135986328125, 0.051513671875, 0.04888916015625, 0.07080078125, 0.1116943359375, 0.04168701171875, 0.07574462890625, 0.1011962890625, 0.046142578125, 0.0123291015625, 0.0242919921875, 0.10491943359375, 0.10870361328125, 0.04473876953125, 0.0294189453125, 0.10089111328125, 0.05291748046875, 0.08221435546875, 0.02337646484375, 0.11590576171875, 0.08587646484375, 0.0433349609375, 0.0826416015625, 0.05645751953125, 0.04412841796875, 0.10589599609375, 0.01611328125, 0.01190185546875, 0.0303955078125, 0.04949951171875, 0.033203125, 0.0313720703125, 0.0667724609375, 0.04901123046875], "accuracy": 0.34375}