{
    "dataset": 0,
    "circuit_id": 12,
    "layer": 4,
    "num_params": 80,
    "expr": 0.011854760657637586,
    "entcap": 0.8008152408347015,
    "num_iter": 90,
    "last_cost_avg": 0.08294296264648438
}