{
    "dataset": 0,
    "circuit_id": 14,
    "layer": 8,
    "num_params": 96,
    "expr": 0.008952371708685881,
    "entcap": 0.9034874281972016,
    "num_iter": 61,
    "last_cost_avg": 0.09622955322265625,
    "accuracy": 0.625
}