{
    "dataset": 0,
    "circuit_id": 17,
    "layer": 6,
    "num_params": 102,
    "expr": 0.010748730143141524,
    "entcap": 0.7788070666377617,
    "num_iter": 1024,
    "last_cost_avg": 0.11015546963393238
}