{
    "dataset": 0,
    "circuit_id": 12,
    "layer": 7,
    "num_params": 140,
    "expr": 0.0028879725024573218,
    "entcap": 0.8929147411911703,
    "num_iter": 80,
    "last_cost_avg": 0.11390304565429688
}