{
    "dataset": 0,
    "circuit_id": 13,
    "layer": 5,
    "num_params": 60,
    "expr": 0.03288216123336117,
    "entcap": 0.6956644578848096,
    "num_iter": 1024,
    "last_cost_avg": 0.10653660709241629
}