{
    "dataset": 2488,
    "last_cost_avg": 0.08509304958435668,
    "statevector_real": [
        0.008642883812259281,
        0.03228098299151064,
        -0.0018580900535667571,
        -0.17652750522555688,
        -0.17479687560433393,
        -0.040053228281374864,
        0.11658682212647267,
        0.2026688156059925,
        0.10966975296855812,
        0.05743790358295673,
        0.005561985814912937,
        0.12510352120744833,
        0.20232121975188022,
        -0.01582797480240458,
        0.056257098564600226,
        0.11286544619178793,
        0.11818150781636601,
        0.14319338881208837,
        0.0560313404477542,
        0.18821359324504408,
        -0.18400944959900065,
        -0.07917322633733166,
        0.05205990608811782,
        0.08710617282352276,
        0.08565749222029666,
        0.043261368919898,
        0.20608684186260307,
        0.2286375069511937,
        -0.004753484188799683,
        -0.09957651463112159,
        -0.08533720161849519,
        0.14821187378912265
    ],
    "statevector_imag": [
        0.03286516010817296,
        0.046463519772497394,
        -0.017463482734378574,
        -0.01580078832304274,
        0.13637565612629368,
        0.18265948398725929,
        0.015218764184744268,
        0.13892039654653918,
        0.15388123478590696,
        0.16594559996237654,
        -0.001453784325218234,
        0.13796230339850318,
        -0.0743603745507679,
        0.007334590489339562,
        0.13731655922081934,
        0.048339873300027356,
        0.003993212307934113,
        -0.15916172496403036,
        -0.05764065254246917,
        0.1434089540069567,
        -0.09220663280935623,
        -0.17004001708105598,
        0.1659615628589953,
        0.1477993815180962,
        -0.038923692886230245,
        0.27690524992430715,
        0.04024054397402167,
        -0.02223554298459848,
        0.20613189095285953,
        -0.24712977547243387,
        -0.18185005654783362,
        -0.029966902734953917
    ]
}