{
    "dataset": 0,
    "circuit_id": 19,
    "layer": 4,
    "num_params": 72,
    "expr": 0.006709892779210568,
    "entcap": 0.8076135788722281,
    "num_iter": 50,
    "last_cost_avg": 0.10934066772460938
}