{
    "dataset": 2212,
    "last_cost_avg": 0.03899309720397069,
    "statevector_real": [
        0.00959017834522229,
        0.000993838793478188,
        -0.03221198456771665,
        -0.0009522180977867008,
        -0.0022451525805061183,
        -0.09142155247182432,
        0.10092393304303059,
        -0.04873341484651575,
        -0.07293593200914679,
        -0.005610105289073188,
        0.11250387612813954,
        -0.0031533442214363673,
        5.516320032277256e-05,
        -0.019017039134736728,
        0.004097679479152759,
        0.06643798313991821,
        0.1049618692228633,
        0.15911457436441911,
        0.14487608095295573,
        -0.16588655967316412,
        -0.024474026622202247,
        0.15408038713260352,
        0.0979945484756034,
        0.04046089460768938,
        -0.0613611082974593,
        -0.037814032718735305,
        0.004187076370167007,
        0.04936217460483352,
        0.1049504476332761,
        0.10243637570010714,
        -0.023956272838232196,
        0.08262789517883685,
        0.022933980528711824,
        -0.0710558113269939,
        0.11806996850541314,
        0.045129426990916356,
        -0.0047867448046157645,
        -0.1890419566117061,
        0.04629852526572775,
        0.001439942526753751,
        0.2353275558972164,
        -0.06502788279522662,
        -0.01899069649020443,
        0.014540197391815007,
        0.0017011956190712719,
        -0.007971251622875779,
        -0.15002023666926925,
        -0.0013592611819161623,
        -0.013743287882169539,
        0.13589312623209954,
        -0.040811947540252795,
        -0.08733815852473152,
        0.02739023182946017,
        0.00267094450468207,
        0.008632691843760752,
        -0.19182898747623614,
        0.11074383873860695,
        -0.008346128369773881,
        -0.015804021542600504,
        0.005337411041530595,
        0.05390370941967686,
        -0.09352190970238955,
        0.12976436667796104,
        -0.03182015701530556
    ],
    "statevector_imag": [
        0.1214788261838584,
        0.1881406859108235,
        0.02423389728485165,
        0.0026556330436087947,
        -0.07615224116624461,
        0.12663596613915112,
        -0.08112072336109184,
        0.07104421757381912,
        0.05093779273888888,
        -0.019031338040926077,
        -0.03287720589937834,
        0.011230695286433038,
        0.018628172348679844,
        -0.005730882937319786,
        0.012593293506691328,
        -0.20181538769676538,
        -0.2262933224161591,
        -0.015388618480450797,
        0.18383348515407255,
        0.20311577070447703,
        0.08439402377774155,
        -0.09787576124916492,
        -0.1702120911194326,
        -0.045765969139719045,
        -0.06956938453088556,
        -0.03482431191908264,
        0.015119188742998717,
        -0.005110867819138105,
        -0.030338658983644753,
        -0.011207093820422558,
        0.008759615165155618,
        0.04627092633423084,
        0.15422099360433475,
        0.0678120045912964,
        0.0008708896287214753,
        0.10502960795901291,
        -0.00493637505422622,
        0.1498135937752035,
        -0.09937133391577845,
        0.005997060504740019,
        0.06774762372824658,
        0.11776408667929662,
        0.15339487446090835,
        0.0027362419835385682,
        -0.09004257520427421,
        -0.008655980650417446,
        0.16157194246453116,
        -0.0077368591167756365,
        -0.00200533187111431,
        -0.054445734108474135,
        0.12523559007091714,
        -0.08546693672676635,
        -0.11057360761917805,
        0.008857061546914798,
        0.03676186193727592,
        0.037514394886382384,
        -0.023396151930010656,
        -0.0003664114883452546,
        -0.012943422041834674,
        0.012019094003820589,
        0.14173485301984642,
        0.05511353752256643,
        0.12837438379678373,
        -0.07172401455491911
    ]
}