{
    "dataset": 269,
    "last_cost_avg": 0.10421229872529948,
    "statevector_real": [
        0.2335652955004119,
        0.004337082493876504,
        -0.03562713440795276,
        0.018373908429576487,
        -0.21098675683556833,
        0.22971227571260644,
        0.12153611021182054,
        0.152943955124602,
        -0.19663941059608064,
        0.10615227192113545,
        -0.2219520839004094,
        -0.11005257244355665,
        -0.0003468718813158238,
        -0.17772490659481732,
        -0.0958951805925598,
        -0.014565131052326721,
        0.10073374265919585,
        -0.013102685960015233,
        -0.12714232140033807,
        0.08177673377529772,
        -0.036167765953506424,
        -0.1430083827949963,
        0.006759233163547636,
        0.015194057797061941,
        0.013049728776658052,
        -0.036502259579612666,
        0.014505778480537206,
        0.049337616697384304,
        -0.04877616331376237,
        0.03361454011275518,
        -0.02771376976965517,
        -0.1924367093075634
    ],
    "statevector_imag": [
        0.03317469223619506,
        0.03502804669940208,
        -0.1269010766679309,
        -0.01709264956870335,
        0.09765606734489868,
        0.02894312238339177,
        0.038093282585322207,
        -0.21113811423098164,
        -0.07009892704119229,
        -0.16541676580843867,
        -0.0903146678414676,
        0.08528865537547975,
        0.10580326363845192,
        0.09143635771727623,
        -0.19645648549129088,
        -0.23445795507341471,
        -0.056491315713916454,
        -0.21079389906015608,
        0.09167927937608418,
        0.095700375440254,
        0.1761856383333954,
        -0.10334552071698186,
        0.015644559445593495,
        -0.23383418501698988,
        0.16055108853842603,
        -0.123537095342455,
        0.20665852485223932,
        -0.16666795958476685,
        -0.07064846776449574,
        -0.017225596085991193,
        0.10107555047103926,
        0.1748974470642866
    ]
}