{
    "dataset": 0,
    "circuit_id": 3,
    "layer": 1,
    "num_params": 17,
    "expr": 0.2576719554314878,
    "entcap": 0.18970912034626092,
    "num_iter": 1024,
    "last_cost_avg": 0.07174213290718161
}