{
    "dataset": 373,
    "last_cost_avg": 0.07639882031718029,
    "statevector_real": [
        0.0908988146096395,
        -0.13775976077512192,
        0.003421226972069073,
        -0.15131315247430177,
        -0.05527690707817153,
        0.09746061264647812,
        -0.049495570610578916,
        0.0737231839889278,
        -0.13659337428135096,
        0.1060895657267088,
        0.015220213258308368,
        -0.028197355392302344,
        -0.08119319915053454,
        -0.09231909134819744,
        0.010915045788296602,
        -0.14546615762908155,
        -0.048688439486200524,
        -0.01432245160483259,
        0.001916650243042719,
        0.18098699149480177,
        -0.07533089992044172,
        0.036105478057825796,
        0.059063454262453456,
        0.09592445816662,
        -0.024836831762548146,
        -0.008337152853719228,
        -0.09575254376995902,
        0.11192885163806522,
        -0.007441057616807595,
        0.055769943847996245,
        0.005789981606083853,
        0.03337619655719189,
        -0.08102592030140726,
        0.0446732508661542,
        0.03172532658916868,
        -0.07418150574693533,
        0.1385784003276481,
        -0.04815214752431191,
        -0.05322022932551648,
        0.06993734314406778,
        -0.12388252197999097,
        -0.006967017775623121,
        -0.0073151270208242514,
        -0.04078391015354932,
        -0.05013349544303415,
        0.06296437079838114,
        -0.07260436952340596,
        -0.0804738949789589,
        -0.010337344378454927,
        -0.06137836411033813,
        -0.02935846996785021,
        0.16418252579856032,
        -0.005082585082810191,
        -0.13488052865810332,
        -0.10761924195336683,
        -0.023044754268146048,
        0.2052589005269641,
        -0.12804610422784243,
        0.031959841238076,
        0.17477682368007244,
        0.0026412898294574153,
        0.06781377387123941,
        0.004353291872957356,
        -0.0316638889115354
    ],
    "statevector_imag": [
        0.027336780915885563,
        -0.13632856939234542,
        -0.03016703296336205,
        -0.12795257649172384,
        -0.00888198700339363,
        -0.08418993110709963,
        0.0005644080385156465,
        0.008087392225973418,
        0.12384440690421783,
        0.08807620013289007,
        -0.12412205501079311,
        -0.0070130073974490476,
        -0.16235313886947325,
        -0.11708881237330018,
        -0.020221996539215935,
        0.04533984602021935,
        -0.0019916950378301977,
        0.13050107190263158,
        -3.588844474644593e-05,
        -0.014659881618092938,
        -0.01284303646776593,
        -0.09383201379141094,
        -0.11675723150734021,
        0.011741974276742475,
        -0.14469911382758416,
        0.18562367137457433,
        -0.13977493182026482,
        0.13477007056429036,
        0.005628562815110157,
        0.034105825249916025,
        0.021371532711720598,
        -0.0489647989091703,
        -0.06532862098903003,
        -0.0544243336303218,
        -0.1544740983628783,
        0.10077912132809307,
        -0.028545207823442633,
        0.026541180187787984,
        0.16551295089208543,
        0.11567837981214697,
        -0.03157775185168266,
        0.07544038092964474,
        0.009233292217116924,
        -0.10940327085888757,
        -0.040018215847761766,
        -0.05079786415921582,
        -0.03183001490983227,
        -0.09861081681916722,
        -0.1709220969304653,
        0.06229011971927083,
        -0.18468446782545206,
        -0.015313535991515609,
        0.007515466146584666,
        -0.1664185632755121,
        -0.03665544889539744,
        0.010566841336727435,
        0.06309581783346112,
        -0.10013599840140425,
        -0.143806399977696,
        0.07366854744038996,
        0.06467259387515094,
        -0.14284034464047513,
        -0.042360922766766625,
        0.02387887003729846
    ]
}