{
    "dataset": 643,
    "last_cost_avg": 0.07977953645108612,
    "statevector_real": [
        0.056626084994865586,
        0.06954793003253706,
        0.0666382358215111,
        0.015327340036164944,
        -0.09998085925380969,
        0.12837541289623844,
        0.004560204273818318,
        0.05366861609254061,
        -0.10062294142943976,
        0.1194582010346604,
        -0.022659667835341676,
        -0.014142017313906362,
        0.09887554952034248,
        0.0917817464176014,
        0.03938387490229763,
        0.02042191318439438,
        0.17282024349796227,
        -0.0316325864993303,
        0.004029201329678564,
        -0.059852433230440406,
        -0.17090138797098198,
        -0.01233598018898863,
        0.14611608578816812,
        0.006411448034096773,
        0.0821971139531733,
        0.05325144384215,
        -0.0028662562557589238,
        -0.14557200072652748,
        0.14972900407142686,
        0.15668275228828524,
        0.0920798085784033,
        -0.121343608428795,
        -0.08960039260464714,
        -0.02538369992532369,
        0.00706946733008161,
        -0.17725166208401824,
        -0.003524815487038561,
        -0.09894842844695512,
        -0.013968920894399064,
        0.134657329745863,
        0.004158386690687111,
        -0.01559347817424634,
        -0.1408658235534603,
        -0.039788973044838416,
        0.2011375519507445,
        -0.13227867863800108,
        0.06150589034843648,
        -0.05928668530986093,
        0.08152742002186932,
        -0.004554234387494111,
        0.017676183118662793,
        0.0681826073503493,
        -0.17604677905857136,
        -0.013500849280923257,
        0.1497351178082547,
        -0.033549676700789365,
        0.1124253908291685,
        -0.07429666132838275,
        -0.02298797864519957,
        -0.11736093244332334,
        0.0546049221968498,
        -0.15318507866809797,
        0.125179574600372,
        0.09697586708899178
    ],
    "statevector_imag": [
        -0.0308051749842409,
        -0.07669795894536192,
        -0.08388441556816749,
        -0.06581213874622514,
        0.017400862796651675,
        -0.03955897204531868,
        -0.01305413572910403,
        -0.02634215687918983,
        -0.04659870379360597,
        -0.15225619677329785,
        0.006812898932285027,
        -0.0001840852014330998,
        0.07460733374311536,
        0.17906720159329603,
        0.09747902301019494,
        -0.06192653184851548,
        0.0585518184675556,
        0.10992430760866553,
        0.014062161810488319,
        -0.008288532870910942,
        0.10498008579531447,
        -0.06846476263873305,
        0.05880458866657045,
        0.020204261066239314,
        0.08219796903233778,
        -0.15466023822405825,
        -0.00794304592548124,
        -0.04410628441332821,
        -0.1043294567389102,
        0.10038433747257133,
        -0.09501224483824038,
        0.11375151493501565,
        -0.03216889863865294,
        -0.05425887635855698,
        0.05397047208777075,
        -0.13701884790318702,
        -0.15266395250798467,
        -0.04805337458444059,
        -0.0779011306937458,
        0.10475549764366188,
        0.0028515969546315197,
        0.010453589198437835,
        0.005763734064688749,
        -0.024537816058138335,
        -0.032038185717885685,
        0.11239578622179323,
        0.0831028651777283,
        0.0759295892685987,
        -0.043772259160752086,
        -0.17053664426921938,
        0.18893053933452583,
        0.015860221904952475,
        0.04566021107364461,
        0.10650406078001261,
        0.015734588527855056,
        -0.09117157904769671,
        -0.0775415645444571,
        -0.08728542995757714,
        -0.07440438662529679,
        0.03761122291054235,
        -0.022810020232547475,
        0.05401509677996354,
        0.04147203052721982,
        -0.0505872341928859
    ]
}