{
    "dataset": 1864,
    "last_cost_avg": 0.07175363958217167,
    "statevector_real": [
        -0.022541340305121605,
        0.042915949392950216,
        0.013039084579793352,
        0.06744036748173396,
        -0.15251163723717592,
        -0.15227116359027457,
        -0.15395912900866324,
        0.008133279516999548,
        -0.13426876622458198,
        -0.09094369311593391,
        0.01884753546511395,
        0.17430713063076678,
        0.011605262191732931,
        -0.12657323024918313,
        0.09768672727773402,
        -0.0868394997090345,
        -0.08166710173163785,
        0.1142706146884308,
        0.11319407106682758,
        0.013784471036998393,
        0.06467953869040341,
        -0.03175642725368559,
        -0.09188443011963786,
        -0.05857845520481448,
        0.015432630470439256,
        -0.023295948098953228,
        -0.20890438203335673,
        0.13726189546630332,
        -0.1412416682121581,
        -0.0010710365941228029,
        0.014389490925591688,
        -0.019963286964579083,
        0.08414414176618577,
        0.15592988209498962,
        -0.11239203473511833,
        -0.05704521024964901,
        0.06033253395600268,
        0.044646947915932426,
        0.06815842612131333,
        -0.05261207684146231,
        -0.0952650014498553,
        0.07476687734856058,
        0.004427391391175589,
        -0.04281912015093932,
        0.11444389094332233,
        -0.06053022091597365,
        0.05598719185086298,
        0.0587045836580744,
        0.09773095014345122,
        -0.006316853076196206,
        -0.13030527829448516,
        0.07977553738359805,
        0.01322944000068768,
        0.05285639436092575,
        -0.17114232498982634,
        0.011538296432120275,
        0.03245716742032971,
        0.02341449178823325,
        -0.11225895016113238,
        0.09010465240493185,
        -0.04685160602192164,
        0.14064346920830115,
        0.03887371397936293,
        -0.02389574749579769
    ],
    "statevector_imag": [
        -0.06364266662798157,
        0.1288785697615112,
        0.044722899518376234,
        -0.13849493048024114,
        -0.01961042275207174,
        0.025128866428852197,
        0.041608918503755955,
        0.006281841978181556,
        -0.05853107989223874,
        0.1119024409773928,
        -0.11991837513554075,
        -0.09696586171467379,
        0.019393562742356565,
        -0.04812741901238748,
        0.018890575760097852,
        -0.09234417150273945,
        0.08444937321613083,
        -0.008129812032434906,
        -0.03682004244137237,
        0.037092191169929754,
        0.03923718012933899,
        -0.13565772310771626,
        -0.16614588097978425,
        0.03665359192238931,
        0.12901191310209378,
        -0.09659774424435913,
        -0.02068040211448213,
        0.024721663388307915,
        0.1450993176128833,
        -0.1395314303164135,
        0.01935079993003433,
        -0.06466356444218291,
        0.08140005567573787,
        0.005289152466167875,
        -0.1568408863331361,
        0.10332200120188108,
        -0.05657728933201873,
        0.03064839794627259,
        -0.007994170488410942,
        0.15576671958861638,
        -0.056044746811537254,
        -0.13292426253531278,
        -0.05280211670302602,
        -0.04158044933721374,
        -0.0905618671599369,
        0.1038722691025762,
        -0.0939952939358854,
        0.16055583416169228,
        -0.12775622801239003,
        0.16987429251016792,
        0.004899804263182033,
        0.09893150509396427,
        -0.009541223498926827,
        0.04321583596193858,
        0.03324275984001596,
        0.0037144612731845415,
        0.020466501113555767,
        0.057593345138156116,
        -0.14961646704853038,
        0.06784966714726887,
        0.08163137705394286,
        -0.038150791983167814,
        0.1053017389268883,
        -0.052484976542544505
    ]
}