{
    "dataset": 909,
    "last_cost_avg": 0.10621134270947305,
    "statevector_real": [
        0.045199445284600806,
        0.09770305439077136,
        0.1770566006777482,
        0.18936481028769128,
        -0.15013466062786968,
        0.0032123014436076292,
        -0.008455411336405745,
        -0.17940880978863075,
        0.13290263659606,
        -0.21549708871073897,
        0.16751411449676543,
        0.007838694106552075,
        -0.11034740055670768,
        -0.15590705331903917,
        -0.02350701376851181,
        -0.11326584261317343,
        -0.023440835373303586,
        -0.007135241958235261,
        0.21367754619098897,
        0.0226947039119393,
        0.20560913404935058,
        -0.03478679037043438,
        -0.05971415895609797,
        -0.07730399972583368,
        -0.019897754908030665,
        0.16569495318291438,
        0.0038823776567183626,
        0.0315878379206902,
        -0.12043168060448922,
        0.01298502352905626,
        0.11999660352035335,
        -0.16001473152265305
    ],
    "statevector_imag": [
        0.30159356531623055,
        0.20371559317786497,
        0.03485987892098661,
        0.11116830812482557,
        0.10410127185689926,
        -0.005847915876714273,
        0.0183106655301306,
        0.10685704811595303,
        -0.15383017270041108,
        0.02857221157934977,
        -0.14736595167879576,
        -0.08903784899560896,
        0.008354546995635724,
        0.1963424772763776,
        0.02349367986214147,
        -0.03429959232210117,
        -0.011785295167640703,
        0.008395300896805178,
        -0.0950463322529013,
        -0.018158778143610648,
        -0.02552287106228665,
        -0.2091750819382095,
        -0.117970957308385,
        -0.11566609785814548,
        0.218460819360926,
        0.16510812438330086,
        -0.15050272099364617,
        0.25497638904234227,
        -0.1755319731810008,
        0.018466696784046152,
        0.021293939673812337,
        -0.04798501914685383
    ]
}