{
    "dataset": 1578,
    "last_cost_avg": 0.05632711342163252,
    "statevector_real": [
        -0.09903972744748815,
        0.008445037982068243,
        -0.016353242394381653,
        0.08788218312359983,
        0.009326742305954665,
        -0.018446157068048932,
        0.1287824769567837,
        0.09930477977427538,
        -0.012111703990443087,
        0.06414914434862767,
        0.05230831149570889,
        0.0018241425479252212,
        0.08089764884649331,
        0.12918803636743417,
        0.0573240256589085,
        -0.14342252486098017,
        0.011607537021968714,
        0.05264049122634549,
        0.001685455341636757,
        -0.0007179092558085449,
        0.006283167805315134,
        -0.1391355127718723,
        0.09578950359895914,
        0.020492772910870132,
        -0.004620403498812512,
        0.15440605929690948,
        0.005584609474257935,
        -0.15409705759754144,
        -0.01718264634564655,
        0.008100613992961091,
        -0.2062651861343204,
        0.10074029315048393,
        0.01733591161282229,
        -0.09247538014315172,
        -0.11193587585598949,
        -0.00793625076505036,
        0.10570602884789013,
        -0.009052525015459613,
        -0.07410494924218133,
        -0.0641454882284769,
        -0.10091031530057114,
        -0.0751558010569143,
        0.08075982868075855,
        -0.04291633167293278,
        0.06157579077736276,
        -0.03447640911921418,
        -0.056364637214714804,
        0.06442535299922376,
        0.029355457453180182,
        0.09307365134773563,
        -0.06845597795063416,
        0.025101603388860298,
        0.003308046217464692,
        -0.017844074804744214,
        0.0832379858428095,
        -0.1436308248896851,
        0.09028585913044025,
        -0.06905219761573908,
        0.11460262688388291,
        0.06532525237840045,
        0.17088116164971517,
        -0.11741559475535636,
        0.050615309531013085,
        -0.100910029706991
    ],
    "statevector_imag": [
        -0.172580241761192,
        0.03401366425432254,
        -0.016873240987859594,
        0.08930104803381038,
        0.003961221998879778,
        -0.011930161788542462,
        -0.05895669925500082,
        -0.07793755336165255,
        -0.04611671363181266,
        0.03985525119165454,
        -0.009377231036317782,
        -0.12625844184560925,
        0.013095943910378183,
        -0.05938955312145074,
        0.16278333219418956,
        0.020273071296429346,
        0.1129088790793346,
        0.22678852104325342,
        0.023496848908589104,
        -0.016416466072256844,
        0.01376279074641914,
        -0.11638129770992034,
        -0.07308565103411188,
        0.050882720450282845,
        -0.007156678050933947,
        0.011760920053970272,
        0.00047121924257712835,
        -0.1580474309602113,
        0.14233919458064925,
        0.17104348732543476,
        0.02492596383015134,
        -0.04378001527379805,
        -0.012250499159097239,
        -0.04931318527964037,
        0.011891132629247543,
        -0.02684429120511836,
        -0.21566486911124658,
        0.17132910454982408,
        0.0830689982967539,
        0.17941712670833915,
        0.1138469200947824,
        0.07773364199583367,
        0.003249679570587423,
        0.025760327955657858,
        0.03705831112313131,
        0.10662556436090673,
        0.12715938353944495,
        0.1474003843682673,
        0.012722385458372207,
        0.1011458194194939,
        0.0300526289312378,
        -0.14494349030077544,
        0.020000458176495102,
        0.018088897338144738,
        -0.030561528058246086,
        0.06294179458513165,
        0.11209966309182064,
        -0.12383993733069756,
        0.03971350328033334,
        -0.08657886529720239,
        -0.04598069942184902,
        0.009081198955954765,
        0.1722660975105997,
        0.04830357256053638
    ]
}