{
    "dataset": 698,
    "last_cost_avg": 0.09475765380929702,
    "alpha": [
        0.05610179467848504,
        0.03048271871615392,
        0.05108719538575765,
        0.0359632081785314,
        0.031400877080159366,
        0.0268912012819147,
        0.013419454492318357,
        0.04007985313780495,
        0.03317151045687865,
        0.010443080156279415,
        0.07446262526166535,
        0.0035398440103619135,
        0.014450049217414909,
        0.04936744501613158,
        0.012134052423185403,
        0.0014648790436033077,
        0.053328595190477966,
        0.03368697019643507,
        0.03004219795736356,
        0.022933565609256874,
        0.07391687478829458,
        0.013921787633232935,
        0.05686872181801608,
        0.008352272601687208,
        0.021264375618909346,
        0.015536449141699283,
        3.435798817744305e-06,
        0.027486611345597798,
        0.042733690238765644,
        0.047999752776658175,
        0.023605232415754813,
        0.04385967833238682
    ]
}