{
    "dataset": 0,
    "circuit_id": 4,
    "layer": 3,
    "num_params": 51,
    "expr": 0.026721181335157163,
    "entcap": 0.6243026521836869,
    "num_iter": 1024,
    "last_cost_avg": 0.12380666410762453
}