{
    "dataset": 2243,
    "last_cost_avg": 0.11018065601736796,
    "statevector_real": [
        -0.08851147486025925,
        -0.061769459711609416,
        0.032199414446136276,
        -0.1976015334049641,
        0.0391138182061019,
        0.25093290489007336,
        0.2576635879808186,
        0.04163523514058003,
        -0.15843282127542016,
        -0.08466310427954844,
        0.1468278770963512,
        -0.17245752168280798,
        0.00224074968048279,
        -0.16559327925731562,
        -0.13296345920055036,
        0.05678577716089063,
        -0.19829648557487625,
        -0.24224238701562018,
        -0.03080272849865448,
        0.0127943156421191,
        0.161864161121777,
        -0.08041242727615092,
        0.09621951251480487,
        -0.12262233251544122,
        0.057729720649888606,
        -0.05962107735605284,
        -0.11436333687826401,
        0.00919900981819921,
        -0.021535446545574696,
        0.016395048242557088,
        -0.009535889932770037,
        0.018077195174162522
    ],
    "statevector_imag": [
        -0.021379738782432347,
        0.21018561719528242,
        0.08617135849167458,
        -0.06009752221936244,
        0.14493009108347746,
        0.014333825418933657,
        -0.050384143689558784,
        -0.02081361426069576,
        0.0918367673567618,
        0.12048475435546031,
        0.04702439677174905,
        0.11386857004514143,
        0.14530214250664314,
        0.04381304555179886,
        -0.10161691667561645,
        0.11579202796584855,
        -0.2169996122536743,
        0.17977676871535897,
        0.11494294012194842,
        0.2602462445613797,
        -0.13130558401074646,
        0.2036202935121539,
        -0.06361335924114794,
        0.13646943225362843,
        0.09989195251627657,
        -0.21619198313397825,
        0.11859000976977432,
        0.02325034391073794,
        0.14491700682156497,
        -0.06570350951580305,
        -0.055956267455744106,
        -0.015148310171578935
    ]
}