{
    "dataset": 1338,
    "last_cost_avg": 0.08070782121393316,
    "statevector_real": [
        -0.16726036207075148,
        0.14979387226270535,
        0.11547237658102784,
        -0.013898170190801949,
        -0.15504009563025434,
        -0.04793308662345698,
        -0.09847206872870752,
        -0.014317815420571808,
        0.15107620874115754,
        -0.0771552325465273,
        -0.04458155010635546,
        0.05998986784829908,
        -0.05326646108694533,
        0.048394844545523154,
        -0.09227504712678586,
        0.017485512397344853,
        0.16812540997589065,
        0.06556727948027954,
        0.09840393636134431,
        -0.07213700083368609,
        0.03368763855632579,
        0.1648558401933192,
        -0.015994378202795645,
        -0.017149637305484376,
        -0.03017175098838938,
        -0.10317906771539959,
        -0.10462018869915451,
        0.035104119862640185,
        -0.01160045499808652,
        0.03658219734990215,
        0.17700440369375836,
        0.012953021804405851,
        0.10727747915448836,
        0.13492182059899832,
        0.007708567365577086,
        0.09085784318692086,
        -0.09493796092866408,
        -0.09061817786389226,
        -0.005397410836657597,
        0.09499760718144801,
        0.0812489434475991,
        0.1599671109491548,
        -0.021557152761393975,
        0.06459907504736276,
        -0.05011910500804331,
        0.14436514759951083,
        0.0605642148278149,
        0.12276072734462286,
        -0.15445805492019193,
        -0.0828389608964536,
        -0.004255754187295298,
        0.002613273761799836,
        0.055700231778852034,
        0.13336760275357992,
        -0.009562037457741458,
        0.16505641051273442,
        -0.036432325241602184,
        -0.19546088867015474,
        -0.01995886267648638,
        0.144896683672938,
        0.004879445240782276,
        -0.014085395468818313,
        0.07752240951282112,
        0.12275071546023757
    ],
    "statevector_imag": [
        0.04582330877768577,
        -0.10998459773824858,
        -0.03027264681669862,
        0.021036564163643495,
        0.03798275950952112,
        0.0957814185570705,
        -0.18269563068947678,
        -0.004900966985632355,
        -0.09285529536798627,
        0.024974814174152603,
        0.04985178452271125,
        0.08798134031873422,
        -0.043286637840512614,
        -0.02829119809076674,
        0.05444504917135699,
        0.10718780995036223,
        -0.04333218738643925,
        -0.022047282996078926,
        0.029747001585703575,
        -0.013831594387491099,
        -0.16134558523500095,
        8.189328118702882e-05,
        0.09289796968356237,
        -0.034485283771827,
        -0.07255507156399019,
        0.07290578938660032,
        -0.061090245465954936,
        -0.077483776766367,
        0.17515258237231357,
        0.11350356487362118,
        -0.05503458357732018,
        0.06306152456139223,
        -0.06433843835017132,
        0.02394672032201808,
        -0.004983741351451282,
        0.04735359609079976,
        -0.045706200568672486,
        0.07552251577729192,
        -0.08891793477384966,
        -0.04991438474705552,
        -0.040904663539186786,
        -0.015498289653157707,
        -0.10505724980360066,
        -0.02674579999277294,
        -0.00013464191177372639,
        -0.12161842218048116,
        0.12811635731684395,
        -0.004933458311708387,
        -0.036736145397661006,
        0.1356724264357441,
        0.01746889176101409,
        0.08344138523415387,
        -0.06846743238015292,
        0.04446417321411757,
        0.12220074213914277,
        -0.020195725966379446,
        -0.1208687894724562,
        -0.028533370377348197,
        -0.0930470937766648,
        -0.08558133143071203,
        -0.014695535425062566,
        0.15703490210397225,
        -0.17217216110270273,
        0.05149978971709993
    ]
}