{
    "dataset": 3217,
    "last_cost_avg": 0.09776830670099645,
    "statevector_real": [
        -0.019461157005921638,
        -0.18259851623265835,
        0.14115354228387464,
        0.0024688182246136534,
        -0.17564905050983007,
        -0.13815697976822713,
        -0.008771603917709323,
        -0.09962316820733182,
        -0.038524723893494824,
        0.1463062730610656,
        -0.11160833348918255,
        -0.10408234854446999,
        0.005809496992955419,
        -0.002176620206080378,
        -0.06649233724867322,
        -0.08639084431481445,
        0.2206746558543277,
        -0.06429080127841869,
        0.10743028598863708,
        0.11041897013601014,
        -0.06102921448913627,
        0.010136212138658613,
        0.0020876802428657472,
        0.03430341189545718,
        -0.1313390093557274,
        0.1788849122964536,
        0.08880123943699071,
        -0.12771356829517158,
        0.010810144145713105,
        -0.04037552531390706,
        -0.16250931191837126,
        -0.13034294948928887
    ],
    "statevector_imag": [
        -0.03312308406761681,
        -0.1501122273436491,
        -0.029656822763453994,
        0.0036296628248619145,
        -0.12047282950026185,
        -0.11656202287511101,
        -0.21463057183433223,
        0.16164254103990985,
        0.17606818858169235,
        0.1606547227920301,
        -0.02157003094102715,
        -0.08985366222983482,
        -0.011424238431557139,
        0.14815026527607303,
        -0.14624894873162259,
        0.03557598849683304,
        -0.10019562806792943,
        0.07384177832041748,
        0.1842642568883901,
        -0.04849851124737735,
        0.035182927419612244,
        -0.1447455880889695,
        0.23238084561698819,
        0.15951036594539625,
        -0.03591026422031011,
        0.019298278430488175,
        0.16631257271757083,
        -0.22946235939080858,
        0.21303996058535288,
        -0.2420215131058391,
        0.09625461067690697,
        -0.2112072047924484
    ]
}