{
    "dataset": 0,
    "circuit_id": 10,
    "layer": 2,
    "num_params": 18,
    "expr": 0.16363702742162745,
    "entcap": 0.5744626486174914,
    "num_iter": 1024,
    "last_cost_avg": 0.12061857304659646
}