{
    "dataset": 935,
    "last_cost_avg": 0.07888701063514467,
    "statevector_real": [
        -0.024920578922062463,
        0.1599648955609348,
        -0.08687676829148881,
        -0.02774096290584154,
        -0.0279082019787628,
        0.09447501103563949,
        0.08019796418623437,
        0.06161253676429897,
        0.05799962895885,
        0.10237769861939487,
        0.05429250790473727,
        0.11650644923759876,
        0.07644595390668378,
        -0.01556140792935831,
        -0.04077520108600924,
        0.03915341893890275,
        -0.1560251031676962,
        -0.08078730200680792,
        -0.05952454156426474,
        0.15448799412053849,
        0.006518031385863331,
        0.166344602808219,
        -0.11861527647874787,
        0.09879840325223486,
        -0.09700049935255572,
        -0.08131818717891555,
        0.06591833812770706,
        -0.08256327771270085,
        -0.10115077467469809,
        -0.09031064322849493,
        -0.021496468816323718,
        0.11156229720142777,
        0.0010605797984404055,
        0.017081514546136066,
        0.11516895408587213,
        0.034810968215877654,
        0.014291072337113948,
        0.008501439191776667,
        0.011293974476797914,
        -0.0021007811627805416,
        0.17502326221069353,
        0.16665227547735742,
        -0.12721563053016993,
        -0.02479048185156781,
        -0.08196061386846157,
        -0.036288158546187936,
        -0.199740062581756,
        -0.13875130179304218,
        -0.03825263965380259,
        -0.15362069857409408,
        -0.1069504454865889,
        0.09406891869758915,
        -0.02118981771766424,
        -0.012686807886099735,
        -0.03895276244427524,
        0.14604098345721084,
        0.008274829477365993,
        -0.06810808954091545,
        0.043131386755903285,
        0.04489686716466777,
        0.042826063904486095,
        -0.02666160969361059,
        0.03442976397823453,
        0.1698130545123545
    ],
    "statevector_imag": [
        0.07026373686138103,
        0.06720144572342658,
        0.036349493540612024,
        0.06044662806846979,
        0.00766997064087806,
        0.02329837916832412,
        -0.15640676111084878,
        0.016769778775020117,
        -0.0044668455211809704,
        0.14678730650071903,
        -0.15214165456457326,
        -0.00390033108066828,
        -0.07846910290590454,
        -0.011331900726735018,
        0.17564720692944458,
        0.08895850862023529,
        -0.040726421979855876,
        0.0036849047146610497,
        -0.03254753952300389,
        -0.0547818380466284,
        0.1313286059703677,
        0.053875967090087254,
        0.01712890645279301,
        -0.0024744839928369827,
        -0.027538406856737942,
        -0.057832466087098605,
        -0.12408779940705573,
        0.004448487196288615,
        0.07392741759913161,
        0.11716769015574481,
        0.10254036037675873,
        0.058854397681772086,
        -0.1886115098218803,
        -0.13195490382121605,
        -0.03389119209377709,
        -0.023074564785173182,
        0.01939403113800616,
        -0.011670074431541281,
        -0.09471713378160157,
        0.11275251383365013,
        0.10811673937118352,
        -0.02679317277341732,
        -0.0009590166297149795,
        0.16660241446344703,
        0.049767733060790284,
        -0.047977157114048805,
        -0.05841914836626184,
        0.01824292464170993,
        0.004466527310221503,
        0.16235880896851923,
        0.1563093707493386,
        0.04751951418375996,
        0.13417032952493874,
        0.1398206269718845,
        0.0011375499828328547,
        0.05947064279343273,
        -0.11547766520677788,
        0.00279546081820559,
        -0.02038337630919918,
        0.047154213093554206,
        0.05021885422406597,
        -0.13845625491917166,
        0.02516241574392767,
        -0.06017430488249192
    ]
}