{
    "dataset": 0,
    "circuit_id": 10,
    "layer": 7,
    "num_params": 40,
    "expr": 0.13135877359888284,
    "entcap": 0.8429917995569234,
    "num_iter": 177,
    "last_cost_avg": 0.07902908325195312,
    "accuracy": 0.90625
}