{
    "dataset": 1255,
    "last_cost_avg": 0.11295290628622781,
    "statevector_real": [
        0.020054868650731257,
        -0.09836169124048455,
        -0.06041943198880622,
        0.1315404147503362,
        0.0792335553559097,
        -0.04859149359611948,
        -0.21107664370760895,
        -0.15770783560094254,
        0.16584162898312965,
        -0.261270854684964,
        0.006731456899437378,
        -0.009773912090678778,
        -0.16376627671240931,
        -0.10856893669496567,
        -0.2278663798699832,
        0.16980118193606716,
        0.11035150635737652,
        0.013391172672997331,
        -0.05537525142902835,
        0.03703168643888749,
        0.046992464198274964,
        -0.05390053125401399,
        -0.18118010077103033,
        -0.1465060347315556,
        -0.21088955475502022,
        0.08543322903671072,
        0.16807912713440057,
        0.0653434428585383,
        -0.0613862824200879,
        -0.22767837998579885,
        -0.1497815228644525,
        -0.030073530646093388
    ],
    "statevector_imag": [
        0.18954628716690253,
        -0.0555711692485668,
        -0.09342716010490666,
        -0.13849409585308115,
        -0.05462886535030338,
        -0.1763817460320418,
        0.05619000756700192,
        0.04696176676951723,
        -0.024529484165435933,
        0.07849773193334308,
        0.13294749014058022,
        0.17051291511388322,
        0.05188296625473853,
        0.2012284755186236,
        -0.13425058182231278,
        -0.1265306765906787,
        0.016861465754565257,
        -0.162193814187856,
        -0.23086256117693776,
        0.15202833102181262,
        0.07001410557710498,
        -0.1346575848305791,
        0.13953849300020943,
        -0.06164058567799556,
        -0.05073937825394255,
        -0.06633188577071208,
        -0.11362834728228922,
        -0.06810058155091459,
        -0.009007256721361668,
        0.013868460447514198,
        0.14656357380467655,
        0.05917261736169472
    ]
}