{
    "dataset": 1258,
    "last_cost_avg": 0.08822985891389218,
    "statevector_real": [
        0.11072193785296618,
        -0.07347183354832029,
        0.0025667129816480524,
        -0.03877355101793195,
        0.0008517686172199266,
        -0.11937413526392111,
        -0.05484476755965235,
        -0.06019329516868513,
        -0.02003397366152845,
        0.0862207706239365,
        0.0013002865299928297,
        -0.06638583497689102,
        0.0030574075806696493,
        0.012808253769848423,
        0.16577632814641102,
        0.03395833032112962,
        -0.005456806698572485,
        -0.126373799100487,
        0.07268897025988133,
        -0.010506945972075509,
        -0.1252316785211227,
        -0.11661086168325965,
        0.029707165234796013,
        -0.13607359673277156,
        -0.12581194303582963,
        -0.16947063561938674,
        -0.005581949346524141,
        -0.058728185345740445,
        0.17333529376034246,
        0.07107987182660923,
        -0.037122881041283064,
        0.16236723303029177,
        0.0034370207220046317,
        0.11101487796186667,
        0.05050548025069791,
        -0.009487040424159326,
        0.12187533295327305,
        0.1339244646720936,
        -0.02875617410454766,
        -0.0028211437015460824,
        0.15369323819161543,
        -0.09660146047538289,
        -0.08240031203388018,
        0.17743595002120569,
        0.15776646409128336,
        -0.11394421744073503,
        0.00543347530362552,
        0.1434658268850904,
        0.1815683454162288,
        -0.012569237265637495,
        0.004397797392637168,
        -0.04512979909696391,
        -0.12201016394786524,
        0.12117065454719998,
        0.11990279246681125,
        0.004814356321775896,
        0.019547230862262618,
        0.03822895379959613,
        -0.0210787285314941,
        0.0698190572283828,
        -0.0007845631254475348,
        -0.03479510779577838,
        -0.02561138569908202,
        -0.036817535817762696
    ],
    "statevector_imag": [
        0.08131815504712096,
        0.06426675504840983,
        -0.05345177989320905,
        0.03493246348186897,
        0.1345751861545762,
        -0.004658780280693343,
        -0.10078098538002571,
        -0.01712245691355874,
        0.016311616768782657,
        -0.09331151464548137,
        -0.009889556678381166,
        -0.1437071307161608,
        0.009648356293306097,
        -0.013373407882576096,
        0.07868422516407302,
        -0.0770024274583382,
        0.0024983531947249038,
        -0.04246880941696815,
        -0.14496646870552576,
        0.011701134137939422,
        -0.11062226112183482,
        -0.09764385417820437,
        0.19451091631870185,
        0.07099908419589283,
        0.09043894298724689,
        0.09822595266028585,
        0.006225492221329359,
        -0.03662280483184019,
        0.02913965251035672,
        -0.07542914636699724,
        -0.061416749900782004,
        0.04011432663860858,
        0.11433352819257266,
        -0.0052513458588856615,
        0.007607796085740523,
        0.1194338665725186,
        -0.03415808084704184,
        -0.21407755718330138,
        -0.09028817835327031,
        0.04781549754445911,
        -0.019090320714841038,
        -0.03973377084174588,
        0.017387363647244542,
        0.024692092497774213,
        0.05616939545722407,
        0.05798010174561979,
        0.1387319560172913,
        0.07033870326194297,
        -0.08148606359391691,
        -0.15974344862024048,
        0.024120492490277128,
        -0.06714772052304176,
        -0.05751497461654738,
        -0.010731267321084972,
        -0.005565180342915299,
        -0.0037305944204248367,
        -0.11284797887101722,
        0.12986796560360622,
        -0.17269634134219464,
        -0.12188569799634798,
        -0.016319590023533764,
        0.07152322380934356,
        -0.1259910143398171,
        0.10572987462506359
    ]
}