{
    "dataset": 0,
    "circuit_id": 18,
    "layer": 3,
    "num_params": 54,
    "expr": 0.0870634244704361,
    "entcap": 0.5587010376527342,
    "num_iter": 1024,
    "last_cost_avg": 0.07266852070729596
}