{
    "dataset": 822,
    "last_cost_avg": 0.07942140281336141,
    "statevector_real": [
        0.042660596768366435,
        -0.08321377732675556,
        -0.18080248324863393,
        -0.028429943923808723,
        -0.1816799915626992,
        0.10771871223256392,
        0.08884738980721013,
        -0.0021221603427437987,
        0.0038221640004795624,
        0.0005043078578544258,
        0.010712234269103506,
        0.18320285544148443,
        -0.13049330733452932,
        0.009934672390227741,
        -0.21157644209077187,
        0.029064433921821,
        -0.20818591016985458,
        -0.04926022288632889,
        0.0525677072356567,
        -0.18421121237618296,
        0.01579157645964313,
        0.12864732182506747,
        -0.08608240827771475,
        -0.0814414703298202,
        0.1705871489560769,
        0.08819632931874465,
        -0.05190974515786645,
        0.002081919080419649,
        -0.24178122574331182,
        0.21335746202935102,
        0.11711313039311211,
        -0.16229807043473624
    ],
    "statevector_imag": [
        0.1400063930464438,
        -0.2377461495771906,
        0.11870381658111152,
        0.19239520180052544,
        -0.07122732853580946,
        -0.2982799459995503,
        0.0604691825279719,
        0.006506455549553407,
        0.004021348313190555,
        -0.1819434115065753,
        -0.00047618434065951437,
        0.10019788923670023,
        -0.09772135561191338,
        -0.00033809341647524446,
        -0.035338229858214845,
        0.07703284223774885,
        -0.0039526042221699085,
        0.15439286271876201,
        -0.018991254537433177,
        0.1512786104979194,
        0.17872842426087596,
        -0.028487328093911912,
        -0.0037201017652532574,
        -0.24340468738807008,
        -0.07308786386333985,
        -0.15082414414110437,
        0.03368398299090082,
        -0.03998685784180389,
        -0.20576277858362899,
        0.08510200226852226,
        0.08027417100844692,
        0.0327129343083937
    ]
}