{
    "dataset": 547,
    "last_cost_avg": 0.10356492596027439,
    "statevector_real": [
        -0.012076191565417914,
        -0.0042681486897389355,
        -0.019085756192561913,
        0.06611966659891176,
        -0.016517699852345077,
        0.05958361011073223,
        0.17807448582177354,
        -0.25263272942388815,
        -0.16541666437450672,
        0.014617934864327246,
        -0.05009822943301506,
        0.014744813664500655,
        0.060448208547030875,
        0.09384614987374365,
        -0.11182600471962832,
        -0.12030675823922565,
        -0.034761431995053514,
        0.0967710575582797,
        -0.17264096740105975,
        0.22096253380716943,
        0.08675892965109046,
        0.07165723964227456,
        0.057731606061791625,
        0.02555099182767901,
        0.1750055568107626,
        -0.13267786276885293,
        -0.21178982271699837,
        0.22257122404921562,
        -0.20916947810850667,
        0.00317071166390034,
        0.02405628042135777,
        0.09713974584257673
    ],
    "statevector_imag": [
        0.003119045619734242,
        -0.1600409661788661,
        -0.23499596421416122,
        -0.1473667963491539,
        0.09688383494601265,
        0.15083531147862267,
        0.10982433904258884,
        0.1915885746150593,
        0.19108675082653154,
        -0.07342231494677735,
        -0.13295123677916476,
        -0.10186999040705351,
        -0.05191896706404619,
        -0.12692831163835944,
        0.17557993582182416,
        0.2267156216489442,
        -0.16383130426049894,
        0.07286763316904506,
        -0.13524781814033854,
        -0.11997776190529251,
        -0.11377009487044565,
        -0.035652604405735214,
        0.1130329212583607,
        0.01941125662611997,
        -0.039872784500054125,
        0.002104722630032088,
        -0.03850508953061036,
        0.07541846776732118,
        -0.0475954232720543,
        -0.15772805887760732,
        -0.023408091335215472,
        -0.20156107915090657
    ]
}