{"f": [0.0147705078125, 0.07861328125, 0.08038330078125, 0.0833740234375, 0.13800048828125, 0.0245361328125, -0.00262451171875, 0.011962890625, 0.048583984375, 0.04656982421875, 0.0791015625, 0.05194091796875, 0.0596923828125, 0.0267333984375, 0.06011962890625, 0.12744140625, 0.02886962890625, 0.0902099609375, 0.0465087890625, 0.0784912109375, 0.0592041015625, 0.137451171875, 0.02154541015625, 0.0311279296875, 0.08734130859375, 0.0596923828125, 0.0712890625, 0.10687255859375, 0.021240234375, 0.0269775390625, 0.05670166015625, 0.05157470703125, 0.0213623046875, 0.06658935546875, 0.0916748046875, 0.05474853515625, -0.01043701171875, 0.01837158203125, 0.03009033203125, 0.1304931640625, 0.05499267578125, 0.0147705078125, 0.1009521484375, 0.00701904296875, 0.0247802734375, 0.03216552734375, 0.08203125, 0.0133056640625, 0.05902099609375, 0.07623291015625, 0.05712890625, 0.041748046875, 0.00494384765625, 0.131103515625, 0.06280517578125, 0.02545166015625, 0.04052734375, 0.12628173828125, 0.08929443359375, 0.103759765625, 0.0811767578125, 0.02667236328125, 0.03253173828125, 0.04150390625], "accuracy": 0.375}