{
    "dataset": 0,
    "circuit_id": 18,
    "layer": 4,
    "num_params": 72,
    "expr": 0.03247942781449466,
    "entcap": 0.6633714052549902,
    "num_iter": 99,
    "last_cost_avg": 0.1092529296875,
    "accuracy": 0.953125
}