{"f": [-0.13311767578125, -0.09503173828125, -0.1890869140625, -0.08441162109375, 0.005859375, -0.15380859375, -0.143310546875, -0.1180419921875, -0.19915771484375, 0.0086669921875, -0.0794677734375, -0.18115234375, -0.0994873046875, -0.1307373046875, -0.16278076171875, -0.007568359375, -0.12799072265625, -0.194091796875, -0.1497802734375, -0.18365478515625, -0.129150390625, -0.01239013671875, -0.08709716796875, -0.15234375, 0.01654052734375, -0.1556396484375, -0.12945556640625, 0.016357421875, -0.120849609375, -0.13995361328125, -0.09228515625, -0.11212158203125, -0.12744140625, -0.1370849609375, -0.08062744140625, -0.15228271484375, -0.1099853515625, -0.13177490234375, -0.0645751953125, 0.05926513671875, -0.19268798828125, -0.13665771484375, -0.06036376953125, -0.0533447265625, -0.0906982421875, -0.15899658203125, -0.05914306640625, -0.15362548828125, -0.1339111328125, -0.0950927734375, -0.1563720703125, -0.123779296875, -0.15899658203125, 0.02313232421875, -0.09246826171875, -0.1556396484375, -0.0836181640625, 0.03411865234375, -0.066650390625, 0.03070068359375, -0.05181884765625, -0.09033203125, -0.1514892578125, -0.16912841796875], "accuracy": 0.625}