{
    "dataset": 3576,
    "last_cost_avg": 0.09128726154280975,
    "statevector_real": [
        0.081924275589938,
        0.2285354279217438,
        -0.05491853489251907,
        -0.0426889999828439,
        -0.20976435656941148,
        0.02020474114374509,
        -0.05031152074645604,
        -0.039555666884677265,
        -0.12360544809614822,
        -0.18394368569128344,
        0.25366584931751945,
        0.008095998597278177,
        -0.17651082532340207,
        0.1063640914389391,
        0.05783633334710793,
        0.011204478283000089,
        -0.21349057583113767,
        -0.05650171505353193,
        0.11136962380043369,
        -0.24193693118666282,
        -0.15097635190955608,
        -0.04361689016491817,
        -0.016899003756053833,
        0.1735004385284746,
        -0.023778745094393827,
        -0.058290209235818076,
        -0.03829008892491917,
        -0.040560691911917086,
        0.23918397663464422,
        -0.12255866906844042,
        -0.08090394754256121,
        0.011098515376448853
    ],
    "statevector_imag": [
        0.20390475101556904,
        -0.03783736176429016,
        -0.07314386777971964,
        -0.09682002571390586,
        -0.11715464580381749,
        0.08132010871308325,
        0.20112141900043756,
        -0.0777159608370387,
        -0.12183097884280009,
        0.1391339520751279,
        0.021333279538685294,
        -0.05223603937794731,
        -0.16905906361645037,
        0.08999363144266072,
        -0.21086007345670346,
        0.00481734804460978,
        -0.016105572239917276,
        0.033887576301760695,
        0.019696942326675387,
        0.045020604039155344,
        0.20566638840248042,
        -0.20833849954702038,
        -0.06001032341509633,
        0.007309956788827275,
        0.09062679271701386,
        -0.2317506621302775,
        0.20845467993881278,
        -0.09986633975308558,
        -0.09398738480425768,
        -0.06999373738221668,
        0.0010287127586867837,
        0.04596967398374233
    ]
}