{"f": [0.093994140625, 0.0723876953125, 0.08551025390625, 0.0675048828125, 0.14093017578125, 0.1005859375, 0.0872802734375, 0.05242919921875, 0.083984375, 0.07672119140625, 0.1005859375, 0.10821533203125, 0.10101318359375, 0.13812255859375, 0.1636962890625, 0.14312744140625, 0.09521484375, 0.09375, 0.0926513671875, 0.128662109375, 0.08221435546875, 0.09161376953125, 0.10430908203125, 0.0660400390625, 0.0889892578125, 0.1461181640625, 0.13226318359375, 0.09075927734375, 0.06500244140625, 0.0625, 0.1336669921875, 0.08538818359375, 0.13128662109375, 0.08587646484375, 0.1165771484375, 0.11029052734375, 0.0777587890625, 0.104736328125, 0.07440185546875, 0.11285400390625, 0.0887451171875, 0.047119140625, 0.13232421875, 0.0692138671875, 0.09869384765625, 0.09442138671875, 0.1209716796875, 0.05487060546875, 0.11737060546875, 0.12841796875, 0.05487060546875, 0.06781005859375, 0.06451416015625, 0.11944580078125, 0.06646728515625, 0.1063232421875, 0.11395263671875, 0.1240234375, 0.05767822265625, 0.11175537109375, 0.068115234375, 0.108642578125, 0.0557861328125, 0.080322265625], "accuracy": 0.34375}