{
    "dataset": 1073,
    "last_cost_avg": 0.12362971047673181,
    "statevector_real": [
        -0.033513151270536515,
        -0.05343503002689833,
        -0.0024323058962865732,
        -0.036476281225182504,
        -0.19425266520651582,
        0.13579118144577185,
        0.1593719850890839,
        0.11478707883954402,
        0.07346779159039477,
        -0.01195761430273388,
        -0.03230370578528559,
        0.08740472100421744,
        0.08350824843365216,
        -0.06452464062095654,
        -0.051909347404282005,
        -0.023243733954163768,
        -0.02037811456519895,
        -0.037130979932406084,
        -0.06872435697350239,
        -0.030347669326262088,
        0.07678338536022004,
        -0.03786407346642044,
        0.07908633968579813,
        -0.09753553644395564,
        -0.10905510394038824,
        0.0037324696505867555,
        -0.16252371540730567,
        -0.07507890006517634,
        -0.07068371151229032,
        0.029633874986511353,
        -0.09267303515706178,
        -0.012909834365345199,
        0.015166699212284715,
        0.0896262308711277,
        -0.10384224187409702,
        0.013198019411212866,
        -0.1090026219308932,
        0.008119534803155188,
        0.0069080248525302,
        0.117647389000356,
        -0.02952626497231052,
        0.13216751265817223,
        0.011931152624051566,
        -0.15196772710943104,
        0.1539333567944837,
        0.010973435552645613,
        0.13571011668220234,
        -0.008185058857940911,
        -0.09155948886133657,
        0.06807888628991601,
        0.017434547198347857,
        -0.029304622559502096,
        0.05375385820631349,
        0.13483018881637587,
        -0.13714038633365844,
        -0.05106379565741089,
        0.023223311782081157,
        -0.021368348643091534,
        -0.04713613431004716,
        -0.10325957879105188,
        0.09950621172500758,
        -0.0064701748199106094,
        0.1627585294359179,
        -0.12165323178585592
    ],
    "statevector_imag": [
        0.19356222502599313,
        0.0945381247378168,
        -0.1089475666227052,
        0.08311719752886618,
        0.028211501992823414,
        0.014405816813501539,
        0.02371979420664641,
        0.04204342309382752,
        0.17219898817647342,
        0.018068642003267722,
        0.037331432234486886,
        -0.018034858841147333,
        -0.1924351889802295,
        0.015223764389994902,
        -0.044684254045725694,
        -0.058775867097935856,
        -0.024538508078779057,
        0.08354555149701001,
        0.1280116879302022,
        0.04757000668820226,
        -0.09386013858247938,
        -0.13893914575252295,
        0.09657357075704834,
        -0.06222047298512126,
        0.08973268703130009,
        0.11275917882858533,
        0.0725729795851417,
        -0.11824434730543923,
        0.04147918283346887,
        0.1168375530283713,
        0.06003283541698367,
        -0.12264576278946468,
        -0.03652853516253628,
        0.055589946278340074,
        -0.07304793677653103,
        0.10013920542417791,
        0.020437083600934915,
        -0.01786291814474369,
        0.1352686937429219,
        -0.12062400367314145,
        0.09158031775740491,
        -0.019654903304300416,
        0.02241253661735207,
        -0.006276304545545046,
        -0.12847657582528252,
        0.11061675682125129,
        -0.06791173267890667,
        0.07235141158199036,
        -0.053848249335285904,
        -0.11543298176564551,
        -0.06256834590895921,
        0.05025840073560848,
        -0.008979350506066462,
        -0.09899887036125779,
        -0.09691567961651609,
        -0.023245700546495704,
        -0.10788647993273101,
        -0.16792369273222596,
        0.12561179606631015,
        0.07691390490242427,
        0.11876013987008041,
        -0.16403740442346423,
        0.016482337621707224,
        0.02076997027914973
    ]
}