{
    "dataset": 2888,
    "last_cost_avg": 0.07073585342186853,
    "statevector_real": [
        0.09910168840589453,
        0.21906815090038,
        -0.10418610717317914,
        -0.08515078694842472,
        -0.18441005094384091,
        -0.13948933423778972,
        0.15844081805833646,
        -0.14779129401398014,
        -0.14756036290459554,
        -0.06591315958156423,
        0.11712111961989999,
        -0.00917250391016138,
        -0.05473494166378934,
        -0.0032094274566110527,
        0.0069693016284393975,
        -0.09181930662877039,
        -0.24372274732850718,
        0.132921849574022,
        -0.17373538302181152,
        0.05186094977028965,
        0.1653229866164187,
        0.08646702169308788,
        -0.19008731934500175,
        -0.06643227203440753,
        0.009754375956851252,
        0.03139213942510554,
        0.10429707645321706,
        0.20404611212464002,
        -0.0737227538697431,
        -0.15412534288307392,
        0.014259526154131454,
        -0.011907253413039144
    ],
    "statevector_imag": [
        -0.02204918948415446,
        -0.07167315255402938,
        0.09432227729516358,
        0.03843126437943277,
        0.020825786403200233,
        -0.07882279275376078,
        0.034650720050018465,
        -0.0490494352120501,
        -0.15535709499351327,
        -0.18874841563196454,
        0.15399980939898283,
        -0.17999656219719623,
        -0.1590503805347506,
        0.004142951234153342,
        0.15261041475941825,
        0.15375367834806294,
        -0.012743922292513542,
        0.06296342483854085,
        -0.26370090529204615,
        -0.16278383105399497,
        0.00081653209508788,
        0.05667749897988014,
        -0.23964536163190497,
        -0.10028505148660663,
        0.016016736813492843,
        -0.05881027022391152,
        -0.058185606397791856,
        0.042577792193483704,
        0.13753091831815953,
        0.1359339740099012,
        0.16409627728596185,
        -0.21300949209184292
    ]
}