{"f": [-0.00616455078125, 0.00048828125, 0.0069580078125, 0.0213623046875, 0.09674072265625, 0.03607177734375, 0.01373291015625, -0.0169677734375, 0.004150390625, 0.00750732421875, 0.03594970703125, 0.04522705078125, 0.02606201171875, 0.033203125, 0.02154541015625, 0.0908203125, 0.00750732421875, -0.0020751953125, 0.02679443359375, 0.025146484375, 0.018798828125, 0.06610107421875, 0.0484619140625, 6.103515625e-05, 0.03216552734375, 0.0047607421875, 0.04254150390625, 0.0164794921875, 0.02532958984375, -0.00604248046875, 0.053955078125, -0.0018310546875, 0.0233154296875, -0.0084228515625, 0.098876953125, 0.02203369140625, -0.010986328125, 0.02093505859375, 0.02056884765625, 0.06671142578125, 0.0545654296875, -0.00250244140625, 0.04180908203125, -0.00341796875, 0.0433349609375, 0.01812744140625, 0.041259765625, -0.018310546875, 0.026123046875, 0.0469970703125, 0.02813720703125, -0.00640869140625, -0.0048828125, 0.0982666015625, 0.00439453125, 0.0247802734375, 0.02154541015625, 0.07666015625, 0.02130126953125, 0.0523681640625, 0.00616455078125, 0.0350341796875, 0.02728271484375, -0.0045166015625], "accuracy": 0.421875}