{
    "dataset": 2906,
    "last_cost_avg": 0.11337069861206162,
    "statevector_real": [
        0.14077155980072348,
        -0.07745403872597371,
        -0.07049808403941102,
        0.01501157693063013,
        0.18522137384684356,
        0.13982510263423484,
        -0.17997875797169266,
        -0.06464483109472952,
        0.14997793458413655,
        0.13223639318976288,
        -0.22768877351452882,
        0.13287069551818445,
        -0.18379414621021492,
        -0.2795216925744117,
        -0.003808935875640128,
        0.08725545678536671,
        -0.01798461838956377,
        0.17183341288627585,
        0.08193807539347515,
        0.16345140835552813,
        0.15890068371923374,
        -0.036482309110677305,
        0.028825897771895464,
        -0.04231658950711976,
        0.04066024640464418,
        -0.0711908245476077,
        -0.0020160483947567094,
        0.034272538461608146,
        -0.21621842200816402,
        -0.055039673700822966,
        -0.20582624027105853,
        -0.009222451568335224
    ],
    "statevector_imag": [
        0.05948135565101145,
        -0.006962364630362988,
        -0.0509066953805239,
        -6.792039376094669e-05,
        -0.11370012169747389,
        0.005335280920750028,
        0.11427357766007043,
        -0.13741425499125332,
        -0.17703878617905344,
        0.2175838173942179,
        -0.09120676887580537,
        0.13093774090077512,
        -0.023655213020287134,
        -0.02340091578984702,
        0.29075000416048347,
        -0.038077499017891765,
        0.13486101109627208,
        -0.06454987668903087,
        0.06373030213127708,
        -0.1741837393792997,
        0.007922114340302596,
        -0.11176774570194148,
        0.09547640667637315,
        -0.26810535597179425,
        0.03973183821085794,
        -0.09917220215443999,
        -0.02016369575955138,
        0.08587694502519169,
        -0.08780054475088654,
        0.19222894314604666,
        0.00252998206505942,
        0.02108515339562741
    ]
}