{
    "dataset": 191,
    "last_cost_avg": 0.07943368395018871,
    "alpha": [
        0.03252423137366706,
        0.0012617965594340814,
        0.045700239089654864,
        0.011813876244189546,
        0.012136359511988618,
        0.040242124436017324,
        8.358883768932862e-05,
        0.08324110522340454,
        0.013039421429563847,
        0.03159759669802239,
        0.11137686632323439,
        0.012400638869939017,
        0.00017816053183407454,
        0.00574178831037423,
        0.005536156431136611,
        0.007933174253651257,
        0.029787631818215254,
        0.03163722696145404,
        0.1123348121393693,
        0.049116168179844794,
        0.11899440058011893,
        0.0005850546478903241,
        0.0740585958919532,
        0.01682280422554751,
        0.03691929662679178,
        0.00011738700449143231,
        3.633231985787052e-05,
        0.033694725027964896,
        0.013884063432210538,
        0.05636017123615305,
        0.0018393000722032587,
        0.00900490571213275
    ]
}