{
    "dataset": 1614,
    "last_cost_avg": 0.09654225947956332,
    "statevector_real": [
        -0.06533498354868451,
        -0.10858486044245304,
        0.02260097845840708,
        -0.008478792687085544,
        -0.06672232922924151,
        -0.059887386509494066,
        0.0516419396029574,
        -0.04057671616838577,
        -0.10642990564261837,
        0.08147814509191416,
        0.0033163605337920765,
        -0.004521437287046745,
        -0.0832875764378146,
        0.11353155429624305,
        0.03284217269525759,
        -0.07378552252745099,
        -0.11227051664436861,
        -0.03911044726527331,
        0.05618871991165077,
        0.07589891376363182,
        -0.037947454524851466,
        0.11300772692731158,
        0.07055503739523976,
        -0.14484737804693867,
        -0.05249112087457757,
        0.04348961196891008,
        0.14057304893457712,
        -0.10409031948274128,
        -0.09141987171346268,
        -0.11504003809085195,
        0.051120039600576365,
        0.04719576520635589,
        -0.08188087748332706,
        0.12186683623350857,
        0.0063125375403745064,
        -0.01469513166299985,
        -0.051132812361552434,
        0.14309375995457463,
        0.08444436196522434,
        0.12370439521369844,
        0.047272104565439114,
        0.0470550771210451,
        0.05835204099611266,
        0.0708057329327108,
        -0.06679652287850509,
        0.07566607150794832,
        0.1756040180133571,
        -0.19527003933023535,
        -0.042958972985283825,
        -0.04753353387359168,
        0.016063272669978455,
        -0.007469246368427529,
        -0.0016374329547990643,
        0.011754933677733491,
        0.09424485859343434,
        0.09357945733168921,
        0.17243132202019837,
        -0.003473528263381032,
        0.18093120659216372,
        0.01889513262661726,
        0.035521035963789846,
        -0.014151494301252626,
        -0.09638985884910221,
        0.035907863854084066
    ],
    "statevector_imag": [
        -0.014055946846894896,
        0.13998959403602887,
        -0.04332212579083506,
        0.008610809622544055,
        0.09818492384627492,
        0.10319284821310472,
        -0.1335691565037202,
        0.029233121648685415,
        -0.08015880603360076,
        -0.15646738268433985,
        0.058632663446649434,
        -0.17401142445711185,
        0.044136675958005904,
        -0.02160455041144374,
        -0.008190943885402004,
        0.006619775148752445,
        -0.04682001298549433,
        0.1665563940763811,
        -0.012754310437511034,
        0.07325912230784956,
        -0.11087119394807965,
        0.10119403144009886,
        -0.161686386682572,
        -0.00615398519359571,
        0.1320149123940559,
        -0.053984140131753754,
        -0.055161364866486345,
        -0.10332548661889725,
        0.15242485118425073,
        0.14752440170148123,
        -0.0008219920115826916,
        0.0029290683656799225,
        -0.06008979218455826,
        -0.06282973222313584,
        0.015609445446781446,
        -0.11595279280253813,
        0.14848288696918643,
        0.05169031367279665,
        -0.1646528862993102,
        -0.06418779338205807,
        0.03620112575081,
        -0.09216889222362101,
        0.12110249986742055,
        -0.03178254008113649,
        -0.1458812602194835,
        -0.11537685855884133,
        -0.0012446883080775416,
        0.08427849610215224,
        0.10580614577535483,
        -0.13808094130934315,
        -0.0007309921519685172,
        -0.016258963514851104,
        0.005573552762693524,
        0.012865687289646538,
        0.11796795142645138,
        0.14554849392927802,
        0.05211333802483915,
        -0.012959218571637435,
        0.12789004189329087,
        0.035654706204818025,
        -0.060814683174695655,
        -0.12057544916387014,
        -0.05974950133397847,
        0.041060075272459064
    ]
}