{
    "dataset": 1316,
    "last_cost_avg": 0.09450585034269218,
    "statevector_real": [
        0.14964387712757163,
        -0.22219290716048562,
        -0.01593587925022214,
        -0.11016614839505719,
        0.15062341240213994,
        -0.030533256912156807,
        0.0810373687341682,
        0.010231686416047048,
        0.23291234500605693,
        -0.06825832458325057,
        0.14205930127970975,
        0.03195295661341824,
        0.19946618792005702,
        0.2154267181061492,
        -0.09496450030541398,
        0.03276582323656623,
        -0.14862333197542962,
        -0.10795516994418586,
        -0.018469717283316454,
        -0.018863093881900342,
        -0.016584261900831326,
        -0.03428780385938732,
        0.19020576472284045,
        -0.12437033735725214,
        0.020448371854841215,
        -0.08320888588984997,
        0.17933632343930436,
        -0.11510962393426936,
        -0.2508935054455735,
        0.1758088522894705,
        0.05555566846954248,
        -0.18892104749824737
    ],
    "statevector_imag": [
        0.1678053887235737,
        -0.06428383722853029,
        -0.0002373659697726025,
        0.1755903824970228,
        0.1604536670636686,
        0.2953106690719393,
        0.1492881318344933,
        -0.0015834606256284803,
        -0.011981758794571041,
        0.1477855496637648,
        -0.06543175295339033,
        -0.1927882353189106,
        -0.05083059368040918,
        0.225145834651683,
        -0.10125332632360343,
        -0.14298537852015913,
        -0.13387580976000235,
        0.01089426231932103,
        -0.00045637739743974257,
        -0.011088612588836387,
        -0.00459832708580062,
        0.00767865104107503,
        -0.11372226641265366,
        -0.03679009265739397,
        -0.04040980358101239,
        0.050839663417720976,
        -0.07741493266312147,
        0.13115618952394886,
        -0.087705738058254,
        0.035386082331884325,
        0.049944793809259036,
        0.138133774938786
    ]
}