{
    "dataset": 3558,
    "last_cost_avg": 0.08099023020552337,
    "statevector_real": [
        -0.0325447355931276,
        -0.014314476972078185,
        -0.15367996699933564,
        -0.13142788751939916,
        0.22603927784372543,
        0.009795708415727744,
        -0.07341963637296318,
        0.14340907088599783,
        -0.17985504960003562,
        0.03043321608371997,
        -0.09021109650906048,
        -0.22226216389537695,
        -0.0658138609003793,
        0.15531702630221972,
        0.05414346114575226,
        -0.19809420185600327,
        0.1256583998189287,
        -0.1940430634554424,
        0.3003985349812911,
        0.13882738531545996,
        -0.09929597452360357,
        -0.010076433348741908,
        -0.013263211772802607,
        -0.13974327171844883,
        -0.15622380351309567,
        -0.10523347601840337,
        -0.1718909253166749,
        -0.1256519318096636,
        -0.09428641370479064,
        -0.08899489303339403,
        -0.03331555879188463,
        -0.26450584528138316
    ],
    "statevector_imag": [
        -0.007300525401138034,
        -0.11858102037403272,
        -0.11171452079382464,
        0.05193343631948087,
        0.018995373762602876,
        -0.13784030493009608,
        0.11136317849500521,
        -0.051025631851920626,
        0.02912845002349063,
        -0.061264484798850785,
        0.2560194629006882,
        0.11441824933155913,
        0.010613491095731991,
        -0.09228648870541291,
        -0.12870634177038306,
        -0.1057296461187915,
        0.09284857674931184,
        -0.17014331932665352,
        -0.12441967572474892,
        -0.0002949709340321088,
        0.1489375321205418,
        0.10296687104970396,
        0.051799950574607886,
        -0.044224574319111545,
        -0.10029183455408634,
        0.06106995560471638,
        -0.06568925699667888,
        -0.10312433694650573,
        -0.05299864526265253,
        -0.05158098732800126,
        0.2231920599377673,
        -0.013179749802187862
    ]
}