{
    "dataset": 3282,
    "last_cost_avg": 0.0969630852434937,
    "statevector_real": [
        -0.22924773975077148,
        -0.02751785382423794,
        -0.1060302503840138,
        0.092986157044605,
        0.0021033642602926827,
        0.0036690719085671485,
        0.0925846946770495,
        -0.2009565649526968,
        0.12192097401834871,
        0.07226252428824885,
        -0.20162316384703743,
        -0.003010628680524092,
        -0.0136337075802789,
        0.08590808264228283,
        -0.18521327593046696,
        0.1749759199463876,
        -0.029048564476767878,
        0.12314518982427272,
        -0.0958629743869745,
        0.009851736049368983,
        -0.0400491423717848,
        0.1135800981598402,
        -0.046179469264682096,
        -0.19978926743862238,
        0.1138611016878401,
        0.028177932777877897,
        -0.05188542976186686,
        -0.0002504725952331742,
        -0.04712701455042172,
        0.00624176990148296,
        -0.1333452548318343,
        0.11163816016623829
    ],
    "statevector_imag": [
        0.09685862314564116,
        0.15469027165089702,
        -0.06570053450065373,
        0.20445912766781232,
        0.13575291694941835,
        -0.21163086831520286,
        0.08549249233741177,
        0.0904204249726946,
        0.03806950037190293,
        0.22086585646289236,
        -0.010011058224276113,
        0.1813052152058178,
        -0.21689449816065137,
        0.07449716957710135,
        0.12627593584131602,
        0.05972639176890116,
        -0.15484245234657265,
        -0.23948272142434637,
        -0.07533546505631053,
        -0.13491912831435357,
        -0.1087195172915262,
        0.1607121314346927,
        0.08388471415416889,
        -0.13208887446711423,
        -0.10284151941687988,
        -0.20928858093423922,
        0.08027501576602522,
        0.03752302300968774,
        0.23227946490183213,
        -0.1218452991534171,
        0.009570800024737501,
        -0.043447370908525976
    ]
}