{
    "dataset": 3035,
    "last_cost_avg": 0.10021608621793895,
    "statevector_real": [
        0.1263904565855057,
        -0.14149639986078785,
        0.12393747742824707,
        -0.07715465487370285,
        0.0066450469217841646,
        0.14291604654923962,
        0.09513830878509044,
        0.046739716942531075,
        0.11965151864215316,
        0.18439483804605977,
        -0.020355403097628788,
        -0.19332559513037031,
        -0.019505424282362693,
        0.07144538324964794,
        -0.0056382344779941475,
        0.06517983820232573,
        -0.006300433524025349,
        0.17206031323840337,
        0.11960905314424367,
        0.08862533799066163,
        0.18303207136721697,
        -0.0413814582254861,
        0.010523764339729028,
        -0.023428319291730816,
        0.23020839540148577,
        -0.05676178938574941,
        0.05154635243734545,
        0.004111273184394511,
        0.17912361906781646,
        -0.03096061194794043,
        -0.09841672679847127,
        0.011662345786181217
    ],
    "statevector_imag": [
        0.14764972894384765,
        0.15817276619438952,
        0.10489731518661997,
        -0.07052095509556537,
        0.08069025823976134,
        -0.174427436804754,
        -0.21956593933663088,
        0.18562564032163512,
        0.1681901109149963,
        0.009263484108816484,
        -0.15021102523559623,
        0.03641148893979775,
        -0.19626877774611784,
        -0.01257277122613723,
        0.12532479704052832,
        0.10405827286048062,
        -0.22706062245904957,
        -0.016315827004053138,
        0.056403884766742005,
        -0.1515615626740859,
        -0.14956095032687178,
        -0.1285856116524932,
        0.012606684961279637,
        -0.13221719853413869,
        0.05888135853528381,
        0.1991124470411611,
        0.1290313860861972,
        0.1881735630061872,
        -0.14471051087713807,
        0.06446606248646769,
        -0.13310302191243653,
        0.2308702355457346
    ]
}