{"f": [0.03564453125, -0.00390625, 0.0501708984375, 0.00299072265625, 0.05987548828125, 0.13262939453125, -0.00543212890625, -0.0069580078125, 0.01837158203125, 0.0469970703125, 0.1231689453125, 0.04364013671875, 0.0281982421875, 0.012451171875, 0.0853271484375, 0.0704345703125, 0.0787353515625, 0.060791015625, 0.00823974609375, 0.0445556640625, 0.04547119140625, 0.05975341796875, 0.03515625, 0.04071044921875, 0.1004638671875, 0.07037353515625, 0.0413818359375, 0.11187744140625, 0.04400634765625, -0.00482177734375, 0.1265869140625, -0.019287109375, 0.0191650390625, 0.06024169921875, 0.096923828125, 0.03656005859375, 0.03192138671875, 0.09771728515625, 0.0362548828125, 0.05755615234375, 0.0255126953125, 0.0577392578125, 0.137451171875, 0.01983642578125, 0.0496826171875, 0.10858154296875, 0.02496337890625, 0.04095458984375, 0.04925537109375, 0.14739990234375, 0.0567626953125, 0.04901123046875, 0.00445556640625, 0.0653076171875, -0.01898193359375, 0.138671875, 0.03857421875, 0.08612060546875, -0.00970458984375, 0.087158203125, 0.1048583984375, 0.05450439453125, 0.00701904296875, 0.0145263671875], "accuracy": 0.390625}