{
    "dataset": 685,
    "last_cost_avg": 0.09089475809952438,
    "statevector_real": [
        0.12284339068647561,
        -0.011138358820161103,
        0.13467696653970612,
        0.1903773046572766,
        0.04319201838018867,
        0.03953350328510265,
        0.01013730566497956,
        -0.018571044858289625,
        -0.19347587929123364,
        -0.006910790773967125,
        0.116784117898796,
        -0.1853387091086345,
        -0.1624571420603023,
        0.15019000823034706,
        0.1244373945578468,
        0.15206208665749696,
        0.16468196673798485,
        0.28198120760417544,
        -0.12937515521580875,
        0.05464931723687005,
        0.18984108398854851,
        -0.1436144087369953,
        0.00037488978371734525,
        0.01505227010873196,
        0.18971474669078686,
        0.005834849323211164,
        -0.07105827503854817,
        0.08534819270019285,
        0.002772487824815925,
        -0.2143577868370706,
        0.04692206418213322,
        0.1587441759172447
    ],
    "statevector_imag": [
        0.13924738073171933,
        -0.14872466767728035,
        -0.124657867820996,
        -0.012202681205390118,
        0.04895016751064355,
        -0.2044078007912623,
        -0.1480666447004018,
        0.005304138883647241,
        0.1452226601520616,
        0.205609609706871,
        0.11460752211856663,
        -0.03545818770229965,
        0.059938174430577085,
        -0.01925806715009802,
        0.052065028482529946,
        -0.1537388275043887,
        0.1561766079178492,
        -0.012571706143802002,
        -0.08815091900537732,
        0.0724883408089006,
        -0.012766575908393892,
        -0.08232727501107802,
        -0.004142943969580069,
        0.00773427473461367,
        -0.26781188957360985,
        -0.00605253872568091,
        0.10064830815576818,
        -0.2546172977473283,
        -0.06350328650741283,
        -0.07963189345666591,
        -0.027646056781652942,
        0.1211991742144428
    ]
}