{
    "dataset": 465,
    "last_cost_avg": 0.10158750847088874,
    "statevector_real": [
        0.015049593367874052,
        0.14049861172611838,
        -0.059840815619035786,
        -0.01916760735072338,
        -0.06504457900523726,
        -0.01995607306698657,
        0.0040246100617629295,
        -0.02606415267604925,
        0.12717200321408298,
        0.22321683466281753,
        -0.10529648690188093,
        0.025659847824535592,
        -0.13528687124918623,
        -0.14654305388870723,
        -0.04371569853967784,
        0.08883976181457255,
        -0.15987629028170944,
        -0.011779586641262128,
        0.04320726424818792,
        -0.012109208957893672,
        -0.026245342749777068,
        -0.05196092552710498,
        -0.17084705283135143,
        -0.22654779801421537,
        -0.01721151523315599,
        -0.014843719450107224,
        -0.14616572316981508,
        -0.008531165973538441,
        0.13593030806405879,
        -0.11667859636452374,
        -0.014019182581813424,
        0.12461530253383182
    ],
    "statevector_imag": [
        -0.18149513889388336,
        -0.07729359517031976,
        0.2917117863468993,
        -0.020967270288117956,
        -0.043784656046393276,
        0.05472094882154477,
        -0.029572978950755002,
        0.13322988632973373,
        -0.08264954433823869,
        -0.1292944455692092,
        -0.14898135915358476,
        -0.08288927438374606,
        -0.09453634594955196,
        -0.15505462795388272,
        -0.3012362135216312,
        -0.13374396024226487,
        0.13055959006218854,
        0.17144439923021795,
        -0.00438067284200274,
        -0.02467857077218207,
        0.09522463269225052,
        0.06763060091967363,
        0.15976974363104154,
        -0.06830348281284548,
        -0.030723807458702023,
        -0.3076685584192858,
        -0.24543979017347684,
        0.17505151910544733,
        -0.08429338693834201,
        0.035123955275164494,
        -0.046353964760037294,
        -0.17878765652534342
    ]
}