{
    "dataset": 898,
    "last_cost_avg": 0.09603335746671991,
    "alpha": [
        0.05407796734999714,
        0.029009027761847446,
        0.04497275714361599,
        0.03552693457682742,
        0.036118408150534596,
        0.03817582475216435,
        0.02007138775583057,
        0.05018544484314366,
        0.002298597617241936,
        0.00039798475210401453,
        0.08708341317595668,
        0.029449348348495274,
        0.021892279543974703,
        0.035271598227770526,
        0.03240871160263,
        0.03315909747873224,
        0.0064790412434970685,
        0.05037955700485573,
        0.04814738417994993,
        0.015452837213352145,
        0.06824680172612367,
        0.0018776635530578809,
        0.04296371313161238,
        0.0016713408271522025,
        0.03653290916473923,
        0.0028699115506916092,
        0.026337826404614358,
        0.017255952532436527,
        0.043635951682392884,
        0.04498837189794324,
        0.041818057865943406,
        0.0012438969407710934
    ]
}