{
    "dataset": 0,
    "circuit_id": 2,
    "layer": 5,
    "num_params": 60,
    "expr": 0.005561875836598699,
    "entcap": 0.9317569465094874,
    "num_iter": 81,
    "last_cost_avg": 0.10031509399414062
}