{
    "dataset": 0,
    "circuit_id": 16,
    "layer": 6,
    "num_params": 102,
    "expr": 0.023581079975575767,
    "entcap": 0.6600959086377912,
    "num_iter": 143,
    "last_cost_avg": 0.0012664794921875
}