{
    "dataset": 918,
    "last_cost_avg": 0.11931864277165005,
    "statevector_real": [
        0.03097249808600867,
        0.07864322599452418,
        0.17440501252257648,
        0.17878780527627391,
        -0.26973635429290155,
        0.1236762567454155,
        -0.0024008130420607953,
        -0.1800959161642072,
        0.13062342046356254,
        -0.3698719807827718,
        0.01137694312562182,
        0.011365160387268479,
        -0.01011090931339202,
        -0.12755452952861043,
        -0.05675314617863581,
        -0.08723227887792047,
        -0.06653635071844301,
        -0.061444636695358816,
        0.15615384454528283,
        0.01571208268323659,
        0.022663225770260857,
        -0.0022487003636086074,
        -0.004774001388123056,
        -0.19668265191621323,
        -0.02086183691056112,
        0.19166633763611154,
        0.00029211192943378954,
        0.0017454505256336457,
        -0.07321338855520491,
        0.010910974641614928,
        0.17199299982642052,
        -0.1755029981842211
    ],
    "statevector_imag": [
        0.20666417620155933,
        0.16397492926698767,
        0.034337819637775574,
        0.10495898258878379,
        0.187031411870536,
        -0.22514958763703377,
        0.005199094741171689,
        0.10726629311970871,
        -0.15119205941489902,
        0.04904038637099186,
        -0.010008553941495876,
        -0.1290941348925267,
        0.0007655102576153051,
        0.1606365573738404,
        0.05672095403611953,
        -0.026416009750255626,
        -0.033452328814508485,
        0.07229554604760692,
        -0.06945910066728737,
        -0.012571753512451071,
        -0.0028132533696242513,
        -0.013521571774902395,
        -0.009431490349926845,
        -0.29428638808113033,
        0.22904563886329726,
        0.19098752802434768,
        -0.011323895844705178,
        0.014089241352812438,
        -0.10671021521793307,
        0.015517080879695841,
        0.03052093521964237,
        -0.052629621335882316
    ]
}