{"f": [-0.09552001953125, -0.01751708984375, -0.02142333984375, -0.0572509765625, 0.00823974609375, -0.08770751953125, -0.04205322265625, -0.0272216796875, -0.04248046875, -0.00958251953125, -0.02056884765625, -0.01513671875, -0.0728759765625, -0.08050537109375, -0.0401611328125, 0.03082275390625, -0.08721923828125, -0.02386474609375, -0.0557861328125, 0.00579833984375, -0.07708740234375, 0.0303955078125, -0.00457763671875, -0.08087158203125, -0.04754638671875, -0.0584716796875, -0.01165771484375, -0.036376953125, -0.06298828125, -0.0023193359375, -0.065185546875, -0.04254150390625, -0.058837890625, -0.03125, 0.02032470703125, -0.06304931640625, -0.094970703125, -0.08544921875, -0.042724609375, -0.00177001953125, 0.0296630859375, -0.09222412109375, -0.06072998046875, -0.03973388671875, -0.01458740234375, -0.1046142578125, -0.0384521484375, -0.0784912109375, -0.0382080078125, -0.0511474609375, -0.0491943359375, -0.0352783203125, -0.0933837890625, 0.00164794921875, -0.0234375, -0.07135009765625, -0.01373291015625, 0.01220703125, 0.00933837890625, -0.05255126953125, -0.05975341796875, -0.03326416015625, -0.033203125, -0.07867431640625], "accuracy": 0.609375}