{
    "dataset": 895,
    "last_cost_avg": 0.08763487968114936,
    "alpha": [
        0.07591201501321898,
        0.00032380492600828456,
        0.038943428072516155,
        0.0046080781598904635,
        0.0026420338146382304,
        0.018408982508228755,
        0.00864305153405907,
        0.0637207232195205,
        0.04193755075339891,
        0.019698138621733863,
        0.07596799243737627,
        0.028320356442863615,
        0.00020718531671076382,
        0.03414613475016048,
        0.01847873358298145,
        0.0007488505302169045,
        0.024003794785501246,
        0.026156869398137987,
        0.06865423693327524,
        0.02518269763857463,
        0.09985675395019536,
        0.0014938219693252453,
        0.065920409885619,
        0.0019897564292802442,
        0.029048260154386427,
        0.03998752823519116,
        0.027345185430191155,
        0.028072954331975073,
        0.047874919267733136,
        0.05019227172193609,
        0.0014586042647684399,
        0.03005487592038665
    ]
}