{
    "dataset": 0,
    "circuit_id": 9,
    "layer": 3,
    "num_params": 18,
    "expr": 0.018468161502602082,
    "entcap": 0.9999999999999994,
    "num_iter": 74,
    "last_cost_avg": 0.12604904174804688,
    "accuracy": 0.796875
}