{
    "dataset": 2505,
    "last_cost_avg": 0.12412208079573443,
    "statevector_real": [
        0.07448001565560566,
        0.12054541638014275,
        -0.12453423670278163,
        -0.0950662048435775,
        -0.019787044497448277,
        0.09637802255828513,
        -0.0971610113450941,
        -0.12632743000657115,
        0.01746284004881779,
        0.022051281442636607,
        0.059651237167736966,
        0.04604189793078877,
        0.16769899149476394,
        0.013120587756550998,
        -0.13117744038856796,
        -0.15712600403624277,
        0.04834722438962228,
        0.021342995077109437,
        -0.0073236503840558,
        0.20634693828788594,
        -0.09870163531268415,
        0.08216477809761612,
        -0.15541414598511763,
        -0.09181767373388916,
        0.21494521194517008,
        0.04872084621754383,
        -0.029034524747004308,
        0.03590676858861057,
        -0.09615396337802692,
        0.16400095600343814,
        0.0691316837953199,
        0.20269036654683042
    ],
    "statevector_imag": [
        -0.11720502996529933,
        -0.023980357518128066,
        -0.20125377654957818,
        0.13243707152781853,
        0.14113730487911771,
        -0.029234220649928113,
        -0.04893590832828578,
        0.22235054089113546,
        -0.16978205545598746,
        -0.006892773521547355,
        -0.19225903033514055,
        0.1817433696389366,
        -0.17055127382553525,
        -0.007092437933939313,
        -0.08828301748680277,
        0.2227256965311402,
        -0.24378668262812112,
        -0.0846750541995632,
        -0.17653460719259964,
        0.05710896507818694,
        0.125056560649862,
        -0.1731852303722678,
        0.17985795015208386,
        0.1291242680301162,
        -0.06314841649502295,
        -0.121421652677892,
        -0.0956789736251298,
        -0.04958049137794494,
        -0.197786019594987,
        -0.10314238196849057,
        -0.05058052707864313,
        -0.08780233701070699
    ]
}