{
    "dataset": 824,
    "last_cost_avg": 0.09203883976850526,
    "statevector_real": [
        0.04498571703593207,
        -0.07508794751819756,
        -0.1981155554166996,
        -0.02747667437961323,
        -0.16260654549988202,
        0.07126188557842734,
        0.17808537154380458,
        -0.08232973178890553,
        0.07754393359250833,
        0.00024354668170748083,
        0.09459324004969846,
        0.15591563830607919,
        -0.07534334921243198,
        0.23694468132540464,
        -0.1600216902592103,
        0.06724020855553231,
        -0.2859025091605929,
        -0.07361237850485694,
        0.11975318929226751,
        -0.12951916580692938,
        0.008587681946690249,
        0.1537654345629213,
        -0.10299412302544028,
        -0.05638827989253922,
        0.1485563282977999,
        0.12703694099107168,
        -0.10262771779488238,
        0.0024670751515248348,
        -0.03183136523960672,
        0.07535822046122032,
        0.14769805292031837,
        -0.2071924412147919
    ],
    "statevector_imag": [
        0.1476371278865723,
        -0.214530225349664,
        0.13007051744808729,
        0.18594409915968646,
        -0.06374961677822456,
        -0.19732868079844765,
        0.12120420038012321,
        0.25241954130505495,
        0.08158497817238317,
        -0.0878663963704412,
        -0.004204894937168182,
        0.08527387752562507,
        -0.056421699869296175,
        -0.008063621393670102,
        -0.02672737671925657,
        0.17821452816264322,
        -0.0054281265428344225,
        0.2307181166258202,
        -0.04326350565992035,
        0.10636420651805661,
        0.09719503725976994,
        -0.03404941759963905,
        -0.00445095143762192,
        -0.16852804331761884,
        -0.06364878459550827,
        -0.2172452986114262,
        0.06659463054739972,
        -0.04738444654111414,
        -0.027089407532267837,
        0.03005817273810809,
        0.10123833867254903,
        0.041761881090143636
    ]
}