{
    "dataset": 280,
    "last_cost_avg": 0.09442606967223119,
    "statevector_real": [
        -0.054020722886164024,
        0.2305335841825882,
        -0.02240266682274252,
        0.0769192761908118,
        0.006816950357001628,
        0.24353471968955043,
        0.0009121368669845516,
        -0.02064215211635516,
        -0.12016862174375989,
        0.0007510384882524141,
        -0.1659625779077742,
        0.013143482172889714,
        0.2777746156522099,
        0.10013534914345437,
        0.17069789004705013,
        -0.06624052089297404,
        -0.08540344859433678,
        0.1891553597213339,
        0.025851791518547954,
        0.09723622817422861,
        0.24676056924973605,
        0.18212289547578073,
        0.13501149778712157,
        -0.07269195646880373,
        0.24367248970146854,
        -0.04821073841037158,
        -0.021128739994265868,
        -0.06362187821271567,
        -0.09205971838503922,
        -0.08638783238926154,
        -0.1303183464982465,
        0.1413687992696469
    ],
    "statevector_imag": [
        -0.09085640119989026,
        0.07274880951352927,
        0.13492238494739117,
        0.1307492710593178,
        0.007109183571425404,
        -0.025925728375929675,
        0.2344899947501588,
        0.13439612336090279,
        -0.19155595225085356,
        -0.00018206850933821672,
        0.15281701371443124,
        -0.008286666612560712,
        -0.008565825926226633,
        -0.14936457273797019,
        -0.033859259916126,
        0.10093599182455087,
        -0.19752152824694502,
        0.19177519816394098,
        -0.13220493254797086,
        0.12168560878592777,
        -0.044423559717318165,
        -0.050006446036987666,
        -0.10829765916344292,
        -0.07302314375700049,
        -0.044272078377056004,
        0.007262339673377687,
        0.013921902635959701,
        0.01536787824709567,
        0.21133166295350303,
        -0.04218442104060577,
        0.15794297681380687,
        -0.07144669889367386
    ]
}