{
    "dataset": 3829,
    "last_cost_avg": 0.08757142619295051,
    "statevector_real": [
        0.04009333978615098,
        -0.11260841448960149,
        0.220599425441015,
        -0.057696550493041385,
        -0.012334873610859555,
        -0.016989264448522792,
        -0.000570648786033024,
        0.03063409630529361,
        -0.16345876919284724,
        -0.0042550724674131025,
        -0.0041467075835862665,
        -0.16518520462461747,
        -0.17053990907003816,
        -0.02085024837413274,
        -0.1147716651399001,
        0.012528092460538265,
        0.00910264688422999,
        -0.25451700237164165,
        -0.07681091928365685,
        -0.22755062175980936,
        -0.025108438117618603,
        -0.1192402308354941,
        -0.16411237777850554,
        0.24228682101903606,
        0.05162346992823798,
        0.008213303832518986,
        -0.07072772575998547,
        0.12858550004879182,
        -0.09961270947272675,
        -0.18298097080264963,
        -0.033510700135574334,
        -0.08597358356683016
    ],
    "statevector_imag": [
        0.1704586334134875,
        0.07205057133640477,
        0.11955327060684913,
        -0.16381212963918906,
        0.1066936625740975,
        0.007009677813287825,
        -0.015557128122002974,
        0.24463456399533895,
        0.10999300061737614,
        -0.18060000558434927,
        -0.001059618687986966,
        0.024795775630641562,
        0.03961617367963303,
        0.012854288916499992,
        0.037610902272274954,
        0.20486202901652964,
        -0.23999078006738636,
        -0.03459430162651034,
        0.1158939872273951,
        -0.16477129839619956,
        0.15368092781038944,
        0.1812596539835028,
        0.059349748680965264,
        -0.006122786723323592,
        -0.13184630863010882,
        -0.013786142731059029,
        -0.13945476964894812,
        0.0791633660518047,
        -0.100505216199563,
        0.07858913966327888,
        -0.19175010453605626,
        -0.20773432533906203
    ]
}