{
    "dataset": 901,
    "last_cost_avg": 0.07992471590751288,
    "statevector_real": [
        0.03310831003671965,
        0.15294775894597915,
        -0.03231187015906431,
        -0.21256441624023736,
        -0.05142060127408092,
        0.01165159518871324,
        -0.025716087147701173,
        -0.1545465583459494,
        -0.0166795418834365,
        0.1558249577398458,
        0.045180465415693136,
        0.10967398377935483,
        -0.10718949088627497,
        -0.08201305625513504,
        0.07811261012117571,
        0.0163209651559996,
        -0.20585838715034926,
        -0.06862272948288495,
        -0.21870507285010504,
        -0.19238102445113445,
        0.19891728084441593,
        -0.0182204270795062,
        0.1459843516179972,
        0.19066638265047686,
        -0.13252198862168363,
        -0.11807118614987415,
        0.05484216833553336,
        0.17200716548744624,
        -0.1283523906362572,
        -0.06155592326757971,
        -0.15065377056277612,
        -0.07740250128803862
    ],
    "statevector_imag": [
        0.026022710202962703,
        -0.2393648764098172,
        0.03295195893453249,
        0.1789122576446143,
        0.17546707542233925,
        0.0295339806559615,
        0.0689699475033204,
        0.04091280104955878,
        0.004022214012408556,
        -0.011418513163080546,
        0.005774408232164179,
        0.16389726397272814,
        0.26014700021941956,
        -0.13101030801986957,
        -0.16269253177410475,
        0.12982528560032774,
        -0.08826740960095636,
        0.18013914671985162,
        0.026977241017955608,
        -0.0019762764297617135,
        -0.02101700529146284,
        -0.1000866542999792,
        0.2233967482723928,
        0.05147736760438117,
        0.12262156378621597,
        -0.03781156448247251,
        -0.1316349019621122,
        0.16311312363848565,
        0.16749987685323675,
        0.11651074620795687,
        0.036918276913175556,
        0.06674515158063099
    ]
}