{
    "dataset": 2898,
    "last_cost_avg": 0.10613640491791695,
    "statevector_real": [
        0.045465630220520956,
        0.06867766886087562,
        -0.20985744157796646,
        -0.19495978476288148,
        -0.19473498130246936,
        -0.15278207658913845,
        0.09554913885841074,
        -0.1497365252594566,
        -0.1235176408257874,
        -0.050835009113658194,
        0.15566963516322993,
        -0.013330276677432645,
        -0.06556508573301037,
        -0.03817598406272265,
        0.00358616060475068,
        -0.10273985129452533,
        -0.21851320412552747,
        0.1898715610810148,
        -0.1146823132502366,
        0.08406404343945892,
        0.0315752215732959,
        0.05808070537219728,
        -0.09441107079856631,
        -0.15116753189484192,
        0.0601414897092045,
        0.09531898069414996,
        0.023470238350347773,
        0.1036117423898684,
        -0.07918481037545408,
        -0.10947411354478004,
        0.008990650090420334,
        -0.011040319456359448
    ],
    "statevector_imag": [
        -0.010115673222870528,
        -0.022469469053760627,
        0.18998916778864178,
        0.08799156531715668,
        0.021991800908245818,
        -0.0863342708263663,
        0.0208964236752685,
        -0.049695024619626625,
        -0.13004401372713678,
        -0.14557074019439314,
        0.20468634710928213,
        -0.2615865851435897,
        -0.19052092719279787,
        0.04928020415662647,
        0.07852801994558506,
        0.172040397923421,
        -0.011425750463539747,
        0.08993979397227218,
        -0.17406834059402118,
        -0.2638645667998175,
        0.0001559503753941185,
        0.03807080497311243,
        -0.1190251684412147,
        -0.22819998857371118,
        0.09875264358322558,
        -0.17857129570492528,
        -0.013093656094265065,
        0.02162040330170964,
        0.1477204677815907,
        0.09655291613295976,
        0.1034629197542599,
        -0.19750086425099303
    ]
}