{
    "dataset": 2059,
    "last_cost_avg": 0.06800704152974965,
    "statevector_real": [
        -0.16064682231231797,
        0.22974220704168039,
        -0.014095308865021937,
        0.12348639832788082,
        0.1975168579199692,
        0.028157837195318614,
        0.2694532473149248,
        0.0646094713634898,
        -0.19501910296970665,
        0.02353827885363247,
        -0.08098100322681609,
        -0.028808051083905648,
        0.12520214268021893,
        -0.14037995450443821,
        0.10787796445436794,
        -0.014591117750916979,
        -0.11751550456329442,
        0.016047594517335277,
        -0.18675377415119476,
        0.011756042990607432,
        0.23863198690359874,
        0.028108020147575248,
        -0.030822296484824086,
        0.14712581605096037,
        0.014744022318136107,
        0.19387351352605706,
        0.048817566116729716,
        0.06042849446196756,
        0.08770032014777031,
        0.131515374275621,
        0.26859515642236914,
        -0.18033149289486605
    ],
    "statevector_imag": [
        0.03578830549560695,
        -0.06544309014508326,
        -0.19110802841469843,
        0.16795400328721347,
        0.02158460004272221,
        -0.08719593020397057,
        -0.041553532830210224,
        0.1250538378327049,
        -0.02788226793346361,
        0.1413759224332002,
        0.1316441665819785,
        -0.11807792226848007,
        -0.0003579542032153692,
        -0.12544744790029055,
        -0.15019771107898702,
        -0.09346608735635645,
        -0.019563452793292167,
        0.009438819517163622,
        -0.02493279061208151,
        0.002664000516037097,
        -0.025750260165684186,
        -0.22084626473323368,
        -0.09577369635075512,
        -0.03772151154649776,
        -0.005595031197653679,
        -0.17744333689289762,
        0.08072927159914671,
        0.17058284496283388,
        0.18506105911953108,
        -0.010874725065131307,
        0.1866098212811282,
        0.031862712897842274
    ]
}