{
    "dataset": 3129,
    "last_cost_avg": 0.08974084990786341,
    "statevector_real": [
        -0.005806315374178494,
        0.1294939213514043,
        -0.006017736450760185,
        -0.24298447741329732,
        0.005254305723037611,
        0.15021408621630739,
        0.11465197039885545,
        -0.058105266222007845,
        0.12327109981647615,
        -0.10454901462292554,
        -0.18434737002284285,
        -0.025429460165503567,
        0.14121908243720827,
        -0.01959407652541562,
        -0.22480262001614307,
        0.020424329254391246,
        0.06334659018174636,
        0.14585846507318065,
        0.024100605048894736,
        -0.12768955027748183,
        -0.1252668214957025,
        0.15045250374155061,
        -0.08822268862720434,
        0.0589042817893184,
        0.11832465235895123,
        0.022095882002911838,
        -0.13159544414083188,
        0.0011806798072555985,
        0.12847641503554436,
        -0.058425609822516114,
        0.08015873388925233,
        0.008389762800227258
    ],
    "statevector_imag": [
        0.010007921429665115,
        -0.16021779766457783,
        0.17713346502530297,
        0.06866643386986164,
        0.011853514497676318,
        -0.05801927028258291,
        0.1950089217933734,
        -0.12918778166320105,
        0.12431059078593307,
        -0.05835241794791237,
        0.13027934478309,
        0.03142008574921359,
        0.1827284211505877,
        0.016284255150073635,
        -0.09675461263826374,
        -0.22347965493216962,
        -0.0009982492870540215,
        -0.15979637138550062,
        0.3518565208701675,
        0.00010340869244412967,
        -0.11034762279927705,
        -0.20215549255185786,
        0.17588789772856717,
        0.019200584405318966,
        -0.15293747972433655,
        -0.158888038830181,
        0.09817557958152051,
        -0.05075466802438112,
        -0.11347140272065874,
        -0.07157092085949047,
        0.0920717804875494,
        -0.17921138485466948
    ]
}