{
    "dataset": 0,
    "circuit_id": 17,
    "layer": 1,
    "num_params": 14,
    "expr": 0.21968766105998996,
    "entcap": 0.31972909461827864,
    "num_iter": 54,
    "last_cost_avg": 0.09470748901367188,
    "accuracy": 0.9375
}