{
    "dataset": 1852,
    "last_cost_avg": 0.06534792816916363,
    "statevector_real": [
        -0.16867456901395916,
        -0.06899407184434565,
        0.03962282920831805,
        -0.08927277377463098,
        -0.0999453931757499,
        -0.034038858104714666,
        0.04778579681178733,
        0.1087340067685643,
        -0.0677557381600783,
        -0.03294819367409715,
        0.059276817389911855,
        -0.12161409864760689,
        -0.004744059800539864,
        -0.15861863834494544,
        0.10069987430453861,
        -0.02356567042680891,
        -0.09229835667253883,
        -0.1692848165632341,
        -0.06632813885971853,
        -0.09428583469387454,
        0.02166007580707973,
        0.1487275671236249,
        -0.11513396781138925,
        -0.09057997343320169,
        0.06996595320920952,
        -0.11039848335817935,
        0.10551550549930563,
        -0.06282463067596887,
        0.025542800322827276,
        0.1454058144407055,
        -0.05242788217844166,
        -0.1404896148597498,
        0.046776193924953864,
        -0.001352375900096285,
        0.13089580801871392,
        -0.02350264778171371,
        -0.0889569651022611,
        -0.06621683844009761,
        0.021545489911115254,
        0.004280141882443303,
        -0.0773648741755776,
        -0.000929786741903316,
        0.013500187891427429,
        0.10401159553776963,
        0.10406745623878841,
        0.08096499551357285,
        -0.08468622834650463,
        0.13476410090957341,
        0.15811198013463487,
        0.07356685302963754,
        -0.007928127690053672,
        -0.04812789035999917,
        -0.030576729813871644,
        -0.07054971808529693,
        -0.022567778214747983,
        0.0026073351715465605,
        0.01828198506452828,
        -0.1458720751954944,
        0.16809196353995773,
        0.1254450350475865,
        -0.025629641855236418,
        -0.021120699196380543,
        0.08382576826522421,
        0.013522802247192052
    ],
    "statevector_imag": [
        0.007141386394209253,
        0.10710611281030144,
        -0.003745397171670183,
        -0.0002012571301124544,
        0.05542827515183328,
        0.16014782402292077,
        0.16277709580768593,
        -0.08433120745222078,
        -0.09186184447132299,
        -0.008192689159200855,
        -0.06478077691944774,
        -0.019412951897527828,
        0.22806150243398443,
        -0.05763985413878416,
        -0.12390807757516956,
        0.06878715022333,
        -0.08383879216572959,
        -0.038104347258062624,
        -0.04505020414999266,
        0.0467007177988481,
        0.10824744251315731,
        0.05512615164700968,
        -0.10100286691828181,
        0.0871695376862299,
        0.08790732116006705,
        -0.0552611029301127,
        0.01677524974660027,
        0.12082808949051939,
        0.020159914684944227,
        -0.014499681763727486,
        -0.14133949710592844,
        0.09144289134975456,
        0.14028431699826965,
        -0.0061855895946215655,
        0.046074399223407767,
        0.13691264999774116,
        0.09042209698847004,
        -0.13323874213317435,
        0.20316018327532973,
        -0.009611249565832956,
        -0.029965488701144176,
        -0.007419144577208573,
        0.03985408288873358,
        -0.11663198460534847,
        0.04109229386211865,
        -0.12422468662748487,
        0.1201598520543784,
        -0.12224276378859646,
        -0.027383347069038506,
        0.06729409615234869,
        -0.0047948536832914555,
        0.06360876266240122,
        -0.015952636683723848,
        -0.06080584115347231,
        0.0008281533473181489,
        -0.08047776722652075,
        0.10797167028169095,
        0.05361677772870345,
        -0.05548827260527869,
        -0.08381504834284632,
        0.07959532783045387,
        0.07725219890746061,
        -0.07877346816221079,
        0.0011343614062772126
    ]
}