{
    "dataset": 3821,
    "last_cost_avg": 0.10567968696346264,
    "statevector_real": [
        -0.11272939975807496,
        0.009736393187540465,
        0.017318872517758946,
        -0.13171395882865095,
        0.1805231039942964,
        -0.07523540915148548,
        0.01485278410237618,
        -0.1418538602320633,
        0.03779219700412439,
        -0.017793384907145833,
        -0.11217725225523752,
        -0.02122940278509332,
        0.028414511439546274,
        0.023983284359102946,
        -0.15488212008531554,
        0.14878479534766995,
        0.08992278497043654,
        0.14088981996014893,
        -0.15696183561634647,
        -0.1556065048637653,
        0.16447662774481112,
        -0.16574075420399786,
        -0.12160552245514968,
        0.22493256153840532,
        0.20190006083172415,
        -0.0459890039499375,
        -0.21820322565935857,
        -0.06993720078093071,
        -0.06044249363959964,
        -0.11679465133592289,
        0.18178748109450532,
        -0.03770325483731784
    ],
    "statevector_imag": [
        -0.056973508120532035,
        -0.12606437757328476,
        -0.008281846222856314,
        0.024151834547603585,
        -0.06834564002491546,
        -0.15805110800272712,
        -0.1671099084769955,
        0.10499277653666535,
        0.1520179725575346,
        -0.012065487299187366,
        -0.25763896088375693,
        0.010717751609397808,
        -0.05982050685343265,
        0.16220519814693665,
        0.11268008707747998,
        -0.08054236661955903,
        -0.2151353967435248,
        -0.04038908598841632,
        0.0031732774949798257,
        -0.03553700517038968,
        -0.04232523635339201,
        -0.1824936096566465,
        -0.08442147572525177,
        0.0716352526551771,
        -0.09764326046209285,
        0.0649471830020711,
        -0.05094120436271982,
        -0.2317884335661841,
        -0.11468392179080152,
        0.10207466727706524,
        0.1516924670087136,
        0.25382036873579317
    ]
}