{
    "dataset": 0,
    "circuit_id": 4,
    "layer": 4,
    "num_params": 68,
    "expr": 0.03249141018198162,
    "entcap": 0.6939979806855101,
    "num_iter": 45,
    "last_cost_avg": 0.032161712646484375
}