{
    "dataset": 3976,
    "last_cost_avg": 0.07735224163709042,
    "statevector_real": [
        -0.05518740728051319,
        -0.1747213135321475,
        -0.17177513753337384,
        0.0853563616719649,
        0.14179670906367214,
        -0.16682394370210182,
        0.018909345237432585,
        -0.2261367509883811,
        -0.09590592949181746,
        -0.18077770776195745,
        -0.02984246798136851,
        -0.011265005358119907,
        -0.12651443223686865,
        0.19552776751362738,
        -0.032469157114593805,
        0.2521971201259426,
        -0.04247557501358859,
        0.11779888525744357,
        -0.035549547666694575,
        -0.00718337167611017,
        -0.09148608190136397,
        -0.009189208788694522,
        -0.03263236718817117,
        0.08898916959316841,
        0.17965665636463063,
        -0.15815712434426063,
        0.18581952970393792,
        0.2141185139008916,
        -0.22798115580291536,
        -0.12168185926405735,
        -0.17160288859667563,
        -0.0945390385790631
    ],
    "statevector_imag": [
        -0.16498200927069906,
        0.06964821266849072,
        0.21569607245178218,
        0.08735757088473299,
        0.17349962384994833,
        -0.03626607920689942,
        0.15994379210391504,
        -0.07698296608639758,
        -0.011983664549944258,
        0.042628483831213614,
        0.011354032262725699,
        -0.199222841744055,
        0.0378292168135366,
        -0.08533398269480955,
        0.16940466842302765,
        0.08629484848611024,
        0.1511560000132754,
        0.05907098420542539,
        -0.15714953654212363,
        -0.11543024580654125,
        -0.031080067803392848,
        -0.0006626402004352084,
        -0.042499175250355854,
        0.14791314161773456,
        0.0667186097468841,
        -0.15623318367118336,
        0.05354559028412097,
        0.07021037960437897,
        -0.10578598567788769,
        -0.11216735953240156,
        -0.06511888534093983,
        0.040960852695283365
    ]
}