{
    "dataset": 0,
    "circuit_id": 19,
    "layer": 3,
    "num_params": 54,
    "expr": 0.02452413495235031,
    "entcap": 0.7295410899064189,
    "num_iter": 94,
    "last_cost_avg": 0.11318206787109375
}