{
    "dataset": 557,
    "last_cost_avg": 0.0775050736677219,
    "statevector_real": [
        -0.00186329852462325,
        -0.05698210797760396,
        -0.06765083144253127,
        0.12461133323596284,
        -0.0766854350941001,
        -0.005344214530649509,
        -0.01676417083498248,
        0.1511147803559559,
        0.07254261928842876,
        0.07186887616750351,
        -0.004871950718763033,
        0.00431001811504683,
        -0.06161996893232018,
        -0.01919566557080639,
        -0.09163577360676145,
        -0.042507950020781955,
        -0.004239802937883521,
        -0.006604379263344544,
        0.06980117390265332,
        0.07170023369433977,
        0.1296497340651724,
        -0.024367190827596877,
        0.03835637399388713,
        0.07161813295832588,
        -0.05753356283516651,
        0.08985431717781485,
        0.13382382755411976,
        -0.020657557412448197,
        -0.0711899156253048,
        0.0761159816777625,
        0.08403921465990645,
        0.04038938648222482,
        0.07907680541637352,
        0.03739358867020045,
        0.04427877084882981,
        -0.16517354630237704,
        -0.09547479972472495,
        -0.054236712996270565,
        -0.16197246264941492,
        -0.0465282161578329,
        0.0763876467044803,
        -0.1609975188864484,
        0.004511414297404743,
        -0.12710531767842648,
        -0.13849616453008404,
        -0.11017698352105122,
        -0.006425344637885069,
        -0.12869810942527232,
        -0.1579518208195251,
        -0.15978237640675633,
        0.027363921184657677,
        -0.15732366831348188,
        -0.05434706594621882,
        -0.09876263686675289,
        0.006926611911933164,
        0.004453043418124036,
        -0.17861018857539843,
        -0.06928790166904418,
        -0.013165486300300623,
        0.08009093131043943,
        0.033795749102029725,
        -0.13691766789094229,
        -0.09818929394255162,
        -0.10539396412673496
    ],
    "statevector_imag": [
        -0.001025934978489468,
        -0.08159547308040584,
        -0.05030961640890229,
        -0.1409121352101938,
        -0.06761978093590477,
        0.1547222185235808,
        -0.003868359369286675,
        0.016504134369544208,
        0.045169615826081436,
        0.07649365278009639,
        -0.004412694311051252,
        -0.008007292997710275,
        -0.10268069055304356,
        -0.006835463591821177,
        -0.053321623077317096,
        0.11934667349864189,
        0.00358889346101973,
        -0.1743909000605102,
        0.05458453532187778,
        0.1724278079253993,
        0.07881120193432774,
        -0.14984221289295063,
        0.027453102031617303,
        0.08002070276997007,
        0.11368505642702192,
        -0.005279300535284148,
        0.010361238276402285,
        -0.13502163768294867,
        0.014135696509290026,
        -0.10431986370757731,
        -0.057547382120283444,
        -0.00081713950144553,
        0.11133186134462991,
        0.13800875127300824,
        -0.13535392622658265,
        -0.03753087805579883,
        0.09477963695240957,
        -0.14484566645093216,
        0.05980055019716408,
        -0.1198656442465325,
        0.09179298975111617,
        0.004207263088186252,
        -0.04160288896197799,
        -0.06921496218635594,
        -0.08603165611172417,
        0.07786644890746179,
        -0.054995455888853954,
        -0.061136237831638525,
        -0.10612348427292694,
        -0.06705108568990105,
        -0.11032472878355219,
        -0.1451769078759767,
        0.1495683866839119,
        0.01519240110388754,
        -0.022281889679659644,
        0.013163707871017293,
        -0.1345324211893056,
        0.09594390542507632,
        0.009914229685360727,
        -0.04453163071912059,
        0.06625701425446057,
        -0.011858544424709017,
        0.11749408224794067,
        -0.03362112302413045
    ]
}