{
    "dataset": 559,
    "last_cost_avg": 0.05571676848992693,
    "statevector_real": [
        -0.11698013727366505,
        -0.02129632820662571,
        -0.08765213851471725,
        0.11099901148685383,
        -0.06508205875767188,
        -0.004167600758756433,
        -0.003405065483820165,
        0.07468282090960185,
        0.050788060184514344,
        0.11645201273761516,
        -0.012929165637637657,
        0.0517889002350486,
        -0.06660274407603807,
        -0.02977085068883081,
        -0.14071457910672994,
        -0.04148513806826285,
        -0.01859484759261039,
        -0.006095931581642067,
        0.02347084373964255,
        0.060106751612420635,
        0.07396507829411247,
        -0.03641766170226136,
        0.11618715856332147,
        0.10050889068173215,
        -0.0006300391008002921,
        0.10881007838474183,
        0.06417493404148082,
        -0.02529405560821682,
        -0.03359697243598474,
        0.007580753817203199,
        0.032130893828395415,
        0.06315355436585686,
        0.07728730071084183,
        0.0287780576576421,
        0.05973297183134019,
        -0.22653529048378834,
        -0.1370391287183526,
        -0.05273539914851026,
        -0.12964886018159466,
        -0.04550330459332329,
        0.09283509959573975,
        -0.12420789563637051,
        0.013676124314829029,
        -0.10910389102400275,
        -0.007225543684975341,
        -0.13040735168260356,
        -0.01711249439971438,
        -0.09274408886575852,
        -0.16820274466919738,
        -0.09598380781693323,
        0.04780686226257647,
        -0.12921937932049404,
        -0.01899398418235007,
        -0.09442417890997584,
        0.015773808689890072,
        0.005186603544998161,
        -0.11215708362418886,
        -0.016870087093048772,
        -0.03074362759013294,
        0.0149601436294193,
        0.06398501597868053,
        -0.17883012540517387,
        -0.1258040742753644,
        -0.10404739827807084
    ],
    "statevector_imag": [
        -0.06440944005031014,
        -0.03049525608245642,
        -0.06518390642162959,
        -0.12551914267071962,
        -0.05738814092469093,
        0.12065766290205157,
        -0.0007857243341784501,
        0.008156550328732255,
        0.03162385353036657,
        0.1239457231407536,
        -0.011710392602314415,
        -0.09621511723198752,
        -0.11098375855993342,
        -0.010601224804131587,
        -0.08187991930761357,
        0.11647499410483138,
        0.015740101111183125,
        -0.16096516460375027,
        0.018354205631663352,
        0.14454730323792964,
        0.044961732961175185,
        -0.22394469089450914,
        0.08315952700093354,
        0.11230105749422915,
        0.001244943424256894,
        -0.006393027325822337,
        0.004968709945971899,
        -0.1653266523082244,
        0.006671121911222652,
        -0.010389713008751425,
        -0.02200221447203831,
        -0.0012776936820206634,
        0.10881242611071029,
        0.10621135715061415,
        -0.18259522808699263,
        -0.05147354738583627,
        0.13604133138428956,
        -0.1408362272202434,
        0.04786661290737969,
        -0.11722527470047191,
        0.11155745350688724,
        0.003245859303836629,
        -0.12611705416355698,
        -0.05941231908735776,
        -0.004488394979277637,
        0.09216405334795434,
        -0.1464683194359397,
        -0.0440567829604979,
        -0.1130107980772208,
        -0.040278650671664744,
        -0.19274573543460405,
        -0.11924251530940587,
        0.05227328322866887,
        0.014525027332360614,
        -0.050742017818361435,
        0.015332195871088349,
        -0.08447874185589353,
        0.023360240411081857,
        0.023151395879908453,
        -0.008318040266357461,
        0.12544347228322594,
        -0.01548861457589748,
        0.1505381458255915,
        -0.03319156278855957
    ]
}