{
    "dataset": 0,
    "circuit_id": 18,
    "layer": 8,
    "num_params": 120,
    "expr": 0.019379212760992463,
    "entcap": 0.8256664801643776,
    "num_iter": 1024,
    "last_cost_avg": 0.0771467482628447,
    "accuracy": 0.90625
}