{
    "dataset": 0,
    "circuit_id": 8,
    "layer": 8,
    "num_params": 232,
    "expr": 0.002693032253824678,
    "entcap": 0.8378356331547235,
    "num_iter": 66,
    "last_cost_avg": 0.0943450927734375
}