{
    "dataset": 1235,
    "last_cost_avg": 0.07869989875098536,
    "statevector_real": [
        -0.15066097698552527,
        -0.1650858258432601,
        -0.002667075382063687,
        -0.008228742403068784,
        -0.04003665814496856,
        0.04482997321187419,
        0.07471760768186987,
        -0.027479597132279238,
        -0.14285194692389697,
        0.14880719957447305,
        0.012323272179753656,
        -0.01480489023108499,
        -0.04120693576982407,
        0.08351967898562392,
        0.10350688516345762,
        0.07408654784189547,
        0.003630110634231913,
        0.02243101368049126,
        -0.10027337377421874,
        -0.10630035546464416,
        -0.07879629567371296,
        -0.07958238343655095,
        -0.13389213936200106,
        0.11834234507445404,
        0.017465472285327226,
        -0.15754282212167858,
        -0.004500406690106882,
        -0.1194342662003174,
        0.041161957675406785,
        -0.0006186096141946833,
        0.0061474272403613224,
        0.0002610408145112578,
        -0.0900354665939714,
        -0.0322751522230506,
        -0.03274723863636992,
        -0.015405084102837783,
        0.06042012810426217,
        0.10131770419131533,
        0.0972737599694818,
        -0.06050660683234761,
        0.002977401435113006,
        -0.007080328107118616,
        0.09174662163768937,
        0.12245540449318361,
        -0.005672415384059199,
        -0.14818587064351255,
        0.1498545288347775,
        -0.017299582492733365,
        0.10896387620672165,
        -0.07992960693382455,
        0.0038898362474654156,
        -0.0009834723489287867,
        0.08498675841606984,
        0.024853932860439444,
        0.15771828689228978,
        0.025241156655093633,
        -0.172880507324882,
        0.034612206996921975,
        0.019409572444592998,
        0.11448195723954452,
        -0.050669221712055,
        0.11722278959413952,
        0.11355440277089233,
        0.020113826740666484
    ],
    "statevector_imag": [
        -0.021021380539613735,
        -0.019875325725452385,
        0.17625030414972104,
        0.024468127005617856,
        0.12012002516614709,
        -0.032948892122144746,
        -0.021417271856995396,
        0.16472630818292525,
        0.05880972233934476,
        -0.08492397448987878,
        0.002408114285292594,
        -0.10398935353650184,
        -0.002559171757654548,
        0.1046574990489149,
        0.025912246976616572,
        0.08155624141160896,
        -0.016835827276455977,
        0.03309433860238539,
        -0.08804803091574359,
        -0.0090473985741462,
        0.08151632441502257,
        0.10512831965650112,
        -0.0854712235999786,
        -0.11467522138175411,
        -0.1791555370598668,
        -0.00957556324213006,
        -0.003582352490671318,
        0.0960233695222593,
        -0.18110812280806252,
        0.11489995238705233,
        -0.0065032977287942315,
        -0.018690104593118793,
        0.10843809196701168,
        0.1351676214067386,
        0.15856582715889087,
        -0.03397808592009711,
        -0.03520177222041485,
        0.05970024071508765,
        0.14639834557623962,
        -0.14202992474266407,
        0.14655790722234008,
        -0.03479623670677288,
        -0.12226685432329344,
        0.048680167100313414,
        -0.0034381839574365567,
        -0.07487163964182378,
        0.10047264487700425,
        -0.13158715945150154,
        0.09258844505209907,
        -0.1065459227915898,
        0.01612428000470357,
        0.11583119937810055,
        -0.06273726437935383,
        -0.10797059239263927,
        0.022908084437501114,
        -0.1013136708481272,
        0.052581429870492365,
        0.03374531287147263,
        0.11294943044858398,
        0.07980038743006632,
        0.07698666220567789,
        0.02048015103294432,
        0.002634031202114702,
        0.13234681439034404
    ]
}