{
    "dataset": 1975,
    "last_cost_avg": 0.14488879509140506,
    "statevector_real": [
        -0.05232053729192672,
        0.17051803540147215,
        -0.13831698723154587,
        -0.12197382296487871,
        -0.16060036089577365,
        -0.023729309801391357,
        0.016958422108413716,
        -0.13541767370491628,
        -0.08858867077270864,
        -0.241972812542487,
        0.019872456926163053,
        -0.09964047032901618,
        0.11912475478115113,
        0.01626791078071587,
        0.029530525567976657,
        -0.019892730417712334,
        -0.04234746727198886,
        -0.1539874939346689,
        0.16275231969948875,
        0.1675924748113033,
        0.1872435155907877,
        0.01085001911601332,
        -0.005581103593335406,
        0.018905337244244733,
        -0.050303879566737195,
        -0.008726627124761644,
        0.223284678365839,
        -0.2512605987471732,
        0.15278370616423265,
        -0.002609779089036227,
        0.039771099516272355,
        0.12078159069019932
    ],
    "statevector_imag": [
        0.03347645782173093,
        -0.14392842358866567,
        -0.09584120946259456,
        -0.16207835861489053,
        -0.2510241244148792,
        -0.06831920018809959,
        -0.2374489762074381,
        -0.06745863473053366,
        -0.123704280352927,
        -0.012033273141707662,
        0.2728359609632227,
        0.09498730480754178,
        0.07525993519227876,
        -0.29424923545077786,
        -0.15436835695103654,
        0.0024931569555323584,
        0.12121650933901297,
        -0.09780349259858304,
        0.14976893578954756,
        0.06268191984108504,
        -0.17702853715766495,
        0.010830257959328111,
        -0.010933798141142004,
        -0.02838537837774934,
        -0.058631938423282216,
        -0.006234629754168117,
        -0.06786712100998546,
        -0.058493803980906346,
        0.07080503845501164,
        0.01076703825000871,
        -0.06452490624159818,
        0.14593025281373734
    ]
}