{
    "dataset": 0,
    "circuit_id": 7,
    "layer": 1,
    "num_params": 29,
    "expr": 0.1829593106971633,
    "entcap": 0.23459065672671459,
    "num_iter": 81,
    "last_cost_avg": 0.12752914428710938,
    "accuracy": 0.859375
}