{
    "dataset": 3475,
    "last_cost_avg": 0.09744513742001656,
    "statevector_real": [
        -0.01583445050841415,
        0.18032299857946588,
        -0.07604456973313646,
        0.036500151244869994,
        -0.22072585320029184,
        -0.18434597875006492,
        0.10098589457359998,
        -0.11078168881631045,
        -0.09406273011428368,
        -0.16520087991227644,
        0.0061064392910309085,
        0.16950042225860085,
        0.04726547889681272,
        0.046878925566477034,
        0.043246217590742084,
        0.0639067225793149,
        -0.14892907735177627,
        0.07274444843135607,
        0.16211507544399476,
        -0.01482861139437749,
        0.19635885372878015,
        -0.057300282596776456,
        -0.1611309297292678,
        0.09289097187147378,
        -0.12022798359632965,
        0.005379887678477108,
        0.0277379162162428,
        0.006871635601255851,
        0.2089904884939612,
        -0.08238243453921021,
        -0.14871552904726626,
        0.0009123028610223611
    ],
    "statevector_imag": [
        0.2138186783327278,
        0.08738291581015985,
        0.11061382683228303,
        0.10491489984571793,
        0.052347975496595,
        -0.008793756728523585,
        0.2901792875090662,
        0.11468202530480687,
        -0.12330273782809852,
        0.09470567282412719,
        0.16365651565627826,
        0.20408946665310093,
        0.14879332125449898,
        0.07326088731962614,
        -0.10803911968007525,
        -0.14509740630471665,
        0.17430484837848217,
        0.032269560782055985,
        -0.04221817728518534,
        -0.00953923631468029,
        -0.05540863978867559,
        -0.02604328536763772,
        -0.15320321983158502,
        0.039143190801154436,
        0.1350008071886765,
        0.10935947021084312,
        0.12298101251985899,
        -0.1135216266372731,
        -0.03958186518155658,
        0.13950915620357554,
        0.19010618981085822,
        0.2331065282370395
    ]
}