{
    "dataset": 0,
    "circuit_id": 6,
    "layer": 8,
    "num_params": 432,
    "expr": 0.0035468595134462147,
    "entcap": 0.9530814852296612,
    "num_iter": 88,
    "last_cost_avg": 0.040050506591796875
}