{
    "dataset": 0,
    "circuit_id": 18,
    "layer": 6,
    "num_params": 108,
    "expr": 0.011094530733740364,
    "entcap": 0.7671489299437345,
    "num_iter": 1024,
    "last_cost_avg": 0.10647196679321505
}