{
    "dataset": 3100,
    "last_cost_avg": 0.10529670508489854,
    "statevector_real": [
        0.006711307087622721,
        -0.008818952735109974,
        0.1435906309988423,
        0.1420417660876328,
        0.021835893925866677,
        0.1566696413596042,
        0.1718558394090015,
        0.07242880776485042,
        0.010966506210620414,
        0.00847952548965664,
        -0.17319535951793716,
        0.1511416254366061,
        0.11633175472160504,
        -0.011599317333686151,
        0.10117141357684765,
        0.27271402390785904,
        -0.10637219168536255,
        -0.06503492623756472,
        -0.03457353926118932,
        0.12499733788871933,
        -0.2265819320333369,
        -0.2095653872251343,
        -0.010351708997322195,
        0.13429975865901922,
        -0.1477109669613312,
        0.07341341956601233,
        0.15654546996952462,
        0.0009682014585236376,
        0.21403560111867323,
        -0.11170962725266488,
        0.0550087267864745,
        0.11525284577564414
    ],
    "statevector_imag": [
        -0.17819212645882582,
        -0.22239947991852133,
        -0.04600460315348722,
        -0.04789813336475087,
        0.000624647493089364,
        0.10291477838928313,
        0.04446017876660362,
        0.011161334555379798,
        -0.16277255026595683,
        0.16940644642257244,
        0.029308915430842655,
        0.013779365428299342,
        0.01298689458887526,
        -0.1793648554334076,
        0.15388976071418084,
        -0.05903407546484662,
        -0.17717637246622905,
        -0.20808887291245062,
        0.21523271276005249,
        -0.13141998853260278,
        0.02906425533031114,
        0.03683311704626562,
        -0.003346431657536475,
        -0.14493511517476085,
        -0.11965548882554344,
        -0.15271084167823218,
        0.09585410644558486,
        -0.1571926655798927,
        -0.020429915430513684,
        0.104252619409767,
        0.1284914545117454,
        -0.03138698356537076
    ]
}