{
    "dataset": 3342,
    "last_cost_avg": 0.09290674819651701,
    "statevector_real": [
        0.17138705574560817,
        -0.06127574061699239,
        0.134841528091737,
        -0.09779746048353559,
        0.15918496738875754,
        -0.16724356712857386,
        0.061469982967586344,
        0.06267099630659703,
        0.14773348641270104,
        0.11885508187844294,
        -0.026424421619667144,
        0.1055000748855631,
        -0.04797198612705553,
        -0.103314991234705,
        0.07482879374124167,
        -0.0003000452941737375,
        0.061529502592791246,
        -0.024517993729863127,
        0.1697747131666203,
        -0.03968584522487693,
        0.09746411658447292,
        0.06600410032873813,
        0.09944410669272248,
        0.192953536319687,
        0.28327736495432965,
        0.1436017536707137,
        0.03489909838151123,
        -0.11718135464792642,
        0.2415598509085736,
        -0.1555957602400086,
        -0.10795194106979958,
        0.05169834537699865
    ],
    "statevector_imag": [
        0.03866399195597286,
        0.02731146818918381,
        -0.1736656323959195,
        -0.028860123266192136,
        0.019841303412786636,
        0.12836945851280523,
        0.14433814060176914,
        0.12236008730865873,
        0.0860676245192386,
        0.17734596316054324,
        0.10080048010414346,
        -0.16454703109596155,
        0.1468693680508746,
        0.08058737153039049,
        -0.19725644614703605,
        0.012474174872647114,
        0.24736033260542017,
        0.19275451825893286,
        0.10917843290678786,
        0.08432050310624267,
        0.19795606658168874,
        -0.09153564993457707,
        -0.02191464939455942,
        0.05976346558240162,
        -0.09371443243386562,
        -0.06249198899677577,
        -0.2228825816713596,
        -0.024779732415207048,
        -0.004206698016985446,
        0.17153078401734503,
        -0.02223452742463066,
        -0.11067203997778624
    ]
}