{
    "dataset": 13,
    "last_cost_avg": 0.08558600644917873,
    "alpha": [
        0.04685903093701627,
        0.0002471836280109119,
        0.04431274717568203,
        0.03493665634798076,
        0.013510419392759362,
        0.024725503550734246,
        0.0020059196288291655,
        0.025062786301045217,
        0.052896866137209446,
        0.010611606116998438,
        0.09242952375538065,
        0.01734630774033832,
        0.03471029563183148,
        0.020218749182783463,
        0.025934038620742273,
        0.00014279579892810393,
        0.036468879910055346,
        0.020221372562976594,
        0.07804054795287119,
        0.03970953103639677,
        0.0873278611851946,
        0.0075650351185883435,
        0.07292159405360146,
        0.03306835809219903,
        0.024209293672159102,
        3.312730332403404e-05,
        1.3545185329430911e-05,
        0.03719002745342589,
        0.025533745523049472,
        0.05477740355154,
        0.0012460236643988022,
        0.035723223788619855
    ]
}