{
    "dataset": 768,
    "last_cost_avg": 0.07974752941048785,
    "statevector_real": [
        -0.18156384348779095,
        0.14444952414396212,
        -0.09493746776392677,
        0.10629017388812685,
        0.04844129993317925,
        -0.08136623355761263,
        0.1068627436803496,
        -0.040376130256069905,
        -0.01704868731264176,
        -0.0484480108145946,
        0.17001506862682425,
        -0.13287666828531416,
        0.13181090075490737,
        -0.18453648004999976,
        -0.12105678930265418,
        0.006550276195694561,
        0.0035203347896872873,
        0.028802266926329072,
        0.1641375445502699,
        -0.0598620271376593,
        -0.06567935690029997,
        -0.08307567004751874,
        -0.009130295446666627,
        0.16869637965599713,
        -0.07460612361017925,
        -0.04844693942300048,
        -0.02560785576982634,
        0.1313927263210204,
        0.082543420381762,
        -0.006674577071216719,
        -0.0570144418570134,
        0.04042807912474739,
        0.1024490204585582,
        -0.15523480976244994,
        -0.046639064538405224,
        0.03168327365396153,
        0.10659546440230183,
        -0.09656525809723034,
        0.061650351234011476,
        0.08136074178644834,
        -0.008559791696278733,
        0.04005300669234395,
        -0.0431366921359425,
        0.01011810858143928,
        -0.14529362534953927,
        -0.008984610184227972,
        -0.021400534534166134,
        0.05224245948364802,
        -0.11330502781545711,
        -0.04265618000892054,
        0.049703530814844604,
        0.0793610624747635,
        -0.03348850156618063,
        0.05881377066040296,
        0.12295753028647385,
        0.04877609563778898,
        0.06118080606210436,
        0.1737077372734319,
        0.008810301390305525,
        0.1309273941555523,
        0.040434481209901486,
        0.07525697881332859,
        -0.09787486562494195,
        -0.07493808084209526
    ],
    "statevector_imag": [
        0.0076404022513492,
        0.05234944692572161,
        -0.11022143903915052,
        0.057224017985765964,
        -0.027480548394455868,
        -0.15045915587206643,
        0.03998183132278956,
        0.026195320355407403,
        0.14402860580076446,
        -0.07711739955601823,
        0.0531299198304398,
        -0.041894016310288745,
        0.07673222542025915,
        -0.04707316359260407,
        -0.048295129704165246,
        -0.01671958351334563,
        -0.0791095882084776,
        -0.001976882943780795,
        0.005474607422649421,
        0.023601391575756317,
        0.09144530057728817,
        -0.13062649031707924,
        0.0017921364417992428,
        -0.018751738277413613,
        -0.05294388557281457,
        0.12529875746194544,
        -0.020031971880127616,
        -0.006391666300042977,
        -0.0764523885583005,
        -0.027311345527000996,
        0.05816180885860927,
        -0.03155920132268248,
        0.05252075692609025,
        0.05563950653017792,
        0.15143851038067022,
        0.15300713969021634,
        0.08256844937692186,
        -0.011705289478564362,
        0.0614224982387759,
        -0.09608686803403932,
        -0.07973806989718622,
        0.04100850188360893,
        0.062103730856418404,
        0.19657666476069985,
        -0.08887791607257929,
        0.0011831603059375693,
        -0.1078543113342251,
        0.019238683004672553,
        -0.10663029955678209,
        0.09887751890701238,
        -0.1490954237882295,
        0.033084478430767734,
        0.14696307971561662,
        -0.09878498355314268,
        0.10989253410579217,
        0.042676046070602394,
        -0.02336052458944468,
        0.06503274038946188,
        -0.007307542251882805,
        0.0984370953910587,
        0.13688720905491225,
        0.13412066239209425,
        0.15748067656372067,
        0.08355661415693325
    ]
}