{
    "dataset": 3530,
    "last_cost_avg": 0.08509737631851327,
    "statevector_real": [
        -0.09748103149840714,
        0.08616752362468136,
        0.19106207644705128,
        0.2774549891767156,
        0.1190251344146399,
        0.005561478763503329,
        0.11562945325158053,
        0.21717446715600902,
        0.17558941573353717,
        0.007905162622762732,
        0.1652687544542034,
        0.005691988214200519,
        -0.1086029805312998,
        -0.13800174943405383,
        0.12851697572319584,
        0.056860402501007996,
        0.07279478613950176,
        0.029344223257234136,
        0.049409545860504514,
        -0.07595271036566342,
        0.27054951077686307,
        0.03656882264062662,
        0.03475568234375283,
        -0.025903751769056644,
        -0.04104130019150254,
        -0.1496417606081596,
        0.053925529038015355,
        0.023183285451078974,
        -0.11441767450912843,
        0.18516625654358723,
        0.03414965572530454,
        -0.05939482996090702
    ],
    "statevector_imag": [
        0.2007614142666416,
        0.013324671725161255,
        0.11609931851239652,
        0.08714142241853533,
        0.0859944769381915,
        -0.013680817747446722,
        -0.09239317590852568,
        0.021570003282746927,
        0.22484970144958058,
        0.060804845570783805,
        -0.1820732878164137,
        0.19967244954999008,
        -0.006414604458716907,
        -0.0548334320993569,
        -0.19557947309220963,
        -0.023992339404601482,
        -0.16056897512460871,
        0.13508867021740212,
        -0.09388041786198927,
        0.09549363718341274,
        -0.030599708504089846,
        -0.23548398350829003,
        0.22296299177000187,
        -0.005979495103200692,
        0.01542418110199705,
        0.08078936076953867,
        -0.16464550451418483,
        -0.00667131719127541,
        0.14932337042455232,
        0.1596641105801873,
        0.05146540483643539,
        0.12609812007809673
    ]
}