{
    "dataset": 0,
    "circuit_id": 2,
    "layer": 1,
    "num_params": 14,
    "expr": 0.22228859328918232,
    "entcap": 0.747125065951164,
    "num_iter": 1024,
    "last_cost_avg": 0.08554115399762527
}