{
    "dataset": 1441,
    "last_cost_avg": 0.063322468037111,
    "statevector_real": [
        -0.09795814367761771,
        -0.11735929557113203,
        -0.02331187489561124,
        -0.0843962889725947,
        0.09391219362025097,
        -0.054928522376956924,
        -0.03417778555147221,
        0.14754328489736349,
        -0.0842552102112565,
        0.028738719420662952,
        -0.061898493002128074,
        0.11892317875225657,
        -0.03018657396282422,
        0.006259344464985521,
        -0.16534611544924493,
        0.07550384828730079,
        0.09434362814133745,
        -0.021099555006583327,
        0.030090177149871437,
        -0.07291980027578264,
        0.07402383536296826,
        0.04077959730062464,
        -0.1744331402713182,
        -0.103786111403414,
        0.08859798990160474,
        -0.11331780247962404,
        -0.11147711582907122,
        -0.07629818460181627,
        0.090834171859782,
        0.13806140014721655,
        0.0038510201722112233,
        0.061844863666034706,
        0.03394402212237075,
        -0.06565102220980429,
        -0.12624485629893,
        -0.07340727582890771,
        0.05856644780480275,
        -0.15576201266893142,
        0.015294022242944105,
        0.030830194454907405,
        0.21201506036009996,
        0.006303598472909469,
        0.13952492419732196,
        -0.05329711925806529,
        -0.08835114076465223,
        0.09928026213327482,
        0.20850170950379976,
        0.012733532806458073,
        0.06672663337601949,
        0.003474676927019194,
        0.09291444252012401,
        0.02276319553015427,
        -0.112888877417815,
        -0.011417172856326893,
        -0.0002007389869085291,
        -0.02978092105461223,
        0.05818551755916784,
        0.10202207557351967,
        0.01791525236106952,
        0.08466748568040453,
        0.13240538325927856,
        0.11560527222697076,
        0.010536478155592985,
        -0.010487559430626498
    ],
    "statevector_imag": [
        0.045311368477906455,
        0.06242749920917153,
        0.0481751254623062,
        -0.19374511199177813,
        -0.0327665697653937,
        -0.07649753050138582,
        0.06396033345782219,
        0.07910017372801825,
        -0.00743926554889411,
        -0.013333778949844204,
        -0.01000718773789284,
        0.14473574771839146,
        -0.03217508065188018,
        -0.0038714709254565063,
        0.0002976748141259968,
        -0.026263714344945233,
        -0.1280416223649441,
        0.14208516707775626,
        -0.12208671624267062,
        0.08392917075955007,
        0.0034092685565051423,
        0.14159571070545798,
        0.017410923934112452,
        -0.10262065196481504,
        0.12034358569026496,
        0.052198948443488075,
        -0.021124257674738606,
        -0.09874104775196695,
        0.04700047753783341,
        -0.050393071922832065,
        -0.035534151888700106,
        -0.0015381235172744398,
        -0.008960189856629313,
        -2.0416915377436433e-05,
        -0.13363861206633024,
        0.03656024354543371,
        0.00043366979434382376,
        0.050017901595901255,
        0.0020319459230408485,
        0.1359640739820778,
        -0.08821238533047018,
        0.03736952473607632,
        0.005181846262092485,
        0.03561863606229388,
        -0.01541288485530899,
        -0.12296629082587009,
        0.004909991797207933,
        -0.04090815314126565,
        -0.2220000517959715,
        0.07463688060660967,
        0.03975603145972209,
        0.17666171384514573,
        0.014973594358566867,
        -0.060543439726307775,
        0.0018971068524039323,
        -0.04969603198123246,
        -0.01717053845265163,
        -0.1249670236110767,
        -0.18574494031471267,
        0.1274322355879979,
        0.07999559464421387,
        -0.08192206521777154,
        0.0920278954367657,
        0.13145052092823928
    ]
}