{
    "dataset": 1010,
    "last_cost_avg": 0.11077146490923458,
    "statevector_real": [
        0.08284337989578006,
        0.2720563361625396,
        0.02474850306348355,
        -0.19525809713921435,
        0.14762563804333462,
        -0.08250197210359476,
        -0.18141050490125607,
        -0.061020603469176884,
        -0.024090704027578985,
        0.09263166282340653,
        0.1395355591076778,
        -0.2506141974576301,
        0.0013101289229954939,
        -0.10212325671383277,
        0.054122884390856746,
        0.003759200028872233,
        0.11509012156401775,
        0.02156977701098607,
        -0.16917232623559342,
        0.16164632294490314,
        -0.05735399833942955,
        -0.0351371724388966,
        0.1175819112314179,
        0.12921492441243929,
        0.145685397968637,
        0.22480913342179396,
        -0.028570516080729243,
        0.05982889688381003,
        -0.12448983363113157,
        -0.18541943939983815,
        0.0009437000751624079,
        -0.17797854741632974
    ],
    "statevector_imag": [
        0.05845792238808356,
        -0.03463703441398186,
        -0.10028646726321172,
        0.1730091481591079,
        -0.1992467284831846,
        -0.19571241627672367,
        0.035609653661713786,
        -0.11950628816293765,
        -0.18393332653678982,
        0.18135953761351561,
        0.03907594444098271,
        -0.025404279235696027,
        -0.13075623313964152,
        0.0710438651550652,
        0.04788502778255326,
        0.005320398380531023,
        -0.09557498741080733,
        -0.23113005989337973,
        0.0011252304517012477,
        -0.07890659984209022,
        -0.14725538051177864,
        -0.06984390940050238,
        -0.11228239701998906,
        0.09268145680244876,
        0.04201920772021346,
        0.0516105844822923,
        -0.022296444767843218,
        -0.1886854791321323,
        0.1574994359489899,
        -0.0025940941697869934,
        0.1877366363251754,
        0.021648659539788572
    ]
}