{
    "dataset": 808,
    "last_cost_avg": 0.09340404404470237,
    "statevector_real": [
        -0.037038321881427486,
        -0.02000969315714779,
        -0.11871202123697383,
        0.059999035032296415,
        0.11302584980597592,
        0.006442970252881253,
        0.23652848374517713,
        -0.09348812254969091,
        -0.13179052605660857,
        -0.021581372743282676,
        0.16602000629085817,
        -0.21179249487650392,
        0.06798962632467702,
        0.01562020048629587,
        0.05814830873479881,
        -0.006701272873070195,
        -0.09174945813242778,
        0.09361920871805356,
        -0.04746786737608614,
        0.0916171565831244,
        0.02951682133504307,
        -0.07041877747861613,
        -0.15183061926902103,
        0.0025484733021017996,
        -0.17751581567959354,
        0.17413338260673714,
        -0.20909415186544905,
        -0.1449516920559632,
        0.11263736142841228,
        -0.11496482261159638,
        -0.08839025831933571,
        -0.24534955674395903
    ],
    "statevector_imag": [
        0.04763601187648102,
        0.24391641993704163,
        -0.14944243354135317,
        0.12970463798801543,
        -0.11032468285251829,
        0.16041793464987597,
        -0.05603170382085622,
        0.0632560361932984,
        0.010803792735346021,
        -0.10950895886573465,
        0.003531459648889094,
        -0.10619404389616985,
        -0.05564909633987291,
        -0.05039254365704383,
        -0.1680964270429829,
        0.007937739805637922,
        -0.15438970026127774,
        -0.03955047031544915,
        -0.21882258326130324,
        0.03320134751622856,
        -0.11253577038207442,
        -0.1541120753830472,
        0.16355288026694578,
        -0.25016241824021923,
        -0.10709051339683413,
        0.056793237049793,
        0.022710412414429997,
        0.20599819273362738,
        0.1814384387975317,
        -0.010547583616129683,
        -0.17746086548717746,
        0.040846944817915
    ]
}