{
    "dataset": 0,
    "circuit_id": 15,
    "layer": 4,
    "num_params": 24,
    "expr": 0.07009585582616447,
    "entcap": 0.891160154825325,
    "num_iter": 111,
    "last_cost_avg": 0.09682846069335938
}