{
    "dataset": 3701,
    "last_cost_avg": 0.08954021090102833,
    "statevector_real": [
        0.05875635615228846,
        0.13447128588163573,
        0.02296236855634766,
        -0.18971041864316526,
        -0.0389110310845247,
        0.05766434439043214,
        -0.12632812464772675,
        0.11132670755403731,
        -0.02787683004920388,
        -0.18450871579601144,
        0.0494164168830102,
        -0.1460015695186341,
        0.013920927580481789,
        0.17907699501439572,
        0.12506593462053872,
        0.18255570332278723,
        -0.06020115668445683,
        0.16704882861872214,
        0.007903065544520846,
        0.18092528467128122,
        -0.05339171340936907,
        0.11815024111482117,
        0.08162247890881937,
        0.002089577432242803,
        0.027561204164159792,
        0.11661473483809982,
        -0.09873027766993434,
        0.07277258708946169,
        -0.10553014730273903,
        0.20948231052264296,
        -0.181413672718327,
        0.2429964482944504
    ],
    "statevector_imag": [
        0.18535975033601218,
        -0.12716537873187164,
        0.05979102018570424,
        0.18805956119805992,
        0.026139268033147305,
        0.1021202898592463,
        -0.0401448683024416,
        -0.21878673519563444,
        0.15686306045269005,
        -0.09470921180952017,
        -0.07364805967229571,
        0.1516974292053456,
        0.2235913919815822,
        0.018101927099332546,
        -0.07009131314228292,
        -0.018717916793253866,
        0.19048030949596323,
        -0.041047127940304226,
        0.07781864406541081,
        -0.11575628832302005,
        -0.009524591657121863,
        -0.1628346201218599,
        0.04527190054040788,
        0.09611711372629653,
        0.06331115328844054,
        0.13904188309482632,
        -0.22095524687909476,
        0.1871021139946284,
        -0.1598012042433764,
        -0.011828037535352926,
        0.09456328466313972,
        -0.0014059359263153997
    ]
}