{
    "dataset": 2330,
    "last_cost_avg": 0.12641525288376165,
    "statevector_real": [
        0.14515705133840748,
        -0.11930218070612929,
        0.18060625157703,
        0.013960798605404732,
        0.1240546435194653,
        0.2599899902973287,
        0.20963030541545483,
        -0.03814902664660099,
        0.10853528677498121,
        0.15544669421073012,
        0.16782920707999477,
        -0.17996561204986058,
        0.17296301750192122,
        -0.007725077519459492,
        0.011169426708554413,
        0.17773207116305503,
        -0.09666685566457732,
        0.1075033661607917,
        0.05425275602894205,
        0.1780631300580215,
        -0.11699291647982074,
        -0.03584547492255491,
        0.10502370998978461,
        -0.1784509052837924,
        0.00983672265773618,
        -0.20034683724218372,
        0.19877517670981043,
        -0.007631646795798726,
        -0.004943569174904156,
        0.027877699366035177,
        -0.23717754071944377,
        0.1471881818453793
    ],
    "statevector_imag": [
        0.09118374499741341,
        0.23072993817559145,
        -0.1362983294599124,
        0.18091444655530906,
        -0.12190138968403748,
        0.07340649635598008,
        0.019922076563785196,
        -0.2520909534125492,
        0.023068980796110423,
        -0.07411455747774473,
        0.07250102228940289,
        -0.13121258797654514,
        0.11439519278237514,
        -0.023703433711664168,
        -0.11184172824118029,
        -0.08107954005385049,
        0.04506655178066251,
        -0.024171852910301772,
        -0.06779819652907376,
        0.02210363360703005,
        0.1623100678005235,
        0.15988874975357148,
        0.04339536888799897,
        0.047493281435207015,
        0.11043210721008892,
        -0.01628212247560978,
        0.04537825218258903,
        0.19057140468314465,
        -0.004981099326696594,
        0.008897384492623912,
        -0.005864781355647797,
        -0.01956195932006758
    ]
}