{
    "dataset": 903,
    "last_cost_avg": 0.07780730642383721,
    "statevector_real": [
        0.005825543501950956,
        0.1010575998138347,
        -0.08484210698566673,
        -0.20516590800917206,
        -0.055253633937094405,
        0.057937991458358706,
        -0.08578299752665952,
        -0.19770071368793787,
        -0.14735653055816478,
        0.0757889248027672,
        0.11763752834058515,
        0.08144794169720691,
        -0.0931974648570876,
        -0.1219967193853026,
        0.08237439073264172,
        0.022059439293284702,
        -0.1924095383887858,
        -0.10336597748622477,
        -0.21159147209625329,
        -0.17765205199306852,
        0.18020324933952206,
        -0.026651224651238703,
        0.08744959969735294,
        0.00902246763673745,
        -0.05778751665931108,
        -0.14633769767077517,
        0.100312873566064,
        0.022780534953403764,
        -0.0401856003192238,
        -0.05389709395399025,
        -0.2011496932969281,
        -0.1144338626293503
    ],
    "statevector_imag": [
        0.004578803030353714,
        -0.1581562231209615,
        0.08652280451574645,
        0.17268504504602888,
        0.18854687252141153,
        0.14685881986648394,
        0.23006800381838252,
        0.052336914215614296,
        0.035534519243573225,
        -0.005553647169415078,
        0.015034973761588919,
        0.12171614762566273,
        0.2261886003017723,
        -0.194881504407798,
        -0.17156894592118793,
        0.17547203728824928,
        -0.08250084813736519,
        0.2713424418490372,
        0.02609977933157901,
        -0.0018249698173422603,
        -0.01903973666254674,
        -0.14639788061498626,
        0.13382226241091616,
        0.002435945323861235,
        0.053470339026645886,
        -0.046863739343411176,
        -0.24077595175701705,
        0.02160261291368461,
        0.05244221063103418,
        0.10201440091675307,
        0.04929249397738727,
        0.09867776079651593
    ]
}