{
    "dataset": 0,
    "circuit_id": 4,
    "layer": 6,
    "num_params": 102,
    "expr": 0.0133196909737919,
    "entcap": 0.778723855016994,
    "num_iter": 1024,
    "last_cost_avg": 0.05834197998046875
}