{"f": [-0.00628662109375, 0.00042724609375, 0.04449462890625, 0.0361328125, 0.08673095703125, 0.0194091796875, 0.0369873046875, -0.01812744140625, -0.0218505859375, -0.02362060546875, 0.00543212890625, 0.04632568359375, 0.01605224609375, 0.00592041015625, 0.075927734375, 0.09002685546875, -0.00177001953125, 0.0565185546875, -0.0233154296875, 0.0550537109375, 0.02093505859375, 0.012451171875, 0.0478515625, 0.01373291015625, 0.01495361328125, 0.075927734375, 0.04876708984375, 0.03912353515625, 0.01153564453125, 0.01910400390625, 0.007080078125, 0.0596923828125, 0.02557373046875, 0.00592041015625, 0.0750732421875, -0.0084228515625, -0.004150390625, -0.010986328125, -0.02581787109375, 0.04150390625, 0.010009765625, 0.0126953125, 0.04937744140625, 0.0001220703125, 0.05145263671875, 0.00482177734375, 0.06304931640625, 0.022705078125, -0.02117919921875, 0.0240478515625, -0.01220703125, 0.00384521484375, 0.01959228515625, 0.08660888671875, 0.0166015625, 0.02587890625, 0.0684814453125, 0.0618896484375, -0.0032958984375, 0.0618896484375, 0.02081298828125, 0.0159912109375, 0.01641845703125, 0.00933837890625], "accuracy": 0.453125}