{
    "dataset": 0,
    "circuit_id": 5,
    "layer": 1,
    "num_params": 54,
    "expr": 0.07602587045547894,
    "entcap": 0.3846496337344643,
    "num_iter": 1024,
    "last_cost_avg": 0.11993738617263895
}