{
    "dataset": 1409,
    "last_cost_avg": 0.11265094103068954,
    "statevector_real": [
        0.20566425752730702,
        0.10871962036371507,
        0.0548265994779501,
        0.0010673682812647142,
        -0.11517577758710067,
        0.13755690316780403,
        0.1536252139891224,
        -0.15492641307787827,
        0.09453050733337824,
        0.00228317484126569,
        -0.04256525046504111,
        0.024827344868924368,
        0.1074017882050505,
        -0.12896056898937425,
        0.11785230224188734,
        -0.08100542885469825,
        -0.11851550029622968,
        0.10612316133413834,
        0.06156798598136745,
        0.1539778803015073,
        -0.05434303338371935,
        0.025745509387597496,
        -0.2306812471664782,
        -0.19919933707820944,
        0.04893905332198646,
        0.08295317808944691,
        -0.013138117242447163,
        -0.1991176587286491,
        0.018242867867386596,
        -0.1511322706561473,
        0.16969588052104845,
        0.15472582465042942
    ],
    "statevector_imag": [
        -0.1119868992317567,
        0.15633304849220128,
        -0.15958899054872203,
        0.007630405518703011,
        0.23740104491227657,
        -0.004461327003974051,
        0.021615832484353836,
        0.1042872974851017,
        -0.040020516264081006,
        -0.056581494273423,
        -0.05728852998520436,
        0.11561019538626786,
        0.057800992816889954,
        0.057973595814264756,
        -0.13188349829247578,
        0.1836830918595723,
        -0.0570630115808648,
        -0.06680336943320384,
        -0.23038917637582088,
        0.2091649159935441,
        0.1403032595204869,
        -0.1132170505309674,
        -0.11524647931524988,
        -0.10981604274766195,
        -0.16073388686371506,
        -0.10815108773291221,
        0.01887861860418128,
        0.24063863782967013,
        -0.013019853586983243,
        -0.20166231736671647,
        -0.13179472941189535,
        -0.053503524202380796
    ]
}