{
    "dataset": 0,
    "circuit_id": 13,
    "layer": 5,
    "num_params": 60,
    "expr": 0.018914398762070753,
    "entcap": 0.7094873223125011,
    "num_iter": 47,
    "last_cost_avg": 0.14340972900390625,
    "accuracy": 0.9375
}