{
    "dataset": 556,
    "last_cost_avg": 0.09818908927577102,
    "statevector_real": [
        -0.11469700929669574,
        -0.005445148080956122,
        -0.013380587851617231,
        0.11225771126422827,
        -0.07111691439616832,
        -0.003195550181789242,
        -0.11510880991036532,
        0.1288192391697088,
        0.14013057852277425,
        0.0314809820833492,
        -0.040246121084416844,
        0.009039267320338863,
        -0.08904177975334698,
        -0.10770850893705516,
        -0.10030846091039469,
        -0.06188411519635743,
        -0.059856251064941225,
        -0.0065804118790693126,
        0.056671347348663345,
        0.058432900524579265,
        0.012376402556835284,
        -0.018387277461390596,
        0.08823132749544187,
        0.05913616303239548,
        -0.08668036089093777,
        0.08110841223986358,
        0.06786800140301855,
        -0.024468614105042193,
        -0.02142744137609946,
        0.01964562227181027,
        0.12529908470552986,
        0.11525303303676342,
        0.055198598347688116,
        0.02276569021606412,
        0.06139918972657245,
        -0.11885809935997071,
        -0.06655017160550832,
        -0.063789866478525,
        -0.1886366380013979,
        -0.0503486013888071,
        0.055795059926464934,
        -0.1863248989154148,
        0.01166656911274562,
        -0.11605349789380776,
        -0.011523076217649314,
        -0.15788640701567808,
        -0.011998999957124612,
        -0.06565067451008044,
        -0.1662742179328559,
        -0.16561318197438554,
        0.017834428772953204,
        -0.11094066418205144,
        -0.006514976782471671,
        -0.04038305353355513,
        0.00468528907262397,
        0.05033600706142981,
        -0.09089320380568079,
        -0.05733842474110007,
        -0.06777503569540416,
        0.08850651784364309,
        0.0366043826283736,
        -0.20762108701785392,
        -0.10003041190763624,
        -0.17378600133712546
    ],
    "statevector_imag": [
        -0.06315234634203583,
        -0.007797174401359539,
        -0.009950686898982672,
        -0.12694249694045182,
        -0.06270956364015434,
        0.09251548767256804,
        -0.026561542929102816,
        0.01406910712262126,
        0.08725414741634356,
        0.033506789601769255,
        -0.0364523041801573,
        -0.016793447263224383,
        -0.14837513863708182,
        -0.03835436644032228,
        -0.058368143069130025,
        0.17374781158539035,
        0.050666908626502874,
        -0.17375803305678558,
        0.044317007696828024,
        0.14052195410029053,
        0.007523341009222291,
        -0.11306967485029389,
        0.06315048540572257,
        0.06607429053931632,
        0.17127848917045715,
        -0.004765443638134743,
        0.005254643711303951,
        -0.1599314131061805,
        0.004254701043015164,
        -0.02692507660903675,
        -0.08580082924443307,
        -0.002331746385828199,
        0.0777138462448596,
        0.08402147507952219,
        -0.18768862001601994,
        -0.02700704158071882,
        0.06606561230897419,
        -0.17035851201995356,
        0.06964501592004173,
        -0.12970769225085016,
        0.06704742959037271,
        0.004869130127214921,
        -0.10758554798303721,
        -0.06319671446505984,
        -0.007157955123664473,
        0.11158459282668617,
        -0.102701179476283,
        -0.031186435205454645,
        -0.11171507400318244,
        -0.0694979252760203,
        -0.07190411433025241,
        -0.10237507653053589,
        0.017929846803537094,
        0.0062120207250973515,
        -0.015071884430780202,
        0.14879901903792064,
        -0.0684624033777854,
        0.07939730123247143,
        0.051037785881286865,
        -0.049210809568082006,
        0.07176337752602795,
        -0.017982221884386005,
        0.11969717850143219,
        -0.05543847391299563
    ]
}