{
    "dataset": 1888,
    "last_cost_avg": 0.13278307589364505,
    "statevector_real": [
        0.02448443245682336,
        -0.19450651581474696,
        -0.07596115920894964,
        -0.059754512658823915,
        -0.14071415451271232,
        0.004547525708043099,
        0.19948206526101328,
        -0.3095204390140084,
        0.02418547273517942,
        0.1301468589919992,
        -0.06685469437415383,
        -0.006378479449810871,
        -0.034072671648020546,
        0.010141543874411752,
        0.013046037376390039,
        -0.0032255653571321816,
        -0.008001203795320874,
        0.07336885324902999,
        0.0016425112939805965,
        -0.26852029249610626,
        -0.008335107656863823,
        -0.016968487524006343,
        -0.04219772482429081,
        0.013913269653505077,
        0.1658768041638023,
        -0.0060093254975676965,
        -0.0485258459756619,
        -0.12113099950345457,
        -0.02040609052762073,
        -0.24695205398667763,
        0.07548165290055858,
        0.13687307589297432
    ],
    "statevector_imag": [
        -0.2515589081193323,
        -0.03268145966575143,
        -0.1994527360685953,
        -0.2245952014818845,
        -0.1886234305947415,
        -0.008328167504814828,
        -0.056864320045197016,
        0.09171175967804229,
        -0.1226789430881578,
        0.18836106457988305,
        -0.3012926624453235,
        0.061427926291393126,
        -0.05700711432218991,
        0.01658237109131702,
        -0.007372444070706365,
        -0.2591294910141565,
        0.09969316019483808,
        0.045370573097242566,
        -0.002556812615130451,
        -0.13337655437182874,
        0.022324358189083324,
        -0.09510033553898073,
        -0.12492713535101868,
        -0.04896197126922543,
        -0.1348225322449691,
        0.010427091082565858,
        -0.12949189928962113,
        -0.16817480490796127,
        0.04637311355141252,
        0.11296666392624732,
        0.09431632935621903,
        0.029607735398120786
    ]
}