{"f": [0.01776123046875, -0.05780029296875, -0.10955810546875, -0.08343505859375, -0.03802490234375, 0.0369873046875, -0.0546875, -0.03466796875, -0.03662109375, 0.01446533203125, -0.05078125, -0.1036376953125, -0.0172119140625, -0.04840087890625, -0.1065673828125, -0.05078125, -0.01202392578125, -0.10943603515625, -0.02606201171875, -0.1064453125, -0.03741455078125, -0.03717041015625, -0.0633544921875, -0.009521484375, -0.021484375, -0.07891845703125, -0.08624267578125, -0.0518798828125, 0.02813720703125, -0.05841064453125, -0.00140380859375, -0.08441162109375, -0.04571533203125, -0.0513916015625, -0.022216796875, -0.0308837890625, 0.02703857421875, 0.038818359375, -0.01123046875, -0.01226806640625, -0.0572509765625, 0.02252197265625, -0.0487060546875, -0.018798828125, -0.07891845703125, -0.01702880859375, -0.07501220703125, 6.103515625e-05, -0.033447265625, -0.0224609375, -0.03106689453125, -0.02752685546875, 0.01263427734375, -0.06353759765625, -0.08245849609375, 0.0308837890625, -0.07965087890625, -0.0283203125, -0.06951904296875, -0.04681396484375, -0.0631103515625, -0.01336669921875, -0.00665283203125, -0.0281982421875], "accuracy": 0.59375}