{
    "dataset": 0,
    "circuit_id": 10,
    "layer": 1,
    "num_params": 12,
    "expr": 0.2943119262409987,
    "entcap": 0.37250308675669297,
    "num_iter": 149,
    "last_cost_avg": 0.1162567138671875,
    "accuracy": 0.90625
}