{
    "dataset": 3283,
    "last_cost_avg": 0.10513514576963634,
    "statevector_real": [
        -0.09809568964612238,
        0.04356444713647416,
        0.06266988642410169,
        0.054441363890578486,
        -0.06735877818972594,
        0.12049156194977795,
        0.16752915906271812,
        -0.07006528094230612,
        -0.0468079214732617,
        0.21646637847536776,
        -0.011173096797546115,
        0.045328139990407974,
        0.03574774710693777,
        0.09857539083460357,
        -0.0060696191608085445,
        0.0544518872361377,
        0.06079104465114021,
        -0.15276634877044962,
        0.3283079295617249,
        0.0629038674175072,
        -0.09659311990302798,
        0.043911479849666125,
        -0.08952441896896207,
        -0.18160002438334844,
        0.16144942467363296,
        0.006852852828044349,
        -0.07973492472492606,
        0.06225380829246366,
        0.11427469961594058,
        -0.0038226120491062386,
        -0.029115189656463165,
        0.05096238638645692
    ],
    "statevector_imag": [
        -0.042611903160506386,
        0.3054440021485113,
        0.16963151691092818,
        0.21357481030617645,
        -0.005184654406598985,
        -0.1119032618399345,
        0.04659009798252539,
        -0.1946406263218568,
        0.1999348629924628,
        0.16496228338350033,
        -0.005984494716652517,
        -0.14743010619329425,
        0.05436710223180186,
        0.08940071239577321,
        0.0026180004600533384,
        0.08800475329397342,
        0.16561601595868297,
        -0.18560707426227852,
        -0.025039274257769382,
        -0.041350940011139994,
        -0.22789736450766218,
        -0.0776044419278058,
        0.17643650398946123,
        0.05255874718338458,
        0.14380350800403002,
        -0.025625978707803775,
        0.1087743728831507,
        0.14874495124300763,
        0.05585328438123555,
        0.02306693752256271,
        -0.03386593938094352,
        -0.27297935026062387
    ]
}