{
    "dataset": 1168,
    "last_cost_avg": 0.11478089205667397,
    "statevector_real": [
        0.10362354871767031,
        -0.2600713921206276,
        -0.06872277100014611,
        0.0357562054108549,
        0.15043983123461765,
        0.19244184700331446,
        0.07441630013075667,
        -0.20803561435461754,
        -0.19261479505504822,
        -0.08513871018026667,
        0.013093956276787791,
        0.11737109578131408,
        0.03493796164818119,
        -0.14686139565287673,
        -0.24875966005426597,
        0.1515824850174625,
        0.12236058021297065,
        -0.1558489160715683,
        0.24353552327769243,
        -0.11540273221180872,
        -0.11153844332195907,
        0.03484096195318303,
        0.17260562589307718,
        0.10658363380314854,
        0.016567665760000728,
        -0.15085586560816247,
        -0.005131728142063231,
        -0.020623851163007856,
        0.11449125083994657,
        -0.16525817487925,
        0.16131621771526866,
        -0.17505834932536946
    ],
    "statevector_imag": [
        0.034128113146709,
        -0.08255748282003601,
        -0.012677161020248911,
        0.14552453791465716,
        -0.13092890391340584,
        -0.05814929642877525,
        -0.11043337518798851,
        0.06358007689282945,
        0.11497944374048873,
        -0.07469301889259614,
        -0.11677220555584729,
        -0.10582348666699315,
        -0.09011683520162918,
        0.0439154079331249,
        -0.09930452318388468,
        0.07468583817074888,
        -0.17058011067426043,
        0.04800997853044661,
        -0.008768634500211566,
        0.0726545237690088,
        0.1807044816502845,
        -0.12852166965210032,
        0.07821001065308866,
        0.19768212748179634,
        -0.09089253769095276,
        -0.14537121317891427,
        -0.0070698519602822585,
        0.00763036817929965,
        -0.10800606057506759,
        -0.20079459215762743,
        -0.07748300682956057,
        -0.01062664639296694
    ]
}