{
    "dataset": 0,
    "circuit_id": 6,
    "layer": 7,
    "num_params": 378,
    "expr": 0.002487193401767995,
    "entcap": 0.9543756603861205,
    "num_iter": 80,
    "last_cost_avg": 0.022693634033203125
}