{
    "dataset": 2682,
    "last_cost_avg": 0.09183350760945687,
    "statevector_real": [
        -0.1395586128747509,
        0.0007527953531598833,
        -0.18920233889392185,
        -0.2254340955533154,
        -0.01891438881756414,
        -0.1285249027970364,
        0.0616762050841598,
        -0.07119577033830787,
        -0.06902067386707951,
        0.16721674501821607,
        -0.043653773508357405,
        -0.2377979204495211,
        -0.25213077563698844,
        0.13456642306334418,
        -0.17110632696809497,
        0.2058662558309002,
        -0.10450005142207447,
        0.07711329884255518,
        -0.10509906388322857,
        0.0836249788253923,
        -0.004279572775568692,
        -0.07729334191412286,
        -0.025924746321335224,
        -0.06167992817259434,
        -0.10240844587894318,
        0.231725937301303,
        -0.1719450380535235,
        0.21788943646131723,
        0.081344919023852,
        0.19458370422725388,
        -0.05874199737400626,
        -0.13817925368750092
    ],
    "statevector_imag": [
        0.027570631420662663,
        0.03494767898600844,
        0.09133337787299066,
        0.06949894714049333,
        -0.1813347855996476,
        -0.042317438862796534,
        0.10654803647729319,
        0.06587814545959068,
        0.13299642683245233,
        0.07525570311921298,
        0.14079313510079425,
        0.055099586701515185,
        0.11902625634605823,
        0.14189612096230048,
        -0.19965928416709577,
        0.03632779711426268,
        0.16343356060757372,
        -0.16606793103575077,
        -0.1370468799858054,
        -0.13917227621968997,
        0.0060169265188747215,
        -0.06318327732582488,
        0.08302484369066321,
        0.0982365072426924,
        -0.17197530325799043,
        -0.025213321555697533,
        -0.03556429273549788,
        -0.06699816456300316,
        -0.03339480796617132,
        0.12018149856767403,
        0.04213918762040045,
        0.12841774508025167
    ]
}