{
    "dataset": 185,
    "last_cost_avg": 0.08966152512837373,
    "statevector_real": [
        0.04541362473547287,
        -0.011732805191027266,
        0.18246920573996275,
        -0.0031019537200520746,
        -0.006719055722154852,
        -0.035632188191659586,
        0.18580816856667062,
        -0.015641999383067155,
        -0.010816175904777242,
        -0.1691300380135227,
        0.07945695439741257,
        -0.0016873604885559487,
        0.009618041708128309,
        0.03146463128798654,
        -0.15985045262742292,
        -0.07471116980688201,
        0.01142512634403124,
        -0.08613951914073839,
        0.04387378897772435,
        0.20427104796394902,
        -0.10863597586124693,
        -0.04319294491696789,
        -0.07773260370680868,
        -0.07000231056095135,
        0.12836934713593057,
        -0.13933778939818484,
        -0.0693713257913363,
        0.10503323130413916,
        0.012907744176826302,
        -0.0860635448158551,
        0.10030880677186045,
        0.166220636983812,
        0.0702003888338269,
        0.033288190063775765,
        0.10827734047422927,
        0.0009430276746441842,
        0.06156034280216029,
        -0.03122527927412725,
        -0.12904358198044089,
        0.05298454441121955,
        -0.0019311682994424771,
        0.09999218475416773,
        0.03219284178385864,
        0.08226473168843842,
        0.007493068947567466,
        -0.023127529961960307,
        0.04156342296423985,
        0.0015286168398500294,
        -0.1495624492205782,
        -0.15375878186948355,
        -0.12594904321198477,
        -0.06683481862330974,
        0.13381774047037118,
        0.05194669629796423,
        0.11891101371988486,
        0.05359004765862023,
        -0.04037681224290322,
        -0.002531720359783145,
        0.05490777396248047,
        0.09868150373060298,
        0.07677203851155695,
        -0.030407118039388375,
        -0.01881498806235132,
        0.12687672396562474
    ],
    "statevector_imag": [
        0.19262480478426303,
        0.04529606775309526,
        -0.0005050586177405279,
        0.17232621757535055,
        0.01873116023283409,
        0.18265401670976847,
        0.07334149979099297,
        -0.0028752786177016617,
        0.046169593322075764,
        -0.035391026425906434,
        -0.004458881550147163,
        -0.07815947727720018,
        -0.04876164563850104,
        0.10551906576497813,
        -0.025135240637564112,
        0.10033842361396673,
        -0.014503797610968348,
        0.03558879084019645,
        -0.03565129680118248,
        0.09545210984019101,
        -0.054661044749037956,
        0.06762836202221588,
        0.11309305008633322,
        -0.11130188239250602,
        0.0399000554961392,
        -0.07136846126725091,
        0.07834701514934689,
        -0.02574084781283393,
        -0.10623743137419532,
        0.06609704042326792,
        -0.04502565500622305,
        0.04997851698387998,
        -0.13500729114353557,
        0.1377336985463905,
        -0.14300894241049647,
        -0.1275623963874101,
        -0.024693924130789767,
        -0.0013908504010354602,
        0.10679133795644988,
        0.023560600669909514,
        -0.020471886785686656,
        0.039756441666052474,
        -0.051694321867103626,
        0.11598848335520073,
        -0.031543451398476974,
        -0.06299467918982316,
        -0.04253491720470491,
        0.16147596884253904,
        -0.054262813720424075,
        0.13058728553374893,
        -0.054300761235460494,
        0.17071026322667263,
        0.016892941902047143,
        0.015174602523665412,
        -0.0046623513528280215,
        0.02301039915802166,
        -0.051056072617045034,
        0.05755991178354578,
        -0.12158286457361145,
        -0.12130407920645755,
        0.11964806719760367,
        -0.08457242858003343,
        0.08035437955171974,
        -0.10347275754969387
    ]
}