{
    "dataset": 993,
    "last_cost_avg": 0.0929616840865012,
    "alpha": [
        0.05383336480752266,
        0.015649703895800744,
        0.037979263198568446,
        3.839796613174634e-05,
        0.0038742708518930678,
        0.038378290348590145,
        0.012042093371268728,
        0.02198151733224065,
        0.03601704991130779,
        0.007653637202329112,
        0.08132650832037781,
        0.031233671204062098,
        0.0003381316842098595,
        0.02680857639651742,
        0.037652684724952604,
        0.006102376395747751,
        0.0006753125088255344,
        0.0164292119854011,
        0.07138264413517244,
        0.048985247882419945,
        0.07093843139207466,
        0.014224678572370409,
        0.04713803541260124,
        0.04185666547746266,
        0.030962874907268286,
        0.023923077294131224,
        0.04311044460682048,
        0.03352401448338196,
        0.015820467863317197,
        0.06476886777994047,
        0.04129082228434048,
        0.024059665802951328
    ]
}