{
    "dataset": 1412,
    "last_cost_avg": 0.09448379359988618,
    "statevector_real": [
        0.21196533860350947,
        -0.13295659366004878,
        -0.1394961951532536,
        0.04410927087575329,
        0.018556872680668062,
        -0.12582342712104003,
        0.13764689756587306,
        0.08265843305721386,
        -0.1775367056505713,
        0.1163961773858617,
        0.23984044765944318,
        -0.11904540986411173,
        0.18436256738625748,
        0.020729418710111025,
        0.007101028349772876,
        0.24184454177923054,
        0.12798224442058984,
        0.18437342806731516,
        0.15072906394794033,
        -0.05062985978312709,
        -0.06111003581875016,
        -0.09305634997437587,
        0.20421278817340457,
        -0.17899985424940193,
        -0.18759659976913284,
        -0.039263807222425735,
        0.05087159686983953,
        0.03195759932596185,
        -0.06018369877794426,
        0.04248297081770827,
        0.20911975198663327,
        -0.10690836136146022
    ],
    "statevector_imag": [
        -0.06743546154795538,
        -0.1728065457504965,
        -0.0722430730480925,
        0.1666128830320667,
        -0.049610765327627815,
        0.05332877119861785,
        -0.10591773832557877,
        0.015246288086670475,
        -0.04553432186782807,
        -0.016271241800109942,
        0.0675576236583339,
        0.16005129675415145,
        0.0848656302274506,
        0.18125356032321013,
        0.1491034320210326,
        -0.08927406632884381,
        -0.0780241414744615,
        -0.015005423818806925,
        -0.1251928195687766,
        0.1429536690395583,
        0.19864714335660041,
        0.07337184368212751,
        -0.06548579865661969,
        -0.020130136722251397,
        0.036828364929792266,
        -0.10240052946743959,
        0.2928876199808569,
        -0.11721591764193344,
        0.05802008612426881,
        0.051927602550482614,
        0.06967040671381153,
        -0.02066147827104073
    ]
}