{"grad_exp": -2.5378089164846113e-05, "grad_var": 2.2586568107447824e-08, "grad_results_00": [-4.701585654428783e-05, -8.593936144723775e-05, -0.00016793828274660246, -0.00017867368903764017, -1.941646641327472e-05, 0.0001218824921585095, -3.4022766337535836e-05, 1.883108653903242e-05, -0.00031357505568616224, -8.610509426859071e-05, 5.323547593241024e-05, 5.145754373774188e-06, -0.0003011482282115046, 0.00020717057963783297, -0.00017859547212385404, 0.00022501710371912193, -0.00024311520142823034, 6.42497613255813e-05, 5.3819115612342705e-05, 5.2316423983372017e-05, -1.5138756520246231e-05, 8.355615870776767e-05, 0.00011685677147236628, -0.00012705611672080355, -0.00035218229843271553, 6.928455632222632e-05, -0.00010527811314798522, -0.00014931205187225342, -8.736265527048599e-05, -0.00018878213677599696, -0.00010191088730149723, -0.0001080216763576329, -4.978376158916095e-05, -0.000142818505344134, -0.0001004007600152023, -0.00010655320959782836, -0.00020541479827987635, 0.00012714704478782902, 0.00019301199688298836, 0.0001882930541851624, 0.00037504734355907517, -0.00025436917879774045, -6.376132824803277e-05, -1.909098154672089e-05, -0.0002017095799319588, -0.00016591058908178597, -0.0001904709371914788, -0.000236780172091609, -2.2152908056799134e-05, 7.766036195287328e-05, -0.00017369220357541827, -0.000128599275057391, -5.1105415435981696e-05, 0.00018227720250852536, -0.00032507989003841865, -4.020478349788664e-05, 0.00020250041156759553, -0.0001354149437547119, 5.037646391474124e-05, -0.0001935945400675888, 1.4857138553358955e-05, 6.17385138381157e-05, -2.3085606803825015e-05, 2.8457664671827955e-05, 4.108148839023634e-06, 8.492239025582882e-06, -0.00013098343244982887, 0.0001339498664843534, 9.310877146158185e-05, -0.00012579224501820842, -3.9466262835191265e-05, 6.094923459373184e-05, -8.604559856238876e-05, -7.183812010296432e-05, 4.4191892716536826e-05, 0.0002454226337529654, -0.0001555292437164027, -8.988309880004174e-05, 5.208869088923606e-05, 6.994490264042134e-05, 0.00011786023837121514, 0.00025363030269160564, -9.847002790487006e-05, 0.00013895914852222416, -0.00015952420876794333, -1.341725274819558e-05, 0.00012187553811174225, 8.163643411188311e-05, 0.0002668540536963984, -0.00019862317120560372, 5.902655688290459e-07, 1.3138589602907508e-05, 9.878147780283814e-05, -3.925978759990352e-05, -0.0002721528370851923, 0.0002315067813471964, -0.00021980209148108124, 0.00017700631399232905, 0.00022661667143297672, -0.00012988267542071719], "sample_size": 100}