{
    "dataset": 0,
    "circuit_id": 2,
    "layer": 1,
    "num_params": 12,
    "expr": 0.30857337935881646,
    "entcap": 0.7220221298474514,
    "num_iter": 147,
    "last_cost_avg": 0.1456451416015625,
    "accuracy": 0.890625
}