{
    "dataset": 295,
    "last_cost_avg": 0.06371882139747581,
    "statevector_real": [
        0.031250238757612056,
        -0.1845176267967354,
        0.08866827958150159,
        0.006398233203234389,
        0.15473795450205297,
        -0.18443999065034236,
        -0.0009987790652099548,
        0.10339467652738239,
        -0.02663068364422339,
        -0.07519574105375468,
        0.001730154618838755,
        0.1064536998918008,
        0.03868621936698396,
        -0.014685322378256246,
        0.14833077501225694,
        0.057208685913753325,
        0.06021311718659123,
        -0.24999228907173138,
        -0.28046829154193015,
        0.2592215441974591,
        -0.013546186685018908,
        0.11075552532988077,
        -0.11915633404702303,
        -0.1269144716150545,
        0.021448708422804868,
        -0.04434725201108616,
        0.13732070897244067,
        -0.01108302076759355,
        -0.0878193952699602,
        -0.102758650443648,
        -0.01511218253202068,
        -0.157387646733555
    ],
    "statevector_imag": [
        -0.25779359063908036,
        -0.03488045888981305,
        0.0712958500829523,
        0.005170882923784892,
        0.16625545872173525,
        0.06475222726556813,
        0.01254814838415231,
        0.03599419196110789,
        -0.09959188245552988,
        0.11950117790961261,
        0.0945006316600509,
        0.09139063081335538,
        -0.20027218669269958,
        0.001544830977857438,
        0.32526419398406814,
        -0.12025010909302528,
        -0.053055705249972746,
        0.10033803729726881,
        -0.013065516286891156,
        -0.14938407700987796,
        0.151977496239743,
        0.11241926149445018,
        0.055798943246460335,
        0.09864874722426475,
        0.09627003994559104,
        0.2055626323938986,
        -0.13317917553497577,
        -0.018177178730969645,
        -0.09346210383923242,
        0.05028444569630259,
        -0.2178755181430668,
        -0.0642379357710782
    ]
}