{
    "dataset": 1404,
    "last_cost_avg": 0.08969610082557178,
    "statevector_real": [
        -0.11756022548806822,
        0.039910170739158604,
        0.008697711503162842,
        0.0041001066575456,
        -0.02518100598037135,
        -0.02079093526888751,
        -0.14268682135745975,
        0.04778159393698084,
        -0.09969263867739787,
        0.17165832222990995,
        -0.1646694826228947,
        0.110185698427769,
        0.10680179186180094,
        -0.015604614493730455,
        -0.01669564910755841,
        0.06097379225057848,
        0.02009567863224303,
        -0.052696468206717625,
        0.13249739046708708,
        0.026252505535732176,
        0.04624753742988204,
        0.025802459823150593,
        0.0714633765430799,
        0.009253101746637954,
        -0.12874873321163435,
        -0.03340705093906937,
        -0.029930828131393923,
        -0.09637161652467367,
        0.0065855196999297224,
        -0.13309887694705347,
        -0.012216816388276486,
        0.04629182467688948,
        0.018683633211168824,
        0.08150475123341544,
        0.10004230588258005,
        -0.08684162398963385,
        -0.005944169796660116,
        -0.09142967006278792,
        0.008666088761844399,
        0.10168710864449435,
        0.006449085556290651,
        0.022771221642358834,
        0.007962371250090047,
        0.06606595310727696,
        0.13053653268073084,
        0.10466127264893181,
        0.1018349758518251,
        -0.06421958916596557,
        -0.15575517898334823,
        0.07285428132637596,
        0.024557045718478235,
        0.202487286083863,
        0.0983023186916604,
        0.06294179960202395,
        0.017649562081530706,
        0.08389622284847471,
        0.14451979366489442,
        0.1557263687484546,
        0.10528324746566238,
        -0.09494691706811599,
        0.13426639663640463,
        -0.0023782468535090036,
        -0.07291225023396719,
        -0.015133741729441185
    ],
    "statevector_imag": [
        0.11423670147260773,
        -0.07985266793223984,
        -0.11516331683909607,
        0.016248244349670902,
        0.03416354300238564,
        0.054963695763122225,
        -0.020253106886286492,
        0.06523769693358357,
        -0.03583574837825478,
        0.12933977998070592,
        -0.05946063569798644,
        -0.137305188381077,
        0.03782673323552914,
        0.02540191356341456,
        0.0034449887361624664,
        -0.15368387051917973,
        0.09937492846000608,
        -0.09207180715312202,
        -0.14211961533116005,
        0.04084493649707341,
        0.1119629785726757,
        -0.16666039607768993,
        -0.0040681782687488266,
        -0.0010909712130935363,
        -0.07510308704854186,
        -0.11010511359164935,
        0.056302667692758386,
        -0.049783662128835685,
        -0.008083068778208113,
        0.08144520896075497,
        0.15504781505737472,
        0.09562382380512956,
        0.03312146094719317,
        -0.1335713713494974,
        0.08024273187182213,
        -0.07652206723348423,
        -0.0025327445794405593,
        0.11556795408557778,
        -0.09524503241396641,
        0.08917789931751338,
        -0.1929570730275812,
        -0.07890540305769726,
        0.212865174743623,
        0.04674725123576742,
        -0.0981736585817846,
        0.030716138370811445,
        0.021976320984093405,
        0.1518513362053466,
        0.0586478051756117,
        -0.0812921594141159,
        0.011520961706576406,
        -0.06884777406952251,
        0.08673293810468505,
        0.056158857268506945,
        0.061347537764763364,
        -0.1031291001420022,
        0.08114869527646568,
        0.03329181178124042,
        0.06492542143148676,
        0.09252561755412823,
        0.019539470255372275,
        0.01574498265742119,
        -0.1331120611524751,
        0.008180954207167107
    ]
}