{
    "dataset": 327,
    "last_cost_avg": 0.09787957662211554,
    "alpha": [
        0.049754615547004735,
        0.00022979956452733063,
        0.017684993937067864,
        0.0005082588188718096,
        0.019902806436897156,
        0.0285581291495272,
        0.0289663225717681,
        0.028814591929662754,
        0.05589553440862262,
        0.023408036632723075,
        0.07192569598578391,
        0.008670982202472702,
        0.02973292609227407,
        0.05202236669464129,
        0.018651865605924595,
        0.007599405303588631,
        0.0246458653153655,
        0.05170678628636035,
        0.03974290349760099,
        0.033625636320338534,
        0.0537663275859543,
        0.003676495468250164,
        0.04620286746264944,
        0.038123137067376606,
        0.045180910516911255,
        0.010022446056437649,
        0.01003009051501902,
        0.030471141798218478,
        0.034523658917695266,
        0.0651387232373644,
        0.04023626737793496,
        0.030580411695165344
    ]
}