{
    "dataset": 0,
    "circuit_id": 2,
    "layer": 5,
    "num_params": 60,
    "expr": 0.004587149248236205,
    "entcap": 0.9300583235377421,
    "num_iter": 156,
    "last_cost_avg": 0.09166336059570312,
    "accuracy": 0.796875
}