{
    "dataset": 3198,
    "last_cost_avg": 0.08704135982242799,
    "statevector_real": [
        -0.18599450043689994,
        0.1922951507649883,
        -0.01795971336282783,
        -0.05588698963407316,
        -0.08031548243888621,
        0.019763545129294013,
        -0.11544627938210701,
        0.08715831907373153,
        -0.17631927608764464,
        -0.13924588804579946,
        -0.16456097232087277,
        -0.10437912785462529,
        -0.0653281603586801,
        -0.15340938481598587,
        0.15514122892031082,
        -0.09399912940228604,
        0.11850203530121162,
        -0.14543750330469493,
        -0.22515540696102818,
        -0.005795757140246345,
        -0.10990249457447018,
        -0.03786487574555823,
        -0.11541301114435497,
        0.02842715650274511,
        0.06087664428628782,
        -0.14125757562870792,
        0.05649221250057116,
        0.20832572421305007,
        -0.09412009103242391,
        -0.10613280641529338,
        -0.016012023917369028,
        -0.07629371430697911
    ],
    "statevector_imag": [
        0.014571894709544031,
        0.12742002940652783,
        -0.07299766151464968,
        -0.24445871042039732,
        0.08600109871506494,
        -0.009909785786870778,
        -0.19444593317006134,
        -0.06426301023004283,
        0.14417354070419064,
        0.0008907926699212897,
        -0.0992068026724059,
        0.12074618717687201,
        0.18432908014309757,
        0.10922353728616419,
        0.019729978634942632,
        0.04578305428433525,
        0.08939047239952264,
        -0.12930787159376192,
        -0.005374475691380417,
        -0.008675410939254068,
        -0.058190161534341873,
        -0.24690236542105878,
        -0.042093312471523106,
        -0.23457471625863507,
        -0.06536118470396435,
        -0.046526267028933393,
        0.24731074973283537,
        0.0728827797000141,
        0.14450719767049422,
        0.1302458209180848,
        0.19695966865907444,
        0.1340205434963633
    ]
}