{
    "dataset": 1266,
    "last_cost_avg": 0.06557000899091096,
    "statevector_real": [
        0.06596558202514613,
        0.12129122559313767,
        0.047079649278786447,
        0.028755723875012566,
        -0.09758932931551029,
        0.08499341349281908,
        -0.06606193496412902,
        0.048689157565692656,
        -0.12343646487665882,
        0.1731105946349128,
        0.11118229449602139,
        -0.037273381299448086,
        -0.013513396106111982,
        -0.20238144177317222,
        -0.09385885280033077,
        -0.14873803464653518,
        -0.014457759455243628,
        0.06766329225791477,
        0.06580966031220375,
        0.17321416021664646,
        -0.023024984276439564,
        0.17508855201701815,
        -0.0655167474792807,
        -0.08201086839144145,
        0.02906379858795333,
        0.10443258810712779,
        -0.013509780468324028,
        -0.12654162605645386,
        -0.11454100077344463,
        0.08876347880035579,
        0.09580609447503041,
        0.18093727546238028,
        0.0450786968713521,
        -0.08184204009104355,
        0.1127533849097626,
        -0.06771648525990498,
        -0.1505446084923194,
        -0.017388903671025746,
        0.07700186313287519,
        -0.10574633175613314,
        0.05603224448777916,
        0.011906517217455257,
        -0.009058137045701095,
        0.014795426374806821,
        0.09075004062572871,
        -0.12839215376233307,
        0.1181460959067672,
        -0.0240751958882542,
        -0.06293913761417701,
        -0.02536892118674492,
        0.06829214073603433,
        -0.07217696432680233,
        0.05651564015982957,
        0.08509869074153245,
        -0.18127994110593643,
        0.15558261442272828,
        0.017082728206427047,
        0.1380095476460232,
        -0.10859477913300522,
        -0.03402586841208995,
        0.15044972438649246,
        -0.03167092640200445,
        0.1289270827366607,
        -0.14493016140333895
    ],
    "statevector_imag": [
        -0.02344622869598378,
        0.07305076864909192,
        0.12135113986428792,
        0.010101377146847102,
        0.14667896349183365,
        -0.04686077270788644,
        -0.08498084240369953,
        0.15043798975129113,
        -0.057136935842044476,
        0.04244275992316998,
        -0.07831084022586765,
        0.0465536163177551,
        -0.029842350384057432,
        -0.08355329677238872,
        0.0776375006072916,
        -0.0532973200513151,
        -0.08712480240197429,
        0.03261672318685871,
        0.00453358651147787,
        -0.02706568041941067,
        0.04762769685916004,
        0.043354993323084255,
        0.03770862511817003,
        -0.10813623812790812,
        -0.04801795155437151,
        -0.010124213130305875,
        -0.006102716393771544,
        0.029571603359479705,
        -0.1126827498632979,
        -0.02438194628231197,
        0.03031870925592303,
        -0.08497691846396048,
        0.0568996153057753,
        0.07825598199973835,
        0.06330323952800358,
        0.0817684188257772,
        0.05154852464842741,
        -0.006653850920766133,
        -0.016737006370673022,
        0.10282205558629713,
        0.14445745972918994,
        0.015325757716026758,
        0.0081938376930762,
        0.022382091367789805,
        -0.1545931880387646,
        -0.07225909260569316,
        0.025069199087632263,
        -0.12995992026253805,
        -0.1018441887214285,
        0.008791688863951382,
        -0.04779724892043818,
        -0.03561565017854628,
        0.09913208598835856,
        -0.07555376831375506,
        0.03805557164276674,
        -0.03562692362629759,
        0.17360500148163685,
        0.07981140537804762,
        0.06800213552707277,
        -0.10825855618144756,
        0.10567897892940405,
        0.04869565580988644,
        0.03171182401625106,
        0.0966063040247413
    ]
}