{
    "dataset": 1072,
    "last_cost_avg": 0.10665392721102072,
    "statevector_real": [
        -0.25580176210501565,
        0.004222923538597033,
        0.12722093265222284,
        0.13425809750800424,
        -0.051521609707435634,
        0.04984195055562231,
        -0.1775788925398738,
        -0.08712735082086387,
        -0.039250982653375,
        0.10422209493264138,
        -0.19470269379438382,
        0.07749553309648578,
        -0.046821178934620906,
        0.052271707508753484,
        0.05850197949581183,
        -0.09979743225380171,
        -0.05704317726962931,
        -0.060385202907782765,
        -0.10347441836926564,
        -0.11000207963978723,
        -0.028069695704453293,
        0.2023545837574495,
        -0.017858804667650805,
        -0.08631146549842582,
        0.08748438879347696,
        0.05080558407205482,
        -0.022161626566732883,
        0.14843531652770656,
        0.04698500009317755,
        0.06349055570301003,
        -0.05227414244285374,
        -0.26295385745993893
    ],
    "statevector_imag": [
        0.05108894305128185,
        -0.014285122934710254,
        -0.15093956298865582,
        0.11722846253297094,
        0.17652654091648234,
        0.01850637202261072,
        0.20398178388545032,
        0.026017793548735204,
        -0.028381542750626203,
        0.120458475666249,
        -0.023183350598340976,
        -0.018864141253529372,
        -0.19419333201732672,
        0.27524796259915996,
        -0.11783657516001678,
        0.07209394673123376,
        0.1567889439599216,
        -0.03464880007544105,
        0.21013439289940739,
        -0.04139791295428919,
        -0.13430804689423775,
        0.0762076271745259,
        0.021966475966470174,
        -0.22653642130218118,
        0.16459987160764475,
        -0.02659291557644646,
        -0.1770443961998267,
        -0.16783390981553792,
        0.23186802770559292,
        0.2009250363985844,
        0.0006599999967799802,
        0.02684179966352393
    ]
}