{
    "dataset": 4080,
    "last_cost_avg": 0.11168424287151575,
    "statevector_real": [
        -0.04882970720104159,
        -0.19448647233619415,
        -0.06976296966397247,
        -0.0030508638915087358,
        0.013460556681493388,
        -0.11445100033637132,
        0.1685717695931142,
        0.018270128338853407,
        -0.003808557908310636,
        -0.021681689841037355,
        -0.20593667014246977,
        0.20889919210387775,
        -0.20437915505851126,
        -0.18514738948108156,
        -0.014844490653975768,
        -0.18008978096244044,
        0.21448465381616896,
        0.12192668933278479,
        -0.08248268881836267,
        -0.05228658295685113,
        0.04850619477626785,
        -0.13393527682149672,
        -0.06359327964245888,
        0.13407755094738835,
        0.08191147501785025,
        -0.16288938623508714,
        -0.1663949607987173,
        0.15532316282532885,
        0.1472711890038438,
        -0.1795674177253025,
        -0.21147845041654448,
        0.03272297850055903
    ],
    "statevector_imag": [
        0.09662454957781245,
        0.015746484085007447,
        -0.16423892198385262,
        -0.004805234683775522,
        0.11550778432569793,
        0.03181830052136998,
        -0.09946489678534108,
        0.014942727347220894,
        -0.23153895501207386,
        0.007628773776244565,
        0.24525380843475922,
        0.056602714067021616,
        -0.02288574926658611,
        0.09981554563281764,
        0.0035755329027615155,
        -0.10498782747456177,
        -0.031159674174009933,
        0.059196079036118586,
        0.2302611721696236,
        -0.07524094068824416,
        0.15098411777519052,
        0.06701414680887277,
        -0.1205900997670003,
        0.15525272982123953,
        -0.1809775107346547,
        0.05649945052658097,
        0.033801671610512854,
        -0.03403674402490781,
        -0.06765705308240157,
        0.10743325985070523,
        0.05439279975070629,
        -0.18475974917966265
    ]
}