{
    "dataset": 1499,
    "last_cost_avg": 0.11199876252795889,
    "statevector_real": [
        -0.14211213051624694,
        0.11367016674441491,
        0.21786505136297296,
        -0.07742371625963208,
        -0.2297026212525357,
        0.0498249972793554,
        -0.21170468092173292,
        0.17632288319196526,
        -0.0060940697819358075,
        0.1641766116429067,
        -0.10212274881196892,
        -0.03433599002727501,
        -0.010569832832393966,
        -0.02381014547402121,
        0.00011230766171958912,
        -0.069011924739363,
        -0.07412450630459201,
        -0.08460954220342691,
        -0.07909912332690233,
        0.1004443416247403,
        -0.012872588716695181,
        0.10543669502691976,
        0.08030511952938478,
        0.0828359027501475,
        0.09988938044588364,
        0.01672799070293856,
        0.07710943081138298,
        0.05065183745291077,
        -0.09166937889735005,
        0.20455368671478083,
        0.09211007711383787,
        0.15097884570870565
    ],
    "statevector_imag": [
        0.24373684001320295,
        -0.21816897857957002,
        0.044848367094139474,
        -0.042238576166402204,
        0.07091985274810546,
        -0.17508138059432762,
        -0.14136001954313357,
        -0.07237573276586737,
        -0.0807890830568371,
        -0.10482008038698834,
        0.10825077970442229,
        0.21057724290044488,
        -0.17152572912531247,
        0.12162450375875948,
        0.007913753282179057,
        0.14420189815665108,
        0.09886335529952572,
        -0.052053715638693564,
        -0.2074788626260458,
        -0.10335175803360343,
        0.24951569677351745,
        0.13591860509526624,
        0.1584440130576686,
        -0.09681605231539267,
        0.04431526698843673,
        -0.01046353210940971,
        -0.23621123381693088,
        -0.024341442923284197,
        0.16295339248269008,
        0.048653989649434334,
        0.0390622159512805,
        -0.060511874028343834
    ]
}