{
    "dataset": 2684,
    "last_cost_avg": 0.07248876054482886,
    "statevector_real": [
        -0.003924416603620955,
        0.003821541697229661,
        -0.08021383613793853,
        0.10732890079035985,
        -0.13148640513621804,
        -0.16858877804204123,
        -0.009536713538512414,
        -0.0624244886820151,
        -0.14535058251067656,
        -0.08655232002663894,
        -0.019065280910597244,
        0.004934107279459745,
        -0.13447310892678754,
        -0.006122984256203514,
        -0.15831488749793957,
        0.1878120175696256,
        0.01755124447950621,
        -0.14024856942430328,
        0.1348572005760411,
        0.23586494400933067,
        -0.13472206141242618,
        0.02356545159052947,
        0.22516331925357655,
        0.2742330005007272,
        -0.10023867831863777,
        -0.16022436541340818,
        0.08552563735468308,
        -0.14996397529921385,
        0.12143556230786473,
        -0.17327462220234063,
        -0.027448948874495522,
        -0.0019486049229814268
    ],
    "statevector_imag": [
        0.011689910018281086,
        -0.12136833739312876,
        0.09160905307703847,
        -0.10458187196031753,
        -0.16968520775490353,
        -0.09528695402011705,
        -0.007966459027444158,
        -0.25670593933883074,
        0.07802681907905924,
        0.20654546048161812,
        -0.1596153895983748,
        0.0106331786245566,
        -0.006295304585414029,
        0.00744435662124006,
        -0.280343226849638,
        0.014500054335462776,
        0.12327169947844314,
        -0.1537898839039149,
        -0.12463100446746642,
        0.0750949323932598,
        -0.15145067745366006,
        0.1302079992052996,
        0.05015834629073486,
        0.0854708812079282,
        -0.00556521465590365,
        -0.06633898301709736,
        0.170611913078552,
        0.11627797329543989,
        -0.1431308839440139,
        0.023604246874495294,
        -0.07492497827028738,
        -0.026097418793668604
    ]
}