{"f": [0.08001708984375, 0.0745849609375, 0.05767822265625, 0.05059814453125, 0.03546142578125, 0.04541015625, 0.0765380859375, 0.041015625, 0.07647705078125, 0.003173828125, -0.01605224609375, 0.01080322265625, 0.1273193359375, 0.051513671875, 0.05963134765625, 0.0234375, 0.08941650390625, 0.04925537109375, 0.06964111328125, 0.0399169921875, 0.095947265625, 0.049560546875, -0.029052734375, 0.1007080078125, 0.029296875, 0.08013916015625, 0.09088134765625, 0.01275634765625, 0.05523681640625, 0.026123046875, 0.0748291015625, 0.0570068359375, 0.0550537109375, 0.0584716796875, 0.01507568359375, 0.08575439453125, 0.0465087890625, 0.08282470703125, 0.00201416015625, 0.04144287109375, 0.01544189453125, 0.1025390625, 0.0452880859375, -0.01593017578125, -0.02459716796875, 0.0672607421875, 0.05389404296875, 0.09429931640625, 0.07513427734375, 0.039306640625, 0.07427978515625, 0.0194091796875, 0.12115478515625, 0.0467529296875, 0.06817626953125, 0.0416259765625, -0.02203369140625, 0.02294921875, 0.076171875, 0.0177001953125, -0.028564453125, 0.05963134765625, 0.07318115234375, 0.09075927734375], "accuracy": 0.375}