{
    "dataset": 366,
    "last_cost_avg": 0.0726901589480895,
    "statevector_real": [
        0.019390842600684265,
        -0.10106394699602013,
        -0.1020572651294386,
        0.04103156551550943,
        0.13188300417993035,
        0.08397372665302813,
        0.08731391524262722,
        0.01996640240943133,
        -0.12304507323997778,
        -0.13012533254702893,
        -0.09725891766219434,
        0.047027547871369466,
        -0.07963525399035191,
        -0.00691657315945322,
        -0.04815670261737452,
        0.018133371931433738,
        -0.009007796123180666,
        0.02011246727273848,
        -0.1264851993685138,
        -0.11602583354092785,
        0.1501405632396885,
        0.00935614387679394,
        0.02887011519269918,
        0.07662903044432014,
        -0.00534132696307052,
        0.08059818039421598,
        -0.12430641084207805,
        -0.10945542492595407,
        0.05372390346411429,
        0.07949068615722647,
        0.008541983685930605,
        0.12738011499322427,
        0.07623263966596862,
        0.030865253579206397,
        0.022118205841735916,
        -0.0023560828714771593,
        0.023241070390570755,
        -0.0032197623544675705,
        0.22321118368829954,
        0.07617353864134434,
        -0.0010325959291646444,
        -0.01851729252466861,
        -0.07028412601569295,
        -0.1036212431570954,
        0.07741308733012232,
        0.1213270864821972,
        -0.10631037389866535,
        -0.03173454078079849,
        0.03993462346454402,
        0.08802703655649459,
        0.07486264483468975,
        0.04654530817499077,
        -0.0037905057475275694,
        0.03824986409621159,
        -0.023551662679987796,
        0.07585156858956552,
        0.12800031605726422,
        0.17911611975629466,
        0.04679384489619082,
        0.0011802051530580674,
        -0.03795818589136896,
        0.13128778319787562,
        0.2008215476070469,
        0.14434471604742388
    ],
    "statevector_imag": [
        0.008849866811392694,
        -0.08178523501918142,
        0.10865479355305986,
        0.0032027189153239132,
        -0.07029481450835559,
        0.18204820189516616,
        -0.17475417843458857,
        0.01841885991887719,
        -0.02217651589670359,
        0.03648364007138571,
        0.014119000492667582,
        0.16054581867474438,
        0.008350981953121197,
        0.09755446347942673,
        0.2023005169237742,
        0.034145967120553976,
        0.031116314492445063,
        -0.016450668066929516,
        -0.11087881588769978,
        0.007391105047575068,
        -0.10437693650742402,
        0.04938071139760008,
        0.11823365886372132,
        0.12410831429668395,
        0.11813134441469937,
        0.1283419148150888,
        0.044385499495053715,
        -0.17906711928428673,
        0.020045062343056523,
        -0.027731493055536682,
        0.05583778852254529,
        0.004197220539815311,
        0.07883093346679552,
        -0.12205709007067835,
        0.1288701070512176,
        0.02777649195493851,
        -0.0984662736483726,
        0.1114118853101969,
        0.02907429356359337,
        -0.07434127018208964,
        -0.01165235663114087,
        0.02964579934831602,
        -0.0576941191790853,
        -0.05222566375669429,
        0.08446970146603958,
        0.08288048820017026,
        0.1442205531971334,
        -0.04293613265260836,
        -0.04084960219296897,
        -0.06905951424615508,
        -0.08810557804161039,
        0.0021198707040346607,
        0.021124597049226364,
        -0.03415309332095108,
        0.019808060727444964,
        0.10038374855162148,
        -0.06493928081951565,
        0.04604465438095936,
        -0.1485100397056921,
        0.054939108157812694,
        -0.1574112729430094,
        -0.13449799852457378,
        -0.007408622905839623,
        0.045187222515789355
    ]
}