{"f": [0.00531005859375, -0.08709716796875, -0.03924560546875, -0.04351806640625, 0.0355224609375, 0.00628662109375, -0.0208740234375, -0.04229736328125, 0.016357421875, -0.04888916015625, -0.02685546875, -0.044189453125, -0.00347900390625, -0.022216796875, -0.03839111328125, 0.02459716796875, 0.0230712890625, -0.03033447265625, -0.01116943359375, -0.0234375, -0.01544189453125, -0.00830078125, -0.05828857421875, 0.0435791015625, -0.00421142578125, -0.01495361328125, 0.0189208984375, -0.0443115234375, 0.04058837890625, -0.037109375, 0.01519775390625, -0.0535888671875, -0.03662109375, -0.06671142578125, 0.0244140625, -0.022216796875, 0.0147705078125, 0.00341796875, -0.00732421875, 0.0240478515625, 0.0008544921875, 0.04962158203125, -0.02825927734375, -0.01654052734375, -0.06494140625, 0.03936767578125, -0.01788330078125, 0.03289794921875, 0.03546142578125, -0.00238037109375, 0.04730224609375, -0.08282470703125, 0.02410888671875, 0.0205078125, -0.08245849609375, 0.03997802734375, -0.0350341796875, 0.0062255859375, -0.0810546875, 0.0059814453125, -0.0389404296875, -0.03265380859375, 0.01708984375, -0.00372314453125], "accuracy": 0.5}