{
    "dataset": 131,
    "last_cost_avg": 0.09708179065247426,
    "statevector_real": [
        -0.007744731567820337,
        -0.05243269741071323,
        0.08638892674992886,
        0.06640027124744893,
        -0.1655373826864666,
        0.019965819361643516,
        -0.09102035298159739,
        0.1466005368996341,
        0.1339478274675308,
        0.006796436342161815,
        0.009222071693757168,
        -0.1332980258917916,
        -0.07298124277787173,
        0.01212536411635997,
        0.06783471955725551,
        -0.04193028080420707,
        0.019787384198495156,
        0.025656706146238818,
        -0.038626633356741207,
        0.08351311218538077,
        -0.0017520567672530305,
        0.02233345398162548,
        -0.10960282229953754,
        -0.05108141756652896,
        0.0719430947359068,
        0.14794598775416032,
        -0.11506443539329633,
        0.10979036443494357,
        0.09057263891184676,
        -0.06767957255569457,
        0.021470465948311167,
        -0.08120296514677147,
        0.15154518383610666,
        0.093655741540779,
        -0.051242788461826075,
        -0.06748488455888488,
        -0.10480128918482294,
        -0.02280980843068897,
        -0.013060417816856362,
        -0.12347496666203038,
        0.15205739951409336,
        0.10425356628913889,
        -0.05735810956819999,
        0.011902927469890983,
        0.0403378491153549,
        -0.15943777159776504,
        0.11603072696312922,
        -0.11946886095970219,
        0.12250775184232975,
        -0.0017159680993270175,
        0.08958297452624629,
        0.043618756013710354,
        0.014195304925997538,
        0.08121437006247641,
        0.044482815727305065,
        0.1729943322368713,
        0.002485023996220657,
        0.05231912098882429,
        -0.035288270407646954,
        0.04770753070575539,
        0.10344944686431973,
        -0.04795119630180146,
        0.14221050431546953,
        0.09234862843752509
    ],
    "statevector_imag": [
        -0.004229056129409208,
        0.03626328028497537,
        -0.07729690105423265,
        0.04538814852129348,
        -0.010158968906859774,
        -0.12316799496137952,
        0.03506320442344081,
        -0.09275241040286988,
        -0.05876532265823258,
        0.08637866676882962,
        0.14529577784809483,
        -0.040957483312480614,
        -0.04904259229764917,
        0.09668933800853911,
        0.2112675910446379,
        0.08162041847386949,
        -0.15606249267675879,
        0.11321165037364696,
        -0.031011722402097108,
        0.033146379641578586,
        -0.09874030273265219,
        -0.11006823036551996,
        -0.1055128879313304,
        0.2121669577402487,
        0.01996490354525733,
        -0.028589596217635866,
        -0.09052973815037867,
        -0.1148930030675962,
        -0.14736466785300054,
        -0.024312124309199226,
        0.012726644757603099,
        0.04277063827919945,
        -0.02323259967470853,
        -0.062307460948307865,
        -0.13867106496458814,
        0.1287408199575434,
        -0.1596215502365124,
        -0.11008530349269488,
        0.01728073880097321,
        0.010928478296759919,
        0.001019564682472758,
        -0.033975697645191656,
        0.08746354473586715,
        0.12680812495189003,
        -0.1491540422671734,
        0.009274128328427632,
        0.07457813599779908,
        -0.08542395572832076,
        -0.013724386095490213,
        -0.015429673677495773,
        -0.08123222929995755,
        -0.09451244986926033,
        0.024006174515494503,
        -0.14891987755265482,
        0.009679215870057146,
        0.04741602958942054,
        0.03889489134959626,
        0.04174655865977043,
        -0.120986213352268,
        -0.10125191868612275,
        0.013195021337319025,
        -0.058894836662469585,
        0.027379447111868474,
        0.07895855784974147
    ]
}