{
    "dataset": 2584,
    "last_cost_avg": 0.13334772269209583,
    "statevector_real": [
        -0.20397760797670014,
        0.02208080102631855,
        0.17258861486593643,
        0.12619779754475638,
        -0.12425666521157308,
        0.04281890568963909,
        0.017727434511806393,
        0.22788577797465862,
        -0.2533926101396823,
        0.005865356580700924,
        -0.012413861203613576,
        0.06459335508701057,
        0.21064944132940244,
        0.1377639023067636,
        0.04178430227766324,
        0.01814922383463885,
        0.21461545235823956,
        0.1433980930905291,
        0.2014399096829351,
        0.04848960116858596,
        0.10001127784766826,
        -0.053686671057456434,
        -0.008909192926348128,
        0.06596069409851686,
        0.019011910183559078,
        -0.04895282537178766,
        -0.023425363527976917,
        0.033248027817910385,
        0.05509865287682286,
        0.04814706231903443,
        -0.09918962488844005,
        -0.09767231696429315
    ],
    "statevector_imag": [
        0.09281727696721964,
        0.26927432733902235,
        0.05025620538186582,
        -0.1356366715446103,
        -0.1768611029980883,
        -0.03880578932178157,
        0.12003792474265673,
        -0.11456770143341247,
        0.03526326396843642,
        0.25265677277659027,
        0.07369648929814349,
        0.1140217471507198,
        -0.07024354259089147,
        -0.08040016830752612,
        0.08171500416409722,
        -0.08492090586846052,
        0.08955675463926814,
        0.1408881127778899,
        -0.010802633178405593,
        0.04306243634431589,
        0.011475320410742344,
        0.17371528407776454,
        0.012037168390063302,
        -0.006878996941338923,
        0.002305450432332156,
        0.08022220602484753,
        0.23494252241687746,
        0.11136900760956538,
        -0.183841407420729,
        -0.26122804206727734,
        0.061285581882203545,
        0.20328085757348988
    ]
}