{"f": [-0.10113525390625, 0.01812744140625, -0.02447509765625, 0.02056884765625, -0.04962158203125, -0.11236572265625, -0.018798828125, -0.02838134765625, -0.08721923828125, -0.0699462890625, -0.04315185546875, 0.00677490234375, -0.048095703125, -0.0565185546875, -0.00408935546875, -0.03765869140625, -0.12042236328125, -0.02734375, -0.08221435546875, -0.00958251953125, -0.06005859375, -0.07574462890625, -0.01519775390625, -0.09478759765625, -0.0970458984375, -0.0213623046875, -0.0638427734375, -0.09332275390625, -0.0838623046875, -0.03411865234375, -0.08978271484375, 0.04620361328125, -0.03857421875, -0.0677490234375, -0.05230712890625, -0.07958984375, -0.09136962890625, -0.1031494140625, -0.1046142578125, -0.10186767578125, -0.052978515625, -0.099609375, -0.05328369140625, -0.05633544921875, -0.0213623046875, -0.138427734375, 0.0137939453125, -0.10650634765625, -0.09619140625, -0.0662841796875, -0.1444091796875, -0.080078125, -0.0950927734375, -0.02490234375, 0.02264404296875, -0.12347412109375, -0.00408935546875, -0.075439453125, -0.01690673828125, -0.0689697265625, -0.10986328125, -0.0657958984375, -0.07568359375, -0.07318115234375], "accuracy": 0.59375}