{"f": [0.1142578125, 0.1024169921875, 0.1162109375, 0.10986328125, 0.14111328125, 0.138916015625, 0.1083984375, 0.109619140625, 0.10162353515625, 0.1448974609375, 0.14617919921875, 0.1134033203125, 0.09930419921875, 0.09295654296875, 0.114501953125, 0.14251708984375, 0.13385009765625, 0.145751953125, 0.10174560546875, 0.11016845703125, 0.1251220703125, 0.13323974609375, 0.10723876953125, 0.14013671875, 0.159423828125, 0.12493896484375, 0.14056396484375, 0.1416015625, 0.12969970703125, 0.11175537109375, 0.15667724609375, 0.09429931640625, 0.10357666015625, 0.10601806640625, 0.1431884765625, 0.1058349609375, 0.12353515625, 0.1165771484375, 0.125244140625, 0.1466064453125, 0.12353515625, 0.140869140625, 0.1624755859375, 0.115966796875, 0.09857177734375, 0.11676025390625, 0.107421875, 0.13153076171875, 0.1300048828125, 0.14825439453125, 0.1363525390625, 0.11114501953125, 0.12994384765625, 0.12921142578125, 0.0965576171875, 0.1412353515625, 0.09136962890625, 0.14923095703125, 0.11212158203125, 0.1292724609375, 0.130859375, 0.11138916015625, 0.11724853515625, 0.130126953125], "accuracy": 0.34375}