{"f": [0.14044189453125, 0.08160400390625, 0.101318359375, 0.073974609375, 0.16558837890625, 0.13250732421875, 0.13397216796875, 0.10089111328125, 0.12921142578125, 0.06622314453125, 0.057373046875, 0.10003662109375, 0.1531982421875, 0.1326904296875, 0.1129150390625, 0.161376953125, 0.12530517578125, 0.09490966796875, 0.122314453125, 0.10107421875, 0.125, 0.12005615234375, 0.07000732421875, 0.15057373046875, 0.1083984375, 0.1373291015625, 0.15594482421875, 0.09002685546875, 0.13983154296875, 0.08209228515625, 0.14532470703125, 0.077392578125, 0.1373291015625, 0.1005859375, 0.13629150390625, 0.1358642578125, 0.1375732421875, 0.136962890625, 0.11041259765625, 0.14080810546875, 0.1033935546875, 0.16387939453125, 0.087890625, 0.08465576171875, 0.0643310546875, 0.1044921875, 0.1328125, 0.1468505859375, 0.13525390625, 0.09832763671875, 0.12652587890625, 0.0601806640625, 0.15521240234375, 0.1707763671875, 0.05877685546875, 0.1153564453125, 0.08111572265625, 0.14495849609375, 0.0625, 0.17388916015625, 0.06475830078125, 0.12847900390625, 0.133056640625, 0.14776611328125], "accuracy": 0.34375}