{
    "dataset": 2283,
    "last_cost_avg": 0.07339125763914123,
    "statevector_real": [
        0.07023123512429368,
        -0.0042231271517820515,
        0.00265326779115396,
        0.08073025906045156,
        0.218571414927746,
        0.06225764063456485,
        -0.03194005902982912,
        -0.17390650791948584,
        -0.12293896127989412,
        -0.09158743156460376,
        -0.001916205001917029,
        0.11382285200132261,
        -0.2529067549077593,
        -0.11614150015567477,
        -0.0471523485543928,
        -0.19823477718042293,
        0.0323011271038616,
        -0.15080436993878038,
        0.17449149379150036,
        0.15486289261990213,
        -0.10731791189261025,
        0.16165776866661744,
        0.1697125554809364,
        -0.11534451723739612,
        0.09153937297967098,
        0.1672663177264533,
        0.022384380804051293,
        -0.1727570095030166,
        -0.11440068726930022,
        0.09701809544360505,
        -0.1789062911349408,
        -0.16649594148149202
    ],
    "statevector_imag": [
        0.19333176004185282,
        -0.016363418844260846,
        -0.14691652043408765,
        0.12095392632398477,
        -0.07108212510948139,
        0.10581861002943112,
        -0.10456634921019738,
        0.06104956761231154,
        -0.07992049371776597,
        0.12968071368765885,
        0.08072200878099295,
        -0.11211387928491974,
        -0.08560067016979632,
        0.07599262138641694,
        -0.07717216874306027,
        -0.010727986952773315,
        0.23095783371217044,
        0.02265463010031062,
        0.17799097985322931,
        -0.07948904063014359,
        -0.13184282365104005,
        0.13567380499236792,
        -0.11870651331107356,
        0.09614190267823527,
        0.10820074300367137,
        -0.03809611414026632,
        0.05795853245078994,
        -0.18335745077418594,
        -0.19115209068643085,
        -0.00961300851013745,
        0.19599425920690977,
        -0.02966987343544298
    ]
}