{
    "dataset": 2512,
    "last_cost_avg": 0.12862678413648998,
    "statevector_real": [
        0.11264861320386563,
        0.17987085363061744,
        -0.288156468018035,
        0.17429575378850456,
        -0.17797346393906205,
        0.025466323591509583,
        -0.0005064445941247099,
        -0.1488113496681283,
        0.09621127722734618,
        0.03153886893930932,
        -0.06705813446396351,
        -0.12646178851766463,
        -0.050917619996578976,
        -0.009494712310783788,
        0.021298651518396258,
        -0.11262156796107153,
        0.14741539951253022,
        0.22757563098362144,
        0.0067557074918652045,
        0.10992424756206651,
        -0.03199282345140049,
        0.1759765300485547,
        0.017874300459679214,
        0.10194692191959277,
        0.039945875570284374,
        -0.11471230974225567,
        -0.12648469313816288,
        0.09422535775991582,
        0.008010880952733385,
        0.154528533531459,
        -0.11851760016765815,
        0.040418099450745114
    ],
    "statevector_imag": [
        0.18457930443707202,
        -0.12174021411142509,
        0.06812522633157031,
        -0.03886106255281418,
        0.11136296967926951,
        0.11231367296123376,
        0.20018500061182967,
        0.20475699633366798,
        0.01208482515886936,
        -0.2090966311999144,
        0.11158983499329464,
        0.020586789500667994,
        0.2381624588982582,
        -0.0857093919309363,
        -0.0034724992599538557,
        -0.07721674914224551,
        -0.05913805483401901,
        -0.003854099024649264,
        -0.07517153992108999,
        0.11296211545068618,
        -0.022994932834504926,
        0.1913513552493944,
        -0.12981337744318533,
        0.003970819384634557,
        -0.11713082255158032,
        0.005129261239800835,
        -0.13387000404620258,
        -0.10667455976691168,
        -0.0037123038956277865,
        0.20963906568680998,
        -0.014641251599588468,
        0.28443755127273024
    ]
}