{
    "dataset": 868,
    "last_cost_avg": 0.08552182317925766,
    "statevector_real": [
        -0.005805005368531802,
        0.009261822444184229,
        -0.08660088893720179,
        0.152313537327054,
        -0.043908871673654544,
        0.17860801619695454,
        0.11856610495546485,
        0.15696801068258093,
        0.07617537285600262,
        -0.11149435252448293,
        -0.10356663063734031,
        -0.030812668512971857,
        -0.06994584400462753,
        -0.09293127554480853,
        0.07063036975015836,
        -0.18183391647409752,
        -0.033641822522693446,
        0.04899259369780993,
        0.03553916258739742,
        -0.09007321601448919,
        -0.06833272854033161,
        -0.059320903164326595,
        -0.016119829925835008,
        0.14580762864213778,
        0.008479635887947666,
        0.10954956358943659,
        -0.16764422678993635,
        -0.09465443342740268,
        -0.06573139249244342,
        0.03064300735736305,
        0.13274770339631045,
        0.12259071306572948,
        0.004187700124655573,
        0.04365686521403306,
        0.14877065349388163,
        -0.08311630838349163,
        0.20000603355883598,
        -0.016690770715204844,
        -0.02367920383161112,
        -0.09468416729752885,
        0.08719551367906572,
        -0.006587233124356162,
        0.07992498479838621,
        -0.09304935418795741,
        0.03223923325596088,
        0.11973275592188179,
        -0.18657064945928034,
        -0.0063239218634515895,
        0.051252785315877236,
        -0.11020371841780459,
        0.08377070694739884,
        0.01766410904258756,
        -0.03224580826382912,
        0.03343064918164583,
        0.00938040068595295,
        -0.15357937732726382,
        0.049226990300646555,
        -0.09800745709182758,
        -0.12095307273908468,
        -0.010218765388374325,
        0.12810196127582463,
        -0.07948922443453023,
        -0.0744416223581035,
        0.018769595870693885
    ],
    "statevector_imag": [
        0.11505048491202015,
        0.0586473928810247,
        0.0974326687273333,
        0.06631829263463408,
        -0.11070476743122987,
        -0.04828045419952125,
        0.12180728456275187,
        0.16516081274175137,
        -0.05949358751749726,
        -0.03190388227112591,
        -0.10800519266586023,
        0.08169240891295186,
        -0.007586105606848911,
        0.00583228158464949,
        0.03385120013202006,
        0.05903805011972277,
        -0.019132377505633204,
        -0.13274659040564135,
        -0.09880755267085614,
        -0.034135434411556004,
        0.10716752154548649,
        0.11010452980828565,
        -0.006298032479181302,
        0.014490568448272737,
        -0.06992402815979268,
        -0.007884225745702477,
        0.04572348506231568,
        0.08922562968011345,
        0.09300746821427641,
        -0.04130049657165226,
        -0.08073418583475246,
        -0.015672935923403315,
        0.04858021235712422,
        0.013500353373187873,
        0.018597091181339488,
        -0.09696005248820859,
        0.04051753235320507,
        0.10611152219635932,
        -0.004391584495217133,
        -0.10941726219710497,
        0.11970611345391792,
        -0.18882030319419799,
        -0.05870040619977423,
        -0.14861392639331947,
        0.11773158620344595,
        -0.09321974720989158,
        -0.07332597308738231,
        -0.006734653643270819,
        -0.012271387607894953,
        0.05513727376831386,
        -0.11902388820623537,
        0.01105128361683711,
        0.02163983836228696,
        -0.1384624749466201,
        -0.0075834396711388415,
        -0.023681520043213163,
        -0.03251842388732312,
        0.07607718645002641,
        0.08792390331906853,
        0.01468777654254392,
        0.03625918125508075,
        0.08298871619609806,
        0.16497109852043151,
        0.009748389365659946
    ]
}