{
    "dataset": 1121,
    "last_cost_avg": 0.07502161980493502,
    "statevector_real": [
        -0.03491763129742196,
        0.09772137943906366,
        0.0284590841585829,
        0.016127653319281496,
        -0.04056427994877519,
        -0.08374074013244996,
        0.03601046825409381,
        0.10108641499746894,
        -0.015431889489898678,
        0.07886810652052581,
        0.15592706324246314,
        -0.14195097161808093,
        -0.12857431249555407,
        -0.11133283187521188,
        0.033674496716223086,
        -0.012047016133961742,
        -0.08619481190555874,
        0.16186540298765176,
        -0.018749617818234202,
        -0.05869868306336433,
        0.0320059534844882,
        -0.0715765552346921,
        0.020230936509379044,
        -0.10376387040331378,
        0.08554973888538514,
        0.08172460361073026,
        0.018308466101680868,
        0.0076295567087827885,
        0.13398175985690258,
        -0.02660685922802184,
        -0.0065462518470232175,
        0.04219832145323757,
        0.019440742704732953,
        -0.030636998111180133,
        -0.05538185410568456,
        -0.04745567462821148,
        -0.015095382180354857,
        -0.10009125945951022,
        -0.01881062558096585,
        -0.13888505260460665,
        -0.005716663956819965,
        0.08554691635744247,
        0.023094748767160698,
        -0.00774629754468259,
        0.10423836917206804,
        -0.06635779856871155,
        0.06507122590753722,
        -0.04615884011651987,
        -0.015563899789448348,
        -0.10426463209589805,
        0.06148802425850384,
        0.1786422332421319,
        0.12099248242003816,
        0.10930548097653799,
        0.14791308658125593,
        -0.1723885596818163,
        0.1402379305464437,
        0.026874217591963935,
        -0.037961319841569405,
        -0.06475299376776805,
        -0.1352124154178603,
        0.018969384320480256,
        0.02149471253839555,
        0.14661271896752803
    ],
    "statevector_imag": [
        -0.07317526728033001,
        0.1100923092128065,
        0.012957982011643606,
        -0.04428963492121775,
        0.05382851033739176,
        0.026132009750301832,
        0.006023332831782673,
        0.06854761016838037,
        0.0674921595955668,
        -0.1009503322458819,
        -0.06552641244328972,
        -0.09566940030595367,
        -0.15006110947322607,
        -0.15533434060884432,
        0.05897595817477442,
        0.12068640402467938,
        -0.10862756225818568,
        0.13462790890249138,
        -0.03627585290049772,
        -0.009550616698915387,
        0.1225347663727305,
        -0.017837971633172123,
        -0.12181921494654063,
        0.08013300133713473,
        -0.046923508071415064,
        -0.014227860578456675,
        0.033007309741443,
        0.004249259127045678,
        0.018906026859842096,
        -0.14256422050070633,
        0.15534178371356225,
        0.0776849206159406,
        -0.027249610750964604,
        0.05410132990667448,
        0.014831714014452652,
        -0.05800995676715508,
        -0.09022615359470323,
        -0.08451796844515555,
        -0.04519336927942575,
        -0.16103768844019228,
        0.04100580862353659,
        -0.14747834330136655,
        0.04054200935111249,
        0.08638641738114888,
        -0.0803987950548501,
        0.1272585790624219,
        0.06371580354590371,
        0.023213792875493588,
        0.025076945193460286,
        -0.08702361171693594,
        0.04766402258829379,
        0.12532157505279917,
        0.12534739552464477,
        0.09529771868258395,
        -0.16751322977726868,
        -0.05717732735576881,
        -0.06924482484816154,
        0.1639466603829686,
        -0.08374239822493323,
        -0.007314122928826714,
        -0.013343407184141915,
        0.21358826930923674,
        -0.13750345852715576,
        0.01937509951966641
    ]
}