{
    "dataset": 1666,
    "last_cost_avg": 0.06599512063790179,
    "statevector_real": [
        -0.030162393987923416,
        -0.07279762015846405,
        -0.06779623529904504,
        0.04389131822703584,
        -0.015576955139425197,
        -0.05278778010172143,
        0.012792941427918937,
        -0.034674631966942246,
        0.06815321655487289,
        -0.06894439499278117,
        -0.011511523016194198,
        -0.00847728595214824,
        0.05142615470434898,
        -0.0029535244679090816,
        0.08592375243464788,
        0.06217565666144575,
        -0.10389542685340361,
        0.12489028762691594,
        -0.09777811365622552,
        0.0015379975776708141,
        0.0022637590783543987,
        0.1758012258622795,
        -0.0789822639569711,
        -0.024646948796179766,
        0.029661524257922414,
        0.07834036061187177,
        -0.10638914029978898,
        -0.06070523592425638,
        0.13257477098835763,
        0.025277472903030916,
        0.1700770565326904,
        0.1460901163562134,
        -0.07587014927367597,
        0.13992244221527314,
        0.1927937640296551,
        0.023883531059981398,
        -0.06999287061648556,
        0.09626708893190027,
        -0.036725203056983534,
        -0.09290053320523432,
        -0.030600853944106728,
        -0.034738173270047204,
        -0.045175059432561025,
        0.003329021903680904,
        0.04761330373080095,
        0.09856285609502123,
        0.10793269675391794,
        -0.0374658015666367,
        0.041011454165982446,
        -0.01852032593796249,
        0.017676020451733918,
        0.012106112001354101,
        0.020625598228102244,
        0.19802283623226838,
        0.17579823346840626,
        0.149962655958247,
        -0.10144122643664097,
        -0.166466090880559,
        -0.0828243973332562,
        0.08559006141347571,
        0.007175836315404086,
        0.0007406376188541078,
        0.15412303708479122,
        -0.07828319992533388
    ],
    "statevector_imag": [
        -0.08332466028102321,
        -0.056607300365266025,
        -0.17663267010812111,
        0.001953253139185686,
        0.0046611775226434796,
        0.107900463207465,
        -0.0014641001287125138,
        -0.0830437515626987,
        0.16211051297045112,
        0.10152261761872391,
        0.05036454888799199,
        0.15969302375186303,
        0.12172832405726618,
        0.08244669258254964,
        0.09951586292893065,
        0.07822817354063846,
        -0.15286049574797303,
        -0.008379022777409203,
        0.04546248441468371,
        -0.01050428579401596,
        0.13956307962197956,
        -0.07862042418078458,
        0.024904904661095704,
        -0.06280859196063114,
        -0.07173463234219477,
        0.0551481890948446,
        0.019750763735695544,
        -0.1394933461635765,
        -0.037955735006192315,
        -0.09319379948444728,
        0.053284097557745484,
        -0.13444791983517504,
        0.061152413901610254,
        -0.029075573752235486,
        0.045491660543612866,
        -0.11176468291271395,
        0.1358494841577006,
        -0.1530768550098376,
        0.00066465490203536,
        -0.11381063397281953,
        -0.015552235132419193,
        -0.14868540414712836,
        -0.1342198452822637,
        -0.002302337865842966,
        0.06453324626371333,
        -0.06055483674608461,
        -0.11151822356176619,
        0.017316109633060895,
        0.08867448871813757,
        -0.05851196418939943,
        0.018069015331810157,
        -0.13864037108881413,
        -0.07982175044723139,
        0.014780945452832438,
        -0.03911726112348557,
        -0.02318976482292124,
        0.09473357926848834,
        0.08929213435799582,
        0.04061819119238918,
        0.04693838979957581,
        -0.11820985742783637,
        0.09647227705320315,
        0.029796325708303702,
        0.06774117703827309
    ]
}