{"f": [0.0078125, -0.0040283203125, 0.0653076171875, 0.05145263671875, 0.06494140625, -0.0115966796875, 0.0181884765625, -0.01708984375, -0.01123046875, -0.0111083984375, 0.05487060546875, 0.03704833984375, 0.00396728515625, 0.0213623046875, 0.05914306640625, 0.036865234375, -0.020751953125, 0.0567626953125, 0.00341796875, 0.0423583984375, 0.0228271484375, 0.01153564453125, 0.03216552734375, -0.021240234375, 0.0709228515625, 0.04193115234375, 0.01605224609375, 0.08111572265625, -0.00494384765625, 0.00018310546875, 0.03314208984375, 0.0076904296875, 0.0225830078125, 0.00018310546875, 0.0291748046875, -0.01080322265625, -0.01934814453125, 0.00048828125, 0.02313232421875, 0.05096435546875, 0.02880859375, -0.0174560546875, 0.07318115234375, 0.02569580078125, 0.044921875, -0.02276611328125, 0.0633544921875, -0.0369873046875, -0.01031494140625, 0.06488037109375, -0.0167236328125, -0.0152587890625, -0.017578125, 0.066162109375, -0.00946044921875, -0.0086669921875, 0.03009033203125, 0.05780029296875, -0.00762939453125, 0.0943603515625, 0.07562255859375, 0.00762939453125, -0.0035400390625, -0.01397705078125], "accuracy": 0.5}