{
    "dataset": 3293,
    "last_cost_avg": 0.09535091474531755,
    "statevector_real": [
        -0.1430213416045003,
        -0.056586985667325555,
        -0.17820245449896743,
        0.09915346063138303,
        0.002208954508000501,
        6.358081666525839e-05,
        0.05483382372554334,
        -0.18140495367020498,
        0.09991651536201494,
        0.07638243506206258,
        -0.11872237600472964,
        -0.002672744243041462,
        -0.006897387794621295,
        0.24812277781477865,
        -0.2061310693746979,
        0.22968402042602284,
        -0.025610399834172026,
        0.00440144509874978,
        -0.16553959249553352,
        0.00869476158092064,
        -0.039271008776247014,
        0.07370049290483045,
        -0.09299144721360651,
        -0.12536009436601023,
        0.003033587292580766,
        0.01957373798876669,
        -0.0912118068536482,
        -0.0003457616522542493,
        -0.048508959228668366,
        0.010985417691151207,
        -0.018425381256731613,
        0.15287679620847128
    ],
    "statevector_imag": [
        0.06042742337749782,
        0.31810097694006556,
        -0.11042128512860518,
        0.21801987210002205,
        0.1425678012746628,
        -0.0036673207215263,
        0.05063342565462998,
        0.08162317566919473,
        0.031198666590057073,
        0.23345810438907003,
        -0.005894841624494296,
        0.16095723571277026,
        -0.10972844000979992,
        0.21516537310903974,
        0.14053740780997365,
        0.0784004895715032,
        -0.13651542468031413,
        -0.008559571445320751,
        -0.13009195954572492,
        -0.11907440957820645,
        -0.10660715473180286,
        0.10428379174187724,
        0.1689183763370297,
        -0.08288069714748084,
        -0.0027399939209095405,
        -0.1453818447059304,
        0.14111917867558216,
        0.051798171457942736,
        0.23909078901071723,
        -0.21444582642906218,
        0.0013224740513647795,
        -0.059496635006219836
    ]
}