{
    "dataset": 960,
    "last_cost_avg": 0.1097767130687973,
    "statevector_real": [
        -0.026115826541589622,
        0.0294215455273394,
        -0.07885233281126264,
        0.14079602702207986,
        -0.1070055825648858,
        -0.09388674335820085,
        0.08025815334902686,
        -0.0927720771033086,
        -0.06048965561460796,
        -0.12834144660773397,
        -0.03775892215786187,
        0.10690583624766534,
        0.04846373462604792,
        -0.13814074571743845,
        -0.09497519690473025,
        0.1338814903043601,
        0.07899847435083521,
        -0.12146786367049321,
        -0.13029581525645806,
        -0.10274317210739745,
        -0.09813922237968892,
        -0.0725952779245016,
        -0.00034708527141154874,
        -0.014592701440569884,
        0.11875006765667366,
        0.10130922586634854,
        0.10945422127452077,
        0.04966310102637404,
        0.06722004148217534,
        -0.10593677813432142,
        -0.11906615649604202,
        -0.09116693151236747,
        -0.06600075577649203,
        -0.014718615796820116,
        -0.024131330191734267,
        0.11660891093355397,
        -0.10625643259028407,
        -0.016049285334242405,
        -0.11623847390235606,
        0.15530891644052658,
        -0.036248061442397034,
        0.10409589789707649,
        -0.07602022133564787,
        -0.09197782676643583,
        -0.07080224196713714,
        0.01421652983155855,
        -0.019138124275433613,
        0.04180553784151531,
        0.1340624031609344,
        0.022850327563716553,
        0.022640996598669232,
        -0.004718039730863756,
        -0.007393504701417192,
        -0.040846888617388,
        0.046203462121065866,
        -0.03970968499737655,
        0.12901947915079975,
        0.10027940590554141,
        0.11046752702919675,
        -0.16148666138072768,
        0.07199060039737766,
        0.017720678074737706,
        0.12234363330273892,
        0.05169397146562511
    ],
    "statevector_imag": [
        -0.12987267821237827,
        -0.001697716052603633,
        -0.04849547480383841,
        -0.04438199633347341,
        0.05371748320836733,
        0.00281164114654411,
        -0.08995475351878945,
        -0.12668305643289113,
        -0.01966626139968832,
        -0.04619456652199603,
        -0.12022163433332729,
        -0.06113499093257803,
        0.00017337282404016445,
        0.06242517395658057,
        -0.0023681580803432624,
        0.10685051280147857,
        0.09378855650064394,
        -0.13697435634707078,
        0.03392316070445408,
        -0.06851997529349643,
        0.005475903477164922,
        0.13961775215783004,
        -0.07665137268814373,
        -0.0516975325674805,
        0.01739497731484197,
        -0.012566134588289228,
        0.0665194162437581,
        -0.043183810818232,
        0.11800285572575252,
        0.15981108671266336,
        0.16266048259238575,
        0.04118480272549829,
        -0.08005031242938143,
        -0.0031193923909582323,
        0.12214298674091384,
        0.09585763203441731,
        -0.09616507476588945,
        0.1200122363444657,
        0.010115511744100025,
        0.04989099060589374,
        -0.17185148476689951,
        -0.024128717939824084,
        0.12525813724283227,
        0.027691364645211245,
        -0.09712898921302354,
        0.0012677298749450298,
        -0.04170797957779084,
        0.1310343742852733,
        0.0578760756201763,
        -0.003787924304557548,
        -0.10027946225276664,
        -0.021662097459306057,
        0.18329441045940814,
        0.07823054210354628,
        -0.009707272516860297,
        0.10313388733504299,
        0.07498475587080346,
        -0.1123857290109177,
        0.12915498669539263,
        -0.015824766691865604,
        -0.15163596122642828,
        -0.014461071505339654,
        -0.11371932799042987,
        0.11565786834267047
    ]
}