{
    "dataset": 324,
    "last_cost_avg": 0.09342864847058194,
    "statevector_real": [
        0.1417119492515977,
        0.012519204304792813,
        0.07171166170772694,
        -0.008678593137320357,
        0.05132570072706406,
        -0.08255407810344235,
        0.04270267611137421,
        -0.1520818520171099,
        0.015520267710470185,
        -0.06369409616393344,
        -0.005196457819508135,
        0.1388078972332256,
        -0.056232654894401185,
        0.012478429125944001,
        0.12223620928498635,
        0.09148312251996428,
        -0.056682155920435406,
        0.10480960509026291,
        -0.06227151327361332,
        -0.04006241213695325,
        -0.10232387463625273,
        -0.20011006267646653,
        -0.10641746588393819,
        -0.012613383245949933,
        0.07872030996177994,
        0.0785551050037431,
        0.054576220720362965,
        0.16722294493110457,
        0.015130202520009383,
        0.07768398956982174,
        -0.1780488107141571,
        -0.18556173027563674,
        -0.12021830057458628,
        0.0458009254593071,
        0.017572754271986783,
        0.018811024737841325,
        0.09407503366423146,
        0.07512142841299221,
        -0.1100407152285777,
        -0.13610479036030484,
        0.002862351828960014,
        0.004990212866174147,
        -0.08333017169479202,
        -0.03448394559620033,
        0.014784914600562362,
        0.0056170513103865755,
        -0.00028844325334827816,
        -0.04408012453923481,
        0.035588508629415906,
        0.004331017532891475,
        -0.06417345902471204,
        -0.06991605966956653,
        -0.04065961020565707,
        -0.08261422572340353,
        0.10387507062908932,
        0.1728800422659979,
        0.05667754756850996,
        0.1501192937023556,
        -0.050423508671669046,
        0.04914285999073291,
        -0.06658787353322349,
        -0.021650857680641202,
        0.022766356432354,
        0.05245382850094751
    ],
    "statevector_imag": [
        0.05191281836514948,
        0.029022851027548435,
        0.1253842298831949,
        0.008729958378152512,
        -0.10526893513102763,
        0.01720456662281567,
        0.026140668105545415,
        -0.02534430938523983,
        0.12800848507284582,
        0.06037198625877576,
        -0.03621436408178423,
        0.04110081386584208,
        0.054882066718882724,
        -0.025384975012155198,
        -0.06694845927841986,
        -0.12594549053519769,
        -0.16198353730988388,
        0.058802877779056614,
        0.13209343101063972,
        -0.0443097377865509,
        0.10291348753606919,
        -0.013132798789581228,
        -0.04016411138018387,
        -0.08679157977909521,
        -0.16192026498328305,
        -0.07855230906305265,
        -0.041744674182692426,
        0.09235263242604065,
        -0.09775177132068848,
        0.0008324548097556205,
        -0.06402674796076363,
        0.024267745603479662,
        0.08636883023764982,
        -0.1208696372107786,
        -0.12115521172866325,
        -0.0018251046704939997,
        0.005473606733423566,
        0.08012815481468945,
        -0.03062357655228264,
        -0.10775117966732575,
        0.11208321948701232,
        -0.07118609969790501,
        -0.13340143548733885,
        0.13454872514464816,
        0.07642124783521527,
        -0.010257409153643907,
        -0.08859451886584314,
        -0.16309265959811123,
        -0.15774181152614625,
        0.09882630818298596,
        -0.0018049794510423011,
        0.01582610335280113,
        0.09542312957078485,
        -0.07383679327823564,
        -0.1222189095515506,
        0.08902419530159707,
        0.19564742213769937,
        -0.002689323701121762,
        -0.15474573135646943,
        0.025617119971025767,
        0.1476359550481396,
        -0.008692795205250391,
        0.09874651945209569,
        0.0030317956095332224
    ]
}