{
    "dataset": 808,
    "last_cost_avg": 0.08198296445272397,
    "alpha": [
        0.05285441645343821,
        0.013967094759658434,
        0.048930911811540766,
        0.0005998193710546566,
        0.012241555200485777,
        0.027315297123329953,
        0.00030393137741725745,
        0.045860843914881634,
        0.0582952786112369,
        0.018258997805353082,
        0.09679007566234772,
        0.03793072707240891,
        0.00210319290723926,
        0.026164506211274044,
        0.011290679465860144,
        0.019517819344393637,
        0.01730563104042067,
        0.008929494424581193,
        0.0905599126551133,
        0.04204419896125295,
        0.1181188452885954,
        7.17109010937039e-05,
        0.07022731681801493,
        0.007292984645914756,
        0.0388678636383711,
        0.000512957395580222,
        2.1574563379141922e-05,
        0.038190173452527405,
        0.03327983375553167,
        0.04855124721105026,
        0.0025212479850796883,
        0.011079860171573279
    ]
}