{
    "dataset": 3205,
    "last_cost_avg": 0.09153488224010628,
    "statevector_real": [
        -0.3238327517136517,
        0.0454158397217291,
        -0.03540036312475349,
        -0.06817030559802632,
        -0.004744691044889427,
        0.08221304658021467,
        -0.11349574332695192,
        0.12843757786011756,
        -0.028564488898495933,
        -0.26113066880728997,
        -0.1298193288087782,
        -0.06440328206934232,
        -0.05146494916853501,
        -0.18920022100352338,
        0.22078775574267964,
        -0.19368130882002513,
        0.0067292405739413355,
        -0.16054945218766178,
        -0.0963291922067163,
        -0.11210309022388917,
        -0.15650034481837224,
        -0.016438953739085868,
        -0.13760238825553142,
        0.01995250918078287,
        0.013083181623352962,
        -0.054785035824665554,
        0.03770755067267429,
        0.15253699714249372,
        -0.14772089985998277,
        -0.12248097730205298,
        -0.013877150506308432,
        -0.08536419901027882
    ],
    "statevector_imag": [
        0.02537094779893321,
        0.03009377828740604,
        -0.14388557727346477,
        -0.2981879164466161,
        0.005080572643444099,
        -0.04122305361543501,
        -0.1911606492660981,
        -0.09469876734272917,
        0.023356740081297813,
        0.0016705217578034974,
        -0.07826254521080685,
        0.0745019709532388,
        0.145212825338451,
        0.13470569234155125,
        0.028078530342811433,
        0.09433408513411891,
        0.005076115294270397,
        -0.1427438416928656,
        -0.002299384717751504,
        -0.1678021269212769,
        -0.08286236250070293,
        -0.10719212682755949,
        -0.050186198837003725,
        -0.16464376868921055,
        -0.014046967611716726,
        -0.01804464783303309,
        0.16507554253347176,
        0.05336508681697233,
        0.22680315161165715,
        0.15030824091405992,
        0.17069915581938003,
        0.1499541141811042
    ]
}