{
    "dataset": 114,
    "last_cost_avg": 0.07681343351205507,
    "statevector_real": [
        0.023615732256235075,
        0.15979250746655654,
        0.30231257631140235,
        -0.020331714445433555,
        0.0847793723974972,
        0.052667438757771405,
        0.09073217477849174,
        0.03683450419826074,
        0.07265484812419559,
        -0.153893089490496,
        -0.048390510236300324,
        -0.24557384977840369,
        0.15731065540325265,
        0.027007470530814676,
        -0.09118014049009303,
        -0.08299731953463622,
        -0.09848931098214556,
        0.03266501643239878,
        0.09828062749481263,
        -0.0009015673131469214,
        -0.13483366682748252,
        -0.06820861260823505,
        0.010686130475281998,
        0.07280829901891801,
        -0.12734483621663506,
        -0.08012690511537639,
        0.16749296231495273,
        -0.20104437613231196,
        0.051062026028959324,
        0.08190227165362896,
        -0.1981406525088608,
        -0.1296010623495797
    ],
    "statevector_imag": [
        0.25690713055594405,
        0.12446613680192986,
        -0.02177338704651169,
        0.023278176803346085,
        -0.18921256362492447,
        0.16715970389260884,
        -0.13616603196795765,
        -0.02666018873623206,
        0.01885819790018761,
        -0.0488436897832993,
        -0.16087383829297297,
        -0.15314729518682632,
        0.09422211471932368,
        -0.03515083180350791,
        -0.10742663077059113,
        0.18045049366496724,
        0.038401924527272584,
        -0.28498878153043194,
        0.06422452409386091,
        0.026496288721696903,
        -0.16409790446258107,
        0.17847684193452823,
        0.17879528705514447,
        0.04445008784558824,
        -0.04484467612790446,
        -0.00958514915078466,
        -0.04831884410328629,
        -0.08969811879332569,
        0.17915931481027542,
        -0.019681221280404105,
        0.05805175486233964,
        -0.15724496238835164
    ]
}