{
    "dataset": 616,
    "last_cost_avg": 0.08209955385309489,
    "statevector_real": [
        0.09422464908242256,
        0.058047210967411444,
        0.01110137622773364,
        0.03191118272821454,
        -0.10192981604022926,
        -0.040180518788437244,
        0.1464753148931883,
        0.03182629020362343,
        0.11914915581444532,
        -0.06208550300361049,
        0.0025257827577353583,
        0.10282582964281792,
        -0.1347945188225029,
        0.0939757446982564,
        -0.02109234921158944,
        0.006657524853434026,
        -0.07401118702130648,
        0.12771000356008969,
        -0.0051143471944969125,
        0.09540813627640304,
        0.06803836880517941,
        -0.002368204369196584,
        -0.026121845801639256,
        0.16115070169217424,
        -0.14662331074606183,
        -0.053672847457448464,
        -0.15201258735974535,
        -0.11852695280901807,
        0.027236581862752147,
        -0.08761244910038056,
        -0.07980604750374158,
        -0.03288513321558173,
        0.14632853563059572,
        0.14841953644665076,
        -0.0905642050633448,
        -0.016729517483800214,
        -0.11813966516363181,
        0.031076202091254397,
        -0.005437211432225467,
        0.10907044652170603,
        -0.0632483902376105,
        -0.06564517645038591,
        0.02055952823193239,
        -0.04746241770371007,
        0.12695373438947494,
        -0.04732974834987307,
        0.023833374211557474,
        0.01990392856278606,
        -0.1357422009059773,
        0.04410174284945997,
        -0.09317261611769544,
        0.15841589152999877,
        0.06468241247887926,
        -0.15702100758416496,
        0.015859575348177033,
        0.03868812717084325,
        0.004908253358355397,
        0.13911749412529914,
        0.1064094668058118,
        -0.08058872775850145,
        -0.005278514924701549,
        0.11409888534238612,
        0.10708206397713978,
        0.022187719329555856
    ],
    "statevector_imag": [
        0.12290375877078269,
        -0.09562516870987157,
        -0.03244541403147814,
        -0.1636671852538842,
        -0.09551983526671348,
        0.04296476895252533,
        0.08768998349923718,
        0.006301685910742829,
        0.12980989627912584,
        0.09976662511780512,
        0.0065737499240294366,
        0.11517348030045459,
        -0.03452598376645187,
        -0.09875584045766611,
        0.16180495218415583,
        -0.06306301005280579,
        0.020825423524499762,
        -0.02013576598744547,
        -0.09388460184970843,
        -0.008246476279777079,
        0.13368380469397864,
        -0.08292318131489339,
        0.1832815636561038,
        0.03112084403241481,
        0.054696974247461505,
        0.033073660392535044,
        0.06777746283230554,
        -0.06282300458119823,
        0.009549516511512745,
        0.03383797257221056,
        -0.07230659793832434,
        0.06744241834743833,
        0.04257674692824178,
        0.0679650387012371,
        -0.18758418962385717,
        -0.09075483137879242,
        0.020489017617564866,
        -0.05147005832729291,
        -0.01154852958705308,
        0.06531821466996067,
        0.08905216471102338,
        0.05538398502043709,
        0.06854461493148589,
        0.17566059514563737,
        0.02170493426119389,
        -0.03577855975696806,
        0.04747644063969875,
        -0.14721449876321172,
        -0.027339374015643965,
        0.09391233168106912,
        -0.04331808357205173,
        -0.04176698366393889,
        0.014145128335511835,
        0.03350469642799974,
        0.15770690681670665,
        0.0032745389538134983,
        -0.10608721034555828,
        -0.09379893434945114,
        -0.05165608139243046,
        -0.07656038601666046,
        0.15139347256781233,
        -0.0010490730481289429,
        -0.09133111756383112,
        -0.16411188499079152
    ]
}