{
    "dataset": 3568,
    "last_cost_avg": 0.06337881126143066,
    "statevector_real": [
        -0.040417055947683876,
        0.002866039216548712,
        -0.041030855103067816,
        0.02949638368243512,
        0.07829166157414104,
        -0.03615444147506125,
        -0.004652215440320082,
        -0.1668681916138471,
        -0.03842004139018581,
        -0.0056342367888847856,
        0.0737118724321275,
        0.20098934896119489,
        -0.05544637514742718,
        -0.04473292029909672,
        0.16341586410679668,
        0.12805624138185068,
        0.007999530951397958,
        0.09369190258497057,
        7.349965030142613e-05,
        -0.2558414078587391,
        -0.003771701988233,
        0.18550720000725368,
        -0.1459196412773604,
        0.17450818799644857,
        -0.05516957307892263,
        -0.13788128107433786,
        -0.09661810393527416,
        0.1344297050573998,
        0.023178827733336696,
        0.0499256394253547,
        0.08265521935672285,
        0.1678758686224217
    ],
    "statevector_imag": [
        -0.12097988376798442,
        -0.3211949576057588,
        -0.1958528683652269,
        0.09760940645118096,
        -0.2688462574203192,
        -0.10459139885552178,
        -0.003998645061057212,
        -0.1087767134867948,
        0.17963246783896647,
        0.0003961657058790404,
        -0.22354498559356548,
        0.001749599757915372,
        -0.11995734979160165,
        0.11608564566007769,
        0.16122795328486755,
        0.006392949677457281,
        -0.006474945561208691,
        0.10021061982683127,
        0.002507262467308718,
        -0.03504661481071551,
        -0.0019513743857959222,
        0.12293127637314706,
        0.163915810540438,
        -0.005084630550264782,
        0.10950269864106778,
        -0.11090910088330627,
        0.09121236365833295,
        0.028050591726523987,
        0.11100881730409219,
        -0.2681148506652023,
        -0.12583836807371943,
        0.18259295102912512
    ]
}