{
    "dataset": 0,
    "circuit_id": 8,
    "layer": 6,
    "num_params": 174,
    "expr": 0.009823366202647303,
    "entcap": 0.7876551301022287,
    "num_iter": 86,
    "last_cost_avg": 0.12215423583984375,
    "accuracy": 0.421875
}