{
    "dataset": 1342,
    "last_cost_avg": 0.0955368172915779,
    "statevector_real": [
        0.2047725125213174,
        0.08538581904892097,
        0.01738081845699176,
        0.05651293983398735,
        -0.039413187722506245,
        0.047964480000015616,
        -0.10904176649645615,
        -0.18795668998301435,
        -0.036656109870354975,
        0.005011655193650196,
        0.09919160726326778,
        0.12330787863889892,
        0.07020550441789308,
        -0.026748743345971323,
        0.19808171884045575,
        0.0037634750293460656,
        -0.012868823414585872,
        0.11127074170667152,
        -0.06616265333550544,
        -0.09265052020005768,
        0.10518948000985162,
        0.0411074716990256,
        -0.11819162094248442,
        0.03057559370602542,
        -0.18984373030911356,
        -0.08638750437013246,
        -0.18832504994974963,
        -0.1106831832205589,
        0.02688108420460572,
        -0.010543382401516027,
        0.10850563366794899,
        -0.0725737179488366
    ],
    "statevector_imag": [
        0.12120120579444006,
        -0.17576809511873137,
        -0.157066808705912,
        -0.16608531994252856,
        0.006527183960933676,
        -0.21846224228802122,
        -0.07803443722768072,
        0.0970786014691951,
        0.18723848514968333,
        -0.17789803099068768,
        -0.10354148918864475,
        -0.041786818228814374,
        0.07788734414969042,
        -0.142685102926651,
        0.017314860183794464,
        -0.2354984806708798,
        -0.007524545353701814,
        -0.2042613680355762,
        -0.19174293959172584,
        0.23801606266557498,
        0.06651544428173123,
        0.011522804244805573,
        -0.11641891886752012,
        0.1644218678365862,
        -0.05672178745319781,
        0.07246740697971012,
        -0.11174190491235185,
        -0.05780883039745505,
        -0.1684405737888213,
        0.22025707168389005,
        0.24146742176134442,
        0.018223366135668523
    ]
}