{
    "dataset": 3514,
    "last_cost_avg": 0.10127855592969906,
    "statevector_real": [
        -0.12671306746012523,
        0.007378279282029413,
        0.002131346973846916,
        -0.021273870767993537,
        -0.17276079727181248,
        0.02413877291043384,
        0.19178414990142767,
        -0.26071279653289553,
        0.01574557266864152,
        -0.17592214922872573,
        0.04565893910788957,
        0.14038968962278636,
        -0.03771360158105473,
        0.022707575191983135,
        0.16671640981578376,
        0.0085320226982416,
        -0.2587090868745167,
        -0.16530440274633362,
        0.07345652576507308,
        0.022191943050286485,
        0.09645667101587442,
        0.023223826424470264,
        0.10320587502441443,
        0.0514097024798998,
        0.13557938422937718,
        0.06747958690164302,
        -0.04663250729611232,
        -0.08457510011710735,
        0.0971661327134086,
        -0.2097716398792602,
        0.21335572446905218,
        0.1505633297878062
    ],
    "statevector_imag": [
        -0.04426326528127892,
        -0.2067140671496981,
        -0.20463093635044974,
        0.1009067839964766,
        -0.1745060743136991,
        -0.13159925883442647,
        -0.17015398176682678,
        -0.034193324182513335,
        0.01182180210736562,
        0.0559258538157353,
        -0.1958797233285109,
        -0.19603188238416025,
        -0.12126121066832811,
        0.11665136124161045,
        0.060193101953353624,
        0.018857723951410808,
        -0.04994752731935688,
        0.0654095580260324,
        -0.13646964036056203,
        0.019195571745208063,
        -0.0595690927849294,
        0.005586649789880559,
        -0.0592074827952332,
        0.08911207622567544,
        -0.07563761056730672,
        0.240158422746593,
        0.10662686302461999,
        0.0044927539410404005,
        -0.17074517434649905,
        -0.2196488285668378,
        -0.024292123749036873,
        0.08782655477571873
    ]
}