{
    "dataset": 0,
    "circuit_id": 5,
    "layer": 7,
    "num_params": 378,
    "expr": 0.006344263775078178,
    "entcap": 0.9504280228064607,
    "num_iter": 1024,
    "last_cost_avg": 0.03691859658850111
}