{
    "dataset": 0,
    "circuit_id": 11,
    "layer": 6,
    "num_params": 120,
    "expr": 0.00429840189469702,
    "entcap": 0.9445617210538806,
    "num_iter": 1024,
    "last_cost_avg": 0.052883148193359375
}