{
    "dataset": 0,
    "circuit_id": 6,
    "layer": 5,
    "num_params": 270,
    "expr": 0.004802073390871807,
    "entcap": 0.9543733066938601,
    "num_iter": 73,
    "last_cost_avg": 0.006931304931640625
}