{
    "dataset": 1815,
    "last_cost_avg": 0.08396518664111302,
    "statevector_real": [
        -0.10726687802809783,
        -0.09908741528753622,
        0.14314571924723105,
        -0.049370222681020835,
        -0.15849626695860844,
        -0.020708809829795956,
        0.09783841075388225,
        0.0028940071321037486,
        -0.06564258298286785,
        -0.04995328950630205,
        0.06112706868039352,
        0.11670804248318083,
        -0.049939314624039596,
        0.08267244975179915,
        0.09235241394208393,
        -0.017343546081399843,
        -0.02898566370172995,
        -0.0036696814398151736,
        0.12065227182966382,
        -0.05682983633091307,
        -0.027507915677589076,
        -0.0841725108183759,
        -0.13539174781127447,
        -0.012382670390194578,
        0.10908957697972191,
        -0.03261061135387278,
        0.04388191460628045,
        0.020972820179273394,
        -0.1057166556581409,
        -0.0023551763344489044,
        0.09196989083395808,
        -0.07473770345065303,
        -0.1301644581046754,
        -0.023150939221999317,
        0.1058861507432904,
        -0.0989956890795495,
        -0.1423487838797759,
        -0.05176332022749683,
        -0.023232608262895457,
        -0.08202557651074883,
        0.06844612969285449,
        -0.11427555396131568,
        -0.09740911441439638,
        0.059165951487765885,
        -0.028686109050543328,
        0.0628592886417677,
        -0.08046377254908994,
        -0.05261264130471447,
        -0.18871883184943086,
        -0.011800009192223845,
        -0.05394030933454423,
        0.18007572984105627,
        0.021430922566093417,
        0.09403139871222604,
        0.06948849006359552,
        0.04440112230310269,
        0.05906999436544168,
        -0.011473463593387145,
        0.08546870535824118,
        -0.17368548807174172,
        0.08282040456839576,
        -0.039441982009164066,
        0.10627961140955117,
        -0.054950252395921835
    ],
    "statevector_imag": [
        0.030726080402216697,
        0.16914098412316683,
        -0.0993423252715558,
        -0.07868114571223327,
        0.007568397745326854,
        -0.11280441545179729,
        -0.1694746175668379,
        0.0017569781352059649,
        0.1560711646389596,
        0.13056130264721055,
        0.1114853286967198,
        0.10155675268039992,
        0.08384620460340696,
        -0.10773870371125509,
        0.12189757856035473,
        -0.1653136638280769,
        0.0048146998167645436,
        -0.007001174624334903,
        0.06344391223140777,
        -0.059284444440552114,
        -0.010682022957474646,
        -0.1637719739943577,
        0.0944204841355873,
        0.1112053005117886,
        0.011103125672787446,
        -0.13627056987461336,
        -0.08676866502783265,
        0.03867964250112521,
        -0.037510291221462745,
        -0.08005707949416194,
        0.07334287706631196,
        0.12317867687343742,
        -0.007487424722657188,
        -0.1931330765116556,
        -0.10229215006483852,
        -0.027155592203273442,
        0.09124522306556061,
        -0.18193845088141256,
        -0.13087480202752846,
        0.052091846436143514,
        0.1478795285481285,
        0.008521569244863136,
        0.048956288737786964,
        -0.1094557177118734,
        0.0389881301763186,
        0.023414297345762346,
        -0.014568087144861611,
        0.09376030638064255,
        0.006824949318282078,
        -0.0035129749764160785,
        0.04258247236368041,
        0.007948252529561092,
        0.05815971646737685,
        0.01968024173253805,
        -0.022428709925435317,
        -0.04364930082010832,
        -0.08416345468567532,
        -0.04398565225783765,
        0.11804862585378222,
        -0.023081238464494933,
        -0.05860200504967417,
        -0.08593835365496905,
        0.052180968480739234,
        -0.04408967954893137
    ]
}