{
    "dataset": 0,
    "circuit_id": 4,
    "layer": 3,
    "num_params": 51,
    "expr": 0.04662792810604131,
    "entcap": 0.6274097138181192,
    "num_iter": 80,
    "last_cost_avg": 0.02318572998046875
}