{
    "dataset": 1551,
    "last_cost_avg": 0.09088066506319031,
    "statevector_real": [
        -0.1929877277195257,
        0.043003289753256,
        0.09857505242374652,
        -0.02971482768779821,
        0.146719025335161,
        0.185288776025805,
        -0.031122191115742538,
        0.03707575520980868,
        0.16034956391184577,
        0.05332556731179959,
        0.16405075411345055,
        -0.0037689722611501603,
        -0.21412523127709826,
        -0.13026194901974703,
        0.1480006146662599,
        0.17215055893554965,
        -0.22529485624509538,
        0.15485531649055584,
        0.005366591035565189,
        -0.20992327868007188,
        -0.2216565410834517,
        0.002134099264348614,
        -0.06981814083963658,
        -0.17035793129529006,
        -0.09153958553437526,
        0.21125626864014865,
        0.05443798429785244,
        0.09180960371803033,
        0.18246646128114238,
        0.13486321388643968,
        0.20691153057253137,
        -0.12454561522232557
    ],
    "statevector_imag": [
        -0.08460109187397413,
        -0.17635101309693163,
        -0.12089639361869527,
        -0.1978923519666192,
        0.10821375112318632,
        -0.05795628564600386,
        -0.16728155351394838,
        0.16548831667283137,
        0.03550488501302498,
        0.04063505705529095,
        0.12848212357810618,
        -0.09171874657298539,
        -0.0370292374070118,
        0.08349483113770335,
        -0.19728737349200212,
        0.011639567219136695,
        -0.0006580929071172007,
        -0.0013728411844310105,
        0.10281882407037668,
        -0.05215705736933849,
        0.045615049221251314,
        0.1169340598917136,
        0.15795808194162145,
        -0.020453770081834022,
        -0.10484345372545555,
        0.04737410884123561,
        0.1367288194637617,
        -0.027972585096101725,
        -0.07820391918715831,
        0.09500422368590186,
        0.041064483742307215,
        0.0672728673476607
    ]
}