{
    "dataset": 0,
    "circuit_id": 17,
    "layer": 3,
    "num_params": 51,
    "expr": 0.0323824246994147,
    "entcap": 0.6176669260252666,
    "num_iter": 48,
    "last_cost_avg": 0.11330032348632812
}