{
    "dataset": 257,
    "last_cost_avg": 0.09981039974667123,
    "statevector_real": [
        0.0013801802370155625,
        -0.01994736223487165,
        0.12648662902547061,
        -0.02750142983258523,
        0.011174472098497352,
        0.10888347592236843,
        0.04190944085779668,
        0.1303251562657571,
        -0.13384972979449006,
        0.011640774427390437,
        -0.06268097220364569,
        0.11599840127938872,
        0.04316937032541024,
        0.10071053530041128,
        -0.008131358665296238,
        0.10122065767973533,
        0.0687816598599519,
        0.04372185962526449,
        0.016723054789360918,
        0.06630352425915939,
        0.1508755276369436,
        -0.10936547852031041,
        0.08784783065040258,
        -0.006186419508111256,
        -0.021816081311696496,
        -0.08536478343310679,
        -0.07984440793035864,
        0.07729287708703976,
        -0.0198377443939598,
        -0.02966758001993345,
        0.0068159526007026475,
        0.0962597837909169,
        -0.11816606888816247,
        -0.06501151752700851,
        0.13301341716307727,
        -0.15624005523276158,
        -0.12616794138319656,
        0.08760333039556745,
        -0.08015869808425405,
        -0.14998478640613655,
        0.1377022306935137,
        0.028158002470248817,
        0.016193489928067174,
        -0.19149124323605943,
        -0.11137165725118545,
        -0.13710378178383642,
        0.10584173046831465,
        -0.0028764436678616664,
        -0.04142429240367716,
        0.00036697998010857196,
        0.04199008875789698,
        -0.009772990744818166,
        -0.159849911615716,
        0.016948456737572417,
        0.03326646063884011,
        -0.00791690800691654,
        0.0070938573571255785,
        0.0029434847842990447,
        -0.1197978921855717,
        0.006119343669562417,
        -0.18580832072133927,
        -0.13960464702413897,
        0.03605425561541988,
        -0.07784378330343186
    ],
    "statevector_imag": [
        -0.01618270071297227,
        -0.1328543414044417,
        -0.028692520054293295,
        0.06876986529620563,
        0.022456964338616367,
        -0.06697812695102948,
        0.02631564790647253,
        0.015607855148351188,
        -0.09689635052863772,
        0.146378710617248,
        -0.1300771606658905,
        -0.037382079097808704,
        -0.12624492918930735,
        -0.10185965970949132,
        -0.013316577338757286,
        -0.058476954535374256,
        -0.050016396552601,
        -0.11128232299943841,
        -0.17555993085499644,
        0.025974933787298923,
        -0.03668853923525514,
        -0.058970893420062565,
        0.11127802571566595,
        -0.05223324547721577,
        -0.030873867730710897,
        0.056089399972587405,
        0.1262433502256462,
        0.14578493612182222,
        -0.007764750251810385,
        -0.030563375433533175,
        0.027420280620701495,
        0.06706663365934383,
        0.07749216245323372,
        -0.049158667212940196,
        -0.04110123102777508,
        0.04961706434286667,
        -0.05930040612921221,
        -0.06045646200836425,
        -0.03354990139061227,
        0.10929335532556118,
        0.012587582985375009,
        0.05437891428930778,
        -0.09002229432438355,
        -0.0036765325748209982,
        0.0019472592241253377,
        -0.17817162547752952,
        0.1369675454166912,
        -0.15767078675530705,
        -0.14102030453691478,
        0.011250899801656273,
        0.18807781539271165,
        -0.10020201740481936,
        -0.07480262557058738,
        0.0007861418251450868,
        0.14067616952487946,
        -0.12943232111700345,
        0.05576320452343078,
        -0.03568263445125644,
        0.03295795295382431,
        0.019874498804592033,
        0.06471782280336455,
        -0.12100144861092169,
        0.1293552141089423,
        0.029492083435156434
    ]
}