{
    "dataset": 0,
    "circuit_id": 4,
    "layer": 7,
    "num_params": 119,
    "expr": 0.02433529909692835,
    "entcap": 0.8109732760002069,
    "num_iter": 52,
    "last_cost_avg": 0.10773086547851562
}