{
    "dataset": 2788,
    "last_cost_avg": 0.11106282637673988,
    "statevector_real": [
        0.14531581936148064,
        0.10233405531683354,
        0.10955760442546388,
        0.07085245362345342,
        0.09026768217484402,
        0.23780004148790698,
        0.0573410442157593,
        -0.1835052117608169,
        0.017695678000666463,
        0.19868598268449683,
        0.08488404432344669,
        0.17155990030799415,
        -0.14613034249987403,
        -0.06316466011083581,
        0.04759799069593037,
        0.0335224775326189,
        -0.2501708469970655,
        -0.16652822885680224,
        0.14386120804113053,
        -0.18742336707787485,
        -0.06299996073118219,
        -0.14390949646409137,
        0.00964429820409154,
        0.019263213566287744,
        0.03719558455019055,
        -0.15296094846843367,
        -0.09256642558519368,
        0.008716989631225273,
        -0.23814685294999585,
        -0.04411739200230931,
        -0.13255368491256478,
        -0.10913374417976629
    ],
    "statevector_imag": [
        -0.18061088554551427,
        0.1308005669267267,
        0.09787095181722506,
        -0.054744073154504545,
        -0.09838576859564072,
        -0.14263094247159155,
        -0.044087583748510524,
        -0.0818418137214249,
        -0.03277889607658592,
        0.009596414571461648,
        0.08321675663984222,
        -0.01022504582410202,
        0.061523279186636866,
        0.15412431440518726,
        -0.05457409384290133,
        -0.011801409933885,
        -0.03583737423847857,
        0.12127469771341487,
        -0.04719413014152599,
        -0.2032006533723609,
        -0.16951132272804492,
        0.10649445457145777,
        0.006864444377599945,
        0.18933153960254273,
        0.2976922215197325,
        -0.09061258709197088,
        -0.15468531795643028,
        0.11144009710991697,
        0.15043192019350912,
        -0.0460780484082954,
        0.129196106174117,
        0.04236622461059893
    ]
}