{
    "dataset": 0,
    "circuit_id": 5,
    "layer": 6,
    "num_params": 324,
    "expr": 0.004005578912857126,
    "entcap": 0.9462663737862044,
    "num_iter": 85,
    "last_cost_avg": 0.14571762084960938,
    "accuracy": 0.9375
}