{"f": [-0.03265380859375, -0.02728271484375, -0.02679443359375, -0.0118408203125, 0.02301025390625, 0.0040283203125, -0.050537109375, -0.0115966796875, -0.021728515625, -0.02142333984375, -0.00445556640625, -0.0128173828125, -0.0201416015625, -0.04278564453125, -0.01336669921875, 0.03564453125, -0.006591796875, -0.02154541015625, -0.01806640625, -0.00018310546875, -0.01190185546875, 0.04302978515625, -0.0350341796875, -0.0174560546875, -0.02069091796875, -0.013671875, 0.001220703125, -0.01678466796875, -0.01605224609375, -0.02642822265625, 0.01287841796875, -0.0399169921875, -0.0439453125, -0.045654296875, 0.05328369140625, -0.04119873046875, -0.03338623046875, 0.00250244140625, -0.03594970703125, 0.00848388671875, 0.0020751953125, -0.04193115234375, -0.01983642578125, -0.021484375, -0.01678466796875, -0.004150390625, -0.002685546875, -0.03033447265625, 0.000732421875, 0.0152587890625, -0.00177001953125, -0.02874755859375, -0.03369140625, 0.031494140625, -0.01947021484375, 0.0091552734375, -0.0421142578125, 0.01666259765625, 0.01593017578125, -0.013427734375, -0.0435791015625, 0.0009765625, -0.01776123046875, -0.0491943359375], "accuracy": 0.578125}