{
    "dataset": 0,
    "circuit_id": 10,
    "layer": 1,
    "num_params": 12,
    "expr": 0.31546032932415524,
    "entcap": 0.38491995255018835,
    "num_iter": 75,
    "last_cost_avg": 0.01291656494140625
}