{
    "dataset": 294,
    "last_cost_avg": 0.08953328859336075,
    "statevector_real": [
        -0.01901764549681912,
        -0.1269689329362941,
        0.0970496880878648,
        0.07364713631551245,
        0.04681842421750094,
        -0.11245924622270548,
        0.0579682578116779,
        -0.10088192575430727,
        -0.041312833409863636,
        -0.06276576383173214,
        -0.0973425057242543,
        -0.040396459995857836,
        -0.024449171196394705,
        -0.04821934971445698,
        0.1349986305443841,
        -0.10037700463620541,
        -0.016427254364148835,
        0.13566566713339023,
        -0.07877494127434967,
        0.019395185146534988,
        -0.12863489640881132,
        -0.103134377245944,
        0.0067457898555563145,
        0.07933089134640355,
        -0.18460788861961588,
        0.037696364423176754,
        -0.039294732658331076,
        0.0060523772878051186,
        0.12308765912834324,
        -0.05293544461872934,
        -0.04847252882951083,
        0.1084173606450721,
        0.17398507249651887,
        0.0944139847243741,
        -0.07121125140170555,
        0.060921726404730404,
        -0.11945534069905642,
        -0.12849180766615606,
        0.002644194430231183,
        -0.013102697728743644,
        -0.022551659613767608,
        0.06542336878509264,
        0.005113858388661001,
        -0.0714204101702371,
        0.008769217092209347,
        -0.00518611155556575,
        -0.053039310515785795,
        0.03743719861734922,
        -0.05417396581304797,
        -0.03264256478534846,
        0.11402041133660765,
        0.06788621987969515,
        0.04901933647006143,
        0.007622867193703467,
        -0.03496746981131354,
        0.06287686801285189,
        -0.024391376788943934,
        -0.015592524106686432,
        0.10173445710414639,
        0.1143243970973709,
        0.19603757381567194,
        0.20256570571490748,
        -0.09641766049138918,
        0.0510392188249893
    ],
    "statevector_imag": [
        0.09640668527278702,
        -0.048868551832729534,
        -0.09839962600258999,
        0.07686341122080784,
        0.053781992029630944,
        -0.028087720514896948,
        -0.14560386771863568,
        -0.032443875939165694,
        -0.08265163810764957,
        -0.08556284942108046,
        -0.06184880490914042,
        -0.18124747816789358,
        -0.17144054716801882,
        -0.08822964092636904,
        -0.03480451548732672,
        -0.10713527549189993,
        -0.09296483906969225,
        0.16661610199223312,
        -0.09850772429256816,
        0.010047932044172196,
        0.07348641214711968,
        0.09245797003317702,
        0.00465645384821387,
        -0.034271012643235815,
        0.04233571120332429,
        -0.1036347656761748,
        0.01020894680306496,
        0.0039287357804214645,
        -0.09610087904024696,
        -0.16841788260266646,
        -0.15671504802031827,
        0.058793357285664365,
        -0.014035302791732204,
        -0.12570398537817426,
        0.09717650955806333,
        -0.12951443761156053,
        0.009022898374529036,
        0.03809671295839939,
        -0.11037338119260248,
        0.06982807470002304,
        0.13255555387866255,
        0.1037144657302153,
        -0.07830955097127339,
        0.07003461444938629,
        0.15294331853950077,
        0.08200581315019428,
        0.01741626980611898,
        -0.002184769402979828,
        -0.11637001220839575,
        0.12426330523263125,
        0.025461995062916874,
        0.10658344812817647,
        0.06425197494116168,
        -0.002936924585773589,
        0.15419976743478941,
        0.0430022436502784,
        0.013726182159652841,
        -0.12692859089744693,
        0.021891292427685994,
        -0.06426077601798617,
        0.020346603604602442,
        0.018021421513714626,
        -0.09547413851559171,
        -0.027156829014696793
    ]
}