{
    "dataset": 0,
    "circuit_id": 10,
    "layer": 6,
    "num_params": 35,
    "expr": 0.11717567848330446,
    "entcap": 0.8185049210915457,
    "num_iter": 129,
    "last_cost_avg": 0.0966949462890625,
    "accuracy": 0.96875
}