{
    "dataset": 3764,
    "last_cost_avg": 0.1140641379131475,
    "statevector_real": [
        0.0465691806668074,
        -0.05699311696654541,
        -0.011960907093454714,
        0.14168831117398822,
        0.21276033806976602,
        0.10217975174857756,
        -0.12610042185455467,
        -0.09302336807920891,
        0.10933885731365191,
        -0.22551623361791914,
        -0.05280181713891144,
        -0.10275917202215092,
        -0.11854512033244786,
        0.03993596446549809,
        0.10628028381248207,
        0.06874831234757084,
        0.058494136334238396,
        -0.0012490687716916445,
        -0.04920178012454906,
        0.07272945841937331,
        -0.08793667681884546,
        -0.025642265539835705,
        -0.20031797098787205,
        -0.12479665860609923,
        -0.08434217897992087,
        0.10034883439020138,
        0.0058226309142827915,
        0.04980878855459133,
        0.011156576422290497,
        -0.15407164265561907,
        0.2110349101702198,
        -0.2293096757913122
    ],
    "statevector_imag": [
        -0.08591028662116158,
        -0.13865557814277815,
        0.2359419714694995,
        0.20032305494464486,
        0.04128509759615668,
        -0.1779018296143683,
        -0.13672642718585895,
        0.182278590713961,
        -0.08925309845648895,
        0.10602121829855243,
        -0.10666434121416973,
        0.09319985062119424,
        0.0045868687882066736,
        -0.12708256179615107,
        0.24402332154356818,
        -0.02497005745995683,
        -0.012281802661477945,
        -0.09420339436803576,
        0.14683390318375383,
        -0.1245928976487557,
        0.1083064999735481,
        0.1778311163397171,
        0.08020430861883905,
        0.10587671840751621,
        0.12923381414200008,
        -0.13949496090972793,
        -0.16126553803186403,
        0.16304084376482986,
        -0.20159166135908627,
        0.011077343826622572,
        0.028917345699898067,
        0.09811095442358098
    ]
}