{"f": [-0.00433349609375, -0.0040283203125, -0.002197265625, -0.03118896484375, 0.0367431640625, -0.025390625, 0.01116943359375, 0.02001953125, 0.0078125, -0.00762939453125, -0.032470703125, -0.0035400390625, -0.0003662109375, -0.0067138671875, -0.0213623046875, 0.04034423828125, 0.00909423828125, -0.01995849609375, -0.019287109375, -0.01690673828125, -0.01123046875, 0.04522705078125, 0.003173828125, 0.0086669921875, 0.001220703125, -0.02313232421875, 0.0155029296875, -0.0220947265625, 0.01513671875, 0.02142333984375, -0.0146484375, -0.01068115234375, -0.03057861328125, -0.03173828125, 0.02081298828125, 0.0184326171875, 0.00079345703125, -0.021240234375, 0.0196533203125, 0.03094482421875, 0.0289306640625, -0.01092529296875, -0.01629638671875, -0.00616455078125, -0.018798828125, -0.0225830078125, -0.01287841796875, 0.0186767578125, 0.03668212890625, -0.0294189453125, 0.01129150390625, -0.0142822265625, 0.00982666015625, 0.02337646484375, -0.00921630859375, -0.016357421875, -0.0107421875, 0.01629638671875, 0.0084228515625, -0.01123046875, -0.03887939453125, 0.008544921875, 0.0201416015625, 0.01434326171875], "accuracy": 0.515625}