{
    "dataset": 417,
    "last_cost_avg": 0.08240077964712877,
    "statevector_real": [
        0.022017452707236266,
        -0.10285381435184539,
        -0.07209712881690748,
        -0.09128437953649327,
        0.01918715540864307,
        -0.07508637337717465,
        0.013046628074625692,
        -0.06459643936991888,
        -0.17200053214443578,
        -0.08761548803307781,
        -0.15013322670489498,
        -0.13839695227416826,
        -0.1506751038493436,
        0.02924396830365343,
        -0.022753039632235947,
        0.06977656279550347,
        -0.09996723729363952,
        0.027750507265599054,
        0.003043871760855907,
        -0.08939778734066826,
        -0.05322876669964237,
        9.946689409349951e-05,
        0.010922676573979315,
        -0.0600299273627883,
        0.005919364100190978,
        -0.0021152073805285484,
        -0.13717341635239974,
        -0.018336554043826572,
        0.06783202592668232,
        -0.0544252428725573,
        0.11693823675660628,
        -0.04386134152540977,
        -0.06654608966840722,
        -0.1565940310638983,
        0.15678533956304305,
        -0.05605471692264832,
        -0.14150035285153953,
        0.009743126735813947,
        -0.02942636148755976,
        0.08765542832549768,
        -0.030173203047183704,
        -0.08166800817485204,
        -0.022040400776337593,
        -0.14529125173102703,
        -0.10062646986739435,
        -0.0016714128566320881,
        -0.022886136173407977,
        0.005100057024593447,
        -3.694661957718539e-05,
        0.010553417891158184,
        -0.0765369371658858,
        0.016716808465328484,
        -0.04381113152260386,
        -0.14827381149809604,
        0.09835718023847924,
        -0.022555389297676535,
        0.14766334834888487,
        0.09680111117202976,
        0.03859964384331269,
        0.15428336096006845,
        0.13314601239082927,
        0.07370764963590333,
        0.06828270168328279,
        0.06927430437350977
    ],
    "statevector_imag": [
        0.2004893809614618,
        0.07500890957437267,
        0.05477608536983374,
        -0.020566203028996737,
        -0.08240916995386523,
        -0.049668707769021825,
        0.003255314627857887,
        0.2168496049074784,
        0.046944925500713504,
        0.06539365462499053,
        -0.024635489465169382,
        -0.054017757469351835,
        0.1389482837101765,
        -0.10933383112637421,
        -0.1877932446128335,
        0.1839753955920913,
        0.15998721644021544,
        -0.07614066616342581,
        0.0468372842541327,
        0.006128336303508481,
        0.007189969552472611,
        -0.025201104309017074,
        -0.016353068200460282,
        -0.0025528024585300506,
        -0.015428841559763878,
        0.028538109408164765,
        0.022731164503201014,
        0.0029179726769112293,
        0.044100581064162786,
        0.058778636619838814,
        -0.13029521083885381,
        -0.028225061808357776,
        -0.11623385154460823,
        0.12462764948553033,
        0.07671692484734757,
        -0.020032700712148598,
        -0.10095285386846205,
        0.01774322809104556,
        0.002398399341212184,
        0.14409721214448867,
        -0.01610019295735759,
        0.16331958977242486,
        -0.0016196577418774575,
        -0.03404988544518402,
        0.021231695659693916,
        0.008293700549288198,
        0.01618263738622461,
        -0.1045878816168104,
        -0.014939073614226025,
        -0.11802712744947974,
        -0.048093424065453805,
        -0.11116829253038807,
        0.08882185506322508,
        -0.09796741460690826,
        0.11217895245093953,
        -0.0003549678230384021,
        -0.03098924990128109,
        0.021090641801878352,
        0.022840547140806033,
        -0.10460902112062946,
        -0.07265176709262325,
        -0.18898845550233517,
        -0.19240764825098866,
        0.058369749528522565
    ]
}