{
    "dataset": 1225,
    "last_cost_avg": 0.09628245924265605,
    "statevector_real": [
        -0.10731882641555623,
        -0.005151869924428701,
        0.0753656043823654,
        -0.09790047184899307,
        -0.11316950915463515,
        0.04801488076539031,
        -0.1076304927761773,
        -0.014790655688851021,
        0.13120553072354546,
        0.021451139243235953,
        -0.03384339398722355,
        0.1860980204187012,
        -0.0677755736442412,
        -0.09692968590260669,
        -0.010910109775255411,
        -0.019595456277092083,
        0.1491553296323078,
        0.06442969013981632,
        -0.06379159550724975,
        -0.015044277752944602,
        0.06492917766408436,
        0.008031364479189776,
        0.1269759434222762,
        -0.001341465143607326,
        -0.17964512850247935,
        -0.0012123441888853583,
        0.0815774746422753,
        -0.07123876799926414,
        0.005025388379112648,
        -0.03150982136624825,
        -0.015715144598384887,
        0.04676935467816162,
        -0.05388113547730358,
        -0.05977563183593679,
        -0.06888341427803892,
        -0.04475032988422501,
        0.02004860039029897,
        -0.0028130201798751047,
        0.11892766676222694,
        -0.13438737062973827,
        -0.029216641286900585,
        -0.0705193954987041,
        0.10397250698592758,
        0.04554782217775653,
        -0.1740426299059095,
        -0.12355436352871628,
        -0.04920965767962827,
        -0.1813144441442336,
        0.03424927313633179,
        -0.0865604257383512,
        -0.1523179466450848,
        -0.029416311082321938,
        0.036941259773307596,
        0.018630409641163463,
        0.19201271187524627,
        0.17502317792744015,
        0.08800190687554514,
        0.04079902856720884,
        -0.07417996810077178,
        -0.14658416689979722,
        -0.0021806613914795003,
        0.041372096816230004,
        -0.11027851989311797,
        -0.13386422451037433
    ],
    "statevector_imag": [
        -0.023785003170906593,
        -0.014073182916066624,
        -0.04677681182796747,
        0.09033462935388553,
        -0.10431059327542894,
        -0.16711684942831317,
        -0.046937024519939405,
        0.05320326267777143,
        -0.09243882095650603,
        -0.07650973509918202,
        0.11699921848443488,
        -0.021145210303457354,
        0.1319865850602796,
        0.04408550760303609,
        -0.012747809026301345,
        -0.0630568302986221,
        0.10922522182509575,
        0.18153527758126267,
        0.080724870123482,
        0.12482410280518068,
        -0.07497678418161548,
        -3.71050237120963e-05,
        -0.14553342488873602,
        -0.007516310742237942,
        0.0486386341207591,
        -0.013597838447310754,
        -0.021842572218963976,
        0.005724638053741351,
        0.015094916646840574,
        0.0015460889826623867,
        0.009251828687607249,
        0.02867294817292779,
        0.05046944707659843,
        -0.045691749593730624,
        0.004859040515922794,
        -0.02849794808003328,
        -0.11123924921591635,
        0.017587791652396094,
        -0.015681606424144602,
        -0.05237679525487495,
        0.06200915262618568,
        0.0494430222503817,
        -0.08609551322443275,
        0.08468178264850461,
        -0.014472406733939154,
        -0.013838272094021418,
        -0.1041046203559999,
        -0.12231855298855823,
        -0.20057931593425052,
        0.061114315522441995,
        0.09014571510758274,
        0.13201477789642363,
        0.12519173128828073,
        -0.08868215843443682,
        -0.01759081535731669,
        -0.02792224464588349,
        0.13015050628296354,
        -0.06414979223739742,
        -0.18628205164631612,
        0.050984121572649234,
        0.034032976396177,
        -0.18190044784076723,
        0.027986408923048035,
        0.058756462045668735
    ]
}