{
    "dataset": 110,
    "last_cost_avg": 0.08552264443185545,
    "statevector_real": [
        -0.08356480773040752,
        0.03342260100803609,
        0.08545284666720154,
        0.017886362169124096,
        -0.06921363506115473,
        0.09318412639001361,
        -0.05418294767608308,
        -0.025800146851612075,
        0.15276747620279074,
        -0.12632797485894418,
        0.1328523400717307,
        -0.14713974053476145,
        -0.10058495847671316,
        -0.034162896646991514,
        0.14371398234795793,
        0.11745606878638529,
        0.03530092678197141,
        -0.040518033694158725,
        0.14631537213460094,
        -0.0648841548997531,
        0.0058696917641418295,
        -0.09296306215458774,
        0.14232715428976106,
        0.18013987692028388,
        -0.10120374118887474,
        -0.05340185815456636,
        -0.11607223146278543,
        0.03334195929793505,
        0.07675044140356568,
        0.026836265120113622,
        -0.1250228513931279,
        -0.11246230938088075,
        -0.017347985024944678,
        0.062077314813717914,
        -0.11386306308141818,
        0.05406928666179166,
        -0.0019155771213127655,
        -0.014563433696395003,
        -0.07752833058834409,
        0.0624487659536856,
        0.18546295770385313,
        0.00018644754592005687,
        -0.06458677902509492,
        -0.03191953966696741,
        0.12084619086932578,
        -0.0389044648549143,
        -0.15187199739646662,
        -0.17781996454835103,
        -0.10539098113407606,
        0.1533548514909497,
        -0.1132366104925615,
        -0.002239779229733267,
        0.005147767138002237,
        0.009754542537671497,
        -0.01665953470393099,
        0.18612191207429848,
        -0.04297900691247146,
        -0.09450548065301656,
        -0.015059354046225638,
        -0.01966377225129924,
        -0.142267816844909,
        -0.08715866662027659,
        0.15079189651471595,
        0.0745476998683273
    ],
    "statevector_imag": [
        0.09953903685264012,
        0.02341052777064645,
        0.09472772309641568,
        0.023264577921929253,
        0.046508819398371974,
        0.0762118167131729,
        0.057358212713631125,
        0.06253036343146533,
        -0.11363356773508804,
        0.09199508317933298,
        -0.041755475420965485,
        -0.04127833423916497,
        0.04003320937548422,
        -0.054382285790677325,
        0.055945184909292275,
        0.04448343912766522,
        -0.07592571600249678,
        0.007570362392398272,
        -0.019546495047616904,
        -0.13352990806102222,
        -0.11426770239445565,
        -0.04878650113525205,
        -0.030013729500279886,
        0.013462561500814601,
        0.09307906814408005,
        -0.004731358941840808,
        0.08757929866874486,
        0.1376971199719572,
        -0.131630436755696,
        -0.0026340751300361516,
        0.00029972552986380017,
        -0.021618610255981746,
        -0.1692392966333273,
        -0.0946428715772432,
        0.1105972005135729,
        0.1618011337251171,
        0.001212960066452929,
        -0.08675761892170557,
        0.11623085110243384,
        0.0791024810576094,
        0.07666361455418694,
        0.11939873434830192,
        0.10924763897903486,
        0.08392764528074795,
        -0.04028954528388763,
        0.12281362691256673,
        0.025460964364693067,
        -0.0729287108469827,
        0.011496147289192635,
        -0.015604483353376388,
        0.08253471315829411,
        -0.04199516537449519,
        -0.11108424757956147,
        -0.021324744090198376,
        -0.0551984669690016,
        0.027530761904753537,
        0.07469476833886317,
        0.022510657022759357,
        -0.023526392115997146,
        0.12950297327931976,
        0.013283352688001631,
        -0.08763727899328921,
        -0.014073869751316092,
        0.12010946274342163
    ]
}