{
    "dataset": 0,
    "circuit_id": 16,
    "layer": 4,
    "num_params": 56,
    "expr": 0.05940085320482569,
    "entcap": 0.5459740742933402,
    "num_iter": 54,
    "last_cost_avg": 0.10300827026367188,
    "accuracy": 0.96875
}