{"f": [0.064697265625, 0.10498046875, 0.089599609375, 0.0552978515625, 0.01312255859375, -0.0032958984375, 0.11077880859375, 0.08935546875, 0.07086181640625, 0.05169677734375, 0.00848388671875, 0.130126953125, 0.0426025390625, 0.09747314453125, 0.11431884765625, 0.0316162109375, 0.03472900390625, 0.0906982421875, 0.06304931640625, 0.110107421875, 0.0494384765625, 0.0626220703125, 0.0831298828125, 0.0335693359375, -0.00201416015625, 0.10546875, 0.10260009765625, -0.01068115234375, -0.010986328125, 0.09039306640625, 0.019287109375, 0.06610107421875, 0.11865234375, 0.110595703125, -0.0224609375, 0.08184814453125, 0.03619384765625, 0.01434326171875, 0.012939453125, 0.00848388671875, 0.08685302734375, 0.00177001953125, 0.02001953125, 0.0130615234375, 0.06353759765625, -0.01666259765625, 0.05206298828125, 0.009765625, 0.0654296875, 0.00189208984375, 0.023681640625, 0.076171875, 0.0445556640625, 0.0279541015625, 0.0938720703125, -0.00946044921875, 0.095947265625, 0.03802490234375, 0.08160400390625, -0.0137939453125, -0.0191650390625, 0.06884765625, 0.0284423828125, 0.08404541015625], "accuracy": 0.328125}