{
    "dataset": 704,
    "last_cost_avg": 0.09053035889302355,
    "statevector_real": [
        -0.08665492873187457,
        0.018872462481784483,
        0.036538202573462235,
        -0.0995736157757616,
        0.07206089878035232,
        0.05220936448110729,
        0.15723527511950322,
        -0.13782938629091485,
        -0.052552490618043096,
        -0.03999334247327496,
        0.08297474274076318,
        -0.16655445011478445,
        0.09264464360166476,
        0.14114606550495246,
        0.05476808915463115,
        0.053610418226921475,
        0.15033132430731738,
        0.07251501750028878,
        0.004058436953081563,
        0.11055191155241853,
        0.059094780539120824,
        -0.009846078805935245,
        0.08428618272112702,
        0.02695551651265767,
        0.01636232995519042,
        0.12355609508258832,
        -0.09437590646662107,
        0.15123395636669504,
        0.07483802780410655,
        -0.16151652186731844,
        -0.10999312171043002,
        -0.08069300709075437,
        0.04878386154936561,
        -0.08444772012948618,
        -0.16532306751524678,
        -0.12197339327740982,
        -0.15718155229315914,
        -0.005858747006712706,
        0.025972057457708628,
        0.009259515851409853,
        0.20875887634581375,
        -0.03265690005162116,
        -0.009770664222825114,
        0.07400817091963076,
        0.06836748668134714,
        -0.0031047583801741127,
        0.049008468629726055,
        0.05212017895491338,
        -0.061444444474434236,
        -0.13002018708615504,
        0.053022774312346393,
        0.00928567512180373,
        0.04240208108391828,
        -0.04634330639620391,
        0.12443933523006385,
        0.0011403489405793284,
        0.0395787316372244,
        -0.0019053822842744089,
        -0.02177460085321932,
        0.05514753335871585,
        0.1360108634498152,
        -0.11225825745410684,
        -0.06327717051149392,
        -0.12133233417108027
    ],
    "statevector_imag": [
        0.06121940567920829,
        0.13638550021562418,
        -0.00822755981179945,
        -0.11928058365781762,
        0.15967240262625487,
        0.09930159885259328,
        -0.041047435995557345,
        -0.00864724235712177,
        -0.04334641850998578,
        0.029362485867069906,
        0.04678435565838799,
        0.12895601946233945,
        0.019815405752427556,
        0.0036462708616113644,
        0.19561914149490142,
        0.11832927799305454,
        0.08807385265258688,
        -0.09767072622379629,
        0.007859370529497926,
        0.09165471809131659,
        -0.0554946190494743,
        -0.00041706214107979834,
        -0.012411316720709525,
        -0.0849755836640399,
        0.060993175373346066,
        0.07818654016198319,
        -0.11755801702640287,
        0.058119450158875464,
        0.09145750551842169,
        -0.09923637775282802,
        0.08881340563286728,
        -0.039734257570220546,
        -0.02494122652794345,
        0.05366782633881758,
        0.07788687162795074,
        -0.023407463137013206,
        -0.1017109444725097,
        0.020424553893651953,
        -0.09502162947066109,
        0.016435331505574278,
        0.05417795539018363,
        0.0596671579458913,
        -0.059069102166280044,
        -0.11596795056698261,
        0.14592057398865715,
        -0.049043062484586133,
        0.09065205463854782,
        -0.05835983603444748,
        0.043268223523050396,
        -0.15541613502189536,
        -0.05189473203039979,
        0.017535598921810603,
        -0.04504226387662575,
        0.03265783353078057,
        -0.10845017777376406,
        0.11398261484620377,
        0.1995368240882735,
        -0.019866906591945857,
        -0.14559833418844817,
        0.03547955810199537,
        -0.06218103299015473,
        0.06463890791292996,
        0.05795595842227402,
        -0.11310235039544582
    ]
}