{
    "dataset": 0,
    "circuit_id": 5,
    "layer": 1,
    "num_params": 54,
    "expr": 0.0992031982967523,
    "entcap": 0.38951152835993474,
    "num_iter": 116,
    "last_cost_avg": 0.15267181396484375
}