{
    "dataset": 0,
    "circuit_id": 2,
    "layer": 4,
    "num_params": 40,
    "expr": 0.006849567661318657,
    "entcap": 0.8722764963904555,
    "num_iter": 51,
    "last_cost_avg": 0.15332412719726562,
    "accuracy": 0.9375
}