{
    "dataset": 0,
    "circuit_id": 15,
    "layer": 15,
    "num_params": 135,
    "expr": 0.013399205440147246,
    "entcap": 0.9922667926810356,
    "num_iter": 1024,
    "last_cost_avg": 0.029637641966031456
}