{
    "dataset": 0,
    "circuit_id": 10,
    "layer": 2,
    "num_params": 18,
    "expr": 0.1411434027344973,
    "entcap": 0.5623247451253766,
    "num_iter": 78,
    "last_cost_avg": 0.13674545288085938
}