{
    "dataset": 437,
    "last_cost_avg": 0.07991391416443433,
    "statevector_real": [
        0.09700044183110061,
        0.03676848855481681,
        0.0465748224878782,
        -0.11599161393509777,
        0.13564049564301253,
        0.11842882979431979,
        0.12400955243978024,
        -0.006353563042656632,
        -0.18618588967313776,
        -0.13126678197625788,
        0.03421275115396599,
        0.06168349859837967,
        -0.10437441166989539,
        0.09595303109344809,
        -0.01895463937272806,
        0.06581443813279061,
        -0.034299669036004385,
        0.13641424107674083,
        0.210637618172479,
        -0.1450324354588373,
        -0.011897022898897174,
        0.0017905295459841742,
        0.24806980798648912,
        0.16426922403647568,
        -0.08302885951842809,
        -0.16589477656473903,
        0.20111287900288904,
        0.18950030862526668,
        -0.005508635925805216,
        0.011629535448624266,
        -0.14280271586703852,
        0.09099619900100465
    ],
    "statevector_imag": [
        -0.19754508240926832,
        0.08700352741721584,
        0.0005813226011485909,
        0.09890023450008187,
        -0.20165369473711703,
        0.006251390989831089,
        0.12189411751136317,
        0.0008625658945444872,
        0.05455180440688578,
        0.048802284283231176,
        -0.2067824495098786,
        0.03410615544259604,
        0.13091858197840722,
        -0.1664976512136586,
        0.13774969477405488,
        0.006827283097219666,
        0.12817167771822435,
        -0.09666586720255894,
        -0.1915027364353236,
        0.0707615736344004,
        -0.1573584300737335,
        -0.008970710126291772,
        -0.1880326125915182,
        0.08169258938905907,
        0.11786358516812645,
        -0.07816817641785807,
        0.04527111588469757,
        -0.13799822023209504,
        -0.18075716233142916,
        0.284723698732688,
        -0.07092965518655195,
        0.10654776477105836
    ]
}