{
    "dataset": 4048,
    "last_cost_avg": 0.10747509422892507,
    "statevector_real": [
        0.0012173400200168132,
        0.16403264565450343,
        0.17012453283570325,
        0.16696136543459816,
        -0.06461904827572695,
        -0.15660863604066252,
        0.015627641728615048,
        -0.006066192925762151,
        -0.0009716127308856905,
        0.18378647401932977,
        -0.1880762285949904,
        -0.11933656358105672,
        0.15241989733639968,
        0.007327137419339851,
        0.2024721331954942,
        -0.06467426114919077,
        0.022714180468162204,
        -0.10373375475498738,
        0.05909363712628159,
        -0.11868116619592736,
        0.04468336577707176,
        -0.1883190816271991,
        0.08602795523285998,
        -0.16709890766020363,
        0.013822006659241003,
        0.23787002034000218,
        0.02279046463734388,
        0.08102902311849323,
        -0.09926259852806724,
        -0.06666718579979186,
        -0.1998657831307726,
        0.08657269632559703
    ],
    "statevector_imag": [
        0.028812490698357805,
        -0.06893915970650881,
        -0.0888752879817511,
        0.12624595640774108,
        -0.11649349946642512,
        0.14982535416625467,
        -0.0029739924865156654,
        -0.00745002740458613,
        0.19591613253525084,
        -0.011262816871247156,
        -0.08807002613291595,
        -0.1107335138703695,
        -0.16128088290263118,
        -0.012439699413161684,
        -0.06771860240424088,
        -0.2553519967055406,
        -0.19102254827002574,
        0.20582625486302433,
        0.16788047660780425,
        -0.0016283279409264654,
        -0.17766024318555512,
        -0.06743232811184378,
        -0.09139227441500607,
        -0.053806951626338397,
        -0.012783101748187874,
        0.047095101569698955,
        -0.0901282053179175,
        0.16860791788764,
        -0.170934687102697,
        -0.03422732747295157,
        0.0947676576019501,
        0.2356064460114274
    ]
}