{
    "dataset": 1473,
    "last_cost_avg": 0.09361593315020672,
    "statevector_real": [
        -0.023973668183440447,
        -0.10351832356067897,
        0.13294577621790535,
        -0.08661977336757222,
        -0.19382425815971052,
        -0.0995499897546448,
        -0.060513753856339295,
        0.10902393901079477,
        0.09604979828305986,
        -0.07928217566899992,
        0.1577902662953476,
        -0.1422627243882741,
        -0.20255042528621162,
        0.03606619705856884,
        0.1307950427443186,
        0.0986958891816571,
        0.23042940190547875,
        0.06581835745435481,
        0.08117711272050974,
        0.16035573220816657,
        -0.07696034728550182,
        0.18650469263406133,
        -0.2351235058358114,
        -0.09441206614747484,
        -0.005310992036757914,
        -0.0441636425710773,
        -0.24795539902185237,
        0.13786135039757152,
        -0.011436389643919513,
        -0.07277582496820945,
        -0.07032246093332278,
        -0.19215153777619484
    ],
    "statevector_imag": [
        -0.05072489662432668,
        -0.10518058883523654,
        -0.0021037508924323664,
        -0.04191440728244315,
        0.08048622268210469,
        -0.15652644490560919,
        -0.03988291303403717,
        -0.1127790206381241,
        -0.14711087876895731,
        0.09343932605995113,
        -0.11805259168113774,
        0.11335061137083971,
        0.15268571712413656,
        -0.09312197900587256,
        -0.20764306268844973,
        -0.1371265411315904,
        0.18498216005232276,
        -0.025532196146676026,
        0.14507960632125305,
        -0.1543439432426272,
        -0.14792568616973142,
        0.0990564245013919,
        -0.07971872174939415,
        -0.14633829387956446,
        0.0028984789581246095,
        -0.03398156079358063,
        0.07638037559854374,
        -0.12311706508816712,
        0.008030929393933328,
        -0.196763486465849,
        -0.1839115652474562,
        0.02396081336344439
    ]
}