{
    "dataset": 1013,
    "last_cost_avg": 0.10178440966575433,
    "alpha": [
        0.06854340247359426,
        0.04148198928526859,
        0.014207675516553792,
        0.03983173130630694,
        0.010511921091310496,
        0.03832782080714709,
        0.008684938652978933,
        0.059698033761492415,
        0.005997167950328676,
        0.012579676378465915,
        0.03800682740925416,
        0.0011414750603482172,
        0.01187249470904772,
        0.02697236522594826,
        0.03262102334728128,
        0.0042855514699018556,
        0.023224628421312118,
        0.07090092730537485,
        0.08383166227158896,
        0.0553355022780946,
        0.04704274653198918,
        0.003787842190133041,
        0.06743226343425013,
        0.013991692831792574,
        0.025112608666758227,
        0.008926500415762956,
        0.014686861317555217,
        0.016300440739363195,
        0.05232777003386763,
        0.04229613630993546,
        0.033740695156085576,
        0.026297627650907696
    ]
}