{
    "dataset": 0,
    "circuit_id": 5,
    "layer": 2,
    "num_params": 108,
    "expr": 0.005586359466487204,
    "entcap": 0.7091859967214958,
    "num_iter": 63,
    "last_cost_avg": 0.020984649658203125
}