{
    "dataset": 0,
    "circuit_id": 5,
    "layer": 3,
    "num_params": 162,
    "expr": 0.0019688977542666316,
    "entcap": 0.8523730373625703,
    "num_iter": 80,
    "last_cost_avg": 0.02001953125
}