{
    "dataset": 1078,
    "last_cost_avg": 0.07639195728715892,
    "statevector_real": [
        -0.3040259541544432,
        0.03304129477100318,
        0.10567017485344288,
        0.15868625576738754,
        -0.03393750690780835,
        0.054202158730181124,
        -0.13307872357738607,
        -0.198567722719625,
        -0.18902231757073296,
        0.15789417474252265,
        -0.19600938245680857,
        0.14936905965973385,
        -0.012788022394938682,
        0.035610124246252,
        0.0814904691020522,
        -0.02630101414916971,
        -0.08600755991380189,
        -0.014756122690820524,
        -0.06930665316305899,
        -0.019563562407339925,
        -0.062453110663414975,
        0.09049755094766847,
        -0.0690101372649857,
        -0.08076517404867765,
        0.010194400886884204,
        0.1658171146952281,
        -0.002386111881443781,
        0.11099867708494403,
        0.02971823070846419,
        0.06763107014175522,
        -0.10681679981305833,
        -0.25361048682721793
    ],
    "statevector_imag": [
        0.06072031924288071,
        -0.1117706615835602,
        -0.12537095649907448,
        0.1385580917204311,
        0.11627879516543961,
        0.020125322197611678,
        0.15286521412683451,
        0.059295892351688015,
        -0.13667797910519094,
        0.18249193338856828,
        -0.023338938694188596,
        -0.03635976072091633,
        -0.05303900361528655,
        0.18751279829614173,
        -0.1641407328423211,
        0.01899992685408431,
        0.23640048007343956,
        -0.008467007153784406,
        0.1407469760722517,
        -0.007362503111458712,
        -0.29882601521548374,
        0.03408177613161525,
        0.08488303388076211,
        -0.21197940956255606,
        0.019180531523849603,
        -0.0867928321809331,
        -0.019062126872473734,
        -0.12550478144492794,
        0.14665760407802875,
        0.21402829254592823,
        0.0013486416847437737,
        0.025888047225251527
    ]
}