{
    "dataset": 3757,
    "last_cost_avg": 0.08064998910809576,
    "statevector_real": [
        0.00280871246544759,
        -0.0825159748062125,
        -0.003908614504060846,
        0.10461107365470287,
        0.16356611141408137,
        0.08275895758911977,
        -0.12712711884895048,
        -0.07011015319686349,
        0.1030544092735046,
        -0.18137704330053928,
        -0.05341919899700385,
        -0.1204382937398501,
        -0.1566371170003984,
        0.03505517690055534,
        0.06859545460155293,
        0.1661461898783746,
        0.1715499798207848,
        -0.0006433646417268981,
        -0.10204731836745595,
        0.09524356390297933,
        -0.150089054452023,
        -0.030360631287725086,
        -0.18324206557617786,
        -0.10382984925161713,
        -0.16227934919779202,
        0.10361605560320204,
        0.0057366201930864795,
        0.04964808530265137,
        0.005605112639039745,
        -0.25491127051089074,
        0.010817279783546723,
        -0.1333656795145355
    ],
    "statevector_imag": [
        -0.005181480315693393,
        -0.2007488062020942,
        0.07710169509694201,
        0.14790217825248897,
        0.031739199770118194,
        -0.14408891898964,
        -0.13783964005050828,
        0.13738031833659733,
        -0.08412311563562473,
        0.08527020336235565,
        -0.10791150717813194,
        0.10923434633363822,
        0.006060763201630877,
        -0.11155112301315667,
        0.15749760985015443,
        -0.060345916377429476,
        -0.036019730023881806,
        -0.04852185439314706,
        0.3045419500554313,
        -0.16316183107869317,
        0.1848559754597662,
        0.21055335170315406,
        0.0733673724177004,
        0.08808860617179258,
        0.2486535148481868,
        -0.1440367266229076,
        -0.1588833562596676,
        0.16251480820860814,
        -0.10128052963911413,
        0.018327446505142776,
        0.0014822524803172633,
        0.057060976861824306
    ]
}