{
    "dataset": 614,
    "last_cost_avg": 0.09700746834987445,
    "statevector_real": [
        0.005947753684527253,
        -0.13104489775489206,
        0.010790972504522779,
        0.014742961498947327,
        -0.051495049740556374,
        0.03518551473067806,
        -0.22346759941021707,
        -0.12256378569743692,
        0.16885740940040006,
        -0.11929674147689869,
        0.004801741383850708,
        -0.12047662662742255,
        -0.16044684204728046,
        0.1094414126495867,
        0.014904877204930207,
        -0.1559124310882922,
        -0.12637180170794038,
        -0.07068774993243757,
        0.21393738049804306,
        -0.23989779893787286,
        0.057459428107861636,
        0.0076909591443835934,
        -0.04546400660233977,
        -0.15733286084966228,
        0.20063785474782964,
        0.019612715425087753,
        -0.11799743958779417,
        -0.2567820913828955,
        -0.07635608036192348,
        0.13322367649207187,
        0.14312342745179454,
        0.021665909480870604
    ],
    "statevector_imag": [
        0.07368851775557993,
        -0.12210129336161847,
        0.15462082592910545,
        -0.025492173234904325,
        0.20453530314006257,
        -0.18785174112468855,
        -0.04586197794004905,
        -0.0712148579934815,
        -0.1160194559487122,
        -0.16228130058128362,
        -0.12430063162561701,
        0.03207037097112498,
        0.07564895449715131,
        -0.03526392644875165,
        -0.19672545581039044,
        0.10831965488733408,
        -0.017894916915777076,
        0.1318229231927205,
        -0.09626555819411842,
        0.044615574128292146,
        -0.12985041446289491,
        0.21859133293597163,
        0.17243690527178837,
        -0.13666228863141916,
        0.05257930347379203,
        -0.002705006140606819,
        0.15745568993740677,
        -0.1210885671926337,
        0.004314198251149134,
        0.16659386698209266,
        0.1021307992704225,
        0.09625747927825389
    ]
}