{
    "dataset": 0,
    "circuit_id": 9,
    "layer": 1,
    "num_params": 6,
    "expr": 0.5237665434080453,
    "entcap": 0.9999999999999999,
    "num_iter": 36,
    "last_cost_avg": 0.11258697509765625
}