{
    "dataset": 2270,
    "last_cost_avg": 0.10199865480986915,
    "statevector_real": [
        0.04764899753157988,
        -0.03410063842857033,
        0.004025445010867454,
        0.11130934915067281,
        0.19184379287988504,
        0.09330500047151577,
        -0.020154043174212273,
        -0.14894266302360906,
        -0.07144092052513992,
        -0.1257056968696002,
        -0.006372676982821594,
        0.1791845256339444,
        -0.2214110950454594,
        -0.13688262376135513,
        -0.07557781043968055,
        -0.10138074140291053,
        0.01556953233002604,
        -0.25539719958602014,
        0.10790062380247772,
        0.1492998071131336,
        -0.007511600739558526,
        0.08934696094615178,
        0.10605181102014384,
        -0.1023587411035123,
        0.10979457770019418,
        0.24919133368226865,
        0.06396943375865774,
        -0.0725142951053564,
        -0.07270786582715291,
        0.11754850829037401,
        -0.15228702413530806,
        -0.24806537435507864
    ],
    "statevector_imag": [
        0.1311676284876228,
        -0.13213029336043797,
        -0.2228966017554492,
        0.16676897823726455,
        -0.06238997213552993,
        0.15858945758393536,
        -0.06598092741732013,
        0.052286054647404705,
        -0.04644250757106917,
        0.1779895364044079,
        0.2684552471427221,
        -0.17649419183782372,
        -0.07494041875564908,
        0.08956375962023222,
        -0.1236948682153963,
        -0.005486480659460792,
        0.11132445772842786,
        0.038367118191769314,
        0.11006460739184293,
        -0.07663358363592457,
        -0.009228195314065095,
        0.0749858312164872,
        -0.07417860558902653,
        0.08531800523458255,
        0.12977863511883145,
        -0.056755129303737495,
        0.1656322118005068,
        -0.07696380212562669,
        -0.12148756177917143,
        -0.011647258229328722,
        0.1668324925461228,
        -0.044205691714408094
    ]
}