{
    "dataset": 1076,
    "last_cost_avg": 0.09142228307940622,
    "statevector_real": [
        -0.15678197048278264,
        0.0445938146914624,
        0.13600185015504973,
        0.1995118360173729,
        -0.03665974654581292,
        0.01240213210344276,
        -0.06624582795917287,
        -0.20782285296528202,
        -0.0960191081981342,
        0.14556168015003373,
        -0.2505783555273442,
        0.16242501775156748,
        -0.05759926429564309,
        0.038059867091193446,
        0.10138530135566441,
        -0.04066132153327456,
        -0.03907024033994238,
        -0.0891012536206233,
        -0.1203005161235853,
        -0.15533413075464209,
        -0.03425694649653563,
        0.1622998654139144,
        -0.07382060036153586,
        -0.059918137913726195,
        0.003369649005430372,
        0.01407351139579448,
        -0.022756185319638616,
        0.1373129053669817,
        0.03990147599630523,
        0.028006280126666516,
        -0.28283141445557763,
        -0.13176428997499903
    ],
    "statevector_imag": [
        0.0313126269950178,
        -0.1508500258583574,
        -0.16135756435749715,
        0.17420525262584224,
        0.12560590178286604,
        0.004604925530025931,
        0.07609542986110532,
        0.062059640654941794,
        -0.06942935539393494,
        0.16823820436178577,
        -0.029836494582252772,
        -0.0395378721268714,
        -0.23889601479143394,
        0.20041244820425094,
        -0.20421354604202718,
        0.02937385343929822,
        0.10738850843116267,
        -0.05112596090613191,
        0.2443045954692074,
        -0.05845806592810056,
        -0.1639128412703152,
        0.06112284389250453,
        0.09079994287688144,
        -0.15726346964081656,
        0.006339917341892918,
        -0.007366428459551476,
        -0.18179419626962529,
        -0.15525794207856075,
        0.19691128069506528,
        0.08862991970272897,
        0.0035709573396450318,
        0.013450233088344138
    ]
}