{
    "dataset": 1048,
    "last_cost_avg": 0.07862145829142923,
    "statevector_real": [
        0.11983280319309995,
        0.05654570455478344,
        0.08861672150433908,
        -0.12263167771230271,
        -0.1511150825284734,
        0.14303344164468085,
        0.02279254533544564,
        -0.14037076518437774,
        0.018699978809705434,
        -0.0979961691598332,
        -0.01930841020364814,
        -0.022134846259866402,
        -0.05745893402758295,
        0.20135605030546672,
        0.020858563516055386,
        -0.015814552584862973,
        0.023778074796630716,
        0.05615875682258668,
        -0.016830480278845754,
        0.14425881739916294,
        -0.12724067545922618,
        -0.21192808275630168,
        -0.22257946265313616,
        0.22048162526668275,
        0.03266305010841301,
        -0.09563113266583739,
        -0.08228313468141624,
        0.10537292319326622,
        0.1831593420572386,
        -0.10984386260531998,
        -0.0045330356667136334,
        -0.1934909478364156
    ],
    "statevector_imag": [
        -0.1319613489144729,
        -0.12732075114787658,
        0.1293085614512245,
        -0.1774196782834131,
        0.09654656609354716,
        -0.021285523800738122,
        0.12209877865116117,
        0.022058137587588563,
        0.0987893008855308,
        0.1299302544571793,
        -0.19854244241360577,
        -0.16861750541586965,
        0.06688380548226533,
        -0.14270734270035573,
        0.20748550620733966,
        0.0060437487537624264,
        0.1315482541965828,
        -0.12399973431814422,
        0.2397493666219114,
        0.1543728795501702,
        0.07624620247510557,
        0.17549372577537214,
        -0.04992097141155853,
        -0.21422075195272913,
        0.1462510115463666,
        0.024683023760525058,
        -0.045874650677045783,
        -0.00213910513783259,
        -0.062178929711727816,
        -0.12567258506134982,
        -0.0030938617190676802,
        0.1824427585479699
    ]
}