{
    "dataset": 2839,
    "last_cost_avg": 0.08608087712388238,
    "statevector_real": [
        0.10324176377630927,
        -0.037180836915615016,
        0.2141707993190543,
        0.2292708926551569,
        0.21873311308822038,
        0.09254873996021505,
        0.0805673421280995,
        0.22837987782051927,
        0.06147168447522768,
        0.06475308854452948,
        0.07319425377229127,
        -0.29931643805326796,
        0.17640511890979516,
        -0.07590651979439468,
        -0.09828370880061033,
        -0.015123696743539894,
        -0.07194950647953695,
        -0.013469611673367094,
        -0.08765564158038461,
        0.02869624298994931,
        0.19118828875849694,
        -0.012894487036371822,
        0.0034524786220707974,
        -0.04635707432214573,
        -0.12205440790338792,
        -0.07385180744361652,
        -0.003542716832617573,
        -0.18204428941393552,
        0.04436129631366028,
        -0.11551383191930815,
        -0.2345470068328109,
        -0.026057720954025445
    ],
    "statevector_imag": [
        -0.09103723672962558,
        0.008129006567947725,
        0.076354959997063,
        -0.05390755074436031,
        0.1398103337172711,
        0.2223252872499023,
        0.12184410200496232,
        -0.049273521198299794,
        0.12229026538943334,
        -0.02325791446286038,
        -0.016634571618304683,
        0.056961767594359135,
        -0.1212516594716487,
        -0.09090579073608743,
        -0.1517421288065863,
        -0.1899344397156639,
        0.10111794625599688,
        -0.0056983852429350135,
        -0.0860947081263721,
        0.16630572888845274,
        0.1328393955424194,
        -0.09028952659195998,
        0.10902979654513015,
        0.03953317533855074,
        0.12487993158128766,
        -0.2885517595509103,
        0.11764652686057989,
        0.05492373645407976,
        0.05243720577921721,
        -0.014556991998459994,
        0.03362432723172359,
        0.19677489665632253
    ]
}