{
    "dataset": 0,
    "circuit_id": 10,
    "layer": 7,
    "num_params": 48,
    "expr": 0.0951783123927859,
    "entcap": 0.8782540017581927,
    "num_iter": 1024,
    "last_cost_avg": 0.10183589690215505
}