{
    "dataset": 194,
    "last_cost_avg": 0.06713504733099088,
    "statevector_real": [
        -0.09142885535597457,
        -0.17060229681375536,
        0.04192737141563331,
        0.029189350670667934,
        0.12026028054347568,
        0.09790613023184029,
        0.05623403573170766,
        -0.005138093727972011,
        -0.0054792930479253005,
        0.040366437907409285,
        -0.07949371105139287,
        0.06950684641857978,
        -0.05922150403517134,
        0.15318568350605943,
        -0.0013231556502774687,
        0.10358154727548925,
        -0.07496460825567088,
        -0.11847009884949777,
        -0.07584216273520522,
        0.044222608552494165,
        -0.013897412744045101,
        -0.00418304665376396,
        -0.014980685833646408,
        0.02355387107172359,
        0.09871488939218237,
        -0.06505382411888447,
        -0.1578626846578999,
        -0.06791185313475531,
        0.008143670895104276,
        -0.027373801437496962,
        0.06882920811032005,
        0.12285279399631847,
        -0.19238607676540498,
        -0.017093438841535552,
        0.012679905155457779,
        -0.09362170838258074,
        -0.11731607618964204,
        -0.054867690110201345,
        0.12060307538275211,
        0.0036691061178390732,
        -0.106313229523109,
        -0.207985463841761,
        0.00583314729729319,
        -0.1527744818406345,
        0.05331234648165969,
        0.09003145789778888,
        -0.0884936940300621,
        0.014925996134908154,
        -0.11083072726584113,
        0.04558893437630788,
        -0.01267825125625834,
        -0.05392414926013425,
        0.025617917980359402,
        0.12463669795765324,
        -0.18664186427788076,
        0.06828058347016186,
        0.043947857528083493,
        0.002362758577070355,
        -0.0434821654818308,
        0.12925141805624824,
        0.06211729407607759,
        -0.1147288109162559,
        0.01897956730365816,
        0.05310078434480955
    ],
    "statevector_imag": [
        -0.055624864400719516,
        -0.13674731253570668,
        -0.12049129449715236,
        -0.16231476533244718,
        -0.11077066569790509,
        -0.006552778867408115,
        0.0071023398509462935,
        -0.009279252855137692,
        0.005608094979118907,
        0.11954166529945258,
        0.03313996478211851,
        -0.08725087046924282,
        -0.08729239064618886,
        -0.06878028713293931,
        0.008225642396127567,
        -0.05137854838423924,
        0.07160653969870841,
        0.06952479047127268,
        0.07199592004174415,
        0.11463460680678547,
        0.015762985040812576,
        -0.000421295020640754,
        0.11381516553283999,
        0.1570337642478552,
        -0.14202575500286133,
        0.08952472562570933,
        -0.11633632644393099,
        0.1059122152736857,
        0.11899710413746868,
        -0.08178649259409096,
        -0.1207163218229778,
        -0.04219982976190897,
        -0.05532135715659226,
        0.012043761213137636,
        0.010697984687870973,
        0.16840027556870021,
        -0.04121226071619897,
        -0.11778020369433208,
        -0.09186191836241368,
        -0.013752832735889292,
        -0.04759346093093018,
        -0.019112860663127243,
        0.0037915278000081125,
        0.06679042003488436,
        0.0644634941630049,
        -0.08178655236395559,
        -0.14857583977113148,
        0.07219998449411137,
        0.08332088954470444,
        -0.1197541534273229,
        0.011328492999256366,
        0.1271905327541913,
        0.01725079801540071,
        -0.010129858469477823,
        -0.06101432836343305,
        -0.12982303555977767,
        -0.09134498598808927,
        -0.10324409752386797,
        0.18770277957051582,
        -0.012520523380610037,
        0.12426450722063406,
        -0.015850212166852704,
        -0.02260016377887027,
        0.039393624295044526
    ]
}