{"f": [0.038330078125, 0.0015869140625, -0.05316162109375, -0.01971435546875, -0.017578125, -0.02587890625, 0.0064697265625, 0.0115966796875, -0.01751708984375, 0.00384521484375, -0.05548095703125, -0.05999755859375, 0.00848388671875, 0.00653076171875, -0.06781005859375, -0.03131103515625, -0.02838134765625, -0.04254150390625, -0.0146484375, -0.04541015625, 0.004150390625, -0.0250244140625, -0.0299072265625, 0.0081787109375, -0.041259765625, -0.0289306640625, -0.030029296875, -0.04315185546875, 0.02215576171875, -0.01226806640625, -0.03643798828125, 0.0067138671875, 0.01031494140625, 0.00347900390625, -0.04351806640625, -0.00958251953125, 0.023193359375, 0.00555419921875, 0.0001220703125, -0.0010986328125, -0.0350341796875, 0.0247802734375, -0.06884765625, -0.006103515625, -0.01495361328125, -0.03582763671875, -0.01690673828125, 0.0257568359375, -0.0433349609375, -0.04620361328125, -0.01654052734375, 0.00250244140625, 0.0035400390625, -0.0164794921875, -0.00299072265625, -0.01458740234375, -0.02630615234375, -0.02520751953125, -0.01580810546875, 0.0084228515625, -0.0546875, -0.0196533203125, -0.00128173828125, 0.0074462890625], "accuracy": 0.46875}