{
    "dataset": 0,
    "circuit_id": 15,
    "layer": 4,
    "num_params": 24,
    "expr": 0.05407762797686295,
    "entcap": 0.8920002940799794,
    "num_iter": 111,
    "last_cost_avg": 0.09664154052734375,
    "accuracy": 0.96875
}