{
    "dataset": 0,
    "circuit_id": 4,
    "layer": 6,
    "num_params": 102,
    "expr": 0.010308927389879477,
    "entcap": 0.779921521270499,
    "num_iter": 65,
    "last_cost_avg": 0.0123291015625
}