{
    "dataset": 899,
    "last_cost_avg": 0.0885794170408207,
    "statevector_real": [
        0.1460319367540691,
        0.1323171485222931,
        -0.08719213744773464,
        -0.006413808613624394,
        0.020022074130078314,
        -0.03342062247024416,
        0.0827271482865986,
        -0.19408855534245295,
        0.1857821668891325,
        -0.06747874569488019,
        0.11585768925243305,
        -0.08995207667601299,
        -0.029750116527445823,
        -0.0736624071426018,
        -0.0700513901276976,
        0.09728153800521898,
        -0.20126652823417893,
        -0.17287716418609056,
        0.0008886932394181898,
        -0.05300387208294887,
        -0.15382853177157768,
        0.05660868117850586,
        -0.14186122848643834,
        -0.043339673564367846,
        0.008195222157739546,
        0.07477888558458622,
        0.013889292877321161,
        -0.04538112333691751,
        0.15097269578048778,
        -0.008021629602457642,
        -0.07127430918089976,
        -0.04024232560326806,
        0.08466129472264089,
        0.12648231142972255,
        0.06448292360405929,
        -0.10946631766094628,
        -0.019038789457613302,
        0.03376687836711495,
        0.017714213762611283,
        -0.06491126130612102,
        0.06373839914126611,
        -0.04903895783504193,
        -0.06781649243992655,
        -0.1259122125546032,
        0.07581272183792587,
        -0.09626513770298274,
        -0.08538766164628646,
        0.16379316000056462,
        -0.019139518455996825,
        -0.004737063499598918,
        -0.05168992312191954,
        0.04767487640737378,
        -0.1194501112077142,
        -0.045767716575365276,
        0.1395347534790637,
        -0.17184844317538184,
        -0.10691470183502333,
        0.08871019770181415,
        -0.013396033261862665,
        0.13369436878739635,
        0.040761005716855446,
        -0.1388152380761275,
        -0.11293210213587354,
        0.026693669001061245
    ],
    "statevector_imag": [
        0.048753319166910905,
        -0.018381520054021255,
        -0.1281463148254566,
        0.09281127023314747,
        -0.08985582910220416,
        -0.03354669202668621,
        -0.11589594787622928,
        -0.06359903769148255,
        0.0719150547755736,
        -0.002990612138712014,
        -0.019418209250304602,
        0.023497049437548153,
        -0.10183479385158394,
        -0.12026121989080518,
        0.08878069085942136,
        0.08430302684829176,
        0.03314776579553786,
        -0.02186335651752525,
        0.10067057958810556,
        0.02138455011934651,
        -0.06007202825689548,
        -0.07991188898538021,
        -0.04047274331127121,
        0.05261168205256368,
        0.08015720822346568,
        0.07448176334825432,
        -0.010482192119780792,
        -0.18273744692999883,
        0.046879846325086516,
        0.08831533841253761,
        -0.033072578748201555,
        -0.12527703713068447,
        0.08982759068507908,
        -0.1197136372470082,
        -0.05796804151650389,
        0.11034711353686288,
        0.011986816950507495,
        -0.11651783800085201,
        0.11904398273810908,
        -0.05827391968227071,
        -0.07324446713936593,
        0.014555705108461724,
        -0.03680491576272346,
        -0.009004648066282277,
        -0.005846910191522399,
        0.0670801950651826,
        0.09281228841875987,
        -0.04201816092547651,
        -0.03895562399514025,
        0.018449789448184806,
        -0.16409665519263067,
        0.16761547523634202,
        -0.01658920152182359,
        -0.08549035575902095,
        -0.10268981816167116,
        -0.0579757559545519,
        0.11372974971532938,
        0.013455945164156612,
        0.07833375712698701,
        0.024733026936937446,
        -0.00907600805567489,
        0.06735019592560496,
        -0.09598237093089211,
        0.020942974594818746
    ]
}