{
    "dataset": 378,
    "last_cost_avg": 0.07856128490281235,
    "statevector_real": [
        -0.09275978294200435,
        0.07188431268681926,
        -0.049852688416029946,
        0.16976738002296354,
        -0.16580033694221644,
        0.14321355236272568,
        -0.08381899460620257,
        -0.0558808715210196,
        0.1933080781153674,
        0.11372670602759156,
        -0.1146369370876152,
        0.07208708116756432,
        0.02317761723993436,
        0.13941352986360564,
        -0.2476330465623996,
        0.008138253379579326,
        -0.05506156419292019,
        -0.1567568405137513,
        -0.04664501258978103,
        -0.129653909753644,
        0.07623635425383746,
        0.2141760294063032,
        0.13688853434654105,
        -0.2813128520785835,
        -0.15782017370668777,
        -0.16616046359348005,
        0.02562487685827407,
        -0.011494408363397563,
        0.0021018315260274575,
        -0.1694935683049467,
        -0.027407197603884666,
        -0.16104890987253023
    ],
    "statevector_imag": [
        0.06697844710664722,
        -0.012321145835021563,
        -0.13334369122465317,
        -0.04011390542727992,
        -0.03372862488375982,
        0.06485211067184082,
        -0.1418132456370094,
        -0.1992997501766602,
        0.008409743323875849,
        0.04796767937039789,
        -0.011903220875562413,
        0.13969842297061844,
        0.019686822325228007,
        0.1740766968206262,
        0.0037370558435611176,
        0.25001950070925033,
        0.08333023491945261,
        -0.21528859764519975,
        0.12296161745968688,
        0.010502174393603509,
        -0.26742436335187236,
        -0.017064929840227533,
        -0.1034783228218651,
        0.11667418769402854,
        -0.21042011850054113,
        0.01173662104823538,
        -0.059111208591651594,
        -0.0842774722609223,
        -0.01192203748727454,
        -0.0027475085419901317,
        -0.01177508513640701,
        0.13229497041148328
    ]
}