{
    "dataset": 0,
    "circuit_id": 17,
    "layer": 4,
    "num_params": 68,
    "expr": 0.03174347528024083,
    "entcap": 0.6881118045623911,
    "num_iter": 1024,
    "last_cost_avg": 0.10970442869944891
}