{
    "dataset": 0,
    "circuit_id": 18,
    "layer": 6,
    "num_params": 90,
    "expr": 0.01599614126722086,
    "entcap": 0.7652135788436583,
    "num_iter": 1024,
    "last_cost_avg": 0.07799884932064147,
    "accuracy": 0.90625
}