{
    "dataset": 101,
    "last_cost_avg": 0.08299952756455317,
    "alpha": [
        0.056404681718410614,
        0.013293946873118058,
        0.04207038529483757,
        0.04378119006811919,
        0.012471932944694232,
        0.04141452690540134,
        0.0002803892749757259,
        0.06326800447669588,
        0.016417540652968098,
        0.009223582459329843,
        0.09555722216628779,
        0.028031187623732492,
        0.015284831090341722,
        0.0331210272772268,
        0.0355229140181817,
        1.8228508990092913e-06,
        0.035659242760707026,
        0.0119093978794095,
        0.07004527849667713,
        0.04951997418046894,
        0.084386860075096,
        0.0002280681723405272,
        0.07368154854682842,
        0.0008771112105686575,
        0.030148067645833228,
        0.010129717688555128,
        0.00025420694966670073,
        0.02175694574880049,
        0.0273789098487734,
        0.04881839039451307,
        0.0016341733872577992,
        0.02742692131928377
    ]
}