{
    "dataset": 3081,
    "last_cost_avg": 0.0916851620829749,
    "statevector_real": [
        0.10008041620649943,
        0.06422330826931237,
        -0.14830655894589842,
        -0.09565458997273572,
        -0.07887329746162929,
        0.0008555198073189675,
        -0.07977423564421508,
        0.0595294985228794,
        0.013748873724221285,
        0.2042159987673043,
        0.028223824116865043,
        0.1396002846190556,
        0.1341811566910845,
        -0.0935860295993758,
        -0.13875050521277338,
        -0.20201504584608146,
        0.1635977672694744,
        -0.16261082336451707,
        0.01467902568857907,
        0.01710536059158341,
        0.25552791088352333,
        -0.013048558518935788,
        0.09371922941395386,
        0.024193690945449,
        -0.12888594633665215,
        -0.16958498272269093,
        -0.02599473444131645,
        -0.19501985349139542,
        -0.07203596522770822,
        0.08876192450584529,
        0.18109938475746712,
        0.04147666468826258
    ],
    "statevector_imag": [
        -0.19514934351842683,
        -0.09573655792597877,
        0.011459199583634882,
        -0.18526952665243807,
        0.23005377260439622,
        -0.10159978784859702,
        0.045117529141703465,
        0.16658173285744202,
        -0.16903134549820617,
        -0.11485875321636858,
        0.14838433486664923,
        0.09942570053509106,
        0.13043025702703845,
        0.2120254625265132,
        -0.08592204269687631,
        -0.04823630672479727,
        -0.08553130262667219,
        -0.06804454530400521,
        0.022289491692668195,
        0.1788941703879108,
        0.02825797555543187,
        0.16336358356918956,
        0.09374768247924053,
        0.0905357252374318,
        -0.14327603464796834,
        0.03036212340416421,
        -0.11594244221832818,
        0.07609542874059466,
        0.2567291323552967,
        0.07907994146411798,
        -0.041715793060516884,
        0.07606226694402196
    ]
}