{
    "dataset": 0,
    "circuit_id": 10,
    "layer": 13,
    "num_params": 98,
    "expr": 0.04453301267672329,
    "entcap": 0.9510964513624821,
    "num_iter": 1024,
    "last_cost_avg": 0.0160753144479898
}