{
    "dataset": 3344,
    "last_cost_avg": 0.09278629502954136,
    "statevector_real": [
        0.12378676387357108,
        -0.14252484662453035,
        -0.030605224068906794,
        -0.0036137383598385192,
        -0.1874759780675479,
        -0.08034083758090865,
        -0.02439662844154462,
        0.13638254760796817,
        0.12719796436333108,
        0.049690333728459574,
        -0.10740748446539544,
        0.10243462609675696,
        0.13129950466916013,
        0.01768565061296973,
        -0.08413573779700356,
        -0.015270486291987405,
        -0.2565012265114594,
        0.1092694588876363,
        0.13779595841305395,
        0.22027011307145333,
        0.15055729132583273,
        0.22325939916670218,
        0.07624303478349162,
        0.07614079380230762,
        0.08098113029428984,
        0.11603922871502705,
        0.0772606193874721,
        0.08253693661465844,
        -0.1905399649560954,
        -0.08055786828582193,
        0.01855348894063333,
        0.03749585703115677
    ],
    "statevector_imag": [
        -0.010847868866415129,
        0.07250607254628044,
        -0.10756011116618688,
        0.1941132739372923,
        0.021003828206157128,
        -0.1734693797009796,
        0.17630116330571596,
        0.17703326789977664,
        0.19111214958638417,
        -0.06129447129796185,
        -0.08416973891916522,
        -0.18413562923371107,
        0.1548340345214364,
        0.022680948225669077,
        -0.1613810631809229,
        -0.19948954188767967,
        -0.057243418808821875,
        0.06340608831712988,
        -0.13893101655022286,
        -0.055172952407962154,
        0.2078108545736734,
        0.19068937104611264,
        0.13982838080151697,
        -0.00859901866328288,
        -0.04228227531429785,
        0.04961271499416718,
        -0.2046819613545614,
        0.08600289228773035,
        -0.11305763769097685,
        0.07926034498800781,
        -0.021205820583174412,
        -0.0965021989211569
    ]
}