{
    "dataset": 0,
    "circuit_id": 1,
    "layer": 8,
    "num_params": 96,
    "expr": 0.23817879576085035,
    "entcap": 4.743078537871072e-31,
    "num_iter": 1024,
    "last_cost_avg": 0.14023380509677755
}