{
    "dataset": 340,
    "last_cost_avg": 0.09394929475205074,
    "statevector_real": [
        -0.12663253681153444,
        0.06096186799881246,
        -0.06913825282158266,
        -0.02064879822876844,
        -0.12687170337472647,
        0.05361726593660518,
        0.07251672640025636,
        0.07055679690748823,
        -0.0024460645167552826,
        0.09116583757383132,
        -0.14605287605849882,
        0.01634836479061843,
        0.13287426557362988,
        0.06077463011965448,
        -0.11645280712029152,
        0.0326542649747013,
        0.009155006966167176,
        0.12442231199592156,
        -0.04690592132551653,
        0.08049586034338,
        0.011522282508181722,
        -0.03502009167529545,
        0.03978174720177917,
        -0.03895326164743875,
        -0.010595123275196476,
        -0.06213872960338801,
        -0.054146482943014676,
        -0.07433798515011796,
        -0.11121998059783382,
        -0.03518210318894627,
        -0.11592071926684785,
        0.10171872043830624,
        0.13015950371240712,
        -0.07315057842012376,
        -0.04159644127728749,
        -0.09973909086553426,
        -0.024062513597628402,
        0.14243064542905304,
        -0.06109439885738543,
        0.038409714901358624,
        0.0733336453585259,
        -0.004279339842426469,
        0.034099922592173364,
        0.025637177780895234,
        -0.13552563282640834,
        -0.09453104566451774,
        -0.03216731673754066,
        0.001668413884522073,
        -0.12436764287553488,
        -0.06752039182401816,
        -0.008653700861923309,
        -0.11516947155736605,
        -0.04623479695710973,
        0.07669649528197678,
        0.008941680617835304,
        0.14431327867235216,
        -0.06451031342625659,
        0.17505149462565067,
        0.08002004051896128,
        -0.04581305448674374,
        -0.10325728538268909,
        0.0030117638110057107,
        -0.10431801478294725,
        0.02429136635341784
    ],
    "statevector_imag": [
        -0.08923339181424124,
        -0.18514659043237905,
        -0.0054959829464510754,
        0.1452375429254726,
        0.029388557973693576,
        0.05026338601733627,
        0.0804726529969786,
        0.11646428568771891,
        -0.07768421330301929,
        0.08494244133585917,
        0.07568294139238492,
        0.014353097640115029,
        -0.1350957219706738,
        -0.19143095408068528,
        0.025828889119229082,
        -0.05565471902174319,
        -0.18468719748851822,
        0.02216200240644951,
        -0.05889448978247057,
        -0.06640208398910795,
        -0.06104249062461241,
        0.15629609374250567,
        0.1805664173293546,
        0.037434084944673006,
        0.007121712507606862,
        -0.0342077778074378,
        -0.022276173221926057,
        0.0721486631147809,
        -0.09435974314087828,
        0.1620150395840023,
        -0.14303281313879904,
        0.11493728238361196,
        0.002601631308439457,
        -0.17641986766586326,
        -0.0452591117399137,
        -0.059966724468825075,
        0.028962911241210566,
        0.12296995995845102,
        0.08010362175706101,
        -0.11026682310091344,
        0.057878179762292606,
        -0.06650503063318498,
        -0.12607281889196006,
        -0.14486239205618348,
        0.018617763989465668,
        0.002347757634196539,
        0.05803579749189739,
        0.019188982157694334,
        -0.12086618492509622,
        0.03527370208106052,
        0.1273807450505592,
        0.035803002979982304,
        0.12521669409384484,
        -0.20555259682797414,
        0.0032708078783750395,
        0.04691599609834018,
        -0.015976456796993624,
        -0.0954525594232567,
        -0.03940680364543021,
        -0.04415026159273866,
        -0.05013379614300692,
        0.009357504321615827,
        -0.06242195278572441,
        0.011223658097412652
    ]
}