{
    "dataset": 0,
    "circuit_id": 2,
    "layer": 6,
    "num_params": 72,
    "expr": 0.009631745778925914,
    "entcap": 0.9415796665224486,
    "num_iter": 70,
    "last_cost_avg": 0.016086578369140625
}