{
    "dataset": 2172,
    "last_cost_avg": 0.07286831855939624,
    "statevector_real": [
        -0.13497378771779828,
        0.10231366885513012,
        -0.03684361257025922,
        0.0042609552203315745,
        -0.050172733972495165,
        0.07683610091468675,
        0.13893732138837536,
        -0.18176931325033194,
        0.10345557219961142,
        -0.09795840128839121,
        0.14982976860782934,
        -0.08549722560655902,
        -0.059887947676804366,
        -0.0871742471393556,
        0.02580762187667374,
        -0.09929073853301358,
        0.00637962189367294,
        -0.06447074261054131,
        -0.07023523649722584,
        -0.04525345125866299,
        0.06343890232519253,
        -0.013147694676001138,
        0.003682807743353409,
        -0.057422903713188075,
        -0.038564255826766175,
        -0.017371387972667574,
        0.09689345038226638,
        0.08532022908562907,
        0.09321771110251009,
        0.07036637322952011,
        0.07573552354438763,
        -0.16098294915413133,
        0.1656605592584247,
        0.019463051659849868,
        0.09489668589372034,
        -0.15895904898260138,
        -0.03069864624971311,
        0.11354034993174453,
        -0.07667133096726285,
        0.1667348194404141,
        -0.10670536285828752,
        -0.1247637402370036,
        -0.012192117914558178,
        0.12590411931673762,
        -0.02905304379685634,
        -0.14119124561626475,
        -0.07165757819465322,
        -0.02887193700934706,
        -0.01646483725663651,
        -0.11665095070469854,
        0.042646051108434786,
        0.054823435903038065,
        0.015470553089720594,
        -0.006775916117309867,
        0.1505809145098074,
        -0.09478336502414525,
        0.14651221722749724,
        -0.10760220107471576,
        -0.09294635599526714,
        -0.12448382127498238,
        0.020593412867673078,
        -0.0015043169830716355,
        -0.06089091869212175,
        0.09791889099509749
    ],
    "statevector_imag": [
        -0.02998717906363433,
        0.122199127420981,
        0.0022682619198609024,
        0.0023644489213619714,
        -0.0937226300749118,
        -0.05746914986273927,
        -0.0052546730316173065,
        0.021014947434837533,
        0.041517785979583235,
        -0.0971501254714018,
        0.08251683136760975,
        -0.1324456242307196,
        -0.06271521149124586,
        0.10703670051718854,
        -0.09242373595422922,
        0.0019136710539731483,
        -0.13084440463572397,
        0.07134368133807666,
        -0.02886580533615966,
        0.12677985709901268,
        0.032908555857656646,
        -0.13391293252874462,
        -0.022989222573875923,
        -0.026258291288301944,
        0.01186284654215947,
        0.07260504987576073,
        -0.12057996224879576,
        -0.03707932044943984,
        -0.026367449668431936,
        0.08473606824834809,
        0.13768825532141302,
        0.06711242926397645,
        0.07368289922758588,
        0.12215966770218308,
        0.06952143583916963,
        -0.0910457590696334,
        0.058966777442394036,
        -0.10882369068553881,
        -0.16633569314796337,
        0.07912128069104592,
        0.08178492525132362,
        -0.05756004874098624,
        -0.13367987505100742,
        -0.06858030483631089,
        -0.10028029587651235,
        0.10958016828511613,
        -0.12017995727074617,
        0.18762634411397247,
        0.0028587875638301894,
        -0.05717212593502455,
        -0.08477517528400105,
        0.028911997043878594,
        0.12454448088160597,
        -0.017790498316601646,
        0.04808723165191299,
        -0.0901102297914106,
        0.012033180034181265,
        -0.12863633056075383,
        0.09139395067406944,
        0.012153188085256726,
        0.0022338175016314143,
        -0.012108507196240167,
        0.06522696362508057,
        -0.009222912929143335
    ]
}