{
    "dataset": 1290,
    "last_cost_avg": 0.09458202377719709,
    "statevector_real": [
        0.015926301209222116,
        -0.07713459863033319,
        0.10686695997229746,
        -0.08636056042178616,
        -0.024180017401580354,
        -0.012941053439812363,
        0.09920846808619231,
        -0.007204211268310246,
        -0.12116912619384462,
        -0.12517698774999078,
        -0.12874212565433235,
        -0.08421551399942093,
        -0.056582163917576346,
        -0.0036013046436019396,
        -0.06369143304991513,
        0.17166841817879294,
        0.1062292559489264,
        0.02801941583330446,
        -0.02041752782827193,
        -0.07888527000242825,
        0.02216024062269652,
        0.0484522019378334,
        0.06572854621639532,
        0.01173725883328092,
        0.027749222005922763,
        0.06693298876427763,
        -0.14466604492008941,
        -0.07160680098737389,
        0.050899751080390375,
        -0.049040128694403065,
        0.059349222190940285,
        -0.14507848622627056,
        -0.15466853495418711,
        -0.034654844146576935,
        -0.09460717107940582,
        -0.06459545527970624,
        0.06821197775449206,
        -0.15976609805048056,
        0.12230530394236838,
        -0.09946650849000058,
        -0.0823248033186769,
        0.041589925515682594,
        0.017339535092072804,
        -0.14141949051903846,
        -0.07851936639171128,
        0.0661904866612674,
        0.08357264164908113,
        0.04335676851654587,
        0.05391698322404072,
        -0.1215214584331886,
        -0.04055106892152218,
        -0.13498722371777816,
        0.021740299725508602,
        -0.10701325973625338,
        0.09925290830165079,
        0.007945602388177365,
        0.007838278403183277,
        0.03590711811372565,
        0.11947776170799487,
        -0.04008143566697108,
        0.04945896125303786,
        0.015435356086542439,
        0.06807812613953469,
        -0.09148552755574775
    ],
    "statevector_imag": [
        0.06036622563814542,
        0.011636335680029877,
        0.13573572822037447,
        -0.06619246781101103,
        0.04350493664206059,
        -0.11938185674620969,
        0.0072424443015526325,
        -0.024432465777496557,
        0.08901192348888555,
        -0.013230098795622936,
        -0.01677895958881169,
        -0.13231700909908667,
        0.14924314812679,
        -0.02888534355750538,
        -0.16268458223718238,
        0.0676395389245314,
        0.04444860945316142,
        0.1354498909649852,
        0.02769001676316249,
        0.04874424647038213,
        -0.11632241498600288,
        -0.07550166607057358,
        0.12888918065048455,
        -0.18568726079362977,
        -0.13011510720698194,
        0.17273292314586086,
        -0.07063079342351145,
        0.04468680552259151,
        0.016659514290464708,
        0.042534866188244466,
        -0.05627378149560161,
        -0.046506362831148465,
        0.06888026158469344,
        -0.0693307321638862,
        -0.11288273743794613,
        -0.0884585271425588,
        0.1117986030903721,
        -0.0827333795873565,
        0.06345180805120433,
        -0.028304292332956615,
        -0.053846345084676756,
        0.09377743751277179,
        -0.14329707915187895,
        0.10575039379061545,
        0.01639159679540978,
        -0.1312463564106359,
        0.13460917292043892,
        0.10890861522156675,
        -0.07339197789078786,
        -0.025527639520309967,
        0.08697812677389434,
        0.09007715295407052,
        0.01225729554167761,
        -0.13594058631859832,
        -0.026842913729191245,
        0.09229199965789431,
        -0.005264081695843321,
        -0.053036628796504594,
        0.08144109891239232,
        0.1496852448658477,
        0.16521826810831772,
        -0.007612828730742917,
        -0.06809102664191041,
        -0.1258382068608037
    ]
}