{"f": [-0.0565185546875, -0.06787109375, 0.02008056640625, -0.0950927734375, -0.09332275390625, -0.10382080078125, 0.022216796875, -0.104248046875, -0.06011962890625, -0.1435546875, -0.05029296875, 0.04510498046875, -0.0594482421875, -0.0313720703125, 0.06072998046875, -0.10003662109375, -0.05584716796875, 0.01910400390625, -0.0606689453125, 0.0491943359375, -0.06573486328125, -0.13226318359375, -0.0482177734375, -0.08636474609375, -0.07537841796875, 0.04345703125, 0.0162353515625, -0.10870361328125, -0.127685546875, -0.02789306640625, -0.02996826171875, -0.10357666015625, -0.0364990234375, -0.0501708984375, -0.1207275390625, -0.02178955078125, -0.0648193359375, -0.07586669921875, -0.086669921875, -0.122802734375, -0.0150146484375, -0.09893798828125, -0.03961181640625, -0.128173828125, -0.03851318359375, -0.08721923828125, -0.05645751953125, -0.10894775390625, -0.04791259765625, -0.04449462890625, -0.09527587890625, -0.12982177734375, -0.0628662109375, -0.09735107421875, -0.0687255859375, -0.09539794921875, -0.044189453125, -0.123779296875, -0.10772705078125, -0.1029052734375, -0.14971923828125, -0.042724609375, -0.08709716796875, -0.0150146484375], "accuracy": 0.6875}