{"f": [0.0164794921875, 0.0225830078125, 0.0223388671875, 0.04052734375, 0.08343505859375, -0.0120849609375, 0.01971435546875, 0.02947998046875, 0.02447509765625, 0.03765869140625, 0.02301025390625, 0.01507568359375, 0.04296875, 0.01849365234375, 0.0147705078125, 0.04803466796875, 0.0167236328125, 0.0335693359375, 0.009033203125, 0.03399658203125, 0.0399169921875, 0.06494140625, 0.03912353515625, 0.0360107421875, 0.04412841796875, 0.02099609375, 0.04925537109375, 0.04345703125, 0.06085205078125, 0.0308837890625, 0.0379638671875, 0.0452880859375, 0.02117919921875, -0.0006103515625, 0.03460693359375, 0.03802490234375, 0.01959228515625, 0.02227783203125, 0.0296630859375, 0.08135986328125, 0.03179931640625, 0.02130126953125, 0.05670166015625, 0.03814697265625, 0.0338134765625, 0.004150390625, 0.05206298828125, 0.03448486328125, 0.01507568359375, 0.0401611328125, 0.03936767578125, 0.0147705078125, 0.03094482421875, 0.06085205078125, 0.0340576171875, 0.01275634765625, 0.02496337890625, 0.0723876953125, 0.0330810546875, 0.06878662109375, 0.02044677734375, 0.02191162109375, 0.06695556640625, 0.0352783203125], "accuracy": 0.375}