{
    "dataset": 1705,
    "last_cost_avg": 0.08954842497555046,
    "statevector_real": [
        -0.08823422559144178,
        -0.05468853210958893,
        -0.006912751462185189,
        0.051522192140781874,
        -0.09708295044506592,
        -0.13522407878093412,
        0.1643148212892275,
        0.03234646224470694,
        0.001887746378306225,
        0.027642323145631892,
        -0.06984079505599909,
        0.09692537999977911,
        -0.04538574181052762,
        -0.010528273437370556,
        -0.025303839202313747,
        0.06864153849087457,
        -0.0489868826025766,
        0.012043120364193104,
        -0.06880782976156408,
        0.07755866389748924,
        -0.17288208662878335,
        -0.09767479953940668,
        0.05781423384163207,
        -0.13569094746345617,
        0.08757535200340891,
        0.05067202173211899,
        -0.16185449116532372,
        0.09970053559297322,
        0.040605683169198784,
        -0.04062453389029206,
        -0.03939887544487873,
        0.01600788867845729,
        -0.01677013776745158,
        -0.04347304017299227,
        -0.10599636916409108,
        -0.056993375032106636,
        0.1245463612288022,
        -0.0008254670504988079,
        -0.14977250594120314,
        -0.01649960683964035,
        0.015373973608320135,
        0.18935278661803057,
        0.02289956152454743,
        0.05062958291309426,
        -0.06933537702557913,
        -0.013162291370992682,
        0.0558004532442732,
        0.0859355535447348,
        -0.0019736117537182286,
        -0.07350614264855267,
        0.020600072778671357,
        0.018333090333678272,
        -0.02108608390903372,
        -0.0035496295108582046,
        0.011551146946677703,
        -0.04422963088984405,
        -0.1759558195862169,
        -0.15513439082952044,
        -0.016556926258013194,
        0.12226317771004383,
        -0.06231553932878969,
        -0.0035035903629093324,
        0.12834406888090888,
        -0.004248004893999365
    ],
    "statevector_imag": [
        -0.15632839412280453,
        0.1572145349720192,
        -0.040345995789019595,
        0.09606728760867474,
        0.05169013084122764,
        -0.04126299253207926,
        -0.018168603261869573,
        0.0662345745681818,
        0.008001080714293334,
        0.07572135393530793,
        0.11188502047178779,
        0.09491703911723047,
        0.13903750410559618,
        0.04000239715119089,
        0.0006499667933685054,
        -0.006336535175369002,
        -0.10890896079463935,
        0.11850295986878062,
        -0.03562420444403277,
        0.10971077746310134,
        0.05333403083972455,
        -0.0014443935817798114,
        -0.1560429307687436,
        -0.1718310038143152,
        0.13701437509015016,
        0.11179924629255382,
        -0.07835423587241498,
        -0.06543679619436031,
        -0.07066626761428739,
        -0.1526284092589659,
        -0.10565868093569948,
        -0.07666145690358157,
        0.1098497136361071,
        0.10129539649992952,
        -0.08115489016982967,
        -0.12735900202874736,
        -0.15635425148104481,
        -0.10693007607837342,
        0.01005923106352728,
        0.005750031745376052,
        -0.002607354095453429,
        -0.0982074216228548,
        0.12026277240757827,
        -0.026177192775170954,
        -0.032031944972540596,
        0.10946179618930948,
        0.16331093119101525,
        -0.11653619463645684,
        0.017666785842941977,
        0.032608362351987503,
        -0.10419379936798559,
        -0.010693317778516499,
        0.056939100135746316,
        -0.1439243441896363,
        -0.15597680309621387,
        -0.05978984626755177,
        0.07562156473710079,
        -0.13605949231333694,
        0.009833456603445851,
        0.1315850895238699,
        0.0847679255514798,
        -0.020010522141319875,
        0.01913915351022246,
        -0.0005892276567884719
    ]
}