{
    "dataset": 0,
    "circuit_id": 14,
    "layer": 3,
    "num_params": 36,
    "expr": 0.03697166101002189,
    "entcap": 0.6807015172730735,
    "num_iter": 82,
    "last_cost_avg": 0.005481719970703125
}