{
    "dataset": 688,
    "last_cost_avg": 0.08870740407243874,
    "statevector_real": [
        0.10570971974741175,
        -0.01590678300349666,
        0.08337925408179933,
        0.030915803296392586,
        0.06718379488477938,
        0.04435745381299308,
        0.015268147459175214,
        -0.20606915001634918,
        -0.05564707436682355,
        -0.008901162713778615,
        0.13731997164345877,
        -0.254414963072667,
        -0.14134792284814524,
        0.27063336667475174,
        0.24931436112444336,
        0.14814519264510864,
        0.05957979071924023,
        0.19467819533913827,
        -0.08966143169430274,
        0.1379887410476794,
        0.09682378199529525,
        -0.09977106650459239,
        0.004632953746934758,
        0.0656206760222682,
        0.09768072543600527,
        0.18469098849284035,
        -0.0026805445486800215,
        0.0518726814223913,
        0.009210956404064384,
        -0.15752018582335153,
        0.09531799760288978,
        0.07895417856379862
    ],
    "statevector_imag": [
        0.11982575139332882,
        -0.21239493665148726,
        -0.07717637470901757,
        -0.0019816211418350288,
        0.07614041058843202,
        -0.22935001528262275,
        -0.22300830613018682,
        0.05885610635601685,
        0.041768597712716904,
        0.26482708728667986,
        0.13476063330021432,
        -0.04867355318427643,
        0.052149978435094696,
        -0.03470187937193527,
        0.10431397538634313,
        -0.1497787431325368,
        0.05650266267338698,
        -0.008679433233170856,
        -0.061091618325068264,
        0.18303201932972946,
        -0.00651127846833872,
        -0.05719398284969038,
        -0.05119922873566073,
        0.03371772715750538,
        -0.13789154565077338,
        -0.19158152991035662,
        0.003796774881102203,
        -0.15475057588006155,
        -0.21097513875409885,
        -0.05851726144333411,
        -0.0561605040182004,
        0.060280518560256256
    ]
}