{
    "dataset": 0,
    "circuit_id": 9,
    "layer": 2,
    "num_params": 10,
    "expr": 0.16178645557267435,
    "entcap": 0.9999999999999997,
    "num_iter": 1024,
    "last_cost_avg": 0.10911229193727409,
    "accuracy": 0.84375
}