{
    "dataset": 2142,
    "last_cost_avg": 0.10116649697273314,
    "statevector_real": [
        -0.04143865151121821,
        0.10831285485123567,
        -0.11236229291388093,
        0.07478155331334395,
        0.12670490398597303,
        0.15049626946174194,
        -0.08835411711221437,
        -0.06942317025682143,
        0.0477463971171989,
        -0.03929149966399328,
        0.04133129347783447,
        -0.1458082764076784,
        0.04729534316254733,
        0.1354181630780617,
        0.09455097570945892,
        -0.0342103228782195,
        -0.06014655414198352,
        -0.0009213304676554747,
        0.08073426613346478,
        -0.06179289739820955,
        -0.04542771371591972,
        -0.0677579432920831,
        0.021359802550294224,
        0.01249183497834962,
        -0.03855863767155694,
        -0.02787086695231006,
        0.18974986687079168,
        0.017328487297008754,
        -0.030609334624697844,
        -0.022433230324219323,
        0.09125967201422795,
        0.017335321562751305,
        0.148713818795782,
        0.039872108515791455,
        0.03192230829729425,
        0.13474622470127623,
        0.10337012890860164,
        -0.03780783641523013,
        0.008941067073921987,
        0.12315456040152926,
        0.11031073575786174,
        0.06850155918860817,
        -0.13467668643658795,
        0.04007615739931535,
        0.05430604600211876,
        -0.019039951656531467,
        -0.04828124844040657,
        -0.138609680699536,
        0.038694592668006254,
        0.01827269647573097,
        -0.07255493102428504,
        0.049856337939156545,
        0.08162595209559521,
        -0.03783016969369893,
        0.04840195880183098,
        -0.03259503615400735,
        0.1224826819832743,
        0.05732681432887286,
        0.08441247877381157,
        0.04240231808935672,
        0.05795858131198229,
        -0.11009888554474165,
        -0.04375593266412227,
        0.1013370324579898
    ],
    "statevector_imag": [
        0.04234749980101571,
        -0.03423797885071595,
        -0.04733278111786755,
        -0.13844671023933472,
        -0.12266374896644248,
        0.11889482319605015,
        0.13577983950650097,
        0.056101034242167495,
        -0.14170651310352422,
        0.014911327217533594,
        -0.11605212753609599,
        -0.06726625654657437,
        0.08359220207490874,
        -0.03750361810666011,
        -0.03119203219581325,
        0.03518858448413262,
        0.15074977420922606,
        -0.1171775644527743,
        -0.10836799030313209,
        0.15053143011681988,
        -0.10463889510871552,
        0.13908358036871438,
        -0.11171226484165982,
        -0.011820061374495304,
        -0.11656914899788756,
        0.12977278370732415,
        -0.054306215195276376,
        0.00022515675601389145,
        -0.010143423241563953,
        0.1773107309791266,
        0.11562897879077813,
        0.15065874748372618,
        0.01246861277428388,
        0.12634662554444953,
        -0.04765596272766696,
        0.024040166982758706,
        -0.011713857693041037,
        0.11908548887630427,
        -0.06747352208002758,
        0.03713850667714818,
        0.006331289639515315,
        -0.1365062937103046,
        -0.06631907924141121,
        0.11411179166495887,
        -0.11098263314192361,
        -0.039540050659368074,
        -0.08528017764227999,
        0.08980152012861613,
        0.053125298690825835,
        -0.041985886725897634,
        -0.0006387792992206862,
        -0.12893715112612614,
        -0.045625323500487355,
        0.09258831012570475,
        0.11028726397990991,
        0.12714549043079704,
        -0.07617740155221968,
        0.1174469851787461,
        -0.10801043147689245,
        -0.050586099016778276,
        -0.07824421475981753,
        0.08784444355841703,
        -0.17127899073722588,
        0.038537302549775956
    ]
}