{
    "dataset": 508,
    "last_cost_avg": 0.09750362782922256,
    "alpha": [
        0.030205905483740945,
        0.00015516187583563737,
        0.04033279746484758,
        0.043715826391022276,
        0.008006551135649385,
        0.018329304015235134,
        0.029988054387773112,
        0.05247202625314988,
        0.013550610557911088,
        0.023729885231379706,
        0.06300440980632173,
        0.011833834185006066,
        0.032847847229249175,
        0.023951683034920165,
        0.03336864671446818,
        0.0009571401605359695,
        0.05755023133062749,
        0.012838752659266187,
        0.052638738963957044,
        0.008579720272951239,
        0.07262407060272931,
        0.03839222150341244,
        0.06406630961785517,
        0.054381618109229875,
        0.03147625044702813,
        0.0007029456203518712,
        0.011087370285670053,
        0.02477619794864847,
        0.040531445630237056,
        0.040773577125297236,
        0.031295354065617016,
        0.03183551189007548
    ]
}