{
    "dataset": 595,
    "last_cost_avg": 0.08466380358968426,
    "alpha": [
        0.0335989798903392,
        0.020152289783802322,
        0.04089675078319372,
        0.003299886849716628,
        0.00956051452806357,
        0.03949348088133737,
        0.03792248259927761,
        0.06906728744855893,
        4.7950787650629405e-05,
        0.013049447774553283,
        0.10910927500241922,
        0.030973601225668137,
        0.01901241588759557,
        0.0407332114294768,
        0.024582823140856337,
        0.00015538401366562273,
        0.00767902875907991,
        0.008096702519449914,
        0.04536737993688203,
        0.0143532881200568,
        0.08746731925376215,
        0.004094192731391288,
        0.06874850003683083,
        0.045972084462183656,
        0.04314624654192211,
        0.0016327104043338276,
        0.00013475872073032456,
        0.0446986618471824,
        0.048342413583507236,
        0.06333015784145926,
        0.003331992181397572,
        0.021948781033655544
    ]
}