{
    "dataset": 1546,
    "last_cost_avg": 0.0691034554292951,
    "statevector_real": [
        -0.06494648128631222,
        -0.14068664083209803,
        -0.011288716977022635,
        0.06683432789233323,
        -0.018602471867257015,
        0.0014000868616413432,
        0.12779135710416478,
        0.11249783248863626,
        -0.08931757436144888,
        -0.15889460551289397,
        0.06422910820581496,
        -0.013123848569877111,
        -0.005838603481764434,
        -0.19596860026384277,
        -0.0002560200984702257,
        -0.1047241073394907,
        0.005376703920467793,
        0.004317462288491064,
        0.04333111920594703,
        -0.086226065947598,
        0.10037463658456776,
        0.025073214512697624,
        -0.1508482962783493,
        0.0064112209895084505,
        0.006328933346446274,
        -0.09263791485252136,
        0.06327732734008898,
        0.022669225217013457,
        -0.040296747489214677,
        0.04437316490761008,
        0.07417499723959387,
        0.07526812419923981,
        0.0612256123510801,
        0.02890265718384758,
        -0.003647124581144185,
        -0.013065432261050221,
        -0.06364043428073234,
        -0.08862160811330762,
        -0.13542092121519247,
        -0.03725651074445332,
        0.08913715704248444,
        0.09283929345011298,
        -0.09892533018389761,
        -0.1277159248313075,
        -0.0035236620640970388,
        0.06384853920280123,
        -0.011658086391865186,
        0.053157917753092684,
        0.1354608537412637,
        -0.005098190917515959,
        -0.0182021705606413,
        0.12037533404985239,
        0.0037268040007221695,
        -0.10731024821415018,
        0.05726695188859663,
        -0.18936193399957718,
        -0.07638767328097752,
        0.003969969137597207,
        -0.14152174240444307,
        -0.0476739807517196,
        -0.056791516877553315,
        0.11795308029763166,
        0.02156332418635537,
        -0.0027220158778365256
    ],
    "statevector_imag": [
        -0.14334407360322687,
        -0.08738721165653215,
        -0.15339810865830303,
        0.08112724361849935,
        0.13839209108295308,
        -0.016170104382694134,
        -0.1366094259321576,
        -0.019008722716554263,
        -0.009464095070315237,
        0.017585303793091863,
        0.19172294796922842,
        -0.11562382246900131,
        0.007113072689626421,
        -0.019439603945895795,
        0.009212897865896704,
        0.10501479646724542,
        -0.15267777475126812,
        0.17884183394677539,
        0.1664392786277589,
        -0.04992873789390542,
        -0.09625319971796797,
        0.12934465542996307,
        -0.06125532936129335,
        -0.010003812086439781,
        -0.011474860108629404,
        0.0451100106283045,
        0.04768389045897059,
        -0.0848844171081284,
        0.05460487864648901,
        -0.11583782617950705,
        0.08640661276930632,
        -0.08749671260307967,
        0.02396567652819555,
        0.1518305583016366,
        -0.0008475718332832264,
        -0.18097660203253416,
        -0.13420332498252463,
        0.043990581317546226,
        -0.028617679075893167,
        0.07446313932835703,
        0.027243493417677934,
        -0.009550254912549743,
        -0.03366980722728551,
        -0.031231016084818604,
        -0.1280968010727167,
        0.09026804361400138,
        0.03148091250838906,
        -0.012604308873411985,
        -0.013180320848414157,
        0.07466532219081505,
        0.0011897485111619793,
        0.07865490819806692,
        0.005278064729105708,
        0.052671320630765676,
        -0.16455057972573706,
        0.04788470469138238,
        -0.04410225924639145,
        -0.007725401870266598,
        0.13272198882517747,
        -0.17909834988453652,
        -0.12830717702130887,
        0.04386353050368847,
        0.16058528276429318,
        -0.00338329423692955
    ]
}