{
    "dataset": 984,
    "last_cost_avg": 0.08555185612885552,
    "statevector_real": [
        0.26700358232060895,
        0.0010287166882792288,
        0.10971845503525433,
        0.15726410892692327,
        0.001450271943122782,
        -0.05612861986143831,
        -0.057341405099324005,
        0.23304181339065835,
        0.1528938414473638,
        -0.14284938066963088,
        -0.018033237759714885,
        -0.14786885508620848,
        -0.012549508412777062,
        0.21166232378270133,
        0.03494160872358859,
        -0.0061972177247973095,
        0.07701457412338862,
        -0.1623312953867649,
        -0.21497929682624584,
        -0.11595123660485962,
        0.005418524217619935,
        0.07309414387266845,
        -0.13904333261504884,
        -0.13228352201526403,
        0.02171991981670523,
        -0.09982103801571574,
        -0.13458210382699604,
        0.07754723221314443,
        0.08534695901276872,
        0.07596842148491911,
        0.12879882457978276,
        0.19918138064507482
    ],
    "statevector_imag": [
        -0.08530576352570474,
        -0.22348746379591888,
        -0.1567940255204294,
        0.0847637300238493,
        -0.08691998516024045,
        -0.21283122886548453,
        -0.11578265896576542,
        0.09145859494783283,
        0.17337789240426302,
        -0.19354099847172263,
        0.1574583626501953,
        -0.05674648575687994,
        0.0017537467450885157,
        0.005894253237769638,
        0.06855545346068201,
        0.02243097184393015,
        0.13816273592200776,
        -0.020990610076920695,
        0.021639869287402937,
        0.0026518486667916692,
        -0.08386239955012409,
        -0.056837065771242395,
        -0.07853492192422688,
        0.010848549151516564,
        -0.20855072071927386,
        -0.027501899163732874,
        -0.08592393664989591,
        0.2364014634221276,
        0.1009642808306908,
        -0.2301059806315154,
        0.03761095391890103,
        0.0891871457373645
    ]
}