{"f": [0.0509033203125, 0.06146240234375, 0.06170654296875, 0.0322265625, 0.05157470703125, 0.057373046875, 0.05181884765625, 0.0465087890625, 0.0537109375, 0.058349609375, 0.08935546875, 0.05224609375, 0.05560302734375, 0.02728271484375, 0.05242919921875, 0.02288818359375, 0.0843505859375, 0.08306884765625, 0.03948974609375, 0.0517578125, 0.0665283203125, 0.04681396484375, 0.03857421875, 0.07427978515625, 0.11199951171875, 0.07208251953125, 0.064208984375, 0.06231689453125, 0.06658935546875, 0.07366943359375, 0.074951171875, 0.04803466796875, 0.03314208984375, 0.051513671875, 0.06097412109375, 0.054443359375, 0.07965087890625, 0.0587158203125, 0.04986572265625, 0.07379150390625, 0.04779052734375, 0.07769775390625, 0.10009765625, 0.048828125, 0.03594970703125, 0.07354736328125, 0.03564453125, 0.06622314453125, 0.0670166015625, 0.102294921875, 0.057861328125, 0.03399658203125, 0.0701904296875, 0.0552978515625, 0.04779052734375, 0.07867431640625, 0.03057861328125, 0.05908203125, 0.05755615234375, 0.056884765625, 0.02252197265625, 0.038818359375, 0.06201171875, 0.05889892578125], "accuracy": 0.34375}