{
    "dataset": 0,
    "circuit_id": 14,
    "layer": 1,
    "num_params": 12,
    "expr": 0.19085289192204813,
    "entcap": 0.3341030235094598,
    "num_iter": 1024,
    "last_cost_avg": 0.14849461896098892
}