{
    "circuit_id": 18,
    "layer": 2,
    "kl_div": Infinity,
    "dist": [
        0.46484375,
        0.169921875,
        0.111328125,
        0.072265625,
        0.0341796875,
        0.03515625,
        0.0205078125,
        0.015625,
        0.0185546875,
        0.0087890625,
        0.009765625,
        0.0087890625,
        0.0048828125,
        0.0029296875,
        0.0068359375,
        0.0,
        0.0009765625,
        0.001953125,
        0.0029296875,
        0.00390625,
        0.001953125,
        0.0,
        0.001953125,
        0.0,
        0.0,
        0.0,
        0.0,
        0.0009765625,
        0.0009765625,
        0.0,
        0.0,
        0.0,
        0.0,
        0.0,
        0.0,
        0.0,
        0.0,
        0.0,
        0.0,
        0.0,
        0.0,
        0.0,
        0.0,
        0.0,
        0.0,
        0.0,
        0.0,
        0.0,
        0.0,
        0.0,
        0.0,
        0.0,
        0.0,
        0.0,
        0.0,
        0.0,
        0.0,
        0.0,
        0.0,
        0.0,
        0.0,
        0.0,
        0.0,
        0.0,
        0.0,
        0.0,
        0.0,
        0.0,
        0.0,
        0.0,
        0.0,
        0.0,
        0.0,
        0.0,
        0.0
    ]
}