{
    "dataset": 4055,
    "last_cost_avg": 0.09669034654402539,
    "statevector_real": [
        -0.11962897305529391,
        -0.07134885194986831,
        -0.0673302509734344,
        -0.11696507894954193,
        0.01679832200933205,
        -0.10156836729822673,
        0.13622679675322638,
        0.06839724112462638,
        -0.004827470462030351,
        -0.11102326040871847,
        -0.09567521048881329,
        0.09655155851658956,
        -0.2038793590060554,
        -0.026423686164391016,
        -0.037335349225593235,
        -0.1915284927515165,
        0.1352687950053171,
        0.010469350599035155,
        -0.05410931332650424,
        -0.15168528815632945,
        0.06094934263345108,
        -0.11332767687123364,
        -0.009660124379284485,
        0.13217211673100654,
        0.11988441898027746,
        -0.26625041316474823,
        -0.07278810554318678,
        0.24991878252598593,
        0.19622607562734093,
        -0.08427982576143404,
        -0.10815671086526184,
        0.035098709774470875
    ],
    "statevector_imag": [
        0.23672260802902106,
        0.005776718289023491,
        -0.15851171316306356,
        -0.18422475539573632,
        0.14414982987704186,
        0.028236824708056787,
        -0.08037991361876749,
        0.05594056628786425,
        -0.29348312223141715,
        0.039063898790587984,
        0.11394138658717497,
        0.026161327884514963,
        -0.022829783641629593,
        0.014245378557705909,
        0.008992815766059776,
        -0.11165630968062996,
        -0.01965143660995517,
        0.005082927363227255,
        0.15105319783271373,
        -0.2182767188834658,
        0.189715618158359,
        0.05670319094109203,
        -0.018318214899578432,
        0.15304636595571705,
        -0.26487599836522174,
        0.09235102663210294,
        0.014786262930752865,
        -0.054765956816238796,
        -0.09014715033314384,
        0.05042371570465848,
        0.027818183385596572,
        -0.1981735499520689
    ]
}