{
    "dataset": 3779,
    "last_cost_avg": 0.08095377551681276,
    "statevector_real": [
        0.0856683795923301,
        -0.011966417667398803,
        -0.05547147857044615,
        -0.2413095102541286,
        -0.03549843134742469,
        0.1358257573139329,
        0.024851278477397154,
        -0.09937159091442359,
        -0.03494437730898911,
        -0.07966462042630981,
        -0.02071065353985945,
        -0.21845046662359616,
        -0.2358599935796649,
        -0.10616312069793904,
        0.1219125366558186,
        0.00991277476670644,
        -0.09049788864481921,
        0.12333224764902488,
        0.08427083682131394,
        -0.045317832680105634,
        -0.1357778499282492,
        0.0038962982090052986,
        -0.09996206584137392,
        0.19784287142212975,
        0.11195161654939327,
        0.2545597829092562,
        0.04936429991232065,
        0.12046634499959152,
        0.07506297490907302,
        -0.02557973609817232,
        -0.021761007974716588,
        0.1881446006248504
    ],
    "statevector_imag": [
        -0.05191612240519583,
        0.03163827786345238,
        0.24027616004507646,
        0.08385913868886047,
        -0.10535595887239572,
        0.24127028262789915,
        -0.20255815109338876,
        0.13536749669259315,
        -0.10075126999088496,
        0.2006070858446116,
        0.2112454575581835,
        -0.010563705698851305,
        -0.12061026202041854,
        -0.08917657806773131,
        0.04600929649866892,
        0.0809858549608523,
        -0.10961802791271195,
        -0.041784416220110726,
        0.26598952176118557,
        -0.07562473397649896,
        -0.14297378688899592,
        0.08102144119951088,
        -0.21706203135037067,
        0.05634576921649815,
        0.021012822911908216,
        -0.04165324785487145,
        -0.13556412336754822,
        -0.026611887022533202,
        0.020473143988477712,
        -0.1017966485236361,
        -0.00311557629790209,
        -0.06190577695689681
    ]
}