{
    "dataset": 1181,
    "last_cost_avg": 0.10067385965507916,
    "statevector_real": [
        -0.08616313193476445,
        0.14918860525681263,
        -0.13144427521111157,
        -0.038338263950805966,
        -0.12396639695443276,
        0.0522086865773326,
        -0.08823619102577829,
        0.19636921001072177,
        0.17595309594892675,
        0.06620097340393992,
        0.05624521083896799,
        0.07166875270137303,
        0.18443283270821942,
        0.13254912615562936,
        0.2186847997349113,
        -0.08857953239142477,
        0.19613900854118926,
        -0.23255663367268198,
        -0.05897421871397137,
        -0.08897383513979176,
        0.08239694942394339,
        -0.10530672795634088,
        0.010780392373853198,
        -0.0921174550908526,
        0.023816522983109583,
        -0.09949749837321109,
        0.15035320302448793,
        0.15420313507422342,
        0.05969912129874486,
        -0.07911869208656916,
        0.2331180024233194,
        -0.03128315772482943
    ],
    "statevector_imag": [
        -0.031111450341977025,
        -0.16643217458575332,
        -0.06924273475500785,
        0.2108117785630256,
        0.019499710251777318,
        0.07154085591528904,
        0.10938238993369741,
        0.0845040792736047,
        0.12106786035473575,
        0.009574137998564693,
        0.09764429202148797,
        0.20234936791483416,
        -0.05609953087544453,
        -0.13864396014686736,
        0.06568694303074879,
        0.14679016264488334,
        -0.07737112340327881,
        -0.03606604793651669,
        -0.16644150029735524,
        0.18232822034497276,
        -0.1341991094361382,
        -0.16458499295823678,
        0.07308710238700979,
        0.06730467023999494,
        -0.04862022644781798,
        0.19352326708521053,
        -0.12244873152963749,
        -0.04778611172084658,
        0.21610400943535074,
        -0.019872395185437715,
        0.11624451510381682,
        0.16412721488933846
    ]
}