{
    "dataset": 1983,
    "last_cost_avg": 0.07253021908105622,
    "statevector_real": [
        0.1484725855123299,
        -0.08031630286530247,
        -0.02655000472220993,
        -0.16612234305262727,
        0.008280853474178774,
        0.01349559721843617,
        -0.08495492902491826,
        0.17953744660281495,
        -0.045885244145971206,
        0.13269962946158148,
        0.07466539922445403,
        -0.09885261135035908,
        0.11120411381321345,
        -0.14473631556049782,
        0.10864978367430772,
        -0.10250337739115595,
        0.003952767840384876,
        0.07347412691178072,
        -0.051589928677092854,
        -0.09694380655634031,
        -0.15916028100270543,
        -0.14180508719822504,
        -0.02168829614966157,
        -0.12250235137177072,
        0.06086696235845134,
        0.10870485478133689,
        -0.11016485342428241,
        -0.09562295098435408,
        0.049158357008873166,
        0.16064791162842795,
        0.051797761119202146,
        -0.16014402802928804,
        -0.1291055238034197,
        0.10530876426938589,
        -0.1339704422384965,
        -0.029053156594617296,
        0.06493153532933447,
        0.05390623149914714,
        0.0027447745465280066,
        -0.013710677233201565,
        0.035901890522637474,
        -0.08010992850750662,
        -0.11538227634869223,
        0.04231000987026388,
        0.12542246253143466,
        0.14575977937961138,
        0.008568579985840315,
        0.029434750191063064,
        0.015950546608892564,
        -0.10435023071894096,
        0.09002107154991001,
        0.03268493460642972,
        0.056892385272488646,
        0.01879068617489391,
        0.1129878547758952,
        -0.07051983501286968,
        -0.1298357897668104,
        -0.055498429333637085,
        -0.059572646569010054,
        0.10311487898141676,
        0.13787515561906788,
        -0.058189025295793236,
        -0.1332184552980051,
        0.11058340816465435
    ],
    "statevector_imag": [
        -0.04492563336691548,
        0.16445953483803966,
        -0.11049707700943033,
        0.01688963024940244,
        -0.00722885188341638,
        0.14862017844215128,
        0.11176650603418771,
        -0.03558297572011801,
        -0.08482153308966732,
        0.07186049974830808,
        0.15845872739080663,
        -0.05539402525993993,
        -0.10028264167343941,
        0.0341538927598572,
        0.020693801326344897,
        -0.11427799395143451,
        0.040904686688620503,
        -0.07795937316688314,
        0.0034450840126208186,
        0.030182153228985,
        0.03807983346168838,
        -0.04022251507715568,
        0.13841161286886067,
        -0.06728806570594889,
        -0.10192482656510594,
        0.04945494855487003,
        0.010326976678307134,
        0.052433785523443514,
        0.09181544403217615,
        0.06646315583178791,
        0.05774493983758621,
        -0.06054439870994171,
        0.10452950719902657,
        0.10185965128516433,
        -0.02266750540832122,
        0.10874599746581637,
        0.07641257043336241,
        -0.08863959354024183,
        -0.007302746388972823,
        0.012304000668165636,
        0.12475144390059811,
        0.0218026895499701,
        -0.04601362455633223,
        0.045215617623274876,
        -0.07110980801481251,
        0.04591280648060406,
        -0.13089379809119156,
        -0.12288738409347293,
        -0.11315203562563171,
        0.08292929256406052,
        -0.05891336340145106,
        0.06853920740969241,
        0.05456981366472024,
        0.02958157062056214,
        0.025522640924432603,
        0.01820899014604511,
        -0.046936380984154744,
        0.05329148857258758,
        0.07563101855937844,
        -0.11092345000039719,
        -0.015969008721542603,
        -0.10152575205431004,
        0.10585668477185549,
        -0.00259056153897582
    ]
}