{
    "dataset": 2217,
    "last_cost_avg": 0.07761985463970109,
    "statevector_real": [
        -0.07147437624683407,
        0.02244791981653927,
        0.010446471141247844,
        -0.19909614972782688,
        0.008401078815432303,
        -0.14752938359377882,
        -0.0018002161415065078,
        0.002179750950361179,
        0.16467299597087634,
        -0.08820048454485077,
        0.031436642452684044,
        -0.20982913898790798,
        0.19704572675220264,
        -0.09978118179728541,
        0.14265119533871062,
        0.19003694769562138,
        -0.13774747086526318,
        0.22674472021373024,
        0.13854967139717558,
        0.1604406544762045,
        -0.0008461493927879693,
        0.13578515358789928,
        0.12428876475306905,
        -0.07532159780675812,
        -0.12858317662899038,
        0.0015300009970966313,
        0.09356865367383983,
        0.013387861234643767,
        0.16489001829564387,
        -0.031887111096803346,
        0.16676732738025207,
        -0.19994433555358604
    ],
    "statevector_imag": [
        -0.015487624298859299,
        -0.0004662023329132213,
        -0.007546104363526307,
        -0.223139000175802,
        0.0029839868240563753,
        0.12896409426424688,
        0.0024978618397109007,
        -0.28674317857964504,
        -0.09823032057372953,
        0.10091486341204528,
        0.08295466083918303,
        -0.0716912863965472,
        -0.03483831608073038,
        0.1370602369782828,
        0.029482918044559075,
        -0.12916804512838284,
        0.14312640663899812,
        0.012609314880859191,
        -0.0299718113370637,
        -0.04988195162814849,
        0.007630070673877062,
        -0.1402979693419521,
        0.2519092567137478,
        0.18525090240057565,
        -0.027615483752647774,
        0.22676813350998518,
        0.024013264434287553,
        0.004416028137250781,
        0.1485740391014377,
        0.16368201792350276,
        -0.09124575714159265,
        -0.03742121624487157
    ]
}