{
    "dataset": 0,
    "circuit_id": 8,
    "layer": 4,
    "num_params": 96,
    "expr": 0.013468381830204016,
    "entcap": 0.6664334711972351,
    "num_iter": 111,
    "last_cost_avg": 0.09790802001953125,
    "accuracy": 0.96875
}