{
    "dataset": 2813,
    "last_cost_avg": 0.07703028805545131,
    "statevector_real": [
        0.09955167545677208,
        0.13467595222723222,
        0.18325166256936648,
        0.15102211901468238,
        0.0957037386095179,
        0.18445571503236777,
        0.1234828445708468,
        -0.17306813909578453,
        0.047592502898114446,
        0.16822837652895895,
        0.168298796189672,
        0.2585750094825125,
        -0.22014781967589842,
        -0.052366446419322074,
        0.028634085328852598,
        0.06069020634634848,
        -0.1098828725393169,
        -0.1708980659746577,
        0.03597724402595574,
        -0.0913075130413843,
        -0.025046291429642247,
        -0.2250707202640134,
        0.12060148900795206,
        0.021085515232126106,
        0.027939150609194822,
        -0.16748767983345839,
        -0.1095827136282948,
        0.0093239881469575,
        -0.15948971963921832,
        -0.09457909793007649,
        -0.11003412999933238,
        -0.08666474013772228
    ],
    "statevector_imag": [
        -0.12373130703038443,
        0.1721390875029754,
        0.16370396862734174,
        -0.11668708010065797,
        -0.10431070848075628,
        -0.11063535697774823,
        -0.0949417703492972,
        -0.07718696523700194,
        -0.08815879823667412,
        0.008125330343104302,
        0.164993080583294,
        -0.015411184759257552,
        0.09268585524776528,
        0.1277762381377784,
        -0.03283078207702694,
        -0.021365664377533043,
        -0.01574089736218038,
        0.12445704510978625,
        -0.011802450151878002,
        -0.09899377327964409,
        -0.06739099422278456,
        0.1665545650804358,
        0.08583954950704471,
        0.20724231958876832,
        0.22360900931675198,
        -0.09921808231251479,
        -0.18312078913018517,
        0.1192001124822499,
        0.10074600810068128,
        -0.09878236348619286,
        0.10724697055044152,
        0.03364365324482899
    ]
}