{
    "dataset": 0,
    "circuit_id": 4,
    "layer": 1,
    "num_params": 14,
    "expr": 0.18958524527077777,
    "entcap": 0.3369595826246164,
    "num_iter": 105,
    "last_cost_avg": 0.09336090087890625,
    "accuracy": 0.90625
}