{
    "dataset": 2870,
    "last_cost_avg": 0.06647204255464895,
    "statevector_real": [
        -0.046803253052130615,
        -0.12380312518923013,
        -0.17537989103904808,
        0.09543056927793345,
        -0.12925063653289834,
        0.009730607749080524,
        0.12755465426953105,
        0.0376456648735862,
        -0.13319358967905226,
        -0.06342091128785768,
        0.16457686583835546,
        0.005648276923737975,
        -0.16633434273822995,
        -0.07889371027714145,
        -0.2203615523540407,
        0.0020010984004924016,
        0.009995604823351312,
        -0.03247501821799708,
        -0.09491117188190631,
        -0.06380557706733955,
        0.1102465173550361,
        0.016868428924528098,
        0.040497733508702956,
        0.04121610290065671,
        0.10304604067571915,
        -0.017472626149344566,
        0.2642580315553849,
        -0.005894920464894066,
        0.021933904209065158,
        0.003630577985917963,
        0.1704086886076184,
        -0.04986306230189894
    ],
    "statevector_imag": [
        -0.2284854835517291,
        0.07425046190165947,
        0.11508663883051687,
        0.33115629597649915,
        0.0788708296174724,
        0.08192118925916152,
        -0.10154985511915392,
        0.24191604926224597,
        0.0017297897102359484,
        -0.12463491443526084,
        -0.1169045860732948,
        0.1295685157356603,
        0.005053827815118075,
        0.13110809398982406,
        -0.01586836259981159,
        0.2602214888566402,
        -0.2091449683437141,
        -0.16388994350403055,
        0.10112515392805654,
        -0.21385922971694757,
        0.006238534775103799,
        0.04696444872788212,
        0.03339189106528346,
        -0.17607139974542427,
        -0.14344782693023167,
        -0.011663410141149327,
        0.14379920552947437,
        0.046008109719803986,
        -0.018895828831484267,
        -0.001773774011968757,
        -0.17245600795050378,
        0.0766134593596942
    ]
}