{
    "dataset": 574,
    "last_cost_avg": 0.10782833785580839,
    "statevector_real": [
        -0.185537393522204,
        -0.2735885309952499,
        -0.1776320907510576,
        0.16012987089225647,
        0.013669362744817561,
        0.08259558023104223,
        0.0889650811675335,
        0.018811842786846188,
        -0.17523549324937407,
        -0.07728500728687653,
        0.19403125965874798,
        -0.09754868153243208,
        0.057838961467019875,
        -0.0806605813548187,
        -0.11312800552929443,
        0.08833290195189945,
        0.08582849414139859,
        -0.13871527822241017,
        0.012464258613540294,
        0.16487740818920602,
        -0.11495816491543867,
        0.2003909611248015,
        -0.05547790566585288,
        -0.07990609974569414,
        0.17189266241408713,
        -0.020663980530216848,
        0.2052897249570248,
        -0.1706358284692844,
        0.10573840570076205,
        -0.0073678885914737905,
        -0.17943302449525877,
        -0.01419456261522358
    ],
    "statevector_imag": [
        -0.028350810237476452,
        -0.10018546819653305,
        0.07697190268593038,
        -0.15903438074404733,
        -0.18060483842773611,
        0.1792315087570319,
        -0.06765675020068233,
        -0.12229819675612709,
        0.09352936126124119,
        0.11616131851555012,
        0.05068373341001043,
        -0.04512905200862157,
        0.09371108499636557,
        0.11426573094244742,
        -0.17762126300616432,
        0.09093574000532924,
        -0.08217457567190228,
        -0.1480128314544867,
        0.018813457916809242,
        0.19827246140177357,
        -0.11948804118190255,
        -0.038869339083731115,
        0.05190319601787283,
        -0.20702626499354643,
        -0.048061819874482034,
        -0.19216277531730475,
        0.1499404928930997,
        -0.1416957046333237,
        -0.05966820187341766,
        -0.016530179804301715,
        -0.10906684702007133,
        0.016579488279662543
    ]
}