{
    "dataset": 0,
    "circuit_id": 1,
    "layer": 8,
    "num_params": 96,
    "expr": 0.2997746830034276,
    "entcap": 4.769063934279191e-31,
    "num_iter": 1024,
    "last_cost_avg": 0.14085917580261703
}