{
    "circuit_id": 3,
    "layer": 2,
    "num_params": 28,
    "expr": 0.1217678759343006,
    "entcap": 0.3479699446673607,
    "num_iter": 1024,
    "last_cost_avg": 0.1185409065136719,
    "accuracy": 0.9375
}