{
    "dataset": 0,
    "circuit_id": 14,
    "layer": 5,
    "num_params": 60,
    "expr": 0.006520692291074433,
    "entcap": 0.815130589735095,
    "num_iter": 61,
    "last_cost_avg": 0.012294769287109375
}