{"f": [0.123291015625, 0.0198974609375, 0.017822265625, 0.02435302734375, 0.08343505859375, 0.13702392578125, 0.0560302734375, 0.05377197265625, 0.04583740234375, 0.07574462890625, 0.0616455078125, 0.03997802734375, 0.08770751953125, 0.079833984375, 0.06451416015625, 0.08294677734375, 0.10174560546875, 0.03070068359375, 0.0682373046875, 0.0570068359375, 0.09112548828125, 0.082275390625, 0.04736328125, 0.0667724609375, 0.07354736328125, 0.06964111328125, 0.08917236328125, 0.0474853515625, 0.09161376953125, 0.05029296875, 0.1346435546875, 0.0284423828125, 0.07916259765625, 0.07330322265625, 0.10064697265625, 0.06134033203125, 0.11822509765625, 0.13677978515625, 0.0745849609375, 0.080810546875, 0.0557861328125, 0.08984375, 0.0712890625, 0.0399169921875, 0.04510498046875, 0.09332275390625, 0.03338623046875, 0.06451416015625, 0.06866455078125, 0.115966796875, 0.04901123046875, 0.07568359375, 0.08489990234375, 0.0924072265625, 0.02178955078125, 0.1201171875, 0.01531982421875, 0.0904541015625, 0.04486083984375, 0.08123779296875, 0.04034423828125, 0.14154052734375, 0.07489013671875, 0.06939697265625], "accuracy": 0.34375}