{
    "dataset": 531,
    "last_cost_avg": 0.085291897540124,
    "alpha": [
        0.0637531355225065,
        0.00010960685750771124,
        0.04713988104805961,
        0.04044919148397078,
        0.030706206691294216,
        0.0299485451568088,
        0.014772777969300228,
        0.06813509980128046,
        0.011529119982571872,
        0.013275929023095972,
        0.08281278495643743,
        0.04455434438570318,
        0.01597887267086251,
        0.008040813014703031,
        0.014956723456919487,
        9.998270404303027e-05,
        0.05681587004111668,
        0.0004057348614970371,
        0.07639438898163178,
        0.008010483271575655,
        0.08147443690801255,
        0.04166239093450602,
        0.057450078288079146,
        0.0008301344334421265,
        0.0332766179343813,
        0.00016908979370296718,
        0.0001485382692522692,
        0.03898544010721236,
        0.02266086132834711,
        0.0536145593904442,
        0.01156795505494711,
        0.030270405676787057
    ]
}