{
    "dataset": 3844,
    "last_cost_avg": 0.08966519945872081,
    "statevector_real": [
        0.08196147707281826,
        -0.2245661251634192,
        0.13262106299455387,
        -0.007792531879712884,
        -0.027305030688988464,
        -0.06866986036835905,
        -0.00044124629901841936,
        0.015660435813758932,
        -0.20072977130295017,
        -0.0005106804165025609,
        -0.2525100887024671,
        -0.1536710740337975,
        -0.1811516542546995,
        -0.013344981992669988,
        -0.12981450609236206,
        0.00712049175926632,
        0.0011371361342901638,
        -0.1751533337243588,
        -0.1418661481410819,
        -0.018405690319013027,
        -0.035066108901818924,
        -0.020567626785948583,
        -0.12334120664055541,
        0.13572826231138646,
        0.06437470911779856,
        0.11104816929483154,
        -0.027408450245166725,
        0.24338743463912935,
        -0.13470027469002774,
        -0.01746127419454292,
        -0.038201475990747726,
        -0.08417462032046294
    ],
    "statevector_imag": [
        0.3484628980499488,
        0.14368480094638972,
        0.0718736315865671,
        -0.022124567787653045,
        0.23618188745294333,
        0.02833280970604426,
        -0.012029334636649746,
        0.12505947128637482,
        0.13507302158137938,
        -0.021675044732728473,
        -0.0645245423027824,
        0.023067401716278718,
        0.04208126670432148,
        0.008227252310916656,
        0.04254047108414829,
        0.11643579371668397,
        -0.02998053108968798,
        -0.023807082439630457,
        0.21405073281241865,
        -0.013327713492004116,
        0.21462872861654547,
        0.031265294342026136,
        0.044605225487645894,
        -0.0034299645311481708,
        -0.16441296522913623,
        -0.18639586981549977,
        -0.05404159506478618,
        0.1498409118713702,
        -0.13590715784684476,
        0.007499503966747289,
        -0.21859098690932127,
        -0.20338756670937935
    ]
}