{
    "dataset": 1521,
    "last_cost_avg": 0.08813812376890737,
    "statevector_real": [
        -0.011627835917410644,
        -0.19341241850107901,
        0.022261728310775525,
        -0.10841700543685708,
        -0.10554196481579503,
        0.013285353197617058,
        0.16694049782453138,
        0.08139107011129032,
        -0.11944142383656525,
        0.0652687727706946,
        -0.021857178006593654,
        -0.16896274936951333,
        -0.04760967129785533,
        0.14146756357571008,
        0.0038102894422395403,
        0.03502309956797,
        0.09909375515560762,
        -0.056391989591886287,
        -0.18782794491356677,
        0.09366801208098952,
        -0.0518997554463494,
        0.017863462868011624,
        -0.009612907221884884,
        0.008510813477235818,
        -0.1025165967230411,
        -0.023029909669838946,
        -0.04276541740458948,
        -0.1386392749222137,
        -0.10940203091802292,
        -0.16761106144923024,
        0.021623503163739868,
        -0.02513966386858231,
        -0.039923411204376626,
        0.1116468589361115,
        0.1404571139065367,
        -0.02482033106413572,
        -0.07671873837658379,
        0.09133072693846206,
        0.11114507329674633,
        -0.13732633070962047,
        -0.0023291805872402587,
        0.002445825814975748,
        0.009430335594027079,
        -0.2012059150171918,
        -0.06184911134267443,
        0.08969067183606304,
        -0.04067695032487433,
        0.044769249832346855,
        0.061732433086117366,
        -0.09794093693482135,
        -0.08283879973665828,
        0.02540259055100228,
        -0.09866963104713056,
        0.06151358742116062,
        -0.04200560600905498,
        -0.023525288127345924,
        -0.11547972991717115,
        0.08808099886123923,
        -0.032843779515626934,
        -0.06090979889463577,
        0.14355074036040513,
        -0.04058155358710534,
        0.030655166628916982,
        0.021333003800298192
    ],
    "statevector_imag": [
        -0.0002203115686555279,
        0.03704786350224162,
        0.1880177873749712,
        0.0013812401635647873,
        0.1196761903816093,
        0.026995092568197866,
        -0.04404932436920507,
        -0.15372216257173443,
        0.003371380878065458,
        0.18020549327489213,
        0.01168477948682827,
        0.08203361290709346,
        0.1091202797529479,
        0.05380818420740244,
        -0.09362023499419832,
        -0.07966414873633455,
        0.10256965705622202,
        -0.09701447383660762,
        0.0417201814157759,
        -0.18226644131480513,
        -0.11361945288663068,
        0.06894458353425137,
        0.13829845925804013,
        0.0239756655036889,
        -0.04034494451453278,
        -0.040953687623038984,
        -0.10972750303864297,
        -0.1078642860540843,
        -0.11531211898528576,
        0.009197433645401803,
        -0.07955446192998693,
        0.07331734643252716,
        -0.04318015672732598,
        -0.004690744389641831,
        0.1287436376750677,
        -0.02013818083644815,
        0.020710567268277687,
        -0.14550892669820026,
        0.0781803474041068,
        0.01611090698768057,
        -0.022250769642455984,
        0.06453175441145921,
        0.01579619336089275,
        0.07606491822004322,
        0.02071230761329228,
        0.15866511193173186,
        0.16129866370530302,
        -0.17996048639946266,
        0.0029058300705489563,
        0.05152516100124034,
        -0.10240693421729806,
        0.01759865649550785,
        0.00499679149557174,
        -0.08619239757213387,
        0.08305265420043312,
        0.05843905274871388,
        0.001625770263512495,
        0.07549514987017152,
        0.008134236165191126,
        -0.039861909836704394,
        0.050061732449434786,
        0.02233986979444583,
        0.0579274349103775,
        0.013598288844310098
    ]
}