{
    "dataset": 2396,
    "last_cost_avg": 0.07375879329326288,
    "statevector_real": [
        -0.12223671039483228,
        0.19614365724672608,
        -0.1856931848321854,
        -0.2364612448315829,
        0.004138210214911304,
        -0.041728227366880644,
        -0.003031440553206581,
        0.004022105430755685,
        0.006470833649449217,
        0.00696908275473894,
        0.05245745280593736,
        0.12733096413787945,
        0.16078815927239049,
        -0.0802160126595738,
        -0.00560520949718003,
        -0.11400834893087208,
        0.22166280082004858,
        0.07632147080503872,
        0.10825815154636823,
        0.032789893232567764,
        -0.12304702397425406,
        0.08669493359977536,
        -0.025330014456577198,
        -0.06268468358229926,
        0.12411829332151043,
        -0.1854836146309754,
        -0.09617737741742684,
        0.012829144445924465,
        -0.012923486945290469,
        0.0060434706619885955,
        -0.16189325517373304,
        -0.03447517450636704
    ],
    "statevector_imag": [
        0.07592726275161803,
        -0.16443740513016994,
        0.14228594636962663,
        -0.00752161758835512,
        0.05013375661209942,
        0.10334084192771865,
        -0.0070911936789668775,
        -0.006686545857437648,
        0.002741442876765366,
        0.177678910036226,
        0.18223352626464023,
        -0.28073861195440347,
        -0.14117089522533255,
        -0.1781896417428192,
        -0.08866584402650982,
        0.020773510981877307,
        0.0758901555943115,
        -0.09517414542420491,
        0.16191112356368537,
        0.060088837491763296,
        0.07669907623752785,
        0.28913036771244177,
        -0.19170589415848893,
        -0.020261484504285793,
        0.024214717797341797,
        -0.13259910804195524,
        0.1125637980239424,
        0.317388560357756,
        0.0042147248504413575,
        -0.01632930241819166,
        -0.05297841408909237,
        -0.17974303803676586
    ]
}