{
    "dataset": 1623,
    "last_cost_avg": 0.10162129818377255,
    "statevector_real": [
        -0.13812966109708513,
        -0.24822668712448184,
        0.08220518054474911,
        -0.06975490678861122,
        -0.1457169431552369,
        -0.152786388424732,
        0.05339635547035914,
        0.08849104156241529,
        0.1435351808386855,
        0.1973540610919709,
        -0.06058752712949455,
        0.15059861392077611,
        0.029865498336757883,
        -0.08105082835208187,
        0.16914926060328053,
        0.07250830437081206,
        -0.10716598084846786,
        0.021841752015324074,
        0.039805568688797116,
        0.03644694156043998,
        -0.00968052621878561,
        -0.15440705343818015,
        0.0848242503878921,
        0.111685295775638,
        0.1506008935087578,
        -0.09527804865133394,
        0.019737129304444014,
        -0.02635321530408947,
        -0.1255784796214199,
        -0.05069736398614779,
        -0.12710438487845727,
        -0.11458579385899298
    ],
    "statevector_imag": [
        -0.08651316279529511,
        -0.10351373758638195,
        0.0856881459814235,
        0.1845118341574823,
        0.16585441681811772,
        0.1045918706905801,
        0.06056934426599526,
        0.1700134553958129,
        0.18558475168252567,
        0.016495363419072425,
        -0.07130567856639591,
        -0.05014875951285498,
        0.2097588663795124,
        -0.09092648670152013,
        -0.13096240428038392,
        0.163950261483025,
        -0.18187121619838198,
        -0.15668412001131776,
        -0.09088919237985728,
        0.179172091193207,
        0.11054391884228423,
        -0.07208223597834516,
        -0.008140076447543266,
        -0.1842037972274591,
        -0.0425843182081409,
        0.22847228166009045,
        0.0037930495855893554,
        -0.13495035015558007,
        -0.03700404701967345,
        -0.2208320011702565,
        0.14839788558966785,
        0.15239630883026367
    ]
}