{
    "dataset": 0,
    "circuit_id": 14,
    "layer": 6,
    "num_params": 72,
    "expr": 0.006508366440069149,
    "entcap": 0.8571096609495804,
    "num_iter": 1024,
    "last_cost_avg": 0.10631799220922344
}