{"f": [0.0509033203125, 0.0555419921875, -0.00390625, 0.00311279296875, 0.06597900390625, 0.0474853515625, 0.08428955078125, 0.0889892578125, 0.0595703125, 0.0833740234375, 0.03240966796875, 0.02117919921875, 0.04510498046875, 0.0711669921875, 0.02398681640625, 0.0908203125, 0.05633544921875, -0.0111083984375, 0.050537109375, 0.0042724609375, 0.02362060546875, 0.118408203125, 0.0592041015625, 0.0111083984375, 0.06512451171875, 0.0009765625, 0.0543212890625, -0.00244140625, 0.05926513671875, 0.1090087890625, 0.05401611328125, 0.00408935546875, 0.05780029296875, 0.0235595703125, 0.0660400390625, 0.06689453125, 0.08624267578125, 0.06585693359375, 0.11181640625, 0.073974609375, 0.08331298828125, 0.046875, 0.05096435546875, 0.0733642578125, 0.0511474609375, 0.02008056640625, -0.00213623046875, 0.033447265625, 0.08990478515625, 0.02850341796875, 0.04315185546875, 0.0159912109375, 0.0592041015625, 0.0496826171875, 0.05938720703125, 0.0506591796875, 0.04803466796875, 0.074951171875, 0.0938720703125, -0.0081787109375, -0.00213623046875, 0.07379150390625, 0.0814208984375, 0.0408935546875], "accuracy": 0.28125}