{"f": [0.14752197265625, 0.10333251953125, 0.0614013671875, 0.069580078125, 0.13592529296875, 0.1038818359375, 0.13116455078125, 0.0806884765625, 0.12957763671875, 0.12921142578125, 0.07281494140625, 0.08184814453125, 0.1197509765625, 0.1378173828125, 0.0604248046875, 0.11151123046875, 0.1024169921875, 0.07586669921875, 0.11993408203125, 0.06744384765625, 0.09832763671875, 0.124755859375, 0.12725830078125, 0.11859130859375, 0.10345458984375, 0.0528564453125, 0.11236572265625, 0.0885009765625, 0.12890625, 0.11859130859375, 0.09814453125, 0.09002685546875, 0.14306640625, 0.103759765625, 0.09771728515625, 0.13568115234375, 0.1517333984375, 0.12261962890625, 0.16033935546875, 0.12371826171875, 0.0970458984375, 0.16522216796875, 0.0609130859375, 0.1517333984375, 0.0943603515625, 0.09619140625, 0.0863037109375, 0.12420654296875, 0.0972900390625, 0.07830810546875, 0.09014892578125, 0.1097412109375, 0.1484375, 0.155029296875, 0.10614013671875, 0.1033935546875, 0.113037109375, 0.11083984375, 0.10552978515625, 0.10693359375, 0.07464599609375, 0.10418701171875, 0.151123046875, 0.12799072265625], "accuracy": 0.34375}