{
    "dataset": 4091,
    "last_cost_avg": 0.08561675452434792,
    "statevector_real": [
        0.10680568486005906,
        0.11902716839187948,
        -0.18684712838568526,
        0.19652221376559884,
        -0.17971597610647874,
        -0.033644081596075584,
        -0.01802144022397673,
        0.19231566428990804,
        0.18647241804635065,
        0.029535133582548376,
        0.060616523603549605,
        0.22092161942875155,
        0.11611970930097569,
        0.01981215175094143,
        -0.0007583974276629379,
        -0.11603443023383513,
        0.009656291435618842,
        -0.014281762687066768,
        0.06930649763825494,
        0.04001117694661966,
        -0.00685453836807346,
        0.08921219136592304,
        -0.15485919322466718,
        0.166322804532969,
        0.157577456557763,
        -0.1763088727033865,
        -0.06505068012254417,
        0.12838711577967146,
        -0.12116836970637528,
        -0.18829469638964136,
        0.16911676092988093,
        -0.19164682541442524
    ],
    "statevector_imag": [
        -0.17458000657458184,
        -0.2026829453377353,
        0.01827693999278084,
        -0.12236342504296605,
        -0.02183599469488215,
        -0.1006119186356642,
        0.07635350864995866,
        0.14951195537774886,
        -0.002271463624993818,
        0.12132787766317826,
        -0.19693192392454423,
        -0.17401024647926613,
        -0.05805163837206754,
        0.16765150830700437,
        -0.009976727548435075,
        0.14205024527949,
        -0.005023731070040119,
        -0.01029596368524367,
        0.21514018239530353,
        -0.09778788407526302,
        -0.016323868772624463,
        -0.16741907466895398,
        0.26919195189625034,
        0.09528817634206378,
        0.03242940911238401,
        0.043882179762852296,
        -0.04757749399936497,
        -0.11006431939522819,
        -0.02460322779096453,
        0.05960115008992099,
        -0.008335303107586374,
        0.0874460465815009
    ]
}