{
    "dataset": 359,
    "last_cost_avg": 0.08865382823635337,
    "statevector_real": [
        0.0011679169280381031,
        -0.10320373795965183,
        -0.08673480363519172,
        0.12060894896879691,
        0.1609223964322528,
        0.04841594283697842,
        0.06532900956508904,
        0.09013904984363201,
        -0.14618861509311995,
        -0.16721398062750686,
        -0.07419469924749914,
        0.035903379355160164,
        -0.1698019558748453,
        -0.004080391081793943,
        -0.04755608636266125,
        0.06773834930511399,
        -0.03525832732854325,
        0.06478345107834756,
        -0.06371367905280625,
        -0.1423669205346839,
        0.07756453596390397,
        0.025000658753222292,
        0.033694781764628125,
        0.07127340401933907,
        -0.004487250990417323,
        0.035403927166977225,
        -0.13680166393880747,
        -0.06584313731120647,
        0.07666487648392645,
        0.09987330426953792,
        0.0024443416647110558,
        0.06688765863664534,
        0.04144581855185289,
        0.04008964466816788,
        0.02258363146165646,
        -0.004205947531229969,
        0.019552998927624198,
        -0.0036311387134578413,
        0.01438896974726527,
        0.07809127311536812,
        -0.012811996164020997,
        -0.08549608034081209,
        -0.11816034042181164,
        -0.10770263073156564,
        0.09408923206083544,
        0.10359520990027916,
        -0.0423889889295602,
        -0.010381090368226908,
        0.0906615353523156,
        0.12870600497955678,
        0.06201318881371834,
        0.1546359164298357,
        -0.022946653317692984,
        0.0699862573533203,
        -0.10399798329186381,
        0.08480530067231289,
        0.05328670206247983,
        0.12055266304406702,
        0.03638470338370518,
        0.001764481026509467,
        -0.04075313686234716,
        0.1316715595172856,
        0.174799033193704,
        0.13523583250520715
    ],
    "statevector_imag": [
        0.0005330304346621526,
        -0.08351684467875103,
        0.09234180605265434,
        0.009414131714611147,
        -0.08577306892412079,
        0.10496182184399021,
        -0.130752553734057,
        0.08315261298681964,
        -0.02634769569527417,
        0.0468822985094989,
        0.010770786066807732,
        0.12256938098346674,
        0.017806348295031648,
        0.05755167386997087,
        0.19977740026093446,
        0.12755440394202203,
        0.12179551875172007,
        -0.05298857845077077,
        -0.055852363157856376,
        0.009069091191665022,
        -0.0539224608649404,
        0.1319507620767581,
        0.13799242940513232,
        0.11543434617059443,
        0.09924219129237964,
        0.05637605938942363,
        0.048847120148875336,
        -0.10771819606870627,
        0.028604627168789608,
        -0.03484226866913774,
        0.015978329855135136,
        0.002203972375945934,
        0.04285844723538449,
        -0.15853507756244622,
        0.13158187535162655,
        0.04958504184144325,
        -0.08284088945554365,
        0.12564654323877233,
        0.001874230151002885,
        -0.07621287571878621,
        -0.14457731649276878,
        0.13687744250271172,
        -0.0969942595717156,
        -0.05428270504119115,
        0.1026659653742443,
        0.07076755752306069,
        0.0575048624955037,
        -0.014045385947371206,
        -0.09273876481229451,
        -0.10097322972751635,
        -0.07298309936418938,
        0.00704277534910157,
        0.1278823558784307,
        -0.06249034434631588,
        0.08746721607589332,
        0.11223332802250327,
        -0.02703430909993334,
        0.030989984107073903,
        -0.11547445515924575,
        0.08213742645219789,
        -0.16900183713419795,
        -0.13489115884447936,
        -0.006448611399865804,
        0.04233567963452913
    ]
}