{
    "dataset": 0,
    "circuit_id": 7,
    "layer": 4,
    "num_params": 116,
    "expr": 0.04211914450708207,
    "entcap": 0.6339244608666943,
    "num_iter": 57,
    "last_cost_avg": 0.149566650390625,
    "accuracy": 0.9375
}