{
    "dataset": 600,
    "last_cost_avg": 0.09685600813683445,
    "statevector_real": [
        0.24870026318393182,
        0.02516576343114089,
        -0.04916760605376802,
        0.05975252757522449,
        0.07015953289238616,
        0.03394523485817196,
        -0.07831991031524795,
        -0.014138447364000255,
        0.024245886385354562,
        0.21815738656271885,
        -0.017796516598408273,
        -0.12119907644281708,
        0.09161154126998113,
        -0.014334760933327743,
        -0.06453006788683184,
        -0.12540876320811234,
        -0.12507692589346858,
        -0.00520428673384265,
        -0.14397889406404227,
        -0.08700608858490556,
        -0.14718075596860447,
        0.16430989049371444,
        -0.10847571210247645,
        0.09501390141211258,
        -0.11228277721342503,
        0.17266363803061396,
        -0.09672097278566263,
        -0.1458559336181734,
        0.15426332805276993,
        -0.09930065726065651,
        -0.19122548963779618,
        0.006234347106585232
    ],
    "statevector_imag": [
        -0.015078905551474973,
        0.16020466373280695,
        0.15806923982001456,
        0.03684428797355873,
        0.09444476306420024,
        -0.1883010840031197,
        0.10728508557099783,
        -0.21134744983570303,
        0.16968068587352927,
        -0.015877252288543055,
        0.23054020430127253,
        -0.172820116630689,
        0.03502527057294278,
        -0.23798393746340205,
        -0.057628279035949984,
        0.09648749424680444,
        -0.06845928159644804,
        0.020673168950360764,
        0.047099984688252786,
        -0.11004994982227352,
        0.11333836028858034,
        0.12248568591259097,
        0.22029213284411467,
        -0.037823138493999625,
        -0.1684835857141758,
        0.08939249091816216,
        -0.14717109920408686,
        -0.26961210348402675,
        0.0024777479973355013,
        0.0746948331744591,
        -0.038877452120931785,
        0.016840095963065873
    ]
}