{
    "dataset": 189,
    "last_cost_avg": 0.05449230663245963,
    "statevector_real": [
        0.04484047228179391,
        -0.011101174286577711,
        0.08163546538248345,
        -0.00026631871667735107,
        -0.048685681602817,
        -0.0025212327943834687,
        0.20190099178131013,
        -0.008575229313259524,
        -0.014910449470963403,
        -0.011051974705008237,
        0.16691161283791098,
        -0.0016418925787173451,
        0.01637424877169919,
        0.03738667670220325,
        -0.043710024719364964,
        -0.05901427257291666,
        0.07151066795170195,
        -0.13203565255604777,
        0.17398110908970904,
        0.1737923707519954,
        -0.07621466332870104,
        -0.012794565154351857,
        -0.06903934908474005,
        -0.09173211997157911,
        0.21946099813206568,
        -0.13510233497718518,
        -0.1010922625775345,
        0.06585339028807193,
        0.0013879443931116785,
        -0.06332369268327838,
        0.17294370132360176,
        0.11528329930413286,
        0.004185006007895575,
        0.0011347713335924194,
        0.06416115277468401,
        0.0010299852875136014,
        0.14263498539117922,
        -0.10962620299894618,
        -0.05755390012009535,
        0.15857945755069217,
        -0.010004311107661751,
        0.08941339285450652,
        0.09647351203519981,
        0.07197965924155614,
        0.04965974237182515,
        -0.07118211782842652,
        0.009035660388262224,
        0.000698030392540462,
        -0.011314099203128408,
        -0.11848761445311153,
        -0.020609737608663033,
        -0.04029930493082717,
        0.18076426922516053,
        0.11077893872369542,
        0.0984653662575139,
        0.008209376481309528,
        -0.09985811242048873,
        -0.0022431211818814785,
        0.07362655485492034,
        0.10583377922094928,
        0.05843893371890118,
        -0.013925010948954953,
        -0.0035426781421375496,
        0.0955353480035735
    ],
    "statevector_imag": [
        0.19019374185668098,
        0.04285757194778045,
        -0.0002259597455772332,
        0.014795094078243984,
        0.13572432509231253,
        0.012924081296313047,
        0.07969359829956565,
        -0.0015762801725330922,
        0.06364628260341867,
        -0.0023126626910124773,
        -0.009366569819249238,
        -0.07605337837896568,
        -0.0830143328997514,
        0.1253791014287206,
        -0.006873061486762626,
        0.07925721275677257,
        -0.09078028756666584,
        0.05455091076824595,
        -0.14137489153501973,
        0.08120998363573464,
        -0.038348006631467035,
        0.020032796694893138,
        0.10044524680297633,
        -0.145851723277078,
        0.06821337180624003,
        -0.06919907228742073,
        0.11417220209207826,
        -0.016138912192998615,
        -0.011423502448950445,
        0.04863277109945591,
        -0.0776293097475089,
        0.03466289407127254,
        -0.00804847856160518,
        0.004695246346546956,
        -0.08474181728105624,
        -0.13932506441932857,
        -0.05721569028563766,
        -0.004883019526150923,
        0.04762931952220956,
        0.07051541756791199,
        -0.10605348297399356,
        0.035550361720002886,
        -0.15491433829547918,
        0.10148712986108974,
        -0.2090518158751335,
        -0.19388558501618064,
        -0.00924685791243023,
        0.0737366820635492,
        -0.004104872985653703,
        0.10063149403677832,
        -0.00888553348618857,
        0.10293294863815358,
        0.022819398139985465,
        0.03236060198098571,
        -0.0038607032201312154,
        0.0035249274431839745,
        -0.1262695779069985,
        0.05099846705027096,
        -0.16303205906807003,
        -0.13009600231046586,
        0.09107619914902783,
        -0.03873014181847681,
        0.01512994337915762,
        -0.07791268242453721
    ]
}