{
    "dataset": 354,
    "last_cost_avg": 0.08319544217233439,
    "statevector_real": [
        -0.17674382169236094,
        0.2414283765491299,
        0.1654161228108071,
        0.04498109950180596,
        0.09027128636034583,
        -0.024636919812165196,
        0.05345347637522014,
        -0.04205920999653122,
        0.08310402547405815,
        0.10300594395025954,
        -0.1027298324902055,
        0.007276645254698428,
        0.017685680329068823,
        -0.14898038142890938,
        0.1790994505441385,
        0.24392658629919794,
        0.004293039878887806,
        0.18363148418547234,
        -0.16737001429173254,
        -0.11220742524556093,
        0.005795198035054034,
        -0.037878689781695514,
        -0.0064594268185007835,
        -0.07046965782255128,
        -0.11582020844351976,
        -0.19507636924464739,
        0.14742795757391294,
        0.09001014281378013,
        -0.11398698802780438,
        0.12142011147861201,
        -0.00868827737230406,
        -0.02827823349824644
    ],
    "statevector_imag": [
        -0.12453225879308145,
        0.15368057259238205,
        -0.12291864145899044,
        0.22986411516242045,
        -0.021733602458956,
        -0.04092892422846328,
        -0.12537920707045325,
        0.0486278004124907,
        0.06854766563614509,
        -0.09568969616969679,
        0.19879514473757934,
        -0.08358096398244835,
        0.14074274643750073,
        0.18647656739973806,
        -0.07183554172064475,
        0.058329901427282095,
        0.13459822552592798,
        -0.019359882735930003,
        -0.034094641050157574,
        0.10131744406471199,
        0.006463214847804191,
        -0.19717288062704852,
        0.2273809507084489,
        -0.05036888578630295,
        0.08485638792437968,
        -0.15017198931717685,
        0.15878252863661094,
        -0.14959063622732646,
        0.023898403034553168,
        0.02245851727507397,
        -0.19594777379842518,
        0.20991309119142582
    ]
}