{
    "dataset": 0,
    "circuit_id": 14,
    "layer": 6,
    "num_params": 72,
    "expr": 0.004080169930731205,
    "entcap": 0.8530532256101169,
    "num_iter": 40,
    "last_cost_avg": 0.02242279052734375
}