{
    "dataset": 4077,
    "last_cost_avg": 0.09259070198065876,
    "statevector_real": [
        0.07827623154732356,
        0.010681618852719451,
        -0.140889139774175,
        0.16416202643723135,
        -0.1345302226999685,
        -0.045218003982963335,
        -0.024084645692105954,
        0.20748487796742157,
        0.17465759107256973,
        0.05028101929357839,
        0.04931765183476207,
        0.12458732546318452,
        0.09664918799661881,
        0.0021652761416808878,
        -0.01760593086468484,
        -0.14674764256102063,
        0.11893862295944185,
        -0.11096109646008967,
        0.052675140887122565,
        0.08402769590345022,
        -0.0022451353824424003,
        0.09014183360323048,
        -0.1124334901861338,
        0.18742018841312208,
        0.20425166398124042,
        -0.19418190584109235,
        -0.07600318465025556,
        0.1032384919774452,
        -0.07768302602544624,
        -0.19242516511687652,
        0.29499437834472114,
        -0.21774900944143744
    ],
    "statevector_imag": [
        -0.12794698181159792,
        -0.018188973150368277,
        0.013781439273563845,
        -0.10221454069723016,
        -0.016345799037016866,
        -0.13522349018829272,
        0.10204218865575258,
        0.16130495625909702,
        -0.0021275444867764524,
        0.20655025448186298,
        -0.1602239699983684,
        -0.09813195860187435,
        -0.048317755394919365,
        0.01832268476525889,
        -0.23160623845313236,
        0.17964959691680754,
        -0.06187837842021823,
        -0.07999372659107974,
        0.16351337615275285,
        -0.20536488084518212,
        -0.00534671970478246,
        -0.16916367751706468,
        0.19544329304236766,
        0.1073751011697999,
        0.04203495168552089,
        0.048330666336614835,
        -0.05558805926115099,
        -0.08850478715003895,
        -0.01577353222979709,
        0.060908572398004714,
        -0.01453946696363679,
        0.09935614629418421
    ]
}