{
    "dataset": 0,
    "circuit_id": 9,
    "layer": 3,
    "num_params": 18,
    "expr": 0.024940925025448025,
    "entcap": 0.9999999999999994,
    "num_iter": 56,
    "last_cost_avg": 0.1018829345703125
}