{
    "dataset": 0,
    "circuit_id": 12,
    "layer": 2,
    "num_params": 40,
    "expr": 0.032857995969832986,
    "entcap": 0.6446144676053086,
    "num_iter": 54,
    "last_cost_avg": 0.12964248657226562
}