{
    "dataset": 810,
    "last_cost_avg": 0.0821821679094734,
    "alpha": [
        0.04166922672298105,
        0.0036487178616507895,
        0.031161327280420315,
        0.0023446360046701325,
        0.030768315490006755,
        0.03679078727089283,
        9.798264655742956e-06,
        0.03120769255042826,
        0.08306538906981444,
        0.0013958023070196105,
        0.1076818552327243,
        0.03365215269979153,
        0.0003385135742260546,
        0.05823640945351887,
        0.01103507824618083,
        1.806318069970461e-05,
        0.0031653654367409527,
        0.000519022868111508,
        0.06793714473373494,
        0.012688570943770065,
        0.12566564526521398,
        0.00038768631551913934,
        0.06891266224095884,
        0.014746059393739465,
        0.04193977964362626,
        0.00015387265989247873,
        5.3231186405393914e-05,
        0.040615452579074375,
        0.05199937698900309,
        0.06586003631739613,
        0.00785087925303405,
        0.024481448964098235
    ]
}