{
    "dataset": 1364,
    "last_cost_avg": 0.07675597374056112,
    "statevector_real": [
        -0.09707917645097729,
        -0.0811900452940479,
        0.1519641255959524,
        0.16826119533773684,
        0.13771160939037613,
        -0.04124857579107541,
        0.00550999968654725,
        0.017772994153801066,
        0.12334398812260632,
        0.09964956980198642,
        0.04445032757350437,
        0.026198820926701973,
        -0.07228654163868449,
        0.07361159875617099,
        0.07200009478301175,
        -0.19394003200760632,
        -0.046137435759130686,
        -0.11205033706244301,
        0.1470609834902299,
        0.03752163887435649,
        0.1752062916293519,
        0.02206053370566809,
        -0.03690307633882584,
        0.06462925068896258,
        -0.06554687696252533,
        0.06651317618308222,
        0.11403732672342554,
        0.06905475298048293,
        -0.11568509490822973,
        0.0026501841799838155,
        0.014023466939103729,
        0.03939058985320708,
        0.033914053567309,
        -0.028480584086966132,
        -0.10872279413757095,
        0.01874988845182092,
        0.10787957933570222,
        0.006738103874290069,
        0.05727282470390851,
        0.04661735609163883,
        0.007479970706457367,
        0.148514802034324,
        0.11678147064949249,
        -0.08798744673961545,
        -0.08967024516923808,
        -0.07371180779216834,
        0.0016858501305501384,
        -0.09334863092875154,
        -0.007687374033670013,
        -0.18654114929594448,
        0.1411023907332059,
        -0.09637420511893889,
        0.16010442835635022,
        0.06932365858472947,
        -0.09631278422373471,
        -0.16616410831612582,
        -0.01489433939670557,
        -0.002338441988647676,
        0.13601958965788627,
        -0.11377837417838672,
        -0.05249549232325505,
        -0.031942394994162196,
        -0.08867972717920672,
        -0.009649955835175751
    ],
    "statevector_imag": [
        0.008902528052985944,
        -0.04370058421786627,
        0.07769406145038145,
        0.022371673613766654,
        0.026136651684282784,
        0.15234312725565755,
        0.011585273445891425,
        0.04970079200366053,
        -0.15514041986484212,
        0.1386226113529814,
        -0.11992487200425042,
        0.08949301559749823,
        0.0478924087393235,
        -0.05858713526787009,
        0.06977350667968248,
        0.08029886298037318,
        -0.09804782210749603,
        0.012164197924986447,
        0.0030877949474077365,
        0.1115828900932366,
        -0.08529429096418963,
        0.09091463768698112,
        0.0025096197118236237,
        0.1773929329737954,
        0.06209748556639709,
        -0.12053886441699613,
        0.07028842530263373,
        0.007308384046897005,
        0.04281391936223566,
        -0.009095625240214698,
        -0.0044669068625680245,
        -0.12407462799025185,
        -0.08890045405312853,
        0.11814856547731858,
        0.04775258081012166,
        -0.057566850088649126,
        0.05146018292179787,
        0.003400328626448204,
        -0.10468532285694257,
        0.10323424140530335,
        0.005626104389147803,
        0.16331471241458964,
        0.08816712137337983,
        -0.03979779777666186,
        0.11644196921386789,
        0.07794935838879358,
        0.0070367720228953785,
        0.12475154513415697,
        -0.010103552986545914,
        -0.08700447785914348,
        -0.03328017296210009,
        -0.00705162078339527,
        -0.11684138422065546,
        -0.1632299431611799,
        -0.02930648490750418,
        0.036478802770664356,
        0.10581300719971501,
        0.0038270416537205853,
        0.06343003324405748,
        -0.10127955185981313,
        0.09390542246036288,
        -0.006938700141093449,
        -0.0760142845396093,
        0.018082715738044357
    ]
}