{
    "dataset": 3008,
    "last_cost_avg": 0.09064428519742368,
    "statevector_real": [
        0.09868795251310772,
        0.06853243036869397,
        -0.1369835744275887,
        -0.056874672217277336,
        0.06868833655052277,
        0.19761214879009165,
        0.16548357142238987,
        -0.1676892750082565,
        0.12227232466360566,
        0.15597304346647237,
        0.07509499466700227,
        -0.0759525631088945,
        -0.008427272335766466,
        -0.1416154224362779,
        -0.10274872878108732,
        -0.1933779748417735,
        0.001958199700126657,
        0.10073440377576318,
        -0.002965424186013835,
        0.14407826477989435,
        -0.18111876625746187,
        0.09943240993024667,
        0.04776934679821295,
        0.014896378379291262,
        0.052288363997443514,
        -0.05413149580038661,
        0.08262207961046998,
        -0.20820751762291426,
        0.15841940850195768,
        0.1429419108255374,
        0.17392178198541774,
        -0.011520938510622292
    ],
    "statevector_imag": [
        -0.11495669986763898,
        -0.24279447487578232,
        -0.03805954397886695,
        -0.1352472155576162,
        0.19055688589360498,
        -0.03994824740719385,
        0.1306294519968004,
        -0.21803489828766637,
        0.1739158984351488,
        -0.007984199651594847,
        -0.07566607815125508,
        0.009074006765106168,
        -0.06936937753616361,
        -0.10402414688947913,
        -0.06080821462435642,
        -0.06231472276921269,
        0.0025529225398375323,
        0.12852303056936512,
        -0.01406925269372988,
        -0.08878670912395598,
        -0.06210943981139979,
        -0.1703629737850037,
        0.07520105076931444,
        -0.17431639729133672,
        -0.18651958126295368,
        -0.2525817598439922,
        0.1281761483380101,
        0.08776971146106334,
        -0.01766779681032574,
        0.14972684299056102,
        -0.2036227481322059,
        0.058941410618090787
    ]
}