{
    "dataset": 1907,
    "last_cost_avg": 0.0820677800194731,
    "statevector_real": [
        -0.07890739199348629,
        -0.0720599367837512,
        -0.12176647787551831,
        0.18501576017694735,
        0.0734733650676885,
        0.05593620536075043,
        0.09668067852420192,
        -0.02019364556774415,
        0.13886642686415546,
        0.09843124974744913,
        -0.0020449042767437934,
        -0.04205342855064022,
        -0.15261331374046402,
        -0.002242634007617588,
        0.027468358269502433,
        0.11988424974357237,
        0.10729683426807934,
        -0.10872644654409236,
        -0.10343622323863176,
        0.10049396944195219,
        -0.15828048150345983,
        -0.08106320215128111,
        0.08584436792848997,
        0.1092147352969088,
        -0.03180599730390196,
        -0.04404336835143966,
        -0.13917631101754005,
        0.08757095742777207,
        -0.04154550056307179,
        0.10018223524623555,
        -0.03823071870869512,
        0.12403225382749673,
        0.04336117332816522,
        0.027183458623292106,
        -0.05735980144823138,
        -0.012953082050010641,
        0.021720570570499514,
        -0.03044556905271336,
        0.013120880590513645,
        -0.056771747834400935,
        0.09596099866163582,
        -0.06607057926231757,
        0.13674457701982792,
        0.05683419390328833,
        -0.12813111707540284,
        -0.14142376651332705,
        -0.10873033881381777,
        0.14508548059205553,
        -0.10381294581516536,
        0.07073011631069194,
        -0.005074192726154028,
        0.017445667096806887,
        0.01656283816532669,
        0.07675919699084499,
        0.11635711058182624,
        -0.05021506182754107,
        0.11826451406178635,
        -0.01454766013266717,
        -0.1323703629104179,
        -0.03842252523105765,
        -0.07108355872649566,
        0.03226679404234816,
        -0.07943345389916596,
        -0.09780760701370397
    ],
    "statevector_imag": [
        -0.0830149661775385,
        -0.07711146667855451,
        -0.12114315174100133,
        -0.06522158688269457,
        0.1470304814086039,
        -0.0810990524988918,
        -0.114121432804263,
        0.045762014826641106,
        0.12809990062054005,
        -0.014610504983591396,
        -0.00607304259931269,
        -0.21049212240428244,
        -0.08415359382107608,
        -0.0008284386754343724,
        0.141104726084611,
        0.11238227888338956,
        -0.0817545644686384,
        0.007775767659979229,
        0.13624291534402105,
        0.038261960585563116,
        0.029916446612497743,
        0.10312583944241054,
        -0.09284509099705127,
        0.05794563544832845,
        0.021080480562032308,
        -0.1362564671240739,
        -0.08640405516631826,
        -0.058991133041307875,
        -0.04480097659233441,
        0.09686186765624188,
        0.02686432624157999,
        -0.05102232434086083,
        -0.12531671654106852,
        -0.09172596226993293,
        0.02734955593876077,
        -0.0106253305460328,
        0.08134630216114254,
        0.030490019611260615,
        0.002610790399178618,
        -0.0830750859335396,
        0.08312871854032894,
        0.0355977786913964,
        0.00789978789268105,
        0.035687732616963175,
        0.011406839644960384,
        -0.11515070392192901,
        0.1046387990814403,
        -0.060443583558839706,
        -0.061102648535666104,
        -0.1551953623956698,
        0.0077777212720343495,
        0.17483338146234503,
        0.12577120963793764,
        0.1146965991026378,
        -0.009741247221730358,
        0.017930199505277737,
        -0.0019691690223189585,
        -0.11389374067186532,
        0.051415843753999796,
        0.02397959139794675,
        0.010272925352171286,
        0.11643947601281669,
        -0.13045757556336302,
        0.08356031591111758
    ]
}