{
    "dataset": 236,
    "last_cost_avg": 0.07661797727900307,
    "statevector_real": [
        0.20238711071198656,
        0.0402892317048675,
        -0.02418998131922964,
        -0.08842416493004791,
        0.053813417645447614,
        0.06819427487549455,
        0.051842033533951566,
        0.15366966862577358,
        0.13481363701998939,
        -0.013555290626998352,
        -0.15657629795555109,
        -0.0015689775847419778,
        0.14260370023439453,
        -0.004365331375724556,
        -0.11257241863627704,
        -0.13843104240617657,
        0.01990473509527713,
        0.004117524387555915,
        -0.12563915171344692,
        0.07333157078479957,
        -0.004110693703997075,
        -0.145779822483126,
        -0.04574868545864379,
        0.013116965471840797,
        0.12498953258372156,
        -0.08227588298492966,
        0.10449648343814112,
        -0.2438315460156562,
        -0.0010863679488312742,
        0.09794849619343869,
        -0.1005390382230934,
        0.22161240236214858
    ],
    "statevector_imag": [
        -0.15531909913128322,
        0.22277686000431693,
        0.2067367956611003,
        0.11405432558406339,
        -0.17225620860638718,
        0.05318003118834639,
        -0.12887329949374285,
        0.02378447043348752,
        0.10314588000331135,
        0.01998473604432451,
        -0.02786626015740316,
        -0.2674513034226223,
        -0.12550151989292768,
        -0.17566626059420776,
        -0.21949316395915816,
        -0.08493034948369768,
        -0.04578570749504066,
        0.004204557694105963,
        0.16596147503894693,
        0.09233875354007269,
        -0.006493173399751363,
        0.15624038536407267,
        0.05510146520257167,
        0.11388626283407118,
        0.06016638152515825,
        -0.06755203057787111,
        -0.24299603749108029,
        -0.07927418594170142,
        -0.16198971926801636,
        -0.18011980765501628,
        0.19229026799807206,
        0.03268027289387636
    ]
}