{
    "dataset": 0,
    "circuit_id": 12,
    "layer": 3,
    "num_params": 60,
    "expr": 0.020652487004045164,
    "entcap": 0.7376689843255494,
    "num_iter": 43,
    "last_cost_avg": 0.015323638916015625
}