{
    "dataset": 160,
    "last_cost_avg": 0.10216421812929638,
    "alpha": [
        0.054833349310181634,
        0.02179535559718175,
        0.02706879077407361,
        0.0007105495120959632,
        0.05069478596747581,
        0.03144570579023049,
        0.00013043933753025647,
        0.04626214771739673,
        0.038491120678209666,
        0.014600596638832945,
        0.07463575219266243,
        0.04602241726526486,
        0.031251773680859775,
        0.024490569745943637,
        0.017478490988587787,
        0.03377319475211428,
        0.029595523672969783,
        0.0038785473779770576,
        0.03391206479749541,
        0.03499980497306217,
        0.04542755850533342,
        0.018251052123375355,
        0.059600222889154016,
        0.03761560585699292,
        0.033394038106343574,
        0.00868788659999098,
        0.05128349221223492,
        0.055678874353096736,
        0.022378481396965206,
        0.022304872357831653,
        0.007259621116152377,
        0.022047313712382954
    ]
}