{
    "dataset": 0,
    "circuit_id": 3,
    "layer": 15,
    "num_params": 300,
    "expr": 0.006281459481415477,
    "entcap": 0.8650225883392946,
    "num_iter": 1024,
    "last_cost_avg": 0.010541171025550453
}