{
    "dataset": 1627,
    "last_cost_avg": 0.08609061530623471,
    "statevector_real": [
        -0.22934791168065508,
        -0.0820303000207585,
        0.1308093807212922,
        -0.040801879410689745,
        -0.10622413594230871,
        -0.09865505863362642,
        0.13420353782019984,
        0.09426752628998182,
        0.03518991325437963,
        0.26523327434132654,
        -0.09113307459851125,
        0.2895516055006721,
        0.020276366840149208,
        -0.12410130511617443,
        0.1589984186256466,
        0.04304812647779921,
        -0.07280794212401699,
        0.006668481413360233,
        0.0646346549120037,
        0.05335766436509541,
        -0.009885553636906927,
        -0.09732403396243737,
        0.17051655013679015,
        0.09960065148462231,
        0.14572454582735414,
        -0.06200316589125809,
        0.15493313964575656,
        -0.029235614968990815,
        -0.158189210468715,
        -0.05658632475658607,
        -0.07958926127633782,
        -0.11737905132726399
    ],
    "statevector_imag": [
        -0.14364484110363307,
        -0.034207695590050484,
        0.13635166587687347,
        0.10792688218985523,
        0.12090386839882666,
        0.06753557854182227,
        0.15223174339039822,
        0.18111152940686448,
        0.04549902870421236,
        0.022168883816643767,
        -0.1072548432320056,
        -0.09641957155364655,
        0.1424100704675047,
        -0.13922245951971549,
        -0.1231031995394357,
        0.09733714853261116,
        -0.12356224314990433,
        -0.04783705727137264,
        -0.14758215441238345,
        0.26230470640796333,
        0.11288516907569243,
        -0.045434025364998076,
        -0.01636345440528577,
        -0.1642724593455229,
        -0.041205468876504316,
        0.14868067704833815,
        0.029774800178011453,
        -0.14971063043175575,
        -0.04661340860182619,
        -0.2464836502797517,
        0.0929226643152102,
        0.156111273080552
    ]
}