{
    "dataset": 2267,
    "last_cost_avg": 0.09088122582789493,
    "statevector_real": [
        0.126645012587007,
        -0.003956744282690491,
        -0.01172896846460734,
        0.06772030687852265,
        0.12562935444380832,
        0.0009285848630367231,
        -0.07017538389531246,
        0.11456311775365237,
        -0.09801154480784915,
        -0.10477149570181461,
        -0.15281080488146032,
        0.15561085204562985,
        -0.005765539694281552,
        0.10136262007644224,
        0.0045025187377849465,
        -0.13611909884888185,
        -0.1270528346022892,
        -0.004276969067246119,
        0.0476038095798799,
        -0.1433001236685753,
        -0.10766813499351642,
        -0.08994345553257165,
        -0.16027617716674572,
        -0.03746204126984717,
        0.056137322593851964,
        0.20679845146825152,
        -0.07763242162146121,
        -0.08983058241505702,
        -0.08726692482089919,
        0.0288793536143819,
        -0.11600749086043856,
        -0.07777293148396319,
        0.03795100871252894,
        -0.04063453563683464,
        0.009333504933124093,
        -0.100174149024476,
        -0.07661686804416823,
        0.08133823082826556,
        -0.12378228397168317,
        -0.10963117240055335,
        0.04374694412853564,
        -0.01672520754345899,
        0.05096479863494758,
        0.07651505616382666,
        0.005524829005883242,
        -0.022754416816368573,
        0.08009616936095136,
        0.0724777583913456,
        -0.03641545528083107,
        -0.10276732457270718,
        -0.14857725012665612,
        0.04904588428893751,
        0.12915269831930548,
        0.08650886412376647,
        0.024907678313720243,
        0.11688131941848792,
        -0.1496295973490151,
        0.10353426030523001,
        -0.035512174992077525,
        -0.0625240704304082,
        0.11609907854901833,
        -0.08447227455549133,
        -0.02525811695130238,
        0.09185415237626102
    ],
    "statevector_imag": [
        -0.05234773558743538,
        -0.08657569494605899,
        -0.008438326201578526,
        -0.10612908709205472,
        0.06087590142393786,
        -0.13071499258440963,
        0.10086841953143215,
        0.04629287822033586,
        -0.08037864368526085,
        -0.0036190337767468958,
        -0.0589186659919785,
        0.03264035387261458,
        0.004885428235220392,
        -0.12627631169737638,
        0.001954162597065131,
        -0.042168813173737794,
        0.08103271988333946,
        -0.1588300762467648,
        -0.0575869627100235,
        0.11308138076454655,
        0.009951604479687822,
        -0.004116840989247487,
        0.12925536393237877,
        0.05713535876806555,
        0.07236362663674668,
        -0.04093056897055387,
        -0.010244215016950477,
        -0.05927874845478221,
        0.034356857845717334,
        -0.042570966809682614,
        -0.1292252456541417,
        0.005397817674829371,
        0.050020023460923886,
        -0.161928713195707,
        -0.06930303394178051,
        0.10138231187713624,
        -0.05032535529390511,
        -0.0628587820599556,
        0.03881041324333152,
        0.07326675928871784,
        -0.06350991185720689,
        0.11282095969356619,
        -0.11556559132687773,
        -0.08275768078145461,
        -0.14080896599368609,
        -0.0521096863939933,
        0.08766253379602307,
        -0.07084195491432872,
        -0.11694110115903454,
        0.1326074740661045,
        -0.026666165161660257,
        0.008599851816511135,
        -0.07938954453912384,
        -0.07601388013123689,
        0.11772528179570058,
        -0.14470334693555748,
        0.030781186486218127,
        -0.08116788698331472,
        -0.1654504827656504,
        0.04460013684737849,
        0.08534029596915516,
        0.0019568980447723506,
        -0.08559936295357594,
        0.12043123375539161
    ]
}