{
    "dataset": 1507,
    "last_cost_avg": 0.10205015486955138,
    "statevector_real": [
        -0.020471681265408482,
        0.007818734668414169,
        -0.020708488333293047,
        -0.1095853748382344,
        -0.10741894216043824,
        0.024478920373182392,
        -0.03391882073322688,
        0.1353261098133249,
        0.07133202943084929,
        -0.07668139743947831,
        -0.16428971171666637,
        0.09015314833825966,
        0.08655829042526411,
        0.1555506551097957,
        -0.06945856785463064,
        -0.18635909551286,
        0.23535702978507633,
        0.0469320053246801,
        -0.17473488000463372,
        0.14911721567439973,
        -0.15445946158045482,
        0.1686861101493606,
        0.05030900800753917,
        0.24773611460818645,
        -0.1133768103396462,
        -0.07342779287830552,
        0.04869622716155225,
        0.05161702949870807,
        0.12473925044499408,
        0.03708565993823389,
        -0.1369276644285636,
        0.22886628992083574
    ],
    "statevector_imag": [
        0.001237052492718516,
        0.014531427800784681,
        -0.19288258219182536,
        -0.09948060293145078,
        -0.1623091123364088,
        -0.26247267416063036,
        -0.14702061604077835,
        -0.11476117561086606,
        0.04547411627040664,
        -0.02065404162629405,
        -0.14724812210702876,
        -0.02001154384630401,
        -0.058751887895843444,
        0.01955636329073759,
        0.12983539816620854,
        0.08651078051387126,
        0.017600299119581664,
        0.26997785833565624,
        -0.049589330872894695,
        0.0038105571749805613,
        -0.013000080862685955,
        -0.05991749324072366,
        -0.17355163278700292,
        -0.02345052697558292,
        -0.1805807808302539,
        -0.1548920160235473,
        0.20937247445930693,
        0.16982825947361707,
        0.11697064049655599,
        0.0817006099443232,
        0.07755781286089225,
        0.06622119785117288
    ]
}