{
    "dataset": 0,
    "circuit_id": 7,
    "layer": 6,
    "num_params": 174,
    "expr": 0.010427866738243257,
    "entcap": 0.7337048849024613,
    "num_iter": 78,
    "last_cost_avg": 0.01303863525390625
}