{
    "dataset": 1357,
    "last_cost_avg": 0.07124904791499762,
    "statevector_real": [
        0.0012406832908347803,
        0.1732287738813652,
        0.07100807803080152,
        0.018504487459581217,
        0.05267184256097315,
        -0.13873876491927803,
        -0.0503442279263993,
        -0.035752486831579715,
        0.04316181756845764,
        -0.0020327699526231117,
        0.12306928948097225,
        -0.023751685817701432,
        -0.18942470136047185,
        0.1143805695632215,
        -0.02380100941222349,
        0.036957618276570056,
        0.05188398129945748,
        0.012739875565050664,
        -0.08321027269086416,
        0.111852422187015,
        -0.07686486700067004,
        -0.04345471179370191,
        -0.015786239567970362,
        -0.041213178729402125,
        -0.17373069032387148,
        0.12731273816980362,
        0.05507317351928526,
        -0.051706554354221154,
        -0.027281726829400096,
        -0.17085640761456966,
        0.1497743602431854,
        -0.01423480625276049,
        -0.014634540640623037,
        -0.01131674064297307,
        0.1532945730638254,
        0.054795130222015764,
        -0.01821124950548311,
        0.018985026933949777,
        0.11710642303345127,
        0.12622483130373624,
        -0.0767623308746244,
        0.09441721414231875,
        -0.21540034088261834,
        0.06926496515649436,
        -0.14714466958683264,
        -0.015655984088642275,
        0.0071665059531512,
        -0.01693279241057787,
        0.04712349950806879,
        -0.13977180608438564,
        0.053878032025473394,
        -0.03131727204038809,
        0.015118914648477083,
        0.10127929233153925,
        0.1838017343189259,
        0.1681924184308685,
        0.0029411503647265133,
        0.08532048779105215,
        -0.1346519081936521,
        -0.18906321537338136,
        -0.024730340528745787,
        -0.0850303636200318,
        -0.08653240253348529,
        0.0023526470831163287
    ],
    "statevector_imag": [
        0.01841063112045291,
        -0.005363771245146149,
        0.09092982526455175,
        0.005932810121615016,
        -0.011061010773831903,
        0.007575195939137486,
        -0.026158038280117583,
        0.16373614644038242,
        0.029393087525996408,
        0.02323972097752369,
        -0.06391000902137585,
        -0.18438939874430385,
        0.017016891140825642,
        -0.044200518900829544,
        -0.048185955729975555,
        -0.019648435304969163,
        -0.017514309047148086,
        0.007742246679785699,
        0.07010600028130418,
        0.024155466377684273,
        0.07843542509972788,
        0.13841947541257887,
        -0.14519764574837976,
        0.17369204525789597,
        0.09235617904709444,
        -0.10627054166094539,
        0.04169958208842694,
        0.08664811994234352,
        -0.05987109115329652,
        0.002171176191925424,
        -0.0613631054100818,
        0.2105961601408316,
        -0.09825832774165567,
        0.009112581591797606,
        -0.012350151880493699,
        -0.09225943150745575,
        -0.04249712969410331,
        -0.026574716773751242,
        -0.03548654633100578,
        0.15189496673129924,
        -0.03512924152123046,
        -0.08041921701638076,
        -0.04592664476247409,
        -0.11998255617204591,
        0.003297648264252101,
        0.1485611506017301,
        -0.002359618099612071,
        -0.003650717508118339,
        -0.05146180533566815,
        0.021540588952957747,
        0.0261486185949008,
        0.045316290803620984,
        -0.015755898439909988,
        0.07516612864061474,
        0.004637044271547359,
        0.018721515300173394,
        -0.09556441198676466,
        -0.10552487961892017,
        0.1061866105446885,
        0.018853613544907034,
        0.022830833907430022,
        -0.10514991997226548,
        0.14943765532080988,
        -0.0029422582836238433
    ]
}