{
    "dataset": 1983,
    "last_cost_avg": 0.12602959028908634,
    "statevector_real": [
        -0.20298021700958363,
        -0.1208072799305095,
        0.020451577105863317,
        -0.06220194846449143,
        -0.025358554414855933,
        0.012855336120132501,
        -0.02571146918752094,
        0.04851358601190604,
        0.14579237651983915,
        -0.12572335203000876,
        -0.0037596239422434557,
        0.09793857046481856,
        0.2258091191249542,
        -0.11267170209785562,
        -0.12182129709828222,
        0.013963379370035157,
        -0.2696458348455742,
        0.11760192854218192,
        -0.0667101251620957,
        0.0812914910905677,
        0.06225437108379304,
        -0.07244933978145136,
        -0.020483753266644596,
        0.060472321071120785,
        0.12761970944931023,
        0.23195336425130006,
        -0.019544502796325306,
        -0.21202478855097845,
        -0.1700921931310757,
        0.011115023287737254,
        -0.06962280790046872,
        -0.10542813332787632
    ],
    "statevector_imag": [
        0.03581443255143407,
        0.06826904642569462,
        -0.08913084831802978,
        0.24904342666258877,
        0.13807575732166638,
        -0.020648084247421143,
        0.13893143417730883,
        0.07386868062835725,
        0.12991302835456017,
        0.12516194611787415,
        0.0063230166032168765,
        0.1310847566502107,
        -0.059380501019375725,
        0.1827367377148946,
        0.1979426406382339,
        0.07560787625780674,
        -0.13324669414550097,
        0.09040973086882817,
        0.1826323287007281,
        -0.25551608979664986,
        -0.07348263863571466,
        -0.08253595288559575,
        -0.22016161638184678,
        0.10303171596264157,
        0.16867313134084305,
        -0.07890384161636223,
        -0.000541803529992774,
        -0.05275021124188122,
        0.08678518663223345,
        -0.11412820779426808,
        0.17852186429001424,
        0.04433408767717285
    ]
}