{
    "dataset": 543,
    "last_cost_avg": 0.09033452295813377,
    "statevector_real": [
        -0.06735010150894459,
        -0.151026865925854,
        0.07657536269683733,
        -0.15097303395555076,
        -0.15458126653752075,
        -0.19036495586259095,
        -0.003045003455222698,
        -0.0259487626246815,
        0.20324207724844645,
        0.17625768599199873,
        0.03330060723566551,
        -0.05260449171009788,
        -0.32814093093087104,
        -0.0830123552473546,
        0.04661352434883459,
        0.06368953638060557,
        -0.22956897294492254,
        -0.04377608292500926,
        -0.2036192029840289,
        -0.03260070047186476,
        0.022665343482480723,
        0.05264968122584577,
        -0.10817288312402557,
        0.044569005202668856,
        -0.12785125919061371,
        -0.15218927483270758,
        0.07407758307915512,
        0.040881527724756825,
        0.04825346017432531,
        -0.0553323481997306,
        -0.09328101935535674,
        0.13325579271941274
    ],
    "statevector_imag": [
        -0.05083617989580058,
        0.11271274951606723,
        0.11322948874102119,
        -0.009318498959787211,
        0.16173771810628884,
        0.001411846242946841,
        -0.010878363400748577,
        0.16893704439908394,
        -0.10094128717432399,
        0.05253602858337539,
        -0.07288210966936656,
        -0.07704839781709157,
        -0.06282766464837648,
        0.21174045331967994,
        0.18210533534008286,
        0.004626804036640518,
        0.12624973554658264,
        0.15286337976361028,
        0.07751742911361711,
        -0.04854792234565048,
        -0.01628403936989771,
        0.2692698456998162,
        0.10793964898876622,
        -0.11509582090558164,
        0.013497605463934558,
        0.017266134160099148,
        -0.23477985696916595,
        0.21170569174295387,
        -0.1461205864310359,
        -0.11842333964924316,
        0.15195833867222064,
        -0.0098511799412656
    ]
}