{
    "dataset": 1521,
    "last_cost_avg": 0.079462391813183,
    "statevector_real": [
        -0.2384472507791877,
        0.09465211896511061,
        -0.05543186279630048,
        0.022196110596323936,
        0.19813915155018408,
        -0.051687772990288254,
        -0.17215480664990884,
        -0.06981209821874149,
        0.030076413895829268,
        -0.04242913692855896,
        -0.05164100717126463,
        -0.18664920888316336,
        -0.03271862803236742,
        -0.09915706803244408,
        0.004447736090075994,
        -0.18219238356408063,
        0.0027484589431935676,
        0.006114578280472873,
        -0.02847867223248175,
        -0.10284461624501913,
        -0.1629245712237189,
        0.05967231307773098,
        0.048582553176160136,
        0.025580938424755485,
        0.0354472792332657,
        0.0848906769949314,
        0.11745819373943533,
        -0.176892394548972,
        -0.18935282663388478,
        0.20975649507117516,
        0.10627290760261904,
        0.08577044743856632
    ],
    "statevector_imag": [
        -0.0003003264400511938,
        -0.0359044396372788,
        -0.22639124113348788,
        0.18120857910423654,
        -0.17267272240341633,
        -0.2017615387098521,
        -0.028024721159392987,
        0.10554081834831539,
        0.1804600704984552,
        0.10422996101883664,
        0.09920568179227131,
        0.12353395665596044,
        -0.054118326175484927,
        0.17850173228780705,
        0.03421905357695351,
        0.006758385720049168,
        -0.006477978986835363,
        0.1936896471051243,
        -0.09410576788867545,
        -0.0974009669277632,
        -0.17720195438589378,
        -0.0654501073311434,
        0.15858791764598754,
        0.14719614055934116,
        -0.11662658070785197,
        -0.17044664068554388,
        0.20610034302544378,
        0.06242556765629968,
        -0.105066077475867,
        -0.0945334301998643,
        0.10830144913972864,
        0.20431224309113472
    ]
}