{"f": [-0.056884765625, -0.05242919921875, 0.03240966796875, -0.03424072265625, 0.030517578125, 0.033203125, -0.06890869140625, -0.0457763671875, -0.036376953125, -0.02862548828125, 0.05328369140625, 0.02325439453125, -0.04718017578125, -0.04248046875, 0.06195068359375, 0.0665283203125, -0.0032958984375, 0.0252685546875, -0.00762939453125, 0.04510498046875, 0.00177001953125, 0.08184814453125, -0.02105712890625, -0.0665283203125, 0.02880859375, 0.0574951171875, 0.05596923828125, 0.03759765625, -0.0489501953125, -0.0560302734375, 0.05291748046875, -0.03948974609375, -0.057373046875, -0.00469970703125, 0.0816650390625, -0.01165771484375, -0.09130859375, 0.013427734375, -0.072021484375, 0.0289306640625, 0.00341796875, -0.06390380859375, 0.06768798828125, -0.07537841796875, -0.0257568359375, 0.00482177734375, -0.0052490234375, -0.0723876953125, -0.00286865234375, 0.07525634765625, -0.0274658203125, -0.0111083984375, -0.05975341796875, 0.05377197265625, -0.0479736328125, 0.0347900390625, -0.03704833984375, 0.0654296875, -0.023193359375, 0.01287841796875, -0.012939453125, 0.0128173828125, -0.04547119140625, -0.02947998046875], "accuracy": 0.625}