{
    "dataset": 1667,
    "last_cost_avg": 0.11166827366289399,
    "statevector_real": [
        -0.19242233304301595,
        0.05818653859466558,
        -0.08631606398390722,
        -0.03947851350104253,
        -0.056819730743808486,
        -0.10682372247691237,
        -0.2301959993302303,
        -0.2576935523129447,
        -0.06905553671628381,
        -0.13880549397187947,
        0.049157277410528014,
        -0.015228666787895783,
        0.18929449996644052,
        0.043861035663765036,
        0.0884556541303656,
        0.10166390366849597,
        0.19758741698802684,
        -0.05016907656083757,
        -0.1863590339864092,
        0.0387628891194377,
        -0.1386932084752776,
        0.10141380881618785,
        -0.16505254225206883,
        -0.03366976656033206,
        0.1038303422377903,
        -0.20993662488823908,
        0.1351370945354306,
        -0.02020411979721335,
        -0.26372351455868465,
        -0.03279571877597103,
        -0.1053276707377437,
        0.21534526424154277
    ],
    "statevector_imag": [
        -0.0775713773212364,
        -0.03655853853511975,
        0.03244425266860592,
        0.002487370957154016,
        0.13397717705120435,
        0.028027712027225014,
        -0.08385005275106329,
        0.11822023511319625,
        0.012214760995974657,
        0.07012899623877576,
        0.22404359657097397,
        -0.11773689018987332,
        0.09217506920039473,
        -0.010097844306260503,
        0.07323904426553537,
        -0.21230074098245816,
        0.08201862522809414,
        0.1698715912859899,
        0.07108724022670637,
        0.08397344984279986,
        -0.0012397009045954559,
        -0.2349652108048574,
        0.05701595886167409,
        -0.13789227892319236,
        0.0038109790624056674,
        -0.10190827703319918,
        -0.05746596965497488,
        -0.11174332729761745,
        0.06918495367606002,
        -0.17229333063441313,
        0.15382261812847633,
        0.10411527298000929
    ]
}