{
    "dataset": 0,
    "circuit_id": 18,
    "layer": 7,
    "num_params": 126,
    "expr": 0.008910137611152908,
    "entcap": 0.8037257111239849,
    "num_iter": 81,
    "last_cost_avg": 0.16260528564453125,
    "accuracy": 0.65625
}