{
    "dataset": 0,
    "circuit_id": 6,
    "layer": 2,
    "num_params": 80,
    "expr": 0.0042149885402378885,
    "entcap": 0.8966629057060166,
    "num_iter": 122,
    "last_cost_avg": 0.0985260009765625,
    "accuracy": 0.96875
}