{
    "dataset": 797,
    "last_cost_avg": 0.09686081619449916,
    "statevector_real": [
        0.03515382789818115,
        0.08154208541038381,
        0.10035537315624485,
        0.02141980537733594,
        0.11067570792288983,
        -0.08388449958935375,
        0.06291098106737719,
        0.10412661668332583,
        -0.09236102790838838,
        -0.217157608745442,
        -0.11782666392287908,
        0.16688934059714908,
        0.13890453202519815,
        -0.033453254108839856,
        -0.19743508611819383,
        0.013221574500978744,
        0.07825905641433438,
        -0.06876720559445547,
        -0.21465340675303396,
        0.2141253651017349,
        0.018761087290408457,
        0.13635957641061586,
        0.11158412635424027,
        0.0589508620883861,
        -0.045865782410785094,
        -0.11818447671207946,
        0.24891587555868355,
        -0.015282748771865822,
        0.1922348469930915,
        0.08366080007260823,
        0.1736958310539433,
        -0.12648419141484393
    ],
    "statevector_imag": [
        -0.1502478895098503,
        0.09679765315945969,
        -0.04356283035818159,
        0.018577330171488965,
        -0.03935110997430693,
        0.166460393758814,
        -0.19609710220255158,
        -0.08188288871003724,
        -0.07842636050372769,
        0.07715855099748517,
        -0.009614337069584675,
        -0.11280061273277148,
        0.1558971544366579,
        0.21703888129764348,
        0.09939882275711809,
        0.16329070319182523,
        -0.13839669525161366,
        -0.16155676129680255,
        -0.18795821664697598,
        0.12382717766922585,
        0.1407825429355958,
        -0.041524256971690675,
        -0.06418694254147948,
        -0.14796800109619018,
        -0.10289992986275721,
        0.118646380960233,
        0.06185761102503947,
        -0.07098979154805601,
        0.12905584169722348,
        0.18887963182252965,
        0.08240523991307233,
        0.08285616491749384
    ]
}