{
    "dataset": 3026,
    "last_cost_avg": 0.09254145224824611,
    "statevector_real": [
        0.09185833658738041,
        0.05885566092835303,
        -0.1803805650244893,
        -0.06819626308687016,
        0.029742203563101147,
        0.21094514207659462,
        0.10912377351710971,
        -0.1076977096101657,
        0.12868160480051993,
        0.19981122811360436,
        0.07835521794444499,
        -0.12190547665975075,
        -0.014931705621217947,
        -0.13034939651772715,
        -0.06575524139646288,
        -0.19630351437034407,
        0.08419639166590628,
        0.038829603414096935,
        -0.03453140676812575,
        0.1011267967219238,
        -0.042671231171165516,
        0.1305466290476194,
        0.0811793718746737,
        0.009995026708187332,
        0.06372688716957864,
        -0.03512832598302344,
        0.11743252664576785,
        -0.10152709404759322,
        0.24854233965164216,
        0.14265532656217358,
        0.19299434584547284,
        -0.041896662971051574
    ],
    "statevector_imag": [
        -0.10700121910031023,
        -0.20851192948636846,
        -0.05011697260908792,
        -0.16216980835859607,
        0.08251155836958614,
        -0.04264357620022998,
        0.0861401443771012,
        -0.14003196781374913,
        0.18303223540183922,
        -0.01022825933528897,
        -0.07895109482108006,
        0.014563973546595574,
        -0.1229108403321722,
        -0.0957486447241741,
        -0.038914922636478076,
        -0.06325745776694143,
        0.10976759216283112,
        0.049541150982491095,
        -0.16383190303165243,
        -0.0623183205246363,
        -0.014632863942637655,
        -0.22367266324694435,
        0.12779689225302054,
        -0.11696111647002884,
        -0.22732232185811838,
        -0.16391149488801177,
        0.18217949761153007,
        0.042798664773364546,
        -0.027718797824408715,
        0.14942665561544882,
        -0.22595237138455404,
        0.21434437944683774
    ]
}