{"f": [0.17266845703125, 0.15234375, 0.12847900390625, 0.16552734375, 0.1126708984375, 0.1566162109375, 0.15753173828125, 0.1168212890625, 0.10211181640625, 0.1080322265625, 0.13592529296875, 0.16180419921875, 0.17596435546875, 0.1693115234375, 0.1953125, 0.10980224609375, 0.10882568359375, 0.154541015625, 0.128662109375, 0.162109375, 0.1639404296875, 0.0697021484375, 0.12628173828125, 0.1168212890625, 0.11578369140625, 0.1807861328125, 0.12994384765625, 0.1114501953125, 0.12860107421875, 0.1341552734375, 0.1678466796875, 0.17724609375, 0.183837890625, 0.16668701171875, 0.10595703125, 0.149658203125, 0.1600341796875, 0.16632080078125, 0.11761474609375, 0.07305908203125, 0.1180419921875, 0.14019775390625, 0.15411376953125, 0.14691162109375, 0.12908935546875, 0.11248779296875, 0.1689453125, 0.13690185546875, 0.09283447265625, 0.16400146484375, 0.05828857421875, 0.15106201171875, 0.12567138671875, 0.12066650390625, 0.15972900390625, 0.13427734375, 0.148681640625, 0.08062744140625, 0.13995361328125, 0.09027099609375, 0.093505859375, 0.14837646484375, 0.1156005859375, 0.13531494140625], "accuracy": 0.34375}