{
    "dataset": 1888,
    "last_cost_avg": 0.06882292590693206,
    "statevector_real": [
        -0.0393390061592161,
        -0.05766218910149261,
        -0.02606640146314794,
        -0.198328915010953,
        -0.01728877056273511,
        -0.16083766395695087,
        -0.11943777140996702,
        -0.006822514644224627,
        -0.008831950620185384,
        0.08182575914809596,
        0.008814292064177477,
        0.000701918120612878,
        -0.003244066969546094,
        0.05707021880874109,
        0.011930458674571747,
        -0.16955792662123848,
        -0.02036629746061949,
        0.1534067384738298,
        0.04148626416323525,
        -0.008246476849172171,
        0.009212296184739446,
        0.12212723485825518,
        -0.1307196719952135,
        0.08973728379624572,
        -0.05599707605251308,
        -0.019330542779398534,
        -0.061458655972973356,
        0.004238789757668228,
        -0.14873418236159563,
        0.10400305886854731,
        0.011402395640590273,
        -0.11172547833085722,
        -0.07516644685281386,
        0.102216545025529,
        0.12409904238782804,
        0.01133130731192205,
        0.00882649377756938,
        0.007004230302581115,
        -0.12229718105405367,
        6.045800391012021e-06,
        0.055526771046216755,
        -0.022112678747737667,
        0.09621919539012402,
        -0.010343699409326883,
        -0.02033021928266524,
        -0.06802840871645321,
        0.11841478696389632,
        -0.06578347595469605,
        0.01853551869171917,
        -0.09131534459815041,
        0.014669154440507367,
        -0.030333429020281757,
        0.14713554294691206,
        -0.0017473906558647828,
        -0.12938491295184681,
        -0.13001858168618965,
        -0.026728693187961658,
        -0.07570900316349811,
        0.007165099004435427,
        0.0022609415223397754,
        0.05367581678458062,
        -0.08861285278851619,
        0.00871454209967926,
        0.04601861852469576
    ],
    "statevector_imag": [
        -0.01686789518770442,
        -0.011859018108763808,
        -0.01582150214395969,
        -0.005442218951849339,
        -0.17870424999372303,
        -0.006709482559580927,
        -0.12882406098034763,
        0.043473856669343995,
        0.009486596501898831,
        0.025691622337525758,
        -0.1035897193377463,
        0.048767576613289294,
        0.012437916268578028,
        0.03194681472813612,
        -0.057318711444206166,
        0.08883400615647723,
        -0.0012074413623895028,
        0.01613749445236781,
        0.15503634670256627,
        0.13324917241808043,
        0.04340128387469843,
        0.032829831189159955,
        0.08243513988378195,
        0.008143458058786924,
        -0.12357111531690346,
        -0.229672201797837,
        0.09871343275303986,
        0.14513675732698206,
        -0.09928708900764954,
        -0.05302574671113439,
        -0.07150246594042521,
        -0.1123821642975591,
        0.1205604102460607,
        0.11313648991310665,
        -0.1079419717668453,
        -0.19085727712229256,
        0.13626923992445772,
        0.10971433460607345,
        -0.09529631850468571,
        0.022819916651890777,
        -0.016200606332432133,
        -0.09682445208016079,
        -0.14537177434849394,
        0.12177541191777454,
        0.042217900304799987,
        -0.08145941687664521,
        -0.14774494950718065,
        -0.08612009272325308,
        0.07579187754172201,
        0.049469836863131764,
        0.005075246859443185,
        -0.09730263066276898,
        -0.06999530527104418,
        -0.012072681803129402,
        0.008130806402762886,
        -0.011873752986253362,
        -0.17462200835259511,
        -0.1295381164316902,
        -0.12508416056807029,
        0.006109937465861346,
        0.05673272911327429,
        -0.1498233508637144,
        -0.0915661210495916,
        0.10944836507939026
    ]
}