{"f": [0.0450439453125, -0.0068359375, 0.05572509765625, 0.0164794921875, 0.0185546875, 0.00830078125, 0.05645751953125, -0.0047607421875, 0.05712890625, -0.00390625, 0.0150146484375, 0.0689697265625, 0.0631103515625, 0.037841796875, 0.064697265625, 0.0198974609375, 0.02838134765625, 0.0614013671875, 0.044189453125, 0.06207275390625, 0.03924560546875, 0.00531005859375, 6.103515625e-05, 0.05096435546875, 0.02593994140625, 0.05181884765625, 0.07843017578125, -0.003173828125, 0.02227783203125, 0.02642822265625, 0.0401611328125, 0.0294189453125, 0.03753662109375, 0.02423095703125, 0.02545166015625, 0.0599365234375, 0.04473876953125, 0.03021240234375, 0.03662109375, 0.03436279296875, 0.058837890625, 0.0533447265625, 0.02667236328125, 0.02581787109375, 0.01666259765625, 0.0103759765625, 0.04931640625, 0.0496826171875, 0.03131103515625, 0.0377197265625, 0.05462646484375, -0.0115966796875, 0.06842041015625, 0.0296630859375, -0.0032958984375, 0.01348876953125, 0.01641845703125, 0.015380859375, 0.01007080078125, 0.0126953125, -0.01605224609375, 0.01995849609375, 0.05072021484375, 0.066162109375], "accuracy": 0.390625}