{
    "dataset": 3685,
    "last_cost_avg": 0.0851869802242397,
    "statevector_real": [
        -0.08654667837005672,
        -0.17226878519616834,
        -0.029178779745114458,
        -0.23136230271900085,
        0.07027971617792864,
        -0.17791464021492825,
        0.06536458132479815,
        0.022723347076335224,
        -0.11496031062080052,
        0.004639614022302805,
        0.13592153740142188,
        -0.1551679914236339,
        -0.13042124938572816,
        0.13361207124701424,
        0.0386209373273895,
        0.11647838815389208,
        -0.03797772722708291,
        -0.006291048738113375,
        -0.08477042752680017,
        0.06313406541950432,
        0.13373364359092077,
        -0.07672221134062959,
        -0.00652136863488142,
        0.013519081851180944,
        0.04271195018838409,
        -0.02159024384851664,
        -0.06226293355176189,
        0.1273536670355151,
        0.1001214393451216,
        0.1973619045491042,
        -0.17993947171988578,
        0.05908419018997677
    ],
    "statevector_imag": [
        0.05129555048633309,
        0.15329015690567907,
        -0.16627861087102763,
        -0.07125885930718419,
        -0.24789496722426574,
        0.10706747950765313,
        -0.058896627353894684,
        0.14476072461266265,
        -0.2037683678944177,
        0.016326460964156752,
        -0.09859240804310315,
        -0.09625156180984155,
        0.0955124780003319,
        -0.06287112182791187,
        0.05195697149947159,
        -0.03756528557680565,
        -0.014846995296822702,
        0.24373458453867777,
        -0.16316392151846273,
        -0.15905855872579966,
        0.20458736779364162,
        -0.1504736904044741,
        0.08691117689223879,
        -0.23366156173025132,
        0.11069797947217548,
        0.18050293030614986,
        0.18992713614749232,
        0.1314347993155516,
        0.042445348774068005,
        0.06293405629826225,
        -0.05423952205520669,
        -0.19555112125392574
    ]
}