{
    "dataset": 1137,
    "last_cost_avg": 0.07800953566864918,
    "statevector_real": [
        0.07966699690100504,
        -0.015977753502101427,
        0.17353662520575677,
        -0.12480401381226089,
        0.004631025659910168,
        -0.2055607612412676,
        0.11502495253907419,
        -0.05143145149354486,
        0.07569509191962502,
        0.014794486518348773,
        0.015892534236865357,
        -0.08859400727284955,
        0.013829154336356139,
        0.016026751871374586,
        0.09029479643015305,
        -0.1340061271867879,
        0.12661795762997605,
        0.13683597389500804,
        0.09827642637424612,
        0.056348647899315506,
        -0.012196422423395515,
        -0.21126522097582068,
        -0.15056694082949307,
        -0.19089685227299782,
        0.25107009443685213,
        0.016070720954827308,
        -0.1266831693236353,
        -0.027136988297723333,
        0.21620897284643953,
        0.04262737353380299,
        0.15148559145661303,
        -0.18577689298193736
    ],
    "statevector_imag": [
        -0.09183647723895434,
        0.3062626104667686,
        -0.05862654118026992,
        -0.055994727611394166,
        0.013193850095826,
        0.12719042397986174,
        -0.08474190971262598,
        -0.027702604691419528,
        -0.06729049684546037,
        -0.2022511045604958,
        -0.00597566053104236,
        -0.00011818756507472761,
        -0.09088112359863347,
        -0.017351263106721217,
        -0.19339757920286277,
        -0.10701275706524961,
        -0.1093496423789449,
        0.0758569979624447,
        -0.16055558040524304,
        0.12504842668357433,
        0.08209786474565475,
        -0.0003295728805607436,
        0.08443444927870217,
        -0.16751544089565243,
        0.1206466692482831,
        -0.009726397423357121,
        0.10767652980114482,
        -0.28628349315584656,
        0.12570118242968772,
        -0.1651429445626626,
        0.12257606390388351,
        -0.08951276230497887
    ]
}