{
    "dataset": 126,
    "last_cost_avg": 0.08184983633375575,
    "alpha": [
        0.02753279459141938,
        0.0002372254630519365,
        0.03778322642059383,
        0.039579707219790414,
        0.014363617138411406,
        0.05086045467510588,
        0.003993130871821977,
        0.04832850908493638,
        0.020573513370639788,
        0.02268272556051716,
        0.1093260119451804,
        0.015373386752297002,
        6.116010453024545e-05,
        0.026640501805464623,
        0.01621939937675781,
        3.9387703875208425e-05,
        0.020786002534181093,
        0.020243063683724163,
        0.09000563686243239,
        0.020692347017913438,
        0.105257019835763,
        0.025063223644455856,
        0.06844473467839678,
        0.03497142870437857,
        0.024323513453587877,
        0.0012006166111273532,
        3.0383159667513142e-05,
        0.0383911533067786,
        0.023239602748215765,
        0.05707629493658507,
        0.0023875051794983383,
        0.034292721558900834
    ]
}