{
    "dataset": 3730,
    "last_cost_avg": 0.11261231931288869,
    "statevector_real": [
        0.008615354809118127,
        0.09356429100781945,
        0.04929192173075051,
        -0.17945009753019797,
        -0.19550078469367468,
        0.0037624336453865167,
        -0.10776241294439894,
        0.09572173036370991,
        -0.026165406895385525,
        -0.1787918101217211,
        0.07814999808486471,
        -0.08828606008272925,
        0.013397601581054772,
        0.005315449037172341,
        0.12183986905372787,
        0.06466973070225665,
        -0.02218709296090332,
        0.1363251368778391,
        0.019353587557835814,
        0.20354590511001358,
        -0.2102168932309717,
        0.06184977817780125,
        0.0779001371266848,
        0.004031214001613141,
        0.05539275053920399,
        0.15605964775943665,
        -0.05881123889864058,
        0.0987547106184469,
        -0.14733308952454544,
        0.07473941910807805,
        -0.2037855967124334,
        0.3094157467332216
    ],
    "statevector_imag": [
        0.027179017234071613,
        -0.08848088589159017,
        0.12834975102691384,
        0.17788852525782933,
        0.13133158565492192,
        0.0066630570156417665,
        -0.034245009871474184,
        -0.18811878419549496,
        0.14723287390839146,
        -0.09177469661295884,
        -0.11647132846498906,
        0.09173030395066674,
        0.2151859758916301,
        0.0005373100601971577,
        -0.0682833134455874,
        -0.006630757715559568,
        0.07020138094954118,
        -0.03349772267889461,
        0.1905678161300508,
        -0.13022899768649546,
        -0.03750076443702298,
        -0.08524134220273029,
        0.043207304007797646,
        0.1854291918879541,
        0.1272433127220297,
        0.18607277484884374,
        -0.13161769739529178,
        0.2539035076618144,
        -0.2231021725325353,
        -0.004220025320397004,
        0.10622482364979345,
        -0.0017902266372750025
    ]
}