{
    "dataset": 1090,
    "last_cost_avg": 0.11340406382366167,
    "statevector_real": [
        0.1534912397799113,
        0.05043801179492717,
        -0.039670504443532345,
        -0.025230758351415583,
        -0.18847260967583568,
        -0.20150951991388505,
        -0.1015348552953371,
        -0.11848847802405348,
        -0.22356483282495274,
        0.23273890133169223,
        -0.08663071721056209,
        -0.16384419605235656,
        -0.03644865727408321,
        0.15542293796873138,
        -0.1799113650651793,
        0.025832629177896405,
        0.0027269788086942493,
        -0.1710406289186626,
        -0.11426466644983269,
        -0.08873314452268576,
        0.05387308828754073,
        -0.13760655355381757,
        0.04791636596348279,
        0.06511173198724513,
        -0.15227695008081335,
        -0.058185131247676436,
        0.11485694632510998,
        0.11693840295086422,
        -0.06755710656842877,
        0.0670073167490549,
        0.01826904011124702,
        0.18059937034636608
    ],
    "statevector_imag": [
        0.043320322408123606,
        -0.06274907864686188,
        0.13764453848832303,
        0.04454865530503222,
        0.06450403191120131,
        -0.009730604928311464,
        -0.0028439356241394464,
        -0.2495483497575287,
        -0.057003022573842335,
        0.04465497043580902,
        -0.11227777372842539,
        0.08065571387128577,
        0.11784389471135223,
        0.06969864469982949,
        -0.05505039310373065,
        -0.13003523975299708,
        -0.0019220334007542948,
        0.016545471035827965,
        -0.10354982600945603,
        0.21462818079169513,
        0.2423014411484351,
        0.16573418928406364,
        -0.09697758678743543,
        -0.2473750308879895,
        -0.06678948443185685,
        0.08540389176775948,
        -0.11763190921158835,
        0.06090031485126933,
        0.10718470517226888,
        0.18433164360820237,
        0.23326681350606085,
        0.028897545974065804
    ]
}