{
    "dataset": 2121,
    "last_cost_avg": 0.07861455963606241,
    "statevector_real": [
        -0.09014873393329889,
        0.22256847124923995,
        -0.027191926354597277,
        -0.08171682257346742,
        -0.002298256503663256,
        0.22304585201156263,
        0.03250743042693041,
        -0.1574768444975861,
        -0.06315053733194259,
        -0.11678988721605647,
        -0.014437076231251584,
        -0.07556114875464078,
        0.23824604899022533,
        -0.2201906688698477,
        0.024165532991134834,
        -0.11656022347076407,
        -0.06511895574111076,
        0.03619936931402904,
        -0.029764474942829324,
        -0.19892382610178305,
        -0.0436820791986755,
        -0.1272955467938084,
        -0.1915578395831125,
        -0.049757947291999276,
        0.025513099069579645,
        0.08872221459083897,
        -0.0839014410945187,
        -0.17563340076823114,
        -0.08588579379405345,
        0.2583689115886377,
        0.15550348780482334,
        -0.09662903572904938
    ],
    "statevector_imag": [
        0.18651116768254272,
        0.10355631770953706,
        -0.1322637465453331,
        0.08320650027012083,
        0.1534260340312391,
        -0.18646696470730653,
        0.08593789853447552,
        -0.14100073674564162,
        0.008273402328866721,
        0.011513933812557525,
        0.11250516076275377,
        -0.17556885725971216,
        0.04321327463628097,
        0.11610496214336348,
        -0.04748378521514507,
        -0.057074468216438926,
        -0.18738557942416986,
        0.058978228410566796,
        -0.20939670351398007,
        0.08910656404686312,
        -0.17512128296736154,
        -0.1100577655229261,
        0.013648871485269469,
        0.1818263103088298,
        0.11574706658474329,
        -0.11303233531832645,
        -0.04300817593591989,
        -0.05762456324893316,
        0.020886020611312704,
        0.02520712177867124,
        0.02245698983084422,
        0.19906598660307454
    ]
}