{
    "dataset": 0,
    "circuit_id": 7,
    "layer": 8,
    "num_params": 232,
    "expr": 0.012359730884339958,
    "entcap": 0.7867783881909943,
    "num_iter": 124,
    "last_cost_avg": 0.12219619750976562,
    "accuracy": 0.6875
}