{
    "dataset": 1402,
    "last_cost_avg": 0.111052878962057,
    "statevector_real": [
        0.20844196478874774,
        -0.07914950695174704,
        -0.15634655304749592,
        0.04969052795134374,
        0.062252732761239424,
        -0.1700407472287404,
        0.07648312396477551,
        0.13959878985455818,
        -0.13535617178925682,
        0.10901184269835833,
        0.16800759033689486,
        -0.12365342690320051,
        0.18079449918459675,
        0.031302137442358505,
        0.008161109262113638,
        0.193889305432555,
        0.13268105460010107,
        0.20477197247214296,
        0.12198207346927649,
        -0.003389922073298833,
        -0.04060634732336694,
        -0.13008698543135652,
        0.22532627912491582,
        -0.15845666430755506,
        -0.22478516570657694,
        -0.027606136461828697,
        0.0441428670794612,
        0.03213236255731052,
        -0.12344218557513091,
        0.08508968075696437,
        0.2127455985060975,
        -0.1443332889974026
    ],
    "statevector_imag": [
        -0.06631452195957825,
        -0.10287231733055589,
        -0.08096963103702455,
        0.18769483051940125,
        -0.16642921300197183,
        0.07206975927209631,
        -0.058852902998028526,
        0.025748895641415942,
        -0.03471592801310503,
        -0.015238971686676634,
        0.047323934184112126,
        0.16624657218235359,
        0.08322317991380285,
        0.27369912955574405,
        0.17136241965837254,
        -0.07157195521675355,
        -0.08088876251519739,
        -0.01666558063906977,
        -0.1013160920294633,
        0.009571462378368131,
        0.13199689363392283,
        0.10256927079964923,
        -0.07225635318337625,
        -0.01781987102971976,
        0.044129105344305836,
        -0.07199716966384906,
        0.25414769878591964,
        -0.11785692425584271,
        0.11900442119489338,
        0.10400645337291996,
        0.0708783949564003,
        -0.027894348734099277
    ]
}