{
    "dataset": 423,
    "last_cost_avg": 0.07095123962432033,
    "statevector_real": [
        0.014110640413653144,
        -0.13263352599871953,
        -0.011786425745041356,
        -0.061573834714831195,
        0.035672966100740985,
        -0.1538001297306001,
        0.11118326281707765,
        -0.047270913692244496,
        -0.07515236596545641,
        -0.07953138399087274,
        -0.04398947995220314,
        -0.17132446445625643,
        -0.1256040587925831,
        0.02109239226418622,
        -0.010175117423086574,
        0.05489736730797147,
        -0.06898437873745657,
        0.05689995911502334,
        0.003035316043137375,
        -0.026511736733635403,
        -0.11456773925451057,
        0.00043638836422622737,
        0.08932753276954268,
        -0.12715927379376565,
        0.01660888935986147,
        -0.007418577077474792,
        -0.08457136670859043,
        -0.16739449464740072,
        0.11408012974346754,
        -0.08667279327660814,
        0.12953902957954322,
        -0.05695095438184232,
        -0.09482218400181529,
        -0.08185558249872138,
        0.13511412980513832,
        -0.08637123713617274,
        -0.03457384971600107,
        0.02235236398810924,
        -0.013035689053362944,
        0.028927451994850844,
        -0.052709969576665266,
        -0.04626050186480265,
        -0.035116307693233935,
        -0.1821890496593092,
        -0.14839228720399367,
        -0.016446381907416582,
        -0.06222706073772131,
        0.00845563694011679,
        -0.0004303781822354139,
        0.010467082141316449,
        -0.09281682975401859,
        0.026267440766156905,
        -0.05874059409955678,
        -0.05205098736606254,
        0.06255590853697438,
        -0.09875346084245391,
        0.1251343399711761,
        0.09998224913649781,
        0.1264224022077388,
        0.1251793078376076,
        0.16000081510886033,
        0.040624749427642104,
        0.06633460475468886,
        0.067382974304935
    ],
    "statevector_imag": [
        0.12849050247185556,
        0.0967265649880068,
        0.008954784655227335,
        -0.013872471856073185,
        -0.15321601683750263,
        -0.10173688453501738,
        0.027741765899292312,
        0.15868798741486426,
        0.020511693641087608,
        0.059359914249215134,
        -0.007218271356219689,
        -0.06686970498621313,
        0.1158284809527115,
        -0.07885769913024002,
        -0.08398079316360003,
        0.1447443735090264,
        0.11040235812103884,
        -0.15611969720857086,
        0.04670563396980262,
        0.0018174145415329101,
        0.015475439466477189,
        -0.11056411066549238,
        -0.13373821202754846,
        -0.005407511236917529,
        -0.04329112351927854,
        0.10009049998538497,
        0.01401441839120511,
        0.026638187332200906,
        0.07416850581758919,
        0.09360562033249005,
        -0.14433529732500935,
        -0.03664831378997468,
        -0.165622769321561,
        0.06514596229994132,
        0.06611294506848708,
        -0.03086714622204923,
        -0.02466657310538041,
        0.04070593592478427,
        0.0010624754967089632,
        0.04755398800200737,
        -0.02812564114037502,
        0.09251169896356728,
        -0.0025805519690258686,
        -0.042697108025132775,
        0.03131005076808294,
        0.08160842254988654,
        0.044000348153970026,
        -0.17340142492978514,
        -0.17402001644398968,
        -0.11706156722481034,
        -0.058323200784688514,
        -0.17468086358548776,
        0.11908956363628004,
        -0.034391107967542,
        0.07134665992131814,
        -0.0015541430276428416,
        -0.026261217668154875,
        0.021783735512463133,
        0.07480786219171452,
        -0.08487554831553926,
        -0.08730522037563813,
        -0.10416298291188027,
        -0.18691828213987152,
        0.056776136090223105
    ]
}