{
    "dataset": 0,
    "circuit_id": 8,
    "layer": 4,
    "num_params": 96,
    "expr": 0.023745176677434116,
    "entcap": 0.6694889633685754,
    "num_iter": 53,
    "last_cost_avg": 0.10831832885742188,
    "accuracy": 0.84375
}