{
    "dataset": 94,
    "last_cost_avg": 0.10486880343806584,
    "statevector_real": [
        0.08839831596208095,
        0.1534154200256184,
        0.04388610691258967,
        0.13181602812978876,
        -0.012217583795320112,
        0.07075784173658557,
        -0.060098497838947613,
        0.015839687946519337,
        0.018013186815104304,
        -0.0197199138154065,
        0.019467596284146235,
        0.10216880553524954,
        0.15308572253771804,
        -0.04524502037748438,
        -0.002089626331007316,
        0.012091058418897096,
        0.0036471825864606115,
        -0.177854699503537,
        -0.05952786658895265,
        0.014766120338121125,
        -0.011684923738444554,
        0.12317126014934615,
        -0.05449907466744784,
        -0.12156202321633473,
        -0.1006880607684124,
        -0.101130066077461,
        0.05437088600107984,
        -0.14850356445064392,
        -0.0322645244402843,
        -0.02112199206434833,
        0.16690182194012712,
        0.03507936065573127,
        -0.1024415329915499,
        -0.05230032711679534,
        -0.008844585340335913,
        0.10412787948550302,
        0.060040829100670795,
        0.018390404410607575,
        -0.13336975217418942,
        0.1762164702577302,
        0.14216272596518606,
        -0.033712432953205744,
        -0.04328774541472408,
        0.10964102148570168,
        -0.11843754547644776,
        0.08256726037953252,
        -0.09033873961100546,
        0.07047872290744385,
        -0.16781319613245457,
        -0.016479012251528938,
        0.059638617423524234,
        -0.09648572775377519,
        -0.09025382790026171,
        0.005636990981333427,
        -0.07984792596477487,
        -0.0035342100252946816,
        0.054515619540860726,
        0.11406450238221438,
        -0.06631906199771882,
        0.06991422154444756,
        0.06430104574998331,
        0.08220957816956719,
        -0.15267050106568014,
        -0.04509674981514135
    ],
    "statevector_imag": [
        -0.037818319571080415,
        0.08195606442135334,
        0.02630578578912244,
        0.06232012972825857,
        -0.016602644519607034,
        -0.11780316451729414,
        0.1698313850426738,
        -0.052567564033080154,
        -0.07573263195294593,
        0.075012981674865,
        0.0639116375211631,
        -0.07086667848825307,
        0.07049646310756913,
        -0.006038334040317796,
        0.020582193470612044,
        0.04135017729910914,
        0.007085671807604545,
        0.010564347766839507,
        0.07319232630825978,
        -0.009748170412710134,
        0.0021271216268006613,
        -0.12575443139068523,
        0.0802525725711382,
        -0.053527136887385585,
        0.048226692651783726,
        0.10859333867193995,
        -0.03864362412068658,
        0.089138244885761,
        0.03560029784583743,
        0.009908223035825649,
        -0.07254561217194146,
        -0.1341508120081944,
        0.09869451998921266,
        -0.15493918364522927,
        -0.17874438145911847,
        -0.09230234088088943,
        -0.027681527716648332,
        -0.014891958401678085,
        -0.12515448713509367,
        -0.034224456835847086,
        0.04698817610171497,
        -0.0800107060541473,
        0.08703811086699297,
        0.12194579232458337,
        0.05332831750014566,
        -0.11451635473033313,
        -0.08964644024311157,
        0.07862297134676893,
        -0.01379147287125069,
        -0.12493386669928784,
        0.17011868515433246,
        -0.05745433226057694,
        -0.09347662520942462,
        -0.15629888536361966,
        0.09106585526826964,
        -0.15391622113229503,
        0.17778794793007405,
        0.014118180162547785,
        -0.06912619722927034,
        0.14486036396488391,
        -0.017539448696341664,
        -0.0752915853213889,
        0.0034869275288122994,
        -0.014327678130160058
    ]
}