{"f": [0.17877197265625, 0.10467529296875, 0.154296875, 0.150634765625, 0.2305908203125, 0.1549072265625, 0.19287109375, 0.11712646484375, 0.1842041015625, 0.1375732421875, 0.1395263671875, 0.17657470703125, 0.16119384765625, 0.188232421875, 0.19537353515625, 0.2191162109375, 0.16796875, 0.1668701171875, 0.1610107421875, 0.1767578125, 0.13861083984375, 0.1683349609375, 0.154296875, 0.18328857421875, 0.1663818359375, 0.18115234375, 0.22894287109375, 0.16192626953125, 0.18560791015625, 0.18359375, 0.16796875, 0.1680908203125, 0.18536376953125, 0.1361083984375, 0.19525146484375, 0.16986083984375, 0.1832275390625, 0.163330078125, 0.16278076171875, 0.1962890625, 0.1702880859375, 0.1875, 0.14727783203125, 0.16668701171875, 0.1610107421875, 0.15185546875, 0.17364501953125, 0.17852783203125, 0.1695556640625, 0.152099609375, 0.15216064453125, 0.1226806640625, 0.18939208984375, 0.20538330078125, 0.13787841796875, 0.1561279296875, 0.17266845703125, 0.19268798828125, 0.125, 0.19769287109375, 0.1373291015625, 0.162353515625, 0.19677734375, 0.18792724609375], "accuracy": 0.34375}