{
    "dataset": 0,
    "circuit_id": 10,
    "layer": 4,
    "num_params": 30,
    "expr": 0.07541822349120206,
    "entcap": 0.7734747556857335,
    "num_iter": 1024,
    "last_cost_avg": 0.059848785400390625
}