{
    "dataset": 2970,
    "last_cost_avg": 0.09027407007227672,
    "statevector_real": [
        -0.10845842484213135,
        0.17311797230538825,
        -0.06404154605375575,
        -0.11676622942800577,
        -0.1497464257325868,
        0.08667213830768371,
        0.18561079143846063,
        0.07422221890352203,
        0.18472178960450933,
        -0.04999671888880394,
        0.10326087958266275,
        0.17108149438755513,
        0.21555246334790434,
        -0.08167418981650738,
        0.031234537461123018,
        0.044589148587957685,
        -0.011459837141820153,
        0.03898729284450802,
        0.19262573543731026,
        0.16592423411543256,
        0.06277643622412556,
        -0.002693670317012175,
        -0.20805039945745252,
        0.16181376321823474,
        0.1358432770251072,
        0.09762263328422623,
        -0.2572793814176999,
        -0.04938001642698543,
        0.14165309680892751,
        0.1296481825752928,
        -0.10985144363901113,
        -0.13530862526628443
    ],
    "statevector_imag": [
        0.1054316040839176,
        0.054823815117111825,
        0.18217102655142142,
        0.09140101614432171,
        0.061125509997118084,
        0.11147653977438086,
        0.04229630778643454,
        -0.1129949513763051,
        -0.022631508904188424,
        0.10374231924214339,
        0.19224065396253986,
        -0.02351780148290541,
        -0.06342176411875636,
        -0.16186567156598622,
        -0.07895929467668887,
        -0.2614658861357497,
        -0.1864864113687183,
        0.18866754757130322,
        0.00037486157667242253,
        0.055732086165584574,
        -0.03347484570050633,
        -0.019446144624739353,
        -0.011758796968462663,
        -0.0911256915579336,
        -0.11119697970427297,
        -0.06743241710669909,
        0.06956910242425297,
        0.1676906941759736,
        -0.03154585004364955,
        -0.13382597754425754,
        -0.2003836845356489,
        0.045583824256619214
    ]
}