{
    "dataset": 2049,
    "last_cost_avg": 0.10917893157002408,
    "statevector_real": [
        -0.18395479794106717,
        0.012202416043768859,
        -0.16483593606945804,
        -0.11724366636096986,
        -0.1409751495392619,
        -0.04959853795479888,
        -0.01646650861846512,
        0.027470187642833755,
        -0.08554095420458308,
        0.06553972382745181,
        0.012139601658921941,
        -0.04930872255294108,
        0.0901647462803588,
        0.12966596191058544,
        -0.18801627223404355,
        0.0026998763697638137,
        0.22616644760661112,
        0.04740957240442644,
        -0.3027018246186818,
        -0.01401749965996193,
        0.03824085754685072,
        -0.07477411752566851,
        -0.21378511389740168,
        -0.007467494691814207,
        -0.07719540568281727,
        -0.11643778241663445,
        0.010823645427784441,
        0.2448400457512587,
        -0.08314014598915212,
        0.167324280988309,
        0.075220697245475,
        0.029766816262159643
    ],
    "statevector_imag": [
        0.11428883315301064,
        -0.01881824819315178,
        0.10512920895708087,
        0.1617497365943304,
        0.00795525961421398,
        -0.09230687189248109,
        -0.0746724147843405,
        0.04053479033723793,
        -0.0141610906951503,
        -0.14768469182218893,
        -3.594200754968629e-05,
        0.04992824055152985,
        -0.24804836263174393,
        -0.0017875471955841043,
        -0.020661624167438723,
        0.199821953937011,
        0.026877772858372263,
        0.027718580804040008,
        -0.05250714223045841,
        -0.2706674499435619,
        0.2194990939725271,
        0.17988078570318278,
        0.03566181954155652,
        0.03715809267857029,
        0.19537384636899344,
        -0.1370547220433223,
        0.019026539776557414,
        0.006345278507007563,
        0.23017631710207045,
        -0.15511117007222144,
        -0.14213577945941216,
        -0.0069197510508555585
    ]
}