{
    "dataset": 3075,
    "last_cost_avg": 0.0812881298700289,
    "statevector_real": [
        0.00758024768852576,
        0.07281083404268042,
        -0.013948448934035091,
        -0.10650503294949716,
        -0.09299677633619986,
        7.957251331623114e-05,
        -0.23161861947596188,
        0.030271970649626567,
        0.009587478448014101,
        0.18723321320703873,
        0.04842210641998391,
        0.22680580624482818,
        0.14223826388665506,
        -0.07563088347452601,
        -0.15254615003019129,
        -0.0913033226771504,
        0.18172284773317682,
        -0.192085454906786,
        0.05949939571142272,
        0.01233573174422396,
        0.257956910408028,
        -0.0013358124756582613,
        0.14867491524505486,
        0.07368595836521862,
        -0.10667048381291952,
        -0.10194580004690043,
        -0.03678575365514624,
        -0.12638540765427034,
        -0.03860275746257095,
        0.02005177448765696,
        0.18276366308666095,
        0.012654792632170215
    ],
    "statevector_imag": [
        -0.014780917348211497,
        -0.10853783180609942,
        0.00107775449281077,
        -0.20628531308617684,
        0.27124844433691914,
        -0.009449869427154646,
        0.13099542389317312,
        0.08471022691189477,
        -0.11787033720063238,
        -0.10530699631501186,
        0.2545750719045191,
        0.1615349584197053,
        0.13826213587148797,
        0.17134686788851825,
        -0.0944650745309975,
        -0.02180102506327052,
        -0.09500735947114097,
        -0.08037821325918766,
        0.09034736463881149,
        0.12901163262215,
        0.028526590474836487,
        0.01672392492115383,
        0.14872005280216466,
        0.2757417913394141,
        -0.11858022049025513,
        0.01825215247167096,
        -0.16407284818576717,
        0.049314731858471364,
        0.1375764508542435,
        0.01786456480707765,
        -0.042099155436202094,
        0.023207078547513114
    ]
}