{
    "dataset": 1877,
    "last_cost_avg": 0.10733050370271871,
    "statevector_real": [
        0.07103065418363907,
        -0.09628812394490706,
        0.10416350814405616,
        0.0239780820866318,
        -0.03595595056259789,
        0.03435693503188643,
        -0.10072428080446043,
        -0.2134110142264229,
        -0.08826962720486312,
        0.013414362947536918,
        0.018281798254968964,
        -0.07753797999833068,
        -0.20576784756896008,
        0.09775733707856742,
        0.11493227548439236,
        0.21975202141914799,
        0.10350116229975159,
        -0.25494977035962163,
        -0.18002676648392132,
        0.2035502716748244,
        0.10466473332178912,
        -0.071046857702384,
        0.024512702072691534,
        0.06716910913372356,
        0.004665843638501388,
        0.17250085598440815,
        0.048441699881850604,
        0.07690332883311864,
        0.18926241596924798,
        0.13620235240954384,
        0.09890003019069622,
        -0.09172416439626158
    ],
    "statevector_imag": [
        0.11029674058991445,
        -0.04032782546237234,
        -0.05625170192089786,
        -0.0020550924231955547,
        0.17628108801634162,
        -0.16987850337508384,
        -0.03748586335425721,
        -0.012357715161322919,
        -0.08182576592107335,
        0.15406550024096885,
        0.18798086096781133,
        0.08175762521385539,
        -0.0070651279083664776,
        0.17727459136711363,
        -0.011637283565915278,
        -0.04555315994777982,
        0.13258854753658778,
        -0.06254477352274987,
        0.18862342672921406,
        -0.17484168778219492,
        0.07546033304678897,
        -0.1726942381368781,
        -0.22489773053316378,
        0.2167194672357599,
        -0.0066314475264870045,
        0.18150188154400798,
        0.12059455944939255,
        0.09266510659347905,
        0.05677530833175142,
        0.07341716456562904,
        0.16998097815368135,
        0.09048336011404026
    ]
}