{
    "dataset": 1225,
    "last_cost_avg": 0.09170049726795487,
    "statevector_real": [
        -0.191492767994925,
        -0.01270118120025328,
        -0.004336193977569936,
        0.2192568345587992,
        -0.02214722253082552,
        0.002660301514682039,
        0.07392205177811233,
        0.006272653151852115,
        -0.15162451258203988,
        0.22624170855130388,
        0.07443468813656985,
        -0.04010042970375677,
        -0.11764573246921209,
        -0.03475677094515925,
        -0.23505210177574384,
        0.04185309639338331,
        0.11179614524297501,
        -0.17369571199482714,
        -0.18834108867045643,
        0.20193484967723713,
        -0.034238001222891626,
        -0.07135391319295167,
        0.05913324824262449,
        0.21174708463658334,
        -0.06606862026543263,
        -0.20203377271567147,
        0.08729367574385631,
        0.14022075675665882,
        0.09169618978594764,
        0.02360742001677655,
        0.08277533080464813,
        0.22738767943263086
    ],
    "statevector_imag": [
        -0.06855790452178218,
        0.12984469506610669,
        -0.07481016878822569,
        0.18422639471563643,
        0.15442485995391741,
        0.09563574397012213,
        -0.19471534082157413,
        0.06244123013543406,
        0.009593874509149846,
        -0.04415286290899057,
        0.11952035650711391,
        -0.09293500139716472,
        0.03076180484000796,
        0.10440562552652477,
        -0.04351497972951529,
        0.1384873028347768,
        -0.1613775648638107,
        0.056619999759136175,
        -0.13593252269283992,
        0.032157446957406945,
        -0.19645284958533574,
        -0.1511606799643895,
        0.13668143577795192,
        0.024347770452820935,
        -0.037351470554796505,
        -0.08380029557981195,
        0.1141790521889171,
        -0.033158961874663044,
        0.2152564738710899,
        -0.171772102161362,
        0.040873128470702035,
        -0.13736970879956123
    ]
}