{
    "dataset": 3525,
    "last_cost_avg": 0.0807471709242172,
    "statevector_real": [
        -0.17768215884697533,
        0.0037900421373779033,
        0.0027199665063003422,
        -0.011262686073209495,
        -0.07487249070715338,
        0.021506589741304257,
        0.20064724275823564,
        -0.26399498769920454,
        0.15647415349548474,
        -0.20629555446452302,
        0.03211837369069621,
        0.13837156716726973,
        -0.06826836327390447,
        0.002615025699929925,
        0.20299732525660916,
        0.05992146906427732,
        -0.17843525349478004,
        -0.24661606986348591,
        0.11997209514676754,
        0.09515271370914723,
        0.16159505935128873,
        0.1751317636950785,
        0.17327854228102996,
        0.11797779641892503,
        0.0617516905553013,
        0.028626110068970544,
        -0.019772840934596404,
        -0.17790636521413958,
        0.062324334616786825,
        -0.03070065864343645,
        0.12304822266820503,
        0.01605622787775048
    ],
    "statevector_imag": [
        -0.06206773058563155,
        -0.10618397527921036,
        -0.26114438421140784,
        0.0534214691441723,
        -0.07562887318028165,
        -0.1172491775167395,
        -0.17801746027185503,
        -0.03462379414053254,
        0.11748105429186456,
        0.06558159431544221,
        -0.1377898452136439,
        -0.19321389521644408,
        -0.21950447673757723,
        0.013433680390776241,
        0.07329235741659028,
        0.13244016833312303,
        -0.03444950390548026,
        0.09758389893971244,
        -0.22288759926306334,
        0.08230512932627589,
        -0.09979684124179317,
        0.04212913983104915,
        -0.09940699895679586,
        0.20449926531924476,
        -0.03445029897902915,
        0.10187972035980174,
        0.04521129409905388,
        0.00945064826816945,
        -0.10951942907473883,
        -0.03214621247725625,
        -0.0140099482195457,
        0.009365913859530494
    ]
}