{
    "dataset": 0,
    "circuit_id": 16,
    "layer": 8,
    "num_params": 136,
    "expr": 0.02470411113879072,
    "entcap": 0.7270797091016584,
    "num_iter": 68,
    "last_cost_avg": 0.10702896118164062
}