{
    "dataset": 723,
    "last_cost_avg": 0.07351372038848268,
    "statevector_real": [
        0.09253684029770444,
        -0.09427320060793047,
        0.010372486168083433,
        0.1088920411621445,
        0.015161537449464529,
        0.13631481012116664,
        0.08084977368513614,
        -0.07699634994318835,
        0.05098941344857796,
        0.09898786424490734,
        0.16868251893323577,
        -0.10557915892574278,
        0.050377136872434045,
        -0.006070764949497192,
        0.1071176265469711,
        0.15340807816541133,
        0.04829788073788829,
        -0.16856786721152447,
        0.028609123310076486,
        -0.06775126789607464,
        -0.029679659136270506,
        -0.17129657115292088,
        0.18110858789629986,
        0.13906857449554494,
        0.003397900683877199,
        -0.07883026892993712,
        -0.007747297713155521,
        -0.04947338645781127,
        0.03060280380624502,
        -0.13146473692770355,
        -0.04068943637029476,
        -0.1857315333864892,
        0.009281567892593195,
        -0.02780368559279423,
        -0.02706617637129208,
        -0.0024168039067792766,
        0.0365508419331433,
        0.019477730613270548,
        0.020860551773044925,
        0.04820104545685201,
        0.01570116938989829,
        0.039394191157871426,
        0.050587182531288,
        -0.024041562912984125,
        0.00373272690685001,
        0.02684343867420039,
        -0.1045099712876904,
        0.12534753439328647,
        -0.05560522633478823,
        0.1524746885710549,
        0.019521037179084978,
        -0.019552774330496004,
        0.07605151802266848,
        -0.09379685233203297,
        -0.0587052665314249,
        -0.06248243741932225,
        0.1014683543066362,
        0.11425304449798232,
        -0.02660534033216201,
        -0.11664724998748849,
        0.18133836470449352,
        -0.09256873539489184,
        0.01931292517306718,
        -0.04655157344169364
    ],
    "statevector_imag": [
        0.0392953741759524,
        0.15229525586488155,
        0.028150139321176597,
        0.10156317390482646,
        0.030365315986517965,
        0.09338873033351025,
        -0.007039908495400428,
        -0.08116794194581985,
        -0.015456226839988521,
        0.028668999412948076,
        0.017644237140079337,
        -0.0849430843107595,
        -0.08352541706357221,
        0.16670197391206634,
        0.025576130842550737,
        -0.029024495278279543,
        -0.06699522618965492,
        -0.07546873415375399,
        0.17962812752757346,
        0.15640313107940507,
        -0.21599164407213423,
        -0.013979863302631427,
        -0.035003211599811825,
        0.0893480019065767,
        0.028412160915479132,
        -0.15944646046029567,
        -0.0019993885801456697,
        -0.004590796343861243,
        -0.15058105802322236,
        -0.016396361909211104,
        -0.11820473775939246,
        0.0034997996423679315,
        -0.06846906012154988,
        -0.11111464994887313,
        0.15637097917675416,
        0.10522803762581705,
        -0.043664218937566064,
        -0.05024767192580124,
        -0.0012664302783861369,
        -0.1287528355144921,
        -0.032588210056252155,
        0.07056472789845443,
        0.06468519409737308,
        0.04933641360980538,
        -0.014060369907994506,
        0.19158837943479717,
        0.11702173588236338,
        -0.002979492680572852,
        0.004345032629235376,
        0.09152352800088172,
        0.09955638426169369,
        0.0808264656134888,
        -0.11603661463659745,
        0.008859375665191528,
        -0.07241355981145219,
        0.06156421591250911,
        -0.05855333619155508,
        -0.013655079170471544,
        -0.1344908547219368,
        -0.053729471237436835,
        0.06245990313529622,
        0.053046563783486336,
        -0.015593043094618892,
        0.01014397368579442
    ]
}