{
    "dataset": 1716,
    "last_cost_avg": 0.07076473525276604,
    "statevector_real": [
        0.13868423419690104,
        -0.12083260201156235,
        0.16995778971975437,
        -0.1288056814669482,
        0.006368226243106093,
        -0.09373097959778547,
        -0.07324068781761814,
        0.16346131164887578,
        0.09088039873140644,
        0.0873384762451049,
        -0.10794534566209486,
        -0.05342172616527525,
        0.029730552487741188,
        0.14539785278685716,
        0.012537206015116155,
        -0.08524844917199838,
        -0.07555157950279126,
        0.10166039385059865,
        0.03626137161209703,
        -0.09341764660974197,
        -0.02429169265334617,
        0.04171382441082058,
        0.04329405994949326,
        -0.09833646621372308,
        0.07888102122093539,
        -0.07562347617637896,
        0.0007900717640239004,
        -0.013446457662474539,
        -0.02474952892827066,
        -0.14116639006431145,
        -0.02031809135088287,
        -0.098302136889644,
        0.08424438299279884,
        0.09635066773705835,
        -0.1276341218574343,
        0.023853071560890098,
        0.10393086786748904,
        -0.045502997052330414,
        -0.10167402839169162,
        0.07060665997515718,
        0.016243279051160544,
        0.133015067035046,
        -0.13128043905947906,
        -0.011134495770300986,
        0.014913432048154476,
        -0.057748709625198395,
        -0.0015823617790914075,
        -0.049818648422467006,
        -0.06766174517648565,
        0.04912196207614437,
        0.10955372449385496,
        0.11995327374419519,
        -0.03222481895640688,
        0.19711944749319868,
        -0.0881805732463259,
        -0.0717587887715821,
        -0.10872927628589062,
        0.055951026480447474,
        -0.09433676663835036,
        0.13687284236466188,
        0.10802856387303682,
        0.04070592892529198,
        -0.11742436778436782,
        -0.00014371310868730564
    ],
    "statevector_imag": [
        -0.0040044446246464555,
        0.043273354523045836,
        -0.025015470194020714,
        0.07587157626375536,
        0.008481015822932965,
        -0.06308381526101921,
        -0.011589459989188255,
        0.016790450791873857,
        -0.03275991277582108,
        0.13499971751942255,
        -0.035585391550603564,
        0.11809855721293584,
        0.0837305383500801,
        0.024073165693759016,
        0.09623235238820231,
        0.13467245953251566,
        0.16870704269265258,
        0.03472382238958338,
        0.09502524397294226,
        -0.005854075399713323,
        -0.13851605552539437,
        0.1526192018422833,
        0.14661131058262167,
        -0.0043203359362050725,
        0.1329154778173851,
        0.01672741377409877,
        -0.12677998971602156,
        0.019109875262367574,
        0.13372890799148685,
        -0.03684320456270259,
        -0.007325353484800064,
        0.10452464024105791,
        0.11431923068748222,
        -0.08394553881907754,
        0.07913516687101554,
        0.03144344696382991,
        0.0943814617522453,
        0.12297939444505718,
        0.03398055519053803,
        0.026536608137044438,
        -0.047747349589368,
        0.10186698450198921,
        -0.001255139620693248,
        0.11127497039030865,
        0.0029767915570968907,
        0.12886766576701242,
        0.01772643751342416,
        0.04499017910574867,
        -0.15772015172772955,
        0.061777524874630896,
        0.009060147248442892,
        -0.01799500911517414,
        -0.018832577915351627,
        0.0627784794551889,
        0.046173251229758204,
        -0.15020676819731035,
        0.04377469615097152,
        -0.1580900549154258,
        -0.08233768061140552,
        0.014043368586800983,
        0.123020737283384,
        -0.10274346026836156,
        -0.07294918638500839,
        -0.09348362525772617
    ]
}