{
    "dataset": 2784,
    "last_cost_avg": 0.0652557874761689,
    "statevector_real": [
        0.12908263356717947,
        0.12427789689401314,
        0.08540958181372833,
        0.09559138594785795,
        0.005038934140245013,
        0.14246438633991781,
        0.06025827291850981,
        -0.22624468944919338,
        0.013965808007285673,
        0.3110378636841204,
        0.0836420412896866,
        0.21926450260493086,
        -0.22761724372654363,
        -0.0007406889814818851,
        0.09388770292052338,
        0.016749802115776688,
        -0.15437139175720493,
        -0.11176514701603164,
        0.2063441369511036,
        -0.11143577280245077,
        -0.03619101583483127,
        -0.1247892128199697,
        0.1563391366641301,
        0.014856298751053995,
        0.022875793199726917,
        -0.2906637515891776,
        -0.07823426299040806,
        0.002263625860719791,
        -0.09511610303893213,
        -0.1808992489729991,
        -0.00731747153499142,
        -0.2774989192029315
    ],
    "statevector_imag": [
        -0.1604348986886369,
        0.15884857997535276,
        0.07629883028437125,
        -0.07385858297979643,
        -0.005492103002385265,
        -0.08544922685950308,
        -0.04633054193849627,
        -0.1009032689136746,
        -0.025869806699643116,
        0.015022943475959151,
        0.08199914896068254,
        -0.01306826118871255,
        0.09583060570389741,
        0.0018073109434620122,
        -0.1076481640288478,
        -0.005896678754945597,
        -0.02211394894538864,
        0.08139331398834458,
        -0.06769185512766614,
        -0.12081642857853152,
        -0.09737763157044985,
        0.09234525505396532,
        0.11127624685201315,
        0.14601748071022608,
        0.18308478758987023,
        -0.17218639639115893,
        -0.1307352181879427,
        0.028938738763152005,
        0.06008266682606388,
        -0.18893873760184685,
        0.0071321203177748625,
        0.10772636482428637
    ]
}