{
    "dataset": 1195,
    "last_cost_avg": 0.0859644415765074,
    "statevector_real": [
        -0.16478309059715882,
        0.11719499740563893,
        -0.1269027340954096,
        -0.03937181679306805,
        -0.2902149721127731,
        0.1348124786550601,
        -0.013675498834635322,
        0.07377676448567028,
        0.17417987139618152,
        0.07010029783464329,
        0.07336936424084972,
        0.057406546061079096,
        0.18662500550660766,
        0.16702271603356145,
        0.18491086639274953,
        -0.044272061496028386,
        0.06372928492852836,
        -0.19495984023635074,
        -0.0831272174312791,
        -0.07632581442027414,
        0.017213258297447208,
        -0.08420896513348466,
        0.02417605264294207,
        -0.18257629902411723,
        0.09171578121536582,
        -0.06941117630674357,
        0.10214835711602967,
        0.027247811803410685,
        0.042971277178944764,
        -0.2236952691521183,
        0.24695241538548565,
        -0.008310644540136128
    ],
    "statevector_imag": [
        -0.059499240860841435,
        -0.13074067040989054,
        -0.06685032377820076,
        0.2164950070262581,
        0.045650337558869845,
        0.18473171311748765,
        0.01695289346330565,
        0.03174854934898778,
        0.11984775961498143,
        0.010138067322880443,
        0.12737261573924072,
        0.16208149119093884,
        -0.05676633116138956,
        -0.17470270425011905,
        0.055542175593505085,
        0.07336574186132656,
        -0.025139345840898417,
        -0.03023534883789398,
        -0.23460791997789976,
        0.1564094645101505,
        -0.028035066227104482,
        -0.13161107749222828,
        0.16390476093560666,
        0.13339749331261277,
        -0.1872331261239125,
        0.13500517933348577,
        -0.08319035780472926,
        -0.00844384245728632,
        0.15555112180726502,
        -0.05618597416701197,
        0.12314305837295778,
        0.04360183055386449
    ]
}