{
    "dataset": 900,
    "last_cost_avg": 0.08979474369025427,
    "alpha": [
        0.028827169928343232,
        0.04325373287855084,
        0.05419485461185578,
        0.05756589886764305,
        0.01736041418824018,
        0.039833277298871046,
        0.007239529830275966,
        0.052707470655084715,
        0.0001807009152574163,
        0.004489345282234947,
        0.09622936492828955,
        0.016220986082565784,
        0.012021415928686205,
        0.056635739900591155,
        0.03487789533358484,
        7.701191461768568e-05,
        0.004796413668380063,
        0.03252897612991806,
        0.035518487395999394,
        0.024111653533102666,
        0.08820471172477462,
        0.0018326944496207418,
        0.05791280891253586,
        0.008460353899654159,
        0.017122314765513413,
        0.00290454032773446,
        0.007385472478755067,
        0.02131333499408928,
        0.03738168170592799,
        0.07720411738521205,
        0.042847228312745136,
        0.01876040177134465
    ]
}