{
    "dataset": 2060,
    "last_cost_avg": 0.0940632033244114,
    "statevector_real": [
        0.02214146317651088,
        -0.07183464583345117,
        0.064155452312258,
        -0.004661422599249471,
        0.06664503846687768,
        0.030915369713213896,
        -0.05515561989313157,
        0.10672969918619431,
        -0.04133149593279007,
        -0.02208024283253336,
        0.08021706982428897,
        0.07535205724800294,
        -0.0980154332610834,
        0.10643580323234053,
        -0.07668497103495862,
        0.10569862065601857,
        -0.0652863944262783,
        0.0028460998217748495,
        0.051296008903556824,
        -0.02657914009720285,
        0.018511271582742007,
        0.10637169137410972,
        0.029704102493007024,
        0.08553674630033506,
        -0.11259373890368538,
        -0.007355834427809751,
        -0.03339127601896078,
        -0.04957191191702946,
        0.027400847779930623,
        0.037744512323770754,
        -0.03689547123990966,
        -0.033699345630463146,
        0.09736170823623705,
        -0.15379795907365465,
        0.05758743910603873,
        -0.023802749159281596,
        0.07247554601711238,
        -0.007771774942884262,
        -0.05696303298617047,
        -0.09500714322953697,
        0.10696159766420044,
        0.042301473574451354,
        -0.0638373725282864,
        0.11475371406469574,
        -0.1615118979706388,
        -0.004007157604316674,
        0.01104465306775726,
        0.07492445257839518,
        -0.17600885645486203,
        0.0023351110508940355,
        0.12233690735651337,
        0.015610925063454548,
        -0.060895759937957754,
        -0.03934180690889422,
        -0.0631823925896584,
        0.00021764464559878715,
        0.019497249783315566,
        0.004048762458807625,
        0.05758034567804862,
        -0.07508201251757508,
        0.0156222581536315,
        0.01728576970745492,
        0.027740448473997942,
        0.08348417528329966
    ],
    "statevector_imag": [
        0.19990547107822143,
        -0.1343024102087986,
        -0.0068166072546185065,
        -0.007807548355418311,
        -0.0695936833020825,
        -0.00043330772467864404,
        -0.13335963287152336,
        -0.12060235759791937,
        0.010247513173551326,
        0.02518144662976315,
        -0.07669324855766237,
        0.05040735539726342,
        -0.02347863274962077,
        0.06981265376220841,
        -0.08209103237105637,
        -0.011834959898789656,
        0.11126730453759323,
        -0.026108271620363683,
        -0.06936584910464684,
        0.013793297622155073,
        0.13688251034140575,
        0.036464377874085,
        0.10223987797734961,
        0.11755547360328887,
        -0.08216847181486758,
        0.19968070302114774,
        0.039531239839286345,
        0.1400370393832367,
        -0.04907031996944441,
        0.138097144474718,
        0.13332607722508114,
        -0.019020323510220247,
        0.1463690592510228,
        -0.10321537221941801,
        -0.179013744476063,
        -0.0553693768391182,
        -0.03232556155989911,
        0.03040541162397187,
        0.08820338075735092,
        0.05077986377978674,
        0.19724480007475392,
        0.05789727444338037,
        -0.07297588521494514,
        0.1658215571569994,
        -0.028439698457068837,
        0.16849267465108816,
        -0.09649858271235089,
        -0.122292444069392,
        0.0232673224997696,
        0.032754960874184474,
        0.053882248676041695,
        -0.07521933812146937,
        -0.20388269967295097,
        0.17453889930075756,
        0.1973843421563593,
        -0.013346254880482753,
        0.0018430163374970594,
        0.07945855646295612,
        -0.0173080775658788,
        -0.0640935538735909,
        0.013061382809966807,
        -0.19221733173270844,
        0.040151318442240444,
        -0.11929675592317031
    ]
}