{
    "dataset": 0,
    "circuit_id": 18,
    "layer": 8,
    "num_params": 144,
    "expr": 0.013889553200329592,
    "entcap": 0.8295497060467418,
    "num_iter": 75,
    "last_cost_avg": 0.012447357177734375
}