{"f": [0.1573486328125, 0.0968017578125, 0.11419677734375, 0.1053466796875, 0.11175537109375, 0.13555908203125, 0.1446533203125, 0.07257080078125, 0.1434326171875, 0.06854248046875, 0.11187744140625, 0.117431640625, 0.14251708984375, 0.1375732421875, 0.10931396484375, 0.12030029296875, 0.10382080078125, 0.138916015625, 0.12860107421875, 0.11248779296875, 0.12109375, 0.0428466796875, 0.11004638671875, 0.14727783203125, 0.07391357421875, 0.11370849609375, 0.112060546875, 0.08056640625, 0.16278076171875, 0.11773681640625, 0.111083984375, 0.12103271484375, 0.131103515625, 0.10821533203125, 0.1488037109375, 0.13043212890625, 0.116455078125, 0.14227294921875, 0.1326904296875, 0.08258056640625, 0.1290283203125, 0.156982421875, 0.1165771484375, 0.1417236328125, 0.12176513671875, 0.11102294921875, 0.1190185546875, 0.14605712890625, 0.071044921875, 0.120849609375, 0.0980224609375, 0.1097412109375, 0.14288330078125, 0.1160888671875, 0.101806640625, 0.14031982421875, 0.1005859375, 0.07537841796875, 0.080078125, 0.09869384765625, 0.09893798828125, 0.101806640625, 0.15704345703125, 0.14447021484375], "accuracy": 0.34375}