{
    "dataset": 988,
    "last_cost_avg": 0.10091353015839569,
    "statevector_real": [
        0.07541004441084817,
        0.00094069270688627,
        0.11682026920724543,
        0.1506889000325187,
        0.0028194207136705268,
        -0.01741845909810094,
        -0.057648533016152095,
        0.017108112594323446,
        0.14006770073601169,
        -0.08611633339561743,
        -0.011261054716283624,
        -0.11967673054085837,
        -0.25812800925207574,
        0.10426317397502778,
        0.09736884957491487,
        -0.006426504135274936,
        0.1532343467205103,
        -0.1167127025155169,
        -0.22026625097369668,
        -0.11011631658248129,
        0.009810504295263197,
        0.2076252385848526,
        -0.11540101718747044,
        -0.09052210661903856,
        0.023852758610280272,
        -0.2007807078637514,
        -0.21622392225355358,
        0.07609360666913344,
        0.056550394732487554,
        0.048089708353229406,
        0.23462434641669513,
        0.08316465331518016
    ],
    "statevector_imag": [
        -0.02409297792960052,
        -0.2043643596615454,
        -0.166942929204561,
        0.08121976035792443,
        -0.16897796841124524,
        -0.0660481598147923,
        -0.1164028057304179,
        0.006714176813682773,
        0.1588333612239126,
        -0.11667562765748055,
        0.09832661560650954,
        -0.045927412375699035,
        0.03607242141700997,
        0.002903462174087085,
        0.19103773064251944,
        0.02326087927110347,
        0.27489961245786754,
        -0.015091796216434293,
        0.02217205540191888,
        0.0025184018374584884,
        -0.15183699434658107,
        -0.1614467140045367,
        -0.0651811899523865,
        0.007423702574551554,
        -0.22902985099838258,
        -0.055317505121740405,
        -0.1380481510512663,
        0.23197010983200245,
        0.06689834061929593,
        -0.14566222757570585,
        0.06851340072489873,
        0.037238511106794936
    ]
}