{
    "dataset": 0,
    "circuit_id": 17,
    "layer": 5,
    "num_params": 85,
    "expr": 0.011550502503563258,
    "entcap": 0.738298249311695,
    "num_iter": 50,
    "last_cost_avg": 0.022541046142578125
}