{
    "dataset": 2097,
    "last_cost_avg": 0.11264636715514686,
    "statevector_real": [
        0.14251984963053327,
        -0.12667395001056733,
        0.23287445659402323,
        0.06967817867934692,
        -0.11005260302172823,
        0.017197858581943257,
        -0.21082720310801262,
        -0.19553268803789647,
        -0.07633372124364755,
        -0.006435724375869973,
        -0.036378969034862235,
        0.22963433557980342,
        -0.10547925135224388,
        -0.05182912312620682,
        0.06833009509052246,
        0.03300658284231413,
        -0.08189515572779801,
        0.14842205775350956,
        -0.07887700368359092,
        0.06986745331433436,
        0.13033811848788,
        -0.020830188974319718,
        -0.0962003566472415,
        0.03349192921670965,
        0.16804224067534915,
        0.1191882247230788,
        0.1035086772975605,
        0.0576252900642978,
        -0.15672515038976176,
        0.13143365806487636,
        0.05179655931960602,
        -0.1253474130961823
    ],
    "statevector_imag": [
        0.054543045361296234,
        -0.06235654095072661,
        -0.10845338415354318,
        0.18734159330955258,
        -0.2270578012929603,
        0.11344149247672718,
        0.026647291127272016,
        -0.15035373274756114,
        0.22008191770209268,
        -0.02699385297208529,
        -0.1498703706247467,
        0.12685608367930845,
        -0.023662147288361406,
        0.12173244699517727,
        -0.05040057640037682,
        -0.1417679243409501,
        0.008521131694793032,
        -0.02730517656512791,
        -0.21879809473999673,
        0.05158608203564343,
        -0.12947614626721346,
        -0.16249027705811583,
        -0.23181409855863802,
        -0.09628066130019224,
        0.07624722593089343,
        0.21063363023119988,
        -0.06373537900255066,
        -0.0015850816525063934,
        -0.14290511968069877,
        0.20903847654693444,
        0.01685517023690507,
        0.04745889317246733
    ]
}