{
    "dataset": 854,
    "last_cost_avg": 0.07606621780262804,
    "statevector_real": [
        0.07393879066330779,
        -0.02188358424301987,
        -0.10636568276717723,
        0.06641385495458971,
        0.09909468295968087,
        -0.061266267766173846,
        -0.16288517195482405,
        0.1476323420307956,
        -0.01345045343807175,
        -0.14187042405735237,
        -0.17010514944799,
        -0.03694333874760252,
        -0.06855961584994547,
        0.02371649946021276,
        0.07374496889729465,
        -0.09071456538886402,
        0.08225687665947537,
        0.0946834845410688,
        -0.16648873280986598,
        -0.06521743919936138,
        0.021431969527030477,
        -0.06546128527460468,
        0.05280146090022796,
        -0.21018563749789748,
        0.05252895799178749,
        0.009155516149283126,
        -0.011395634470096252,
        -0.004020481889712703,
        -0.1015023320593096,
        -0.019214724753430747,
        0.15186248539786604,
        -0.0906851067855138,
        0.07470986678519927,
        -0.1270659035428975,
        -0.13943453509710182,
        -0.016054281471946177,
        -0.04156198438569414,
        0.017518705555862806,
        -0.10333986501613844,
        0.008773208240987861,
        -0.11567776228867495,
        -0.001463696667795984,
        -0.12991213748289562,
        0.1085242821862641,
        0.032230575314798504,
        -0.10737964936085494,
        0.09309490718751531,
        0.11085647055871213,
        -0.054230879908789505,
        -0.07026032422323623,
        -0.07002900626281951,
        -0.05270998664453207,
        0.02933592889072267,
        0.003942564746514891,
        -0.06896257020127237,
        0.07962844941143614,
        0.004419782126924505,
        0.07881120704660162,
        -0.04553898372915743,
        0.11192399051929597,
        -0.0109985447551914,
        0.007887791474003104,
        0.13332119323247515,
        -0.11692274564848523
    ],
    "statevector_imag": [
        -0.025917229150668457,
        0.09040286721043872,
        0.08524821107814574,
        -0.06319761722063681,
        -0.14032683963955692,
        0.12195209144712288,
        -0.01065535978270991,
        -0.09197963214136493,
        -0.02202719556766266,
        -0.011812506543317329,
        0.04582961738029931,
        0.1820054986316757,
        -0.10688943690278782,
        0.07517269602147957,
        -0.027286437492425774,
        0.06207408941849095,
        0.12348142872935908,
        0.05213560785826217,
        -0.050930582327438544,
        -0.1924851421928036,
        0.07480502501493091,
        0.08003908342963119,
        -0.1336722444684092,
        -0.0005189281562691918,
        -0.07795322189923386,
        -0.013878444134755434,
        0.07108341727678608,
        -0.007194773633854954,
        -0.0013589036138271793,
        -0.040277728531464926,
        -0.07452561053388185,
        0.003100619237543459,
        -0.08680146945265275,
        -0.0470079077561507,
        -0.10049088218714346,
        0.11207316099127013,
        0.05190506564101842,
        -0.08745463920055485,
        -0.0647691692513374,
        -0.09584506013295728,
        0.07707913845754415,
        -0.005390828285745835,
        -0.01530824218373241,
        -0.056065855130199974,
        -0.006107237393347232,
        -0.10069544378925105,
        -0.07207957504641625,
        -0.1546255833918682,
        -0.09364269497700065,
        -0.1725479847454836,
        -0.08149366890655357,
        -0.09468843707207103,
        0.08645956106392191,
        -0.07831473232777703,
        0.04949307247776268,
        -0.13211355025696256,
        -0.1030083261180852,
        0.017394665634278873,
        -0.15647769664942163,
        -0.14859206505856004,
        0.002251607594141009,
        -0.08106352129645855,
        0.0961560702524115,
        0.015097495291074653
    ]
}