{
    "dataset": 1416,
    "last_cost_avg": 0.10643282984925402,
    "statevector_real": [
        0.02901076879181352,
        0.08639766660192226,
        0.05293556849031827,
        0.018975437927409387,
        -0.09169021245995689,
        0.31198157670946086,
        0.181014404426462,
        -0.23240915610451976,
        0.021918026377078514,
        0.003307393832482046,
        -0.06897005245780168,
        0.04124337616672644,
        0.14089619534394238,
        -0.10981696286878534,
        0.16724313032277985,
        -0.1162884739280958,
        -0.14349090606764148,
        0.1683908605710132,
        0.06300909160105475,
        0.11431037884146418,
        -0.01665301866852073,
        0.004483152641668943,
        -0.24176605323987263,
        -0.08802809941164902,
        0.053695818528966065,
        0.12134481785320307,
        -0.007741063864998132,
        -0.05494935714416003,
        0.08744555322281247,
        -0.06691225463353563,
        0.12402782639518198,
        0.22054752732645644
    ],
    "statevector_imag": [
        -0.015796746018900493,
        0.12423526275482857,
        -0.15408458704228373,
        0.13565166664831974,
        0.18899244877909366,
        -0.010118371385683321,
        0.025469627945413496,
        0.15644409703560294,
        -0.009279234353486883,
        -0.08196362442781514,
        -0.09282672779184063,
        0.1920525453768011,
        0.07582685643421508,
        0.049367680902754466,
        -0.1871546730337291,
        0.2636888260545889,
        -0.06908820546021939,
        -0.10600020510585602,
        -0.23578183510093823,
        0.15528023077566033,
        0.04299489105716653,
        -0.01971486800002436,
        -0.12078435848636895,
        -0.048528763547991516,
        -0.17635685683793034,
        -0.15820459618105415,
        0.011123404487954501,
        0.06640766337458047,
        -0.06240950206240079,
        -0.08928391184124485,
        -0.09632652112183135,
        -0.07626438568187366
    ]
}