{"f": [0.1533203125, 0.05133056640625, 0.17156982421875, 0.0970458984375, 0.10015869140625, 0.181884765625, 0.1365966796875, 0.083740234375, 0.15777587890625, 0.0833740234375, 0.162109375, 0.13604736328125, 0.1346435546875, 0.10107421875, 0.14093017578125, 0.0931396484375, 0.14605712890625, 0.16265869140625, 0.07257080078125, 0.14984130859375, 0.12774658203125, 0.065673828125, 0.07720947265625, 0.1824951171875, 0.13775634765625, 0.1556396484375, 0.14306640625, 0.116455078125, 0.1689453125, 0.11199951171875, 0.17486572265625, 0.0977783203125, 0.10772705078125, 0.10968017578125, 0.1458740234375, 0.12872314453125, 0.1593017578125, 0.17413330078125, 0.12506103515625, 0.1131591796875, 0.12359619140625, 0.18133544921875, 0.16912841796875, 0.1207275390625, 0.103271484375, 0.18841552734375, 0.104248046875, 0.19287109375, 0.1202392578125, 0.17633056640625, 0.146240234375, 0.10107421875, 0.18658447265625, 0.13214111328125, 0.08441162109375, 0.17608642578125, 0.06634521484375, 0.10919189453125, 0.0498046875, 0.10235595703125, 0.09295654296875, 0.07421875, 0.16607666015625, 0.17340087890625], "accuracy": 0.34375}