{
    "dataset": 3231,
    "last_cost_avg": 0.11302383696723992,
    "statevector_real": [
        0.09157628681077187,
        -0.18076679691536945,
        -0.22304194377701952,
        0.07542244456610367,
        -0.32215319443994395,
        -0.13090476879110127,
        0.07562027085576553,
        -0.029047630756205558,
        0.1544234712705353,
        -0.0972989712053882,
        0.2579270378292712,
        0.025683653327974426,
        0.024004885051365544,
        0.027877130985552348,
        0.06033455456766187,
        -0.16857409392977862,
        0.012089724288753417,
        -0.16158562916753855,
        0.20142772180576457,
        0.16731897772415186,
        0.13144771780561618,
        -0.16253532789928468,
        -0.07780808088407379,
        -0.004637526834009151,
        -0.19270056878515246,
        0.01460804203603859,
        -0.001838243393479094,
        -0.20748797334317864,
        0.10386094669513812,
        -0.009510577997640235,
        -0.04893157810785108,
        -0.019583492718314284
    ],
    "statevector_imag": [
        -0.25819242428813194,
        0.10239836082792653,
        0.002394870660009007,
        0.015306791646368813,
        0.016452084398899208,
        0.03380198614040635,
        0.037777823092027395,
        -0.05035692162802402,
        0.038259313961108765,
        0.07517029510787908,
        -0.05544609870808545,
        0.013129501540980412,
        -0.17851466399081392,
        -0.07658746397841541,
        -0.16504977824711903,
        0.16043735006021262,
        0.035387782719201274,
        0.1814673287634622,
        0.0504650312961861,
        -0.058990836191790484,
        -0.1288186514074579,
        0.18353276260568707,
        0.1527770009828704,
        0.03678075096193394,
        -0.02395109430753522,
        -0.2533324068111754,
        -0.0016739554927811286,
        -0.09531516322563853,
        -0.03612649617351841,
        0.017739882895358553,
        -0.11456821242989253,
        -0.12589352433651238
    ]
}