{
    "dataset": 345,
    "last_cost_avg": 0.10145594948811461,
    "alpha": [
        0.06991367605724158,
        0.01561077584168196,
        0.025720861584348886,
        0.053729880365802764,
        0.017018971376329167,
        0.04513845813340128,
        0.05673234931847145,
        0.035564429085051884,
        0.007874444012341532,
        0.0443056764866223,
        0.07677780375935099,
        0.02311731606877907,
        0.004293331166557493,
        0.022959963143034275,
        0.029780965394777027,
        0.00020477805987402837,
        0.00755157437151652,
        0.04338207074015103,
        0.027992063811868192,
        0.02186346007639918,
        0.0654691514029053,
        0.024553013291684737,
        0.03304377680060845,
        0.028165996332792577,
        0.03906404669722818,
        0.018801826770156824,
        0.020744863104049098,
        0.008868620605193068,
        0.0469704266970021,
        0.049758794666279305,
        0.020279027846191462,
        0.014747606932308123
    ]
}