{
    "dataset": 0,
    "circuit_id": 12,
    "layer": 6,
    "num_params": 120,
    "expr": 0.011879050996007985,
    "entcap": 0.8728777754703493,
    "num_iter": 52,
    "last_cost_avg": 0.1135711669921875
}