{
    "dataset": 1063,
    "last_cost_avg": 0.07503798204036335,
    "statevector_real": [
        -0.027370395055094643,
        -0.06740345562669757,
        0.1456726335798478,
        0.13440319748750387,
        -0.14644890334291893,
        0.00758138913012221,
        0.1204953760788252,
        0.03369970780633592,
        0.02282461866809383,
        -0.06211143134544592,
        0.10644136086528436,
        0.1382320008920499,
        0.14530899168811173,
        -0.14994308455334918,
        0.11222747237984647,
        0.19194348958733626,
        -0.07973261000656001,
        -0.04407671175170624,
        0.027454272019703636,
        -0.05005579947593073,
        -0.05082261094402514,
        0.025762041923356342,
        -0.06209378553659958,
        -0.08788495778348845,
        0.10348966367748702,
        0.07991130205958753,
        0.19804420155742553,
        0.03669376848119819,
        -0.1754889730052192,
        -0.07705210683093248,
        -0.12945488597682175,
        0.20492368868077324,
        -0.03971553890665272,
        0.09737291698617272,
        -0.058494421337492365,
        -0.01827456442261877,
        0.11979606557194639,
        -0.030197881778004573,
        -0.0770489809309622,
        0.08718037067285485,
        -0.013251575771786657,
        0.09911604112084939,
        -0.08723079022090986,
        0.07063816113142211,
        0.09419495352362614,
        -0.08396437225798822,
        -0.12387447700914346,
        0.026116678428723134,
        0.05624718090124488,
        -0.03018445494334371,
        -0.041235907178015944,
        0.1056105336340087,
        0.0936489307501661,
        -0.06231266635686392,
        0.04777063642757822,
        -0.11252422389896419,
        0.018647239851691946,
        0.05954438352127141,
        -0.01641308690958298,
        -0.08056156036645447,
        0.01924244651317366,
        -0.13028310855991085,
        0.11405888268573347,
        0.03423564750853592
    ],
    "statevector_imag": [
        0.08724190066235797,
        0.10195699631683833,
        0.10073794796039807,
        -0.01756615031477234,
        -0.08960966817997103,
        0.11345884657822096,
        -0.0050733568660705775,
        -0.1192854437344114,
        -0.009692063115055488,
        0.1702725867045245,
        0.006877817027017398,
        -0.09587537728273705,
        -0.003155327414887332,
        0.08294653156879933,
        -0.03332746362768939,
        -0.007359261101363184,
        0.0039121253439119135,
        -0.08775638202808157,
        0.03567864363820788,
        0.13969285033633042,
        -0.06031010066891325,
        -0.08612675862913696,
        0.09010069341134584,
        0.04454424582210742,
        -0.035870777544199525,
        -0.027446725163736634,
        -0.010800744098794035,
        -0.08835143124649998,
        0.024852523103416898,
        -0.05395575294052884,
        0.03560474473624601,
        0.0043364274889364385,
        -0.13818654210136072,
        0.09907324191922774,
        -0.10884925635054768,
        0.0018991924873567525,
        -0.07701730204808063,
        -0.0033209105824225874,
        0.12084514214691547,
        0.150474870635833,
        -0.02792275295830669,
        0.003290719754510988,
        0.00681845929108757,
        -0.023037663150931833,
        -0.07395816599636812,
        -0.09555489268106401,
        0.11735157291968246,
        0.00850102921963089,
        0.1222656829823083,
        0.08720785338684627,
        -0.05062559941323581,
        0.12942706504257037,
        0.10314188448782376,
        0.050763812490109084,
        0.03675611212416788,
        0.13944663798791873,
        -0.0550195058644223,
        0.08456714961762797,
        0.02681458031370514,
        0.07353234035544509,
        -0.00656723632376568,
        0.13776195782855305,
        -0.03439712540564319,
        -0.1594257941128167
    ]
}