{
    "dataset": 3800,
    "last_cost_avg": 0.08138817473153218,
    "statevector_real": [
        -0.15197565212052033,
        -0.21535323406517304,
        -0.049627192814210866,
        -0.08312345428699974,
        -0.04753116189433418,
        0.25046222483194064,
        0.023624936872713134,
        0.18690435804255995,
        -0.10153389720002899,
        0.09057169280526307,
        -0.11109345013816743,
        -0.00882312680663452,
        -0.020429248988890883,
        0.009363342036745043,
        -0.13974396126949779,
        -0.06541555901414195,
        -0.07384699501027077,
        -0.2655353563345427,
        -0.051671284614690116,
        0.2152080597602457,
        -0.08469480497706841,
        0.02722926858445299,
        -0.14048663908438552,
        -0.146230088986218,
        -0.06454937546733476,
        -0.12793953820612516,
        -0.0452857008014219,
        -0.17491150127309413,
        -0.08036046653913073,
        0.2001426452058924,
        0.015968955275234096,
        -0.14298541214080301
    ],
    "statevector_imag": [
        -0.08170888607564393,
        -0.02616765939390957,
        -0.2538766273935768,
        0.13905464822670346,
        0.07995051249691702,
        0.14227043106273074,
        0.09365724451710249,
        -0.1444338737378687,
        -0.20072255246599224,
        -0.14405551266379468,
        -0.10203379791373382,
        0.08479015656140593,
        0.022808376663032384,
        -0.16740325909752088,
        0.0012677426075533588,
        0.055214881533167205,
        -0.008403187476426996,
        0.06278990611056069,
        0.11421483183627307,
        -0.06658810379270116,
        0.13220161591830557,
        0.1273381072783036,
        0.04466611502792385,
        -0.1375716869983455,
        -0.1652355989233857,
        -0.017277060361294148,
        -0.041747135911038166,
        -0.05684757439997781,
        0.24930879924428873,
        -0.07241818091531585,
        0.18454325817724557,
        0.057116788329780815
    ]
}