{
    "dataset": 0,
    "circuit_id": 16,
    "layer": 6,
    "num_params": 102,
    "expr": 0.02781849490797175,
    "entcap": 0.6587898349417921,
    "num_iter": 53,
    "last_cost_avg": 0.0126495361328125
}