{
    "dataset": 793,
    "last_cost_avg": 0.11271692229107244,
    "statevector_real": [
        0.016984575333026875,
        0.04909988271640005,
        0.18118251637308758,
        0.0188496892788959,
        0.1828652444751834,
        -0.09065288514082259,
        0.027935133863110674,
        0.08887235011706779,
        -0.023907319070949402,
        -0.2087891739233467,
        -0.1660167571573288,
        0.08118522780190715,
        0.09584050768628484,
        -0.03113867263923232,
        -0.164823892207994,
        0.010840412230062492,
        0.057706034046872225,
        -0.09742336345277529,
        -0.17291640679384623,
        0.023756953684208434,
        0.03103525965220468,
        0.23806973943574292,
        0.2426990149679137,
        0.03218893781924214,
        -0.06252343591971787,
        -0.13273437770739285,
        0.2181874675730251,
        -0.042450868172645415,
        0.19575768174333288,
        0.06724786131736277,
        0.22166921831292058,
        -0.1232346444866054
    ],
    "statevector_imag": [
        -0.07259228228002974,
        0.05828589486561024,
        -0.07864873575170522,
        0.01634827652236949,
        -0.06501833582880752,
        0.1798915774640806,
        -0.08707539935404086,
        -0.06988726788431837,
        -0.020300380654009964,
        0.07418515159085111,
        -0.013546518329286342,
        -0.05487314772853264,
        0.10756497437640125,
        0.2020222801860903,
        0.0829806959332088,
        0.1338825822752903,
        -0.10204984284351014,
        -0.22887949187425882,
        -0.1514118035283174,
        0.01373847756587065,
        0.2328875030999733,
        -0.07249706472939448,
        -0.13960863643959667,
        -0.08079496410725372,
        -0.1402713925884043,
        0.1332531478085494,
        0.054221352773815734,
        -0.19718823672334604,
        0.1314208780627112,
        0.15182440611914194,
        0.10516490237895512,
        0.08072747995551155
    ]
}