{
    "dataset": 0,
    "circuit_id": 3,
    "layer": 3,
    "num_params": 51,
    "expr": 0.06137192985339437,
    "entcap": 0.4857965873587397,
    "num_iter": 92,
    "last_cost_avg": 0.03693389892578125
}