{
    "dataset": 601,
    "last_cost_avg": 0.08371780957756417,
    "alpha": [
        0.0484522398342436,
        0.008492205967614469,
        0.033574526908890755,
        0.015196793490787825,
        0.023550048540274197,
        0.04695297353831979,
        2.4218972245840206e-05,
        0.06973686556213417,
        0.010001433544640406,
        0.012022142751459216,
        0.10985057422285574,
        0.03445088682246888,
        0.028750724146613626,
        0.06043491375844225,
        0.0015578717850979727,
        5.737746996430234e-05,
        0.001954090865117897,
        0.0038143328825883,
        0.0634595556301746,
        0.015451398339488463,
        0.07996446667412409,
        0.014117551180808954,
        0.0719056754039133,
        0.01610446112835171,
        0.03493639830731502,
        0.00011509816869323187,
        0.0045704008186939465,
        0.05046527601910258,
        0.03562105520039035,
        0.07097228944643072,
        0.01191475317023058,
        0.021527399448523294
    ]
}