{
    "dataset": 0,
    "circuit_id": 8,
    "layer": 6,
    "num_params": 174,
    "expr": 0.01572735681295414,
    "entcap": 0.7849728201186101,
    "num_iter": 76,
    "last_cost_avg": 0.01888275146484375
}