{
    "dataset": 0,
    "circuit_id": 18,
    "layer": 7,
    "num_params": 126,
    "expr": 0.00899610393548456,
    "entcap": 0.8018553113918032,
    "num_iter": 67,
    "last_cost_avg": 0.01293182373046875
}