{
    "dataset": 0,
    "circuit_id": 7,
    "layer": 1,
    "num_params": 29,
    "expr": 0.18376454985663138,
    "entcap": 0.24009835515419806,
    "num_iter": 72,
    "last_cost_avg": 0.162200927734375,
    "accuracy": 0.90625
}