{"f": [0.02203369140625, -0.08953857421875, -0.0145263671875, -0.03070068359375, -0.01763916015625, 0.02606201171875, -0.0079345703125, -0.08062744140625, -0.0076904296875, -0.06768798828125, 0.0172119140625, 0.00421142578125, -0.02691650390625, -0.0125732421875, 0.01959228515625, -0.02392578125, 0.015869140625, 0.00201416015625, -0.0242919921875, 0.0128173828125, -0.03082275390625, -0.09893798828125, -0.04052734375, 0.0155029296875, -0.0081787109375, 0.001708984375, 0.001220703125, -0.02044677734375, 0.019775390625, -0.0155029296875, 0.021240234375, -0.05389404296875, -0.00616455078125, -0.07244873046875, -0.01434326171875, -0.00958251953125, 0.00616455078125, -0.00347900390625, -0.01483154296875, -0.03778076171875, -0.006103515625, 0.002197265625, 0.01220703125, -0.03778076171875, -0.0361328125, 0.02264404296875, -0.01287841796875, 0.02386474609375, -0.01556396484375, 0.04302978515625, -0.018310546875, -0.0745849609375, -0.01025390625, -0.0096435546875, -0.0770263671875, 0.005126953125, -0.04156494140625, -0.04559326171875, -0.12664794921875, -0.00677490234375, 0.0052490234375, -0.04144287109375, 0.00531005859375, -0.00042724609375], "accuracy": 0.625}