{
    "dataset": 660,
    "last_cost_avg": 0.07507388778166368,
    "statevector_real": [
        0.165888884832797,
        0.0029643486491777813,
        -0.018873374838234137,
        0.16059281589214572,
        0.11742162926898848,
        0.12272237321136126,
        -0.18230622091106144,
        -0.05004607082364682,
        -0.042561281518577534,
        -0.08805100683403451,
        -0.07580397820503443,
        0.1372823800208407,
        -0.10015929059494888,
        0.082141381749282,
        -0.01371919842554518,
        0.13668566608750557,
        0.09267258968842211,
        -0.029116013499006218,
        -0.16025730722609405,
        -0.09294348623154984,
        0.09941206036479311,
        -0.08744072799294517,
        -0.0006723622652465808,
        0.04431469630307769,
        -0.10735669029803246,
        0.07336851832746787,
        0.04323394604741794,
        -0.049448959142910635,
        0.0015534837527442784,
        0.02235047944444191,
        -0.03212045567583266,
        -0.04445995723183169,
        0.09110591337392565,
        -0.013093113765730666,
        -0.08280563387030546,
        -0.13437359232868407,
        -0.15041644175992783,
        -0.07444694121009321,
        -0.1293600775188152,
        -0.017050573308666737,
        0.0528293736323404,
        0.037881014613189816,
        0.10842699502461012,
        -0.13823621446716974,
        0.17833648310107905,
        -0.004249814720227472,
        -0.028937585321564607,
        0.12986224116710973,
        0.061786475076827996,
        -0.08875651328501188,
        0.062470091589416354,
        0.05583373612221949,
        0.012321228955455527,
        -0.1139575328231603,
        0.09662337253823046,
        0.0065729175458247935,
        0.09721588872356492,
        -0.0700117469259906,
        -0.08824207875156348,
        -0.06426598472002268,
        -0.03985032640739056,
        -0.02872939180697033,
        -0.01204334652984196,
        -0.07861127532955298
    ],
    "statevector_imag": [
        -0.05783837384395566,
        -0.10058750316215663,
        0.008527909882652155,
        0.06410449319446956,
        0.03923023693817162,
        0.1061651754371316,
        0.0016473387878963655,
        0.01348145681514444,
        0.04854951217945266,
        0.01611173904671422,
        0.0553338283046351,
        0.12319638425965083,
        0.10511048913776024,
        0.06101702999626921,
        0.14516348381609548,
        -0.07900885202609356,
        0.015775260792910105,
        -0.14769605424612262,
        -0.08676042463479901,
        0.08125857206539075,
        0.05816682977637894,
        -0.13566953354113215,
        -0.011987813057755332,
        0.012979315770231498,
        0.020051554709058804,
        0.03886589926010127,
        0.013974664210613826,
        -0.06258641149870671,
        0.09919138339240953,
        -0.035687456950602735,
        -0.07497797190098357,
        0.09547134237992234,
        -0.03960859491086327,
        -0.013186303875022244,
        0.010666678093975292,
        -0.06465276349089935,
        0.1304391075902137,
        -0.05757960940060769,
        0.06744839942716088,
        0.1251208272332267,
        0.08099948130481134,
        -0.06302971299687302,
        -0.09890709421752457,
        0.0359060409381071,
        -0.04063650766767609,
        -0.02367108794648611,
        -0.1717236257310549,
        -0.028422563819368737,
        -0.15245614287930226,
        -0.044252337242369245,
        -0.15788233776641505,
        0.14667384091990554,
        -0.08353230512760167,
        -0.11567535374756197,
        -0.033118360407086225,
        0.15657271722530633,
        0.12015242312387202,
        -0.09624862392640743,
        0.10299973617793541,
        0.11173765692053342,
        -0.09923794140626034,
        -0.1133409609511533,
        -0.07911360907949283,
        0.08197285556559905
    ]
}