{"f": [0.0087890625, 0.0400390625, 0.03839111328125, 0.04266357421875, 0.081298828125, 0.02935791015625, 0.00225830078125, 0.02984619140625, 0.0106201171875, 0.05816650390625, 0.04058837890625, 0.00286865234375, 0.0469970703125, 0.005859375, 0.0050048828125, 0.07611083984375, 0.02032470703125, 0.0457763671875, 0.0225830078125, 0.0335693359375, 0.01873779296875, 0.075927734375, -0.01068115234375, 0.025146484375, 0.07098388671875, 0.01898193359375, 0.04962158203125, 0.0609130859375, 0.05303955078125, -0.00335693359375, 0.0421142578125, 0.0391845703125, -0.01324462890625, 0.00494384765625, 0.06072998046875, 0.013671875, -0.00689697265625, -0.00244140625, 0.01422119140625, 0.0770263671875, 0.005615234375, 0.02911376953125, 0.05224609375, 0.02471923828125, 0.0137939453125, 0.03155517578125, 0.046142578125, 0.04071044921875, 0.03106689453125, 0.0394287109375, 0.0416259765625, 0.04754638671875, 0.02923583984375, 0.072021484375, 0.03387451171875, 0.0205078125, 0.003173828125, 0.08380126953125, 0.02459716796875, 0.0904541015625, 0.0584716796875, 0.00689697265625, 0.0323486328125, 0.02044677734375], "accuracy": 0.390625}