{"f": [0.12322998046875, 0.04437255859375, 0.05908203125, 0.01171875, 0.108154296875, 0.08807373046875, 0.0977783203125, 0.0859375, 0.10443115234375, 0.097900390625, 0.04595947265625, 0.07696533203125, 0.07208251953125, 0.07769775390625, 0.06744384765625, 0.09881591796875, 0.10760498046875, 0.0469970703125, 0.10723876953125, 0.0594482421875, 0.04913330078125, 0.121826171875, 0.08587646484375, 0.08758544921875, 0.0960693359375, 0.08843994140625, 0.09765625, 0.07354736328125, 0.0828857421875, 0.09942626953125, 0.125, 0.01947021484375, 0.08856201171875, 0.10064697265625, 0.1014404296875, 0.113037109375, 0.120361328125, 0.1029052734375, 0.12359619140625, 0.116455078125, 0.08209228515625, 0.09490966796875, 0.05999755859375, 0.072509765625, 0.1002197265625, 0.08740234375, 0.03216552734375, 0.07427978515625, 0.10430908203125, 0.0782470703125, 0.10186767578125, 0.10443115234375, 0.1070556640625, 0.10577392578125, 0.04400634765625, 0.1064453125, 0.0733642578125, 0.11981201171875, 0.06097412109375, 0.0869140625, 0.07354736328125, 0.11029052734375, 0.09796142578125, 0.10784912109375], "accuracy": 0.34375}