{
    "dataset": 3452,
    "last_cost_avg": 0.07010323661859653,
    "statevector_real": [
        0.11488972092611377,
        -0.05406644083783149,
        -0.06517582101545999,
        -0.0019003033406417124,
        0.13451748648117096,
        0.09899398778730915,
        0.21771944866857085,
        -0.057309851013067716,
        -0.2246301552978272,
        0.0805998414876562,
        0.10258234534665944,
        0.30563511163720125,
        0.08028804981612414,
        -0.10560808502845753,
        -0.17353137149970568,
        -0.030737724249536177,
        0.19728591219673422,
        -0.034372528565307855,
        -0.09721474327629415,
        -0.049258135397382795,
        0.0376394260857765,
        0.13450698874647118,
        -0.07282083338246396,
        -0.0071084656031144226,
        0.05859580324173636,
        0.0819831111314717,
        -0.012811854187191548,
        0.024324524572203705,
        0.2473359356115853,
        -0.07228320716245339,
        -0.15310562454322477,
        -0.10343313564310133
    ],
    "statevector_imag": [
        0.0710695930427033,
        -0.17008752998868962,
        -0.16921265608180358,
        0.019015163951866747,
        0.19667266990655827,
        -0.13372513028215777,
        0.09521434119290124,
        -0.037211587988329665,
        0.09228281319170539,
        0.13480294922081518,
        -0.07385923419152349,
        -0.0056662711058274254,
        -0.2638616596694835,
        -0.053351490542950845,
        0.13384038962077038,
        0.19805729350348336,
        0.015756221065137063,
        -0.003808643678902461,
        0.12967360643530415,
        -0.14175193510399156,
        -0.10186580453536868,
        -0.03245748413789196,
        0.055740358388263085,
        -0.003334515344091716,
        0.1246339022964783,
        -0.07620514130601412,
        0.2676946811536811,
        -0.20205051125928564,
        -0.05164407514118464,
        -0.12931342707133456,
        0.08049181747248897,
        0.00418934653885553
    ]
}