{
    "dataset": 2616,
    "last_cost_avg": 0.09031486882631085,
    "statevector_real": [
        -0.16309205564223064,
        -0.04430069469197306,
        -0.01060854482098157,
        -0.15842758014667757,
        0.07527853320507198,
        -0.03474515629797111,
        0.163619470209622,
        -0.05502986468004003,
        0.1810728521573368,
        -0.005364782575407354,
        0.13533753951743663,
        -0.0018975499694429666,
        -0.1854501845495473,
        -0.14064997570767013,
        -0.09898775383347157,
        0.03442753983036955,
        0.032479502862448245,
        0.14229022014030762,
        -0.05337590302526974,
        0.09393568744638867,
        -0.16542410676179703,
        -0.2486930538621005,
        -0.11080521338081872,
        0.1525865864478904,
        0.1633214692039634,
        0.014301260106911485,
        -0.13041966855040257,
        0.18572702115642803,
        0.08609668978835319,
        -0.036514808374946375,
        0.03450244706560873,
        0.0272254737803757
    ],
    "statevector_imag": [
        -0.017597655179589715,
        0.10709022722160993,
        0.23289598406376696,
        -0.14065867782425945,
        -0.11776229602095825,
        -0.1570555870335053,
        0.17807140580937195,
        0.024582570073117784,
        0.08240477489310843,
        -0.09294746176051465,
        0.17575877959678426,
        0.00359549222405741,
        -0.013848952681697826,
        0.0025723471252468598,
        0.14032840298479482,
        0.1767591601814885,
        -0.17927293132869881,
        -0.06276712056605366,
        0.2366684432553646,
        -0.11213741193195725,
        0.16884075951813163,
        -0.06965555729743,
        0.16192987657631677,
        0.022079584623730254,
        -0.031616587493032706,
        0.13298856298998382,
        -0.05208665941041099,
        -0.07101493882914076,
        -0.0067831602933091685,
        -0.12490208548018325,
        0.1034809551166402,
        0.2734985952615714
    ]
}