{
    "dataset": 0,
    "circuit_id": 19,
    "layer": 2,
    "num_params": 36,
    "expr": 0.037508685087133016,
    "entcap": 0.5947719404629876,
    "num_iter": 1024,
    "last_cost_avg": 0.139107600441199
}