{
    "dataset": 0,
    "circuit_id": 14,
    "layer": 8,
    "num_params": 96,
    "expr": 0.005907623082999692,
    "entcap": 0.9028705259033338,
    "num_iter": 76,
    "last_cost_avg": 0.016147613525390625
}