{
    "dataset": 0,
    "circuit_id": 2,
    "layer": 8,
    "num_params": 96,
    "expr": 0.007488841093203351,
    "entcap": 0.9500252822660656,
    "num_iter": 41,
    "last_cost_avg": 0.0263671875
}