{
    "dataset": 1243,
    "last_cost_avg": 0.07866046563114612,
    "statevector_real": [
        -0.1259979083948014,
        -0.14500851426905328,
        -0.0015313117670964196,
        -0.061824031999251634,
        -0.03556855508279722,
        0.1252964558386696,
        0.13409658229192956,
        -0.014402055157024956,
        -0.06807481990157664,
        0.12751161514015227,
        0.04035964120555391,
        -0.0032552800210886084,
        -0.007405668767322204,
        0.10780231947831942,
        0.13149147928088964,
        0.08744911722431666,
        0.022485596128924625,
        0.018078898064122446,
        -0.07961399379142371,
        -0.06406039852581565,
        -0.1106852043911895,
        -0.12618371045837767,
        -0.16240018515819657,
        0.06384861228808218,
        0.014082232959418068,
        -0.0633212789212137,
        -0.09832111696379928,
        -0.09577981297086245,
        0.019901244267247018,
        -0.0005869901303256691,
        0.09771965024020313,
        0.0013341651043919844,
        -0.10445727437247726,
        -0.026328715140512767,
        -0.02573319817321679,
        -0.029660547237345073,
        0.11202542924718224,
        0.1372521922191501,
        0.0034218462526089803,
        -0.05782636497339251,
        0.002956955288576676,
        -0.021354565877967756,
        0.04984750693839289,
        0.1539563143939267,
        -0.043748745667984944,
        -0.1589507744130149,
        0.012727412474897252,
        -0.010218102566858324,
        0.024567100234522635,
        -0.00809748398141181,
        0.013679766339429432,
        -0.0010058928106039585,
        0.13582096818391334,
        0.02489053083647081,
        0.2192722837129442,
        0.03995401028879631,
        -0.15257360625521893,
        0.09855639323117803,
        0.022300607108322483,
        0.14726585234885986,
        -0.024910078025980095,
        0.14392333476349753,
        0.1158176893345401,
        0.014865429016975957
    ],
    "statevector_imag": [
        -0.01758019915015539,
        -0.017458139966527057,
        0.10119480180944729,
        0.18383346966760392,
        0.10671459431501075,
        -0.09208971388860673,
        -0.03843783342566912,
        0.08633304792801405,
        0.028025248118217314,
        -0.0727706265711027,
        0.007886755004572239,
        -0.022865043893573404,
        -0.0004599317566766083,
        0.13508578200132976,
        0.03291800039259587,
        0.09626607695095421,
        -0.10428431824222392,
        0.026673300752896447,
        -0.06990744524520422,
        -0.00545228617297025,
        0.11450603041616471,
        0.1666886674622902,
        -0.10366958511885187,
        -0.061870108661841464,
        -0.14445129038773272,
        -0.003848711751617177,
        -0.07826423754438229,
        0.07700554176176258,
        -0.08756330345627089,
        0.10902697998622324,
        -0.10337657602407464,
        -0.09552408650065736,
        0.12580761730382928,
        0.11026407484135871,
        0.12460305124011208,
        -0.06542052063720707,
        -0.06526787954584502,
        0.08087420633499814,
        0.005149925636218611,
        -0.1357384704792593,
        0.14555147778632682,
        -0.10494690610638009,
        -0.06642967076525191,
        0.06120284475694107,
        -0.026517140464773145,
        -0.08031066019289934,
        0.008533320972924361,
        -0.07772274806757715,
        0.020875079791014207,
        -0.010793921504004525,
        0.05670582739815966,
        0.11847183179575271,
        -0.10026310154692009,
        -0.10812958152223363,
        0.03184860861144305,
        -0.16036854026833744,
        0.04640510663426459,
        0.09608795894944669,
        0.12977312502544852,
        0.10265261318050396,
        0.037848297204986434,
        0.025145039145773724,
        0.002686530861154812,
        0.09781292243931104
    ]
}