{
    "dataset": 3876,
    "last_cost_avg": 0.07739734681062545,
    "statevector_real": [
        0.01881325095552664,
        0.15496673966862476,
        0.23142507093327713,
        0.12443720646222399,
        0.1797630779465678,
        0.1509391376448695,
        0.0497768360941558,
        0.15834705010170144,
        0.08361232732900928,
        -0.07143577063941636,
        0.1679852464260504,
        -0.10962214595862599,
        -0.06664745482499924,
        0.0038202588264772885,
        0.11498122628148742,
        -0.11725656556203394,
        -0.06489624252474653,
        -0.13223367759685353,
        0.09778679878633692,
        0.022790287721245216,
        0.16795964585365122,
        -0.07375721880739412,
        -0.04451675907381491,
        -0.20084501119886972,
        -0.03696431701416777,
        -0.08681889091881814,
        -0.11736190681568284,
        -0.10128410653464198,
        -0.1685367373833123,
        0.015222489062175226,
        -0.05691051663492105,
        0.07248375661115104
    ],
    "statevector_imag": [
        -0.18249338957507033,
        -0.18295568942086485,
        -0.17847396964535517,
        0.01112467824721057,
        -0.02071441285842509,
        0.20026186765894857,
        0.08046873231795977,
        -0.11283097871703657,
        -0.0031414042115504096,
        -0.06593469635052768,
        -0.08288026702387113,
        0.1301175827014474,
        -0.049806852638270026,
        -0.06932093245208129,
        0.044972274407099576,
        -0.043358746964248226,
        -0.19644128523114368,
        0.11450812662862835,
        0.19192065436127664,
        -0.1268230749918327,
        0.11718133484297229,
        0.2091329892953766,
        -0.23846504380328357,
        -0.059043290114907394,
        -0.16127126687509707,
        -0.1380125908662668,
        -0.13256930912623516,
        0.07481005140802928,
        0.002579574420145206,
        0.1686716304825907,
        0.1448693412183233,
        0.15626959222286688
    ]
}