{
    "dataset": 3473,
    "last_cost_avg": 0.09851491258020055,
    "statevector_real": [
        -0.015074515175902494,
        0.24624906786673809,
        -0.1528802905704899,
        0.016078715568430553,
        -0.2734616947096544,
        -0.2107207436500977,
        0.07686332795975374,
        -0.08394768374174247,
        -0.011665865971496506,
        -0.10982721922418336,
        0.007421857694056123,
        0.00844463506446595,
        0.07055053065235167,
        0.027582923524374033,
        0.068122037812643,
        0.10726719472959453,
        -0.13924809961520196,
        0.017779006577991044,
        0.01330684022831961,
        -0.14124308707849445,
        0.04249968789749599,
        -0.3076875310568804,
        -0.10503089602952484,
        0.177318315175255,
        -0.08564607948049432,
        0.006375365099131451,
        0.01088552593843143,
        0.0024235105676377517,
        0.1329453570289295,
        -0.12568843552126505,
        -0.054132525597200346,
        0.0006111695769100075
    ],
    "statevector_imag": [
        0.20355697911369644,
        0.1193301006263316,
        0.22237845577373883,
        0.046216160097330185,
        0.06485495870267817,
        -0.01005189790347888,
        0.22086397151912582,
        0.08690326437533964,
        -0.015292275821396126,
        0.06296129110542505,
        0.1989105781645962,
        0.010167886565837026,
        0.22209544930134242,
        0.04310571174246499,
        -0.17018470992631513,
        -0.24354545357149796,
        0.16297434538648925,
        0.007886797491556156,
        -0.003465381231981186,
        -0.09086158842678924,
        -0.011992583237912548,
        -0.1398456309852306,
        -0.09986333151900673,
        0.07471990553665121,
        0.09616970622441057,
        0.1295950011058733,
        0.048262926143513275,
        -0.04003717277449606,
        -0.02517925689515313,
        0.2128449794206252,
        0.06919874643926219,
        0.15616263449830417
    ]
}