{
    "dataset": 292,
    "last_cost_avg": 0.11207393368721767,
    "alpha": [
        0.07145755533504088,
        0.010797047891892102,
        0.009976113163873045,
        0.05541452319774456,
        0.018506068126272125,
        0.05706945241235797,
        0.036668381759175424,
        0.046520330675114664,
        0.0005234277387258138,
        0.010342755014837682,
        0.03762641847611098,
        0.023790749000168563,
        0.010419611102946211,
        0.04388899538353669,
        0.054819638862577555,
        0.01662002479919209,
        0.02502035506403599,
        0.03890076966436839,
        0.0633453943369799,
        0.011563016527360678,
        0.026337579407710584,
        0.008049285716799396,
        0.022329574867297926,
        0.02858235276019118,
        0.03835228717269641,
        0.03913652119088772,
        8.839416507123958e-05,
        0.02583803601110218,
        0.053519799707443215,
        0.033609012819479166,
        0.0187566034119039,
        0.0621299242371058
    ]
}