{
    "dataset": 3962,
    "last_cost_avg": 0.10366679421626263,
    "statevector_real": [
        -0.20591601598466153,
        0.07078734998730962,
        -0.04957080256723694,
        0.05688662151377796,
        -0.012887652482557719,
        0.09802597283556858,
        -0.08164965827256465,
        0.05861180560120292,
        -0.007101599130536512,
        0.009128141454041987,
        0.020597084786292016,
        0.022008684732934044,
        0.17576953248148067,
        -0.09637390450607189,
        0.11929476486706028,
        0.1349980746759633,
        -0.08934937242278333,
        0.07109167424251032,
        0.22483396304673933,
        0.09550720375966928,
        0.22571605933077551,
        0.019936168241565112,
        -0.18251192818314116,
        0.041912617694987164,
        -0.058668461520057,
        -0.28410286589922557,
        -0.022732295990858038,
        0.21842203686350517,
        0.19536488546426684,
        -0.03007130651113827,
        -0.1489101303685311,
        0.052812731166907344
    ],
    "statevector_imag": [
        -0.02671968436608903,
        0.22594182322361017,
        -0.10269392900958993,
        0.15598625783552303,
        0.034514553036152675,
        0.23128309070486275,
        -0.06935326590686582,
        -0.03254226234046067,
        0.003981377177014683,
        -0.08552886957180464,
        -0.12429742970803676,
        -0.22791116086321792,
        0.10660764598762197,
        -0.09032257918533661,
        0.1786012883932687,
        -0.21182043909437023,
        0.14684949961928195,
        -0.00948544233735999,
        0.041467593745599364,
        0.12419875083934444,
        0.04552310775725136,
        -0.006536189630966416,
        0.035670196923272585,
        -0.056864676966462184,
        -0.2661009120403284,
        -0.10632525502612003,
        -0.07282841547780461,
        0.03819470885282236,
        -0.11425629149907902,
        -0.059983244043503275,
        -0.1506553722755084,
        0.07708935493374298
    ]
}