{"f": [-0.134521484375, -0.05865478515625, 0.040771484375, -0.019287109375, -0.06744384765625, -0.1239013671875, -0.03729248046875, -0.05584716796875, -0.08050537109375, -0.12506103515625, -0.036865234375, 0.0294189453125, -0.09942626953125, -0.0753173828125, 0.04388427734375, -0.0338134765625, -0.0897216796875, 0.02911376953125, -0.1192626953125, 0.02508544921875, -0.04144287109375, -0.0794677734375, -0.05413818359375, -0.05841064453125, -0.080322265625, 0.0343017578125, -0.009765625, -0.09588623046875, -0.117431640625, -0.0467529296875, -0.0360107421875, -0.01165771484375, -0.0693359375, -0.07073974609375, -0.04718017578125, -0.12506103515625, -0.130859375, -0.11895751953125, -0.15704345703125, -0.0762939453125, -0.04248046875, -0.0980224609375, -0.02838134765625, -0.135498046875, -0.049560546875, -0.07647705078125, -0.0167236328125, -0.07916259765625, -0.0528564453125, -0.06536865234375, -0.0850830078125, -0.10760498046875, -0.0830078125, -0.06201171875, -0.025146484375, -0.0830078125, -0.03662109375, -0.07574462890625, -0.0718994140625, -0.08050537109375, -0.098388671875, -0.06158447265625, -0.091552734375, -0.05126953125], "accuracy": 0.71875}