{
    "dataset": 2940,
    "last_cost_avg": 0.09863766624679368,
    "statevector_real": [
        -0.1514644931891228,
        -0.2145354307438886,
        -0.049521028279076756,
        0.07267269213325808,
        -0.05522378394374458,
        -0.2608871937831523,
        0.17564582751764216,
        0.0686355142771231,
        -0.024721274049241543,
        -0.2218761260651493,
        0.10023586347122149,
        0.05949890019116449,
        0.03816677755100331,
        -0.13304774010624057,
        0.13625857292482116,
        -0.038587084238592514,
        0.07075783757761944,
        0.14480647657003376,
        -0.23119912680218943,
        -0.12139767567134666,
        0.1369126611434668,
        -0.0052193766883205745,
        0.08843128034635386,
        0.09007197841776945,
        -0.10974884026436674,
        -0.24674450050099092,
        -0.14074516017677807,
        -0.09053560436679714,
        0.023726760432242887,
        -0.18542076599404933,
        -0.21685443691745274,
        0.09726001776122914
    ],
    "statevector_imag": [
        0.09389220008282764,
        0.0043294444478817334,
        0.28794401369790457,
        0.049690697325696524,
        -0.07615174176792283,
        -0.060192569597993115,
        0.04280524398924387,
        0.15119634583785194,
        -0.058694780459908155,
        -0.1740425182211103,
        0.14801615157421882,
        0.18058005630624097,
        0.09352667801785827,
        -0.2422749610797625,
        0.0067416577712684665,
        -0.10876133667953237,
        -0.024638570764685452,
        -0.008444062528604577,
        0.0634632860881477,
        0.08243611021505295,
        0.09390066264871852,
        0.13215360979887536,
        0.11892330942965182,
        -0.01174920837309535,
        0.06611140608773558,
        0.08491897790945098,
        -0.02982118853303135,
        0.14337861855131812,
        -0.09253195550196933,
        -0.05244943872545508,
        -0.019687201771959106,
        -0.007295806340236525
    ]
}