{
    "dataset": 0,
    "circuit_id": 8,
    "layer": 1,
    "num_params": 29,
    "expr": 0.17322409908302627,
    "entcap": 0.3272175097312932,
    "num_iter": 1024,
    "last_cost_avg": 0.06782150268554688
}