{
    "dataset": 2421,
    "last_cost_avg": 0.10090794220720867,
    "statevector_real": [
        -0.007808176494832145,
        0.22953000261353046,
        0.011647052653794943,
        0.16746831155353975,
        -0.09668802016292379,
        0.0015719339924848191,
        0.21952753822817356,
        -0.05948832383911266,
        0.062229994691705134,
        -0.2160522415181004,
        -0.07553709441531524,
        -0.04495609324470598,
        0.14644558186420958,
        0.1804870066089001,
        0.013602619070505933,
        -0.11007209215921107,
        -0.2767305129482255,
        -0.12308787162117557,
        0.051671476677319236,
        0.10829853797306817,
        0.04514333339389089,
        -0.12081820695817438,
        -0.08172957496492982,
        0.10698038368586152,
        0.1548133362491611,
        -0.1457378804441945,
        -0.005060453974515951,
        0.06672114450177324,
        -0.18225893022888,
        -0.055976029284347535,
        -0.17227264888271984,
        0.03520786550847168
    ],
    "statevector_imag": [
        0.0780805830899216,
        0.23022968121037649,
        -0.26519112120818245,
        0.008620011622247594,
        -0.17387830117699798,
        0.18725565308030587,
        -0.08780118134903277,
        0.0695285547819038,
        0.16544313812283515,
        0.032027598802590464,
        -0.03771735278640821,
        -0.07195740544191435,
        0.15427658405530933,
        0.053398807769581315,
        0.10099433125194775,
        0.06369131395706232,
        0.006060225456169217,
        0.12537496560057174,
        -0.05990972231964198,
        -0.17766721772602745,
        -0.18761726784649202,
        -0.08121289958411773,
        0.11728563256960252,
        -0.15097194040294845,
        0.05467473376018307,
        0.06926461460956809,
        -0.03519682607523158,
        0.11063100617344196,
        0.19293287707277465,
        0.047630149521620736,
        -0.015327743238357306,
        -0.045294175975403396
    ]
}