{"f": [-0.0069580078125, -0.059326171875, -0.051513671875, -0.04815673828125, 0.03857421875, 0.05609130859375, -0.067626953125, -0.044189453125, -0.00909423828125, -0.00299072265625, -0.010498046875, -0.05780029296875, -0.01922607421875, -0.0491943359375, -0.052001953125, 0.02459716796875, 0.00457763671875, -0.05987548828125, -0.02471923828125, -0.0673828125, -0.028076171875, 0.01336669921875, -0.06170654296875, 0.021484375, -0.01092529296875, -0.03326416015625, -0.0242919921875, -0.0107421875, 0.03997802734375, -0.063232421875, 0.04461669921875, -0.0513916015625, -0.03924560546875, -0.00323486328125, 0.07159423828125, -0.02197265625, 0.00201416015625, 0.04766845703125, -0.03057861328125, 0.0123291015625, -0.0631103515625, 0.0460205078125, -0.03472900390625, -0.0355224609375, -0.03802490234375, 0.05328369140625, -0.046875, 0.02581787109375, -0.00732421875, -0.00433349609375, 0.0323486328125, 0.01031494140625, 0.00384521484375, 0.02667236328125, -0.05975341796875, 0.06610107421875, -0.04522705078125, 0.0281982421875, -0.0426025390625, 0.00421142578125, -0.00390625, -0.02252197265625, 0.03253173828125, 0.0035400390625], "accuracy": 0.53125}