{
    "dataset": 3593,
    "last_cost_avg": 0.06748189529467426,
    "statevector_real": [
        0.04351636301239007,
        0.32414859256747564,
        -0.1059385923495878,
        -0.06647795052117368,
        -0.05632270721956732,
        0.048189640131274955,
        -0.055422003761921454,
        -0.09623557491258028,
        -0.10319000512414284,
        -0.09366810746632512,
        0.011109153730886081,
        0.026406013806999338,
        -0.08583710752813349,
        0.08972915442097648,
        0.039479562731831015,
        0.2088237378271342,
        -0.07792913333892698,
        -0.08819658708597286,
        0.1468330720733015,
        -0.004476520835877661,
        -0.17906310407759282,
        -0.005433919697575153,
        -0.009657938063032797,
        0.20144963565354385,
        -0.06743659291916271,
        -0.05635494884514582,
        -0.03575297161181389,
        -0.058617859283181584,
        0.15144697039075516,
        -0.2533832069991381,
        -0.20044369721707356,
        0.00012096992524161859
    ],
    "statevector_imag": [
        0.10830969332653247,
        -0.05366751087083482,
        -0.14109550458243184,
        -0.1507741310748552,
        -0.03145656832712223,
        0.1939538223449501,
        0.22155068809424525,
        -0.18907632610115746,
        -0.10170861822602492,
        0.07085002089748373,
        0.0009342790234351558,
        -0.17037374209782655,
        -0.08221332031994555,
        0.07591897174488278,
        -0.14393484192214426,
        0.08978344191321795,
        -0.005878916583076538,
        0.05289695315618492,
        0.025969043026121165,
        0.000833009127777954,
        0.24392735316480374,
        -0.025955419383896602,
        -0.03429645883580221,
        0.008487518211723282,
        0.25701785791326265,
        -0.22405643898693012,
        0.19464238562663136,
        -0.1443257196767107,
        -0.05951111309307168,
        -0.14470814494450515,
        0.0025486888463270457,
        0.0005010533243928526
    ]
}