{
    "dataset": 865,
    "last_cost_avg": 0.08403682119099458,
    "alpha": [
        0.04292552071334115,
        0.0002395558007622833,
        0.03050138121419596,
        0.019655978577958737,
        0.02813318132424418,
        0.036073391512981716,
        4.4138346973739484e-05,
        0.05298979458327119,
        0.054859421771205036,
        0.005384100107768591,
        0.09326198089946038,
        0.010516520853516443,
        0.015743008649137247,
        0.03797648637645617,
        0.025732737398156524,
        0.00018875380515405156,
        0.033936819333021034,
        0.027587334540557513,
        0.06526275771073316,
        0.0394392789565988,
        0.10175558222153992,
        0.0004343713183936427,
        0.04971972837007286,
        0.02682845083102586,
        0.038503450858044304,
        2.0878140047972363e-05,
        7.906137424890588e-05,
        0.044625785612779856,
        0.03223070274746479,
        0.05004454514621596,
        0.017461209655107387,
        0.017844091249564997
    ]
}