{
    "dataset": 859,
    "last_cost_avg": 0.11709816318773997,
    "statevector_real": [
        0.0016020580863058977,
        -0.09987875630530076,
        0.16546506043305234,
        0.19754282881605645,
        -0.16250651484526926,
        0.1206092754372649,
        0.14261853437417307,
        -0.006191111622736218,
        -0.01892104848758056,
        -0.17977224304080225,
        -0.06380652136315883,
        -0.028187731131327564,
        0.1222988389656297,
        -0.019973707475881633,
        0.21050172366998518,
        0.008756258820347407,
        0.1372068002942068,
        0.14674946768764557,
        -0.021410597437722268,
        0.16751805414211432,
        0.14334718990395245,
        0.0010919780498188187,
        0.0586873411210481,
        -0.16299075863500373,
        -0.033877022965187395,
        -0.04061146642565808,
        0.028725363574965433,
        0.0949733283491552,
        -0.05184134252140111,
        0.13087619315773957,
        0.14414402248639288,
        -0.18805640325521003
    ],
    "statevector_imag": [
        0.0038638492919622833,
        0.15244169128026475,
        0.13161917524780928,
        -0.21166209297538327,
        0.13006764242017252,
        0.26506336215361925,
        -0.21581702476491876,
        0.1966146279185146,
        -0.010044500253384249,
        -0.11805714388822068,
        0.14962977569162578,
        0.0004725475091207686,
        -0.08520229629305648,
        -0.006258773438761861,
        0.026474813007680842,
        0.0906395034395336,
        0.0297259167935653,
        0.1722946510552372,
        0.08644298530206658,
        0.09417121753713564,
        0.004331630476539296,
        0.13349655337656086,
        -0.20683034298611658,
        -0.03303855106076599,
        -0.2253106852880081,
        -0.07859642983145822,
        0.09232967119541236,
        0.1572502356387345,
        0.08529462504902598,
        -0.07503835826782912,
        -0.15075760841407926,
        0.10990393728770007
    ]
}