{
    "dataset": 0,
    "circuit_id": 8,
    "layer": 7,
    "num_params": 203,
    "expr": 0.0060880931464806776,
    "entcap": 0.8143159209607095,
    "num_iter": 1024,
    "last_cost_avg": 0.10637855423677597
}