{
    "dataset": 2125,
    "last_cost_avg": 0.10877593494083243,
    "statevector_real": [
        -0.07010193912861136,
        0.20929692267691302,
        -0.020179613257101388,
        -0.133430503646039,
        -0.0034798544107386728,
        0.14334159452408873,
        0.11018004969105236,
        -0.12104508972821902,
        -0.12309391948531019,
        -0.15225145405647603,
        -0.010164705363007745,
        -0.08763590711467208,
        0.20252250679128053,
        -0.2126174460144066,
        0.0034770843937919054,
        -0.0810589210956236,
        -0.0606099670783273,
        0.051329365579189615,
        -0.01470845651288801,
        -0.1832076683832125,
        -0.04112795020108844,
        -0.13516992813129308,
        -0.08440627372853003,
        -0.06744313098592769,
        0.014632248710558593,
        0.10763875032807438,
        -0.19418372231942357,
        -0.12875608965917865,
        -0.12273679604519992,
        0.21843936634451222,
        0.22052363729745927,
        -0.05617875593746489
    ],
    "statevector_imag": [
        0.1450358086377773,
        0.09738135189906343,
        -0.09815528397710795,
        0.13586290910522134,
        0.23230664653608094,
        -0.11983397945381516,
        0.29127623458755264,
        -0.1083806758102954,
        0.016126632696503936,
        0.01500997395115988,
        0.07921145477473675,
        -0.2036249623070517,
        0.036733707623242656,
        0.11211165598989528,
        -0.006832256858986592,
        -0.03969102561725445,
        -0.17441056403000746,
        0.08362894450002743,
        -0.1034757815648776,
        0.08206661894946758,
        -0.16488178990460578,
        -0.1168658341216082,
        0.006014112422537189,
        0.24645179976743406,
        0.06638314934483787,
        -0.13713205172388468,
        -0.09953926397995072,
        -0.04224431913176678,
        0.02984758175622776,
        0.021311494772516,
        0.03184685533526801,
        0.11573415167034284
    ]
}