{
    "dataset": 0,
    "circuit_id": 4,
    "layer": 5,
    "num_params": 85,
    "expr": 0.018422969222624406,
    "entcap": 0.7443057636861965,
    "num_iter": 71,
    "last_cost_avg": 0.11847305297851562
}