{"f": [0.17437744140625, 0.11297607421875, 0.1522216796875, 0.10394287109375, 0.11993408203125, 0.15667724609375, 0.1591796875, 0.1337890625, 0.16546630859375, 0.14947509765625, 0.11456298828125, 0.13031005859375, 0.169921875, 0.1505126953125, 0.1317138671875, 0.1204833984375, 0.1629638671875, 0.132568359375, 0.11761474609375, 0.1168212890625, 0.14959716796875, 0.1256103515625, 0.08740234375, 0.209716796875, 0.1375732421875, 0.13153076171875, 0.17633056640625, 0.13995361328125, 0.18585205078125, 0.1339111328125, 0.1629638671875, 0.126953125, 0.12518310546875, 0.1407470703125, 0.13330078125, 0.1531982421875, 0.1878662109375, 0.1669921875, 0.1365966796875, 0.1529541015625, 0.13592529296875, 0.18829345703125, 0.12310791015625, 0.11895751953125, 0.10821533203125, 0.14471435546875, 0.1126708984375, 0.20782470703125, 0.14630126953125, 0.123046875, 0.14141845703125, 0.1336669921875, 0.201171875, 0.1285400390625, 0.11541748046875, 0.1505126953125, 0.105712890625, 0.1375732421875, 0.10723876953125, 0.13177490234375, 0.1131591796875, 0.16119384765625, 0.18927001953125, 0.16802978515625], "accuracy": 0.34375}