{
    "dataset": 2938,
    "last_cost_avg": 0.095367479050707,
    "statevector_real": [
        -0.0005923631192923031,
        -0.17181364848314204,
        -0.042453273344321384,
        -0.08256043724629034,
        0.019367954285623122,
        -0.004551699517110369,
        -0.1858199058499512,
        0.13121410011704515,
        -0.08659112161281869,
        -0.16318584194849886,
        -0.27896021844405955,
        -0.052263749867179556,
        -0.09675543275523284,
        0.08283950464394065,
        -0.033494925380404654,
        -0.171887652540555,
        0.11505353104146555,
        -0.22750549371884296,
        0.0973577494819602,
        -0.05227857375633335,
        0.19120405030758864,
        -0.14300573087434776,
        0.15043005002365573,
        -0.047868927589896144,
        -0.021162456228949147,
        0.07906578941149946,
        -0.05237486357946342,
        0.022441094674957376,
        -0.09749051502689672,
        0.06061037578943802,
        -0.2240447679018272,
        0.09981128089098094
    ],
    "statevector_imag": [
        -0.10814122441881305,
        -0.1144101770088892,
        0.16651615721974886,
        -0.05411270051133367,
        -0.07665230088228298,
        0.02934420425363035,
        -0.01520502544541499,
        0.08290187407250105,
        -0.02754348026802691,
        0.1784023411206687,
        0.028305945272614628,
        0.06468209104647564,
        0.0683370335500537,
        -0.1825804135621993,
        0.2045235135121223,
        -0.10917583848832602,
        -0.2118996857172692,
        0.13361491401577413,
        0.07795655656454,
        0.17209161717498186,
        0.08433181628585824,
        0.02282578764295729,
        0.2151886950495629,
        0.06678175639425947,
        0.1545615479309091,
        0.02795538222736587,
        -0.005285485267832245,
        0.20295984613397858,
        0.23442908849313313,
        -0.12453695150391955,
        0.1015878528346178,
        0.0599944221311433
    ]
}