{
    "dataset": 2050,
    "last_cost_avg": 0.0668327144282593,
    "statevector_real": [
        0.011730402074014077,
        -0.08454844152354793,
        0.09502555161556553,
        -0.07856203538004317,
        0.08890496878732002,
        0.09841452671253845,
        -0.04296332697714443,
        0.12108975639694428,
        -0.09687860300169858,
        -0.10590527652401581,
        0.10722139261213445,
        0.08445613365455518,
        -0.08585286210558525,
        0.1155008702189866,
        -0.08731046882957598,
        0.1301611130691873,
        -0.09974363782902754,
        0.0018415191177902999,
        0.07201453577207564,
        -0.01474564862689959,
        0.012034171674429151,
        0.10797523716517575,
        0.0019156793598245092,
        0.09279959779393226,
        -0.15480607625209525,
        -0.006343051184837613,
        -0.0663839661005014,
        -0.024579327150316,
        0.046433264163454974,
        0.043507007225340504,
        -0.008103776057074718,
        -0.006253695073951308,
        0.02755579260281602,
        -0.006416100965072689,
        0.03596636473898854,
        -0.03942258040769159,
        0.10372814225923556,
        -0.03374240514973896,
        -0.0786122486603486,
        -0.12851462834863406,
        0.07857619041261768,
        0.03297566356716406,
        -0.08527991834217558,
        0.08406801613195299,
        -0.044966802254627396,
        -0.003391803514520021,
        0.0028618523696756454,
        0.10357750310566378,
        -0.14159172411785234,
        0.008838382042365622,
        0.1153967061384173,
        0.023125782446993537,
        -0.030731440149760484,
        -0.02279365166319644,
        -0.06010214375313842,
        0.000948883207225983,
        0.18082622559766476,
        0.006280945011950539,
        0.10655691241898457,
        -0.08824597533957454,
        0.08635250999106807,
        0.013523022163271128,
        0.06394209613473588,
        0.08249135868248954
    ],
    "statevector_imag": [
        0.10590860838096869,
        -0.1580721857018254,
        -0.010096598826301552,
        -0.13158577174026875,
        -0.09283848256522957,
        -0.0013793713302063084,
        -0.10388013993338674,
        -0.136828925910795,
        0.024019570017729548,
        0.12077983420863646,
        -0.10251131002807132,
        0.056497599403190435,
        -0.020565208486214973,
        0.07575855132346865,
        -0.09346559601298411,
        -0.014573998638722474,
        0.1699926274614837,
        -0.016892900576965464,
        -0.09738280869178143,
        0.007652283685579163,
        0.08898727574236674,
        0.037014075814472004,
        0.006593662408695714,
        0.12753700766868775,
        -0.11297412127126882,
        0.1721877962748861,
        0.0785906020456312,
        0.06943480836331882,
        -0.08315418369629149,
        0.15918058262145315,
        0.029283937461451783,
        -0.003529662111103427,
        0.041426095672069514,
        -0.00430591051595291,
        -0.11180343712215926,
        -0.09170384882675436,
        -0.04626485252423196,
        0.13200996237030635,
        0.12172571819452956,
        0.06868910167614312,
        0.144900088508681,
        0.04513320416936419,
        -0.09748799622542287,
        0.12148007108720635,
        -0.007917944824923837,
        0.14261831015500925,
        -0.02500437957728997,
        -0.16906024094261027,
        0.018717582596153904,
        0.12397734055429203,
        0.050825496172028764,
        -0.11142876172509229,
        -0.10289072652930936,
        0.10112344055655906,
        0.18776152058606788,
        -0.058186761730831545,
        0.017092958839231343,
        0.123266017443704,
        -0.03202994500311659,
        -0.07533093459942417,
        0.07219719316523004,
        -0.1503756720804406,
        0.09254931354756593,
        -0.11787804633777407
    ]
}