{
    "dataset": 3598,
    "last_cost_avg": 0.09319787482134437,
    "statevector_real": [
        0.10702816826242594,
        0.02539686353772986,
        0.054807682165925097,
        0.026371191268069683,
        -0.13959473508432646,
        -0.01558421636370728,
        0.020266072856447548,
        -0.1367854752270595,
        -0.08229993649370941,
        -0.19053267040672828,
        0.10043072301375763,
        0.20637050131063736,
        0.1726730959742881,
        0.19095691217182809,
        0.18603527632501018,
        0.0071181391557067755,
        0.10323497749242136,
        -0.19559771428881997,
        0.0710570836351549,
        -0.14190971701281221,
        0.0414283662078275,
        -0.17637498417141037,
        -0.09179901399281752,
        -0.22085648435369423,
        0.15878427881298865,
        0.002059398962424875,
        0.11616537721128699,
        -0.03461775144781915,
        0.13661992202970916,
        0.16586299308648825,
        -0.16370026417446418,
        0.04603915685271073
    ],
    "statevector_imag": [
        -0.22642313754434906,
        0.18010906178295877,
        0.019802969756492303,
        0.1896285888861457,
        0.0508481099759339,
        0.13340070763717432,
        -0.0029920547218015045,
        -0.14514377929019376,
        -0.1347451239854204,
        0.02298537625204534,
        -0.2218985292854009,
        -0.07579935786735216,
        -0.06371130425271004,
        -0.08679053559081774,
        0.0060590074887046305,
        -0.009366202814456616,
        -0.13900069463924286,
        0.0016511572702819829,
        -0.022287567530126683,
        -0.06948588698657614,
        0.22996675425112925,
        0.1335278507993713,
        -0.03803593529107622,
        -0.0898607683821105,
        -0.19532553012112114,
        0.1293989641760768,
        0.013176939582672397,
        0.04025329947496202,
        -0.07133627700375746,
        -0.005856768936390528,
        -0.20726715212904012,
        0.11386730916149068
    ]
}