{
    "dataset": 0,
    "circuit_id": 7,
    "layer": 9,
    "num_params": 261,
    "expr": 0.006682396880414285,
    "entcap": 0.8154001932461444,
    "num_iter": 1024,
    "last_cost_avg": 0.012924049310296181
}