{
    "dataset": 1914,
    "last_cost_avg": 0.07433441848162967,
    "statevector_real": [
        -0.10199422076776526,
        -0.0998517828802939,
        -0.1374835421229649,
        0.13501534717547653,
        0.04761506893015076,
        0.03525476140845322,
        0.11584647940871332,
        -0.04013141235810149,
        0.11060767241249356,
        0.017371882082677783,
        -0.038683428748287986,
        -0.03732233869381553,
        -0.11814973648194206,
        -0.08339440730094008,
        0.027876814304047655,
        0.11811425350934492,
        0.14127781631511416,
        -0.1303422369878649,
        -0.07494363430341569,
        0.07678099447354172,
        -0.13085954439024838,
        -0.06958444711363289,
        0.09410892721202915,
        0.06531885192297106,
        -0.07002996258891189,
        -0.030127031202911825,
        -0.09689108603110672,
        0.126737796239711,
        -0.009272185839871789,
        0.12894229269377425,
        -0.10146580887313517,
        0.0840081545098133,
        0.03916433279538162,
        0.04156031417548721,
        -0.06859188891704,
        -0.06459956547439194,
        0.02575332374027126,
        -0.039086803984691824,
        0.1446895490524194,
        -0.08106699527571841,
        0.08776838143359315,
        -0.010416741690443968,
        0.12627332633767233,
        0.11893190933036663,
        -0.19835240967472,
        -0.10767860663526897,
        -0.06994010368959323,
        0.12331083622833071,
        -0.1654735662158021,
        0.041989417768666264,
        -0.08131664369932746,
        0.01771167808389074,
        0.022262746219737915,
        0.0650469668895158,
        0.05902679458506626,
        -0.036873407917608965,
        0.12074567982952515,
        -0.001601186861096368,
        -0.03938453726864942,
        -0.02958975799090393,
        -0.09900499900503971,
        0.021402347012373483,
        -0.06088711846573131,
        -0.114752069753143
    ],
    "statevector_imag": [
        -0.10730359442166548,
        -0.10685157067892753,
        -0.1367797598803774,
        -0.04759548693517038,
        0.09528441361919744,
        -0.05111408126204888,
        -0.13674465691862547,
        0.09094416761869734,
        0.10203209057701312,
        -0.0025785710370898086,
        -0.11488367125424329,
        -0.1868113624859989,
        -0.06514978733033239,
        -0.030806253757124886,
        0.14320296130881444,
        0.11072304332206293,
        -0.10764629190330728,
        0.009321659847391172,
        0.09871338013200064,
        0.029233509240213007,
        0.024733640789442946,
        0.08852295900348918,
        -0.1017836361485505,
        0.03465596809022306,
        0.04641468245783629,
        -0.09320365336025262,
        -0.06015235409926304,
        -0.08537540777152572,
        -0.00999874776189618,
        0.12466872254845278,
        0.07129896282367697,
        -0.03455787647492234,
        -0.11318756423620482,
        -0.14023821849957147,
        0.03270509408187105,
        -0.052990611319021066,
        0.0964494762156542,
        0.039143870754110334,
        0.028790299776118328,
        -0.11862674403734465,
        0.07603165013590349,
        0.005612374971159889,
        0.0072948596303476455,
        0.07468057323078277,
        0.017658272104343987,
        -0.08767456600171424,
        0.06730824659934194,
        -0.051372120786052175,
        -0.09739510885693792,
        -0.09213278935901113,
        0.12464213001031738,
        0.17749923540303605,
        0.16905390815086993,
        0.09719572607122474,
        -0.0049416369647222345,
        0.013166319752285995,
        -0.0020104817931685215,
        -0.012535703986883896,
        0.01529790483311494,
        0.01846703989180969,
        0.014308104187409833,
        0.07723351964544552,
        -0.09999799162909093,
        0.09803653818750252
    ]
}