{
    "dataset": 53,
    "last_cost_avg": 0.09871552488898155,
    "statevector_real": [
        0.28071516053722895,
        -0.03486215103363244,
        -0.004803982143081603,
        0.26687981909879893,
        0.02478575866696744,
        0.0910224113289681,
        0.005152800198019027,
        0.0029677325118096314,
        0.1578451819765054,
        -0.19973136149431467,
        -0.06881611412181944,
        0.045703670167690565,
        -0.0842831016178915,
        -0.0602993704624208,
        0.08977715023371285,
        -0.02152758223072042,
        0.16725281079200585,
        -0.22291960692963494,
        0.01950899295063285,
        -0.09205396114459106,
        0.14896335205297234,
        0.18563323891345196,
        -0.08310743181952475,
        -0.01946075295016633,
        0.05131134851987548,
        -0.18348633204569043,
        0.08958490853394882,
        -0.08097852677767983,
        -0.013939690430247538,
        0.2412386660029623,
        0.21333564873468241,
        -0.04603272021429937
    ],
    "statevector_imag": [
        -0.09783170443572617,
        0.015388478954926102,
        0.01410248782847655,
        -0.06821089018441787,
        0.036607341692996044,
        0.17247934146254706,
        0.05103399809286703,
        -0.009965467538727145,
        -0.2538945121898667,
        0.029219852567986638,
        -0.09921501020229795,
        0.1742054070191941,
        0.06590679961760967,
        -0.23179865193601573,
        0.04105969436187127,
        0.02267435409554068,
        -0.02732749664895526,
        -0.03601894530259769,
        -0.09225864831849669,
        -0.013087430393899058,
        0.09746026814237937,
        -0.1605114982086536,
        -0.009290590518697508,
        -0.0320552580148095,
        -0.10499308960468896,
        -0.11334442902406806,
        0.2791242315256697,
        0.0851646958732956,
        0.1483533948424479,
        0.10046513826595009,
        0.00933173704002357,
        -0.19744393560853893
    ]
}