{
    "dataset": 0,
    "circuit_id": 18,
    "layer": 4,
    "num_params": 72,
    "expr": 0.03399172621344666,
    "entcap": 0.6464392138295778,
    "num_iter": 1024,
    "last_cost_avg": 0.10144748077728905
}