{
    "dataset": 0,
    "circuit_id": 4,
    "layer": 8,
    "num_params": 136,
    "expr": 0.006360649793614583,
    "entcap": 0.8338484777739698,
    "num_iter": 75,
    "last_cost_avg": 0.11919403076171875,
    "accuracy": 0.859375
}