{
    "dataset": 0,
    "circuit_id": 13,
    "layer": 3,
    "num_params": 36,
    "expr": 0.08316881864578583,
    "entcap": 0.5363961442978662,
    "num_iter": 58,
    "last_cost_avg": 0.12264251708984375
}