{
    "dataset": 0,
    "circuit_id": 19,
    "layer": 4,
    "num_params": 72,
    "expr": 0.012188301596498682,
    "entcap": 0.8049790087515147,
    "num_iter": 82,
    "last_cost_avg": 0.01667022705078125
}