{
    "dataset": 421,
    "last_cost_avg": 0.10110158400643343,
    "statevector_real": [
        0.013374780594973887,
        -0.07948382079484309,
        -0.11748803032710373,
        -0.09552318187376486,
        0.04295512522152879,
        -0.13940555331844182,
        0.13751919155798445,
        -0.03674746124047751,
        -0.12460290794947784,
        -0.13853240303282668,
        -0.17470679017274834,
        -0.14563748349160593,
        -0.15471898774541837,
        0.02435589054977232,
        -0.016802670169893688,
        0.06203193577428839,
        -0.08102309427365166,
        0.049137680366781095,
        0.010320908235925717,
        -0.12679168501168034,
        -0.011211480178930837,
        0.00043465775994630133,
        0.09750066966690865,
        -0.022700900132590615,
        0.018686215162347353,
        -0.010657287805013023,
        -0.10211859865058746,
        -0.14357771336987502,
        0.057215822678500956,
        -0.10450601959185299,
        0.07599230957089337,
        -0.11197175633432425,
        -0.09347192072248661,
        -0.04905959147985265,
        0.06398104885501357,
        -0.14644374050421052,
        -0.11858401852294735,
        0.0347143576249425,
        -0.03868274120833019,
        0.0016585912403350295,
        -0.012965072868102095,
        -0.056342028624281844,
        -0.17889716197504327,
        -0.07936648757383197,
        -0.157052323715845,
        -0.01668257728031281,
        -0.06021770582601707,
        0.0009420476385353346,
        -0.00022370322630509774,
        0.00847340827707431,
        -0.03707729045305227,
        0.01180204666672119,
        -0.03750606695505772,
        -0.004823192932389127,
        0.12276729656886451,
        -0.15027304397345725,
        0.1552391872124203,
        0.08239683553022599,
        0.12174438275315393,
        0.1430834628641478,
        0.08959118632202963,
        0.03737287453676037,
        0.025391536626381977,
        0.056410238014857894
    ],
    "statevector_imag": [
        0.1217898145456392,
        0.05796571341759926,
        0.08926200647288264,
        -0.02152119740931416,
        -0.1844930183437167,
        -0.0922150501845561,
        0.03431294533187198,
        0.12336086213230595,
        0.0340084658921198,
        0.10339656060442791,
        -0.028667786493754028,
        -0.05684381145989062,
        0.1426774381127819,
        -0.09105887397534154,
        -0.13868160036486174,
        0.16355563338458595,
        0.12966907630085567,
        -0.1348218856341485,
        0.15881198381069242,
        0.0086917373388571,
        0.0015144104611614926,
        -0.1101256417721634,
        -0.14597476084313157,
        -0.0009653670463250539,
        -0.04870567990271337,
        0.14378677389909802,
        0.01692219036667782,
        0.022848123132914313,
        0.0371985207829898,
        0.11286529973893072,
        -0.08467233876871015,
        -0.07205456179437167,
        -0.16326430915752022,
        0.039044793274141405,
        0.03130668549970439,
        -0.05233571384789363,
        -0.08460328792001207,
        0.06321838790307237,
        0.003152841749380488,
        0.0027265667213678562,
        -0.006918064832435104,
        0.11267272469977319,
        -0.013146411280499946,
        -0.01860001739869721,
        0.033137276346638614,
        0.08278044518101316,
        0.042579546421866336,
        -0.01931875789259111,
        -0.09045263149258073,
        -0.0947647528946635,
        -0.023298212849722503,
        -0.0784846807944552,
        0.07603908703784507,
        -0.003186778143506095,
        0.140019332507676,
        -0.002364937912470748,
        -0.03257914723449912,
        0.017952295409997418,
        0.07203974017712333,
        -0.09701513433222655,
        -0.048885865114111596,
        -0.09582508560881385,
        -0.07154851415255424,
        0.047530631935593926
    ]
}