{
    "dataset": 1348,
    "last_cost_avg": 0.08249850956430173,
    "statevector_real": [
        -0.17610663207072974,
        -0.06507533363706106,
        -0.0629885358709813,
        -0.15903415807487611,
        0.018466214556539972,
        -0.07389334572201073,
        0.1815848654079725,
        -0.1941646886236028,
        -0.07337755690659634,
        -0.05116646004039401,
        -0.05051604658852525,
        0.14994615008284545,
        -0.16915488505603718,
        0.04461206159848915,
        0.005555232085705046,
        0.12207089850399798,
        -0.17010284966162928,
        -0.015479197490444303,
        0.205888133499911,
        0.16836499301214114,
        -0.1745139280963612,
        0.011051093259965564,
        -0.07927573926775767,
        -0.09955542461415537,
        0.020985759333368575,
        -0.07825617774503733,
        0.05066233100817703,
        -0.009435528695884977,
        0.026612979794809307,
        0.1412539274999476,
        0.11751290825471856,
        -0.14554282031329732
    ],
    "statevector_imag": [
        -0.037069265763024044,
        -0.2044725713635958,
        0.10207113661438964,
        -0.12088455411483695,
        -0.12860728678917424,
        0.1342652807791754,
        0.003306937977586401,
        -0.20139726042924516,
        -0.019281148115698574,
        0.11907347004918765,
        -0.215210857176182,
        0.13680124233553692,
        0.08231442449381829,
        -0.10097351242255785,
        -0.06666484253829275,
        0.18249350231948255,
        -0.13993514877214222,
        0.03632021553016779,
        0.1262663440178654,
        -0.11503446555550004,
        -0.058917795064413796,
        -0.186994532158868,
        -0.19990711431494299,
        -0.07027119394426469,
        -0.14598589060622263,
        0.08981304743676884,
        0.08479474104028041,
        0.18900275131702127,
        0.18429642859013212,
        -0.12287417322715717,
        -0.0859336965986081,
        -0.1705247846127898
    ]
}