{
    "circuit_id": 4,
    "layer": 1,
    "kl_div": Infinity,
    "dist": [
        0.5322265625,
        0.1630859375,
        0.0771484375,
        0.0556640625,
        0.033203125,
        0.0205078125,
        0.0244140625,
        0.01171875,
        0.0146484375,
        0.01171875,
        0.0068359375,
        0.005859375,
        0.0078125,
        0.0068359375,
        0.00390625,
        0.001953125,
        0.00390625,
        0.001953125,
        0.00390625,
        0.001953125,
        0.0029296875,
        0.0009765625,
        0.0,
        0.0,
        0.0,
        0.0029296875,
        0.0,
        0.0,
        0.0,
        0.0,
        0.0009765625,
        0.0009765625,
        0.0009765625,
        0.0009765625,
        0.0,
        0.0,
        0.0,
        0.0,
        0.0,
        0.0,
        0.0,
        0.0,
        0.0,
        0.0,
        0.0,
        0.0,
        0.0,
        0.0,
        0.0,
        0.0,
        0.0,
        0.0,
        0.0,
        0.0,
        0.0,
        0.0,
        0.0,
        0.0,
        0.0,
        0.0,
        0.0,
        0.0,
        0.0,
        0.0,
        0.0,
        0.0,
        0.0,
        0.0,
        0.0,
        0.0,
        0.0,
        0.0,
        0.0,
        0.0,
        0.0
    ]
}