{
    "dataset": 0,
    "circuit_id": 17,
    "layer": 7,
    "num_params": 119,
    "expr": 0.007252723942834017,
    "entcap": 0.8109266505908996,
    "num_iter": 200,
    "last_cost_avg": 0.071563720703125,
    "accuracy": 0.671875
}