{
    "dataset": 2663,
    "last_cost_avg": 0.13765282605621343,
    "statevector_real": [
        0.11521076097376737,
        0.000686357969733091,
        -0.15181132530548092,
        -0.04261908545731861,
        0.18835825732668735,
        -0.07818459231959725,
        -0.05095782415749841,
        0.1835569825756613,
        0.11666832937400987,
        -0.010433711584098863,
        0.09780731217127916,
        -0.2030236677060321,
        0.031082650537512125,
        0.1439709134790874,
        -0.24267163658457358,
        0.023560035463413197,
        -0.13630718302109393,
        -0.17612673468008855,
        0.08521301003859443,
        0.18835428994260467,
        -0.13055385591722776,
        0.10982824936951448,
        0.013725586140817286,
        0.16699224129113918,
        -0.08410017013824503,
        -0.3184771663972546,
        0.011894120743901237,
        0.1501630861017091,
        -0.09508167684438505,
        0.16496143518598,
        0.03831857478296016,
        0.058719483113729355
    ],
    "statevector_imag": [
        0.10191814674442837,
        -0.014871139670611325,
        -0.04529279403098239,
        -0.035407360642114374,
        -0.23697881522641825,
        0.061702510348024577,
        0.15190155955457404,
        -0.13549188215569102,
        0.007462306592035515,
        -0.002542860083306019,
        -0.030737709295627275,
        -0.12159366054527185,
        -0.07825219284542687,
        -0.016353030125904593,
        0.12338790055022024,
        -0.079592757054595,
        -0.18630341686004703,
        0.013896090802073002,
        -0.1240699850281994,
        -0.05097160737949594,
        0.031463377648456387,
        0.14963570850283697,
        -0.05174677466306369,
        0.05297735680131794,
        -0.015692047158446448,
        0.08217522156281876,
        -0.28823417994022515,
        0.04129834458041111,
        0.12784465625571878,
        0.21172754965744933,
        0.08437507428587986,
        -0.1247764623273858
    ]
}