{
    "dataset": 0,
    "circuit_id": 6,
    "layer": 3,
    "num_params": 162,
    "expr": 0.003515901347796748,
    "entcap": 0.9527841477127703,
    "num_iter": 1024,
    "last_cost_avg": 0.06053924560546875
}