{
    "dataset": 0,
    "circuit_id": 16,
    "layer": 1,
    "num_params": 14,
    "expr": 0.3678244915670341,
    "entcap": 0.1798236795727506,
    "num_iter": 81,
    "last_cost_avg": 0.16402435302734375,
    "accuracy": 0.8125
}