{
    "dataset": 1178,
    "last_cost_avg": 0.053544718776354236,
    "statevector_real": [
        0.11778018598948653,
        0.043224576453576156,
        0.007746557275658139,
        0.07027492223033911,
        0.09390952737001375,
        -0.030741783670414278,
        -0.11762195204713564,
        -0.011897033079653428,
        0.006351457835853799,
        0.040362728690956175,
        0.1490370831096368,
        -0.03753033523520349,
        0.10698738806877398,
        0.10965323941504189,
        0.0004437306877068923,
        -0.05154930340760123,
        -0.17995877085143652,
        0.017070447361147958,
        0.1004067323014281,
        -0.07357363551065745,
        0.2088809379914908,
        0.1142589378392205,
        -0.1752696566567241,
        -0.03156531006994049,
        -0.06879867571802459,
        -0.24467748620934762,
        0.012353048890777572,
        0.010861303105398897,
        -0.19304195771253624,
        0.014321809911804114,
        -0.08690778099370887,
        -0.06494505341988728,
        0.06266293810210523,
        -0.029638584238838337,
        -0.10669869948873006,
        0.1276284818671708,
        -0.19071620861108626,
        0.05578629196430176,
        -0.014817740391380103,
        -0.0415344517927907,
        0.12366450918168635,
        0.01560828829228987,
        0.026551413209668622,
        0.17252142064344295,
        0.050452311203179424,
        -0.10824500645698823,
        0.11827625423294347,
        -0.028582633177218313,
        -0.09859757024934342,
        0.1686316483334222,
        0.06235944205667296,
        0.08636417275554474,
        0.07001855891800433,
        -0.08290522514635357,
        0.10987528709755717,
        0.09142544297022909,
        -0.08751773011577964,
        0.026122967441492412,
        0.003560975062973284,
        -0.03534251298976125,
        0.07474807957658283,
        -0.002793537102628765,
        -0.027619850001323446,
        -0.04779732699955431
    ],
    "statevector_imag": [
        0.05033410198776678,
        0.006713178733760326,
        0.04301313766688395,
        0.04390510980813843,
        0.11441196853921068,
        0.16151216264701934,
        -0.0743744737398076,
        0.08086312758946138,
        0.010874855513192448,
        -0.10864498027513414,
        0.015119448392424469,
        -0.029293071154972507,
        -0.0199861741355044,
        0.094408079752487,
        0.007842919621343456,
        0.17737334035786792,
        0.009678079233656631,
        0.0004878535463810851,
        -0.00505303548484154,
        0.032421461960688576,
        0.0595881720230582,
        0.05337839085926975,
        -0.16746149017949308,
        0.007778594313429311,
        -0.15129087560530452,
        0.010496488793731317,
        -0.02606476969053568,
        0.00789357798320864,
        0.0845924644000405,
        0.004461147475645547,
        0.019241913241706918,
        -0.08123075871858554,
        -0.11487379817225635,
        -0.11215843591094161,
        0.03238805398914419,
        -0.1059340384186886,
        0.0036294357208999078,
        0.0655440592488895,
        0.0013317454597192493,
        -0.07001753700883497,
        -0.07355364632305486,
        0.007853106210174102,
        0.05501073427585355,
        0.10327727263714793,
        0.15095942991102054,
        0.09103318577343678,
        -0.06232089368161859,
        -0.09450669702528385,
        -0.10608998533102885,
        -0.050884975484853136,
        -0.026873663547653318,
        0.04904951276082567,
        -0.07483120952067941,
        -0.07645944232513946,
        0.08138098129299348,
        -0.14573071106605642,
        -0.046117901478705196,
        0.16129944954561143,
        0.005569467749346974,
        -0.11651684919489876,
        0.023528607543579758,
        0.011165947681487516,
        0.0964935247286776,
        0.033695028897337206
    ]
}