{"f": [0.1220703125, 0.1209716796875, 0.1531982421875, 0.188232421875, 0.197998046875, 0.1279296875, 0.11224365234375, 0.09857177734375, 0.11273193359375, 0.11541748046875, 0.14630126953125, 0.12677001953125, 0.1697998046875, 0.1087646484375, 0.11444091796875, 0.16876220703125, 0.10333251953125, 0.16217041015625, 0.10858154296875, 0.13543701171875, 0.16217041015625, 0.130126953125, 0.1392822265625, 0.1541748046875, 0.178955078125, 0.14678955078125, 0.16400146484375, 0.2125244140625, 0.15191650390625, 0.1162109375, 0.13177490234375, 0.16162109375, 0.11279296875, 0.0960693359375, 0.16607666015625, 0.115478515625, 0.1171875, 0.1358642578125, 0.14697265625, 0.18328857421875, 0.12066650390625, 0.138427734375, 0.168212890625, 0.15911865234375, 0.10711669921875, 0.12310791015625, 0.1959228515625, 0.15216064453125, 0.12286376953125, 0.17803955078125, 0.13360595703125, 0.11328125, 0.13116455078125, 0.20330810546875, 0.1400146484375, 0.1480712890625, 0.1300048828125, 0.182861328125, 0.11981201171875, 0.23089599609375, 0.19091796875, 0.12371826171875, 0.14727783203125, 0.10589599609375], "accuracy": 0.34375}