{"f": [0.02117919921875, -0.0133056640625, 0.03375244140625, 0.00537109375, 0.09710693359375, 0.11871337890625, 0.0072021484375, -0.0078125, 0.0364990234375, -0.00311279296875, 0.0509033203125, 0.04925537109375, 0.03436279296875, 0.0252685546875, 0.05072021484375, 0.124755859375, 0.04833984375, 0.00262451171875, 0.01605224609375, 0.0279541015625, 0.00970458984375, 0.04583740234375, 0.04840087890625, 0.05780029296875, 0.028564453125, 0.0423583984375, 0.05084228515625, 0.011962890625, 0.075439453125, 0.01617431640625, 0.07598876953125, 0.04608154296875, 0.02630615234375, 0.01409912109375, 0.16363525390625, 0.0247802734375, 0.01318359375, 0.0478515625, 0.029541015625, 0.05419921875, 0.0457763671875, 0.03387451171875, 0.02264404296875, 0.05706787109375, 0.06158447265625, 0.07373046875, 0.03900146484375, 0.06640625, 0.03863525390625, 0.0543212890625, 0.03857421875, 0.01953125, 0.02960205078125, 0.0938720703125, -0.01324462890625, 0.09893798828125, 0.04632568359375, 0.05828857421875, -0.00811767578125, 0.06365966796875, 0.03961181640625, 0.025390625, 0.0751953125, 0.02325439453125], "accuracy": 0.390625}