{
    "dataset": 2394,
    "last_cost_avg": 0.07401176896544992,
    "statevector_real": [
        -0.23405382254720633,
        0.12057118764986005,
        -0.06808822717908344,
        -0.16643048416559914,
        0.011653065668872177,
        -0.03323453511471273,
        -0.029156771326720454,
        0.0932832530760333,
        0.1903532630337906,
        0.012027115325945682,
        0.03432023492053376,
        0.07667406526962693,
        0.20933979312070095,
        -0.07661530826661786,
        -0.01595615400431036,
        -0.10988076042847689,
        0.013898475248639413,
        0.14242481817125077,
        0.10179087532024769,
        0.07363450457638998,
        -0.1450606538759838,
        0.047789393946022427,
        -0.01710165098707871,
        -0.11644444620724752,
        0.1558676063228676,
        -0.23106615707428074,
        -0.061475869590158536,
        0.007136814579743185,
        -0.20230195359281278,
        0.03586787985073806,
        -0.14134450120601738,
        -0.0020596884259949932
    ],
    "statevector_imag": [
        0.14538239801415342,
        -0.10108108265599657,
        0.05217207001733131,
        -0.005294002650751624,
        0.14117503164120215,
        0.08230603254804603,
        -0.06820398055057394,
        -0.15507866717125504,
        0.08064534266886111,
        0.3066350073890129,
        0.11922609843327778,
        -0.16905055893072327,
        -0.18379889498622964,
        -0.17019113615110504,
        -0.2524019598055913,
        0.02002142128066457,
        0.004758387267691393,
        -0.1776061207110759,
        0.15223865137373307,
        0.13493827954531307,
        0.09042086343370394,
        0.15937915251375204,
        -0.129430928659144,
        -0.03763817901929252,
        0.03040881404225126,
        -0.1651852989154292,
        0.07194994866473628,
        0.1765623042559567,
        0.06597654910861196,
        -0.09691408959191374,
        -0.04625398078550437,
        -0.010738586835264066
    ]
}