{
    "dataset": 2252,
    "last_cost_avg": 0.09512836481814402,
    "statevector_real": [
        -0.03794660410758014,
        -0.09842149460811776,
        -0.2076623667190768,
        0.07107091405909279,
        0.15555402448788203,
        0.00831591179737959,
        0.03241398550032778,
        -0.03901146907946557,
        0.023836192792081816,
        -0.039639914005364915,
        -0.029210049341109545,
        -0.15227721712653955,
        0.07136078584244067,
        0.07289216608911353,
        0.03746428493397449,
        -0.0036037880056055994,
        -0.1490555267391066,
        -0.02503713101428551,
        0.1891183037140886,
        0.1519927575918509,
        -0.10127226364214438,
        0.056042904699760504,
        -0.1161587309912662,
        0.06537749448959468,
        0.029379428044746803,
        0.12769653935849154,
        -0.02234034004281712,
        -0.08339828102696678,
        0.0017744572595244298,
        0.051397598476675396,
        0.0007044768758979179,
        0.10494028289864474,
        -0.01422265509127936,
        0.11892801529048609,
        0.16865627605798159,
        -0.029459267986368196,
        -0.16685937112438762,
        -0.006258484771143321,
        -0.0216075250959689,
        0.011562155971360932,
        0.0441844680909892,
        0.08371068759544657,
        0.0542130036385665,
        -0.09259366026824443,
        0.08126542788594189,
        -0.09586838108460549,
        0.15926395087342535,
        0.015799842657792756,
        -0.033838181577825546,
        -0.046596860639015796,
        -0.09321294185196274,
        -0.12514961125602295,
        0.050337362145650176,
        0.04490650680524975,
        0.07614842787053135,
        0.14296129697614043,
        0.12153237718336436,
        -0.04944953609539839,
        -0.12051141296875088,
        0.06751634047469025,
        -0.14415202857478465,
        0.08793585348315448,
        -0.05105507967164992,
        -0.1259989792023717
    ],
    "statevector_imag": [
        -0.1008889247783252,
        0.14061971355945685,
        0.0705714508852505,
        0.08958395785223922,
        0.058745812008477984,
        0.07931212247383898,
        -0.03745883299284042,
        -0.06376032862907995,
        -0.1305329237613224,
        -0.08640440018741925,
        -0.09703007919144545,
        0.11408862956154031,
        -0.059319668867365435,
        -0.05523313589860041,
        0.0066576763013202036,
        0.12863408966843168,
        0.06332967452305806,
        -0.10609349496265387,
        0.027783636757007867,
        -0.03756256229892208,
        -0.046765812803387714,
        -0.11694204413860286,
        0.08148536304733568,
        -0.15799632270990718,
        0.05200974080962519,
        -0.09038833995421096,
        0.06993939979630545,
        0.03470860696135655,
        0.014087596525407238,
        0.14490538680228945,
        -0.007352112049488934,
        0.004528905680932304,
        -0.00011550079426264275,
        -0.11466155919585756,
        0.042670936044130615,
        -0.10459691985634914,
        0.045910060451821284,
        0.11551119850662263,
        0.09955820779139322,
        -0.019989552129749424,
        0.1984293858959813,
        -0.11584349360677655,
        -0.04255530113665789,
        0.042469406632236854,
        -0.004802243804367084,
        0.08732357563951328,
        -0.09924383418145398,
        0.05040910934553548,
        0.011207699982227856,
        0.008782189838873636,
        -0.15585044822906105,
        0.015306324963250899,
        0.11481652248150456,
        0.008854343530070011,
        0.07997527921232497,
        -0.05144498576518565,
        0.013190260653838909,
        0.13886370360164346,
        0.025980504617305427,
        0.010778206080283738,
        -0.0448511100191471,
        -0.014270066969180612,
        0.13681373491063586,
        -0.03434739249654301
    ]
}