{
    "dataset": 3252,
    "last_cost_avg": 0.08975708860352788,
    "statevector_real": [
        0.05510273569841367,
        0.011189632354442697,
        0.03417618157357022,
        -0.1905515785410006,
        0.014297881704918265,
        -0.15542219051796138,
        -0.016447564088249444,
        0.16211170632907623,
        0.03856062845693034,
        -0.20831759303762418,
        0.22339173174749555,
        -0.222012242970338,
        0.0010458549044657973,
        0.14597345864938485,
        -0.18968297459890796,
        -0.21823266983552406,
        -0.10701065826659872,
        -0.012161050317956218,
        -0.176207861808454,
        -0.11428052065770032,
        -0.08262283340280882,
        0.08019557845865868,
        -0.07240666099941835,
        0.07831819290131856,
        0.04689374612844981,
        -0.03803392163808563,
        -0.20543422193852487,
        0.02011017202204061,
        -0.13039003413215497,
        0.1757233731755656,
        0.10619761774096892,
        -0.1302210076898835
    ],
    "statevector_imag": [
        0.1693325289158475,
        -0.005035041869450575,
        0.20231742767157856,
        0.14393330490326706,
        0.15335818368760254,
        0.04396019488051774,
        -0.01626875841052877,
        0.05122397721950096,
        0.07860768335441423,
        0.010609492871769512,
        -0.026954107757717023,
        -0.04656227424635262,
        -0.02568844942561195,
        -0.0009377407107031696,
        -0.057358729419234124,
        -0.09625167799145816,
        -0.24980028687651237,
        0.10569788907554864,
        0.15702318227289883,
        0.14451673533748371,
        -0.17423178518521049,
        0.055555262783778606,
        0.12316625278628804,
        -0.13816712062436257,
        -0.07914298710569137,
        0.09939716428733293,
        0.06340909969728063,
        -0.07738862772663138,
        0.1732697899546235,
        -0.15290390139837837,
        0.058702808582505706,
        -0.21410165187876923
    ]
}