{
    "dataset": 1516,
    "last_cost_avg": 0.10050431537879868,
    "statevector_real": [
        -0.16149082929677358,
        0.06884169730167931,
        -0.014190088262753116,
        0.027848674008929555,
        0.19204121032062327,
        -0.04910563837769276,
        -0.08865525351981907,
        -0.02518403611636043,
        0.035263738620181666,
        -0.056628527564777376,
        -0.05293567349443876,
        -0.23014186304473377,
        -0.11828311023923267,
        -0.1294428051742181,
        0.030648446447450472,
        -0.2392514384856539,
        0.044996320159436096,
        0.006032717929668004,
        -0.022745379671769247,
        -0.12445283128212434,
        -0.10236410572329055,
        0.1456334665579871,
        0.0479628205672358,
        0.011373886957157863,
        0.02790191156958599,
        0.07300919673974769,
        0.08490587544063861,
        -0.14532055566981836,
        -0.08010605500691668,
        0.2411187499665109,
        0.14911816319806417,
        0.025002375126061484
    ],
    "statevector_imag": [
        -0.00020339914050226593,
        -0.026113758385135116,
        -0.05795424385075545,
        0.22735598767159604,
        -0.16735853737271272,
        -0.19168226033407215,
        -0.014432003425037906,
        0.03807282475175155,
        0.2115842925781634,
        0.1391116965346042,
        0.10169281870766927,
        0.1523196112333197,
        -0.19564646581895373,
        0.23302186535236058,
        0.23579655127824345,
        0.008874978600814843,
        -0.10605405520049453,
        0.19109658152774311,
        -0.07516050616608344,
        -0.11786544154044387,
        -0.11133446267121806,
        -0.15973448196671075,
        0.1565649259026295,
        0.06544686654777673,
        -0.09180124996786317,
        -0.14659056522994823,
        0.14898177382167654,
        0.05128382259139943,
        -0.044448393674713954,
        -0.10866782700627813,
        0.1519645366982215,
        0.059557708944802494
    ]
}