{
    "dataset": 2393,
    "last_cost_avg": 0.06999205154846126,
    "statevector_real": [
        -0.14314865288674491,
        0.13270032503303242,
        -0.01266220902842137,
        -0.16509107347134663,
        0.0011784617502978221,
        -0.02364130807558877,
        -0.0049215909671899575,
        0.0894591622063089,
        0.25905656803182714,
        0.002429384974405598,
        0.03463100413695271,
        0.0971372532249886,
        0.1771334616159599,
        -0.07426996076792329,
        -0.0021626336898311112,
        -0.20955367059616242,
        0.14511852481440837,
        0.16507980685375698,
        0.08431244843964159,
        0.10696773861754143,
        -0.17082826015897876,
        0.057829555718057986,
        -0.017618652392809287,
        -0.163257290857353,
        0.2316657547738843,
        -0.16078473737965693,
        -0.11176547707358792,
        0.010444173286749446,
        -0.2072109519824013,
        0.061807595729447135,
        -0.12927530078322885,
        -0.015988645635979404
    ],
    "statevector_imag": [
        0.0889167038704237,
        -0.11124956786603511,
        0.009702318350386182,
        -0.005251397212202504,
        0.014276876112579507,
        0.058548201899968476,
        -0.011512663416764553,
        -0.1487213104575558,
        0.10975228565342342,
        0.061937917729166195,
        0.12030568898015456,
        -0.21416768359593497,
        -0.15552195798401072,
        -0.16498124579756196,
        -0.03420955836271788,
        0.038182865713295974,
        0.04968387743473065,
        -0.20585726897524448,
        0.12609787865646982,
        0.1960228115737454,
        0.10648262205999592,
        0.1928634121412208,
        -0.13334376561929187,
        -0.0527694307426,
        0.04519656792755463,
        -0.11494229722511642,
        0.13080775256283242,
        0.25838520546562227,
        0.06757751621531959,
        -0.16700253527422157,
        -0.04230442095340037,
        -0.08335991860384812
    ]
}