{
    "dataset": 2076,
    "last_cost_avg": 0.08590838209371189,
    "statevector_real": [
        -0.16577847564296083,
        0.004415548002557379,
        -0.05349030023361115,
        0.031896352850855625,
        0.10202149054856718,
        0.03516756876997614,
        -0.0945002071342464,
        -0.08106645396690634,
        -0.10903112931356107,
        0.10503454432095685,
        0.025844376891648847,
        0.030548139804144874,
        0.13311356293698362,
        0.08031294331743627,
        0.06730624315273784,
        -0.07497170126378737,
        -0.044535699577350214,
        0.027929020722764934,
        -0.10819517456730804,
        -0.17574051985785055,
        -0.1341725461875264,
        -0.07422493006691319,
        0.0846602544705448,
        0.07947481551365287,
        -0.10363010911711967,
        0.048864936222311424,
        -0.0023899380731137866,
        0.14841587748824103,
        0.011495865006412314,
        0.013721624445427702,
        -0.06642891440213404,
        -0.08309112818568623,
        -0.1645868559162147,
        -0.010209703256725464,
        0.1347986995463467,
        -0.012482819016495242,
        0.10768014573336718,
        0.033986648898613706,
        0.07688593169428198,
        -0.0489430583219596,
        0.00322864897808738,
        0.06789036829679498,
        0.13441103169403504,
        -0.028111518004661513,
        -0.11488244725935862,
        -0.15697181706895075,
        -0.13045900013640985,
        -0.007808096963985976,
        0.04809754383518917,
        -0.008929617254959542,
        -0.05987407887059322,
        -0.01721007320504715,
        -0.014207870750814743,
        0.07869042082228572,
        -0.013423231453356835,
        0.04008105293020275,
        -0.13710531563152897,
        0.1000722122766303,
        0.014346075131170378,
        -0.0032694232821959854,
        -0.07367492711658528,
        -0.14182800017254693,
        0.1019077300651228,
        -0.10782631756215574
    ],
    "statevector_imag": [
        0.0713468062893344,
        -0.011547083800518094,
        -0.0775250661949838,
        -0.10409678778494157,
        -0.007610828798758574,
        -0.0675730764283362,
        -0.03862635130344361,
        -0.055330945504887354,
        0.10212473622150235,
        -0.05155005200632069,
        -0.024869526848880108,
        0.14965406804222595,
        -0.030561301195910166,
        -0.0282672823529082,
        -0.08608700915208263,
        0.1029571782801651,
        -0.04152642321887945,
        -0.005094176030601217,
        -0.08796901129295209,
        0.08167393534709975,
        -0.016476406453590872,
        -0.06534160637255042,
        -0.086819101967723,
        -0.010705133941992987,
        -0.08453995452607614,
        -0.10908769182780315,
        0.01947163753351591,
        -0.0037993802521247076,
        0.04861731418146862,
        0.08777370637603886,
        -0.07042342611200461,
        -0.01606312440858422,
        -0.037056729047539774,
        0.011342765214825913,
        -0.10038959633822876,
        0.09727604497266472,
        -0.08461093000649164,
        0.1709712315128893,
        0.1582154406121786,
        0.015819637688638123,
        0.04050202705339476,
        -0.05919376453216987,
        -0.08061709621909903,
        -0.026284372395667385,
        -0.08260657542158541,
        0.022648662140788613,
        -0.041622550576013745,
        -0.03299940039336028,
        0.1959585400682714,
        0.03144061126974732,
        -0.01143008792607291,
        0.17567421295404312,
        0.12511433737981834,
        0.128028306099248,
        -0.18873685325794953,
        -0.12538110530920027,
        0.06961376117750467,
        0.13024818236186408,
        0.1177837740697907,
        0.21568115960948658,
        0.06816848786893315,
        0.018341551745874953,
        -0.017586571904346097,
        -0.14433357266652658
    ]
}