{
    "dataset": 2082,
    "last_cost_avg": 0.0921690601686384,
    "statevector_real": [
        0.061434297095109044,
        -0.17570444267783872,
        0.2139516884005762,
        0.012606034275645571,
        -0.06777525640973835,
        0.029460663203304618,
        -0.0995120236992632,
        -0.15509816468903467,
        -0.017419860243535645,
        -0.04968175032089511,
        -0.046267408874547784,
        0.21328035700483228,
        -0.23177054589476168,
        -0.07946031918089316,
        0.12442397584287318,
        0.030406797702695543,
        -0.1663672276149998,
        0.24676247600349632,
        -0.08373359840466375,
        0.08547470634388618,
        0.16397941955863443,
        -0.010263329126985764,
        -0.05231071201326382,
        0.05059386206365178,
        0.1771489280988403,
        0.0690987907143681,
        0.09370108526771408,
        0.17593769517180358,
        -0.15328667868037593,
        0.1076642699088715,
        0.1563658874042761,
        -0.15114719593402018
    ],
    "statevector_imag": [
        0.02351120676793086,
        -0.08649229990973877,
        -0.09964074631361863,
        0.03389345977859604,
        -0.1398322282247472,
        0.1943301014607739,
        0.01257772159895185,
        -0.11926183922134155,
        0.05022414977337181,
        -0.20838398061085475,
        -0.1906077577193064,
        0.11782171314687916,
        -0.051993057627528476,
        0.18663057581263515,
        -0.09177566769370965,
        -0.1306014808246078,
        0.017310389651335956,
        -0.045396843831079975,
        -0.23226987513568284,
        0.06310957397560689,
        -0.16289496547827492,
        -0.08006126086703018,
        -0.12605317665070204,
        -0.14544430885721504,
        0.08037928017315048,
        0.12211381759036334,
        -0.057696362647161596,
        -0.0048394656632517,
        -0.13976985255907556,
        0.17123448659687598,
        0.05088318000393102,
        0.05722717723457451
    ]
}