{
    "dataset": 548,
    "last_cost_avg": 0.07950706980434114,
    "alpha": [
        0.040752560427287046,
        8.31537116786267e-05,
        0.039543898239701517,
        4.134754854456397e-05,
        0.011177950297737108,
        0.029811236069232257,
        9.60525090340439e-05,
        0.09799210223810736,
        0.003507696199277552,
        0.010415067615041707,
        0.10619241873720706,
        0.02884188989658464,
        0.005712836208316848,
        0.047125905980523554,
        0.03456303841967599,
        6.32500412699733e-05,
        0.018961173767517315,
        0.00842939114258504,
        0.08027854829946156,
        0.031055277851847286,
        0.12048620558219834,
        0.017319235807535575,
        0.0745754221176382,
        0.04338662898734564,
        0.035986048322061176,
        6.662661274634446e-05,
        0.0002296676114619084,
        0.03031127058254309,
        0.018662683747003934,
        0.04100134618862859,
        8.602665302294042e-05,
        0.023244042587183312
    ]
}