{
    "dataset": 616,
    "last_cost_avg": 0.11326580459852048,
    "statevector_real": [
        0.012349540431376612,
        -0.13330526629695394,
        0.016721929638646833,
        0.11895642304678573,
        -0.06280889342087412,
        0.004116002503772365,
        -0.16107639564783094,
        -0.2098042369537559,
        0.20914930576222385,
        -0.14285516630593362,
        0.003844015730659071,
        -0.02090359681289805,
        -0.10066947327419666,
        0.16257868430233535,
        0.015802559281690207,
        -0.024001701125279523,
        -0.109960831937156,
        -0.05965731884334069,
        0.22350787346417295,
        -0.1344190196601049,
        0.08068428204087677,
        0.004452409204920429,
        -0.0031317287433918566,
        -0.005320430459303869,
        0.1944789834203566,
        0.21170807430411107,
        -0.1815920413983521,
        -0.21255848951333767,
        -0.07491794965668887,
        0.12226321862343452,
        0.008159571801335844,
        0.02886701859951681
    ],
    "statevector_imag": [
        0.1530021883249994,
        -0.12420739537083895,
        0.2396038513463255,
        -0.20568850728734184,
        0.24947322355167353,
        -0.02197490196535533,
        -0.033057508665060124,
        -0.12190533162851647,
        -0.14370342854807872,
        -0.19432820960471675,
        -0.09950839603872053,
        0.005564449496860953,
        0.047464570232723845,
        -0.05238567948431922,
        -0.20857371952268822,
        0.0166751038672916,
        -0.01557103661505756,
        0.1112526875913555,
        -0.10057199985210537,
        0.02499890270961127,
        -0.1823353940102217,
        0.12654573306252426,
        0.011878091110285172,
        -0.004621426186151627,
        0.05096530513339788,
        -0.02919899812935275,
        0.2423162762294152,
        -0.1002344158861967,
        0.004232942364989988,
        0.15288800697049582,
        0.005822551937246678,
        0.12825062557938385
    ]
}