{
    "dataset": 2876,
    "last_cost_avg": 0.10980620662254466,
    "statevector_real": [
        0.18948451319286602,
        0.19081096406565132,
        -0.06667817889863271,
        -0.06480084072703529,
        -0.12373927782933444,
        -0.14123476351331238,
        0.16856496866456025,
        -0.15410278888887552,
        -0.19802175330593882,
        -0.10616465337000322,
        0.11827800641541632,
        -0.011588490440834341,
        -0.04925186503612155,
        -0.09337033778533677,
        0.0017914247321576975,
        -0.12444273486527131,
        -0.17759069565282098,
        0.19677740415752776,
        -0.1471537679932292,
        0.049677437900039506,
        0.056733923519970225,
        0.03995837652347973,
        -0.04186486007887788,
        -0.08592115509264855,
        0.12645151170531022,
        0.0544096279870953,
        0.21470668170635498,
        0.13743916307373513,
        -0.035487807211886775,
        -0.08001448735645197,
        0.009775479641896274,
        -0.010278636456634502
    ],
    "statevector_imag": [
        -0.04215851417778432,
        -0.062428168039259796,
        0.06036541579540283,
        0.02924668498364688,
        0.013974117769452506,
        -0.07980910192788253,
        0.03686485345768188,
        -0.05114411379932929,
        -0.20848474301342812,
        -0.3040122829327926,
        0.155520972674948,
        -0.22740665589626918,
        -0.14311749748741745,
        0.12052889850002764,
        0.03922775709251157,
        0.20838240814196,
        -0.009285969611291413,
        0.09321100583765206,
        -0.22335451283449018,
        -0.1559301110784534,
        0.0002802094879993909,
        0.02619196082277263,
        -0.052779530837944844,
        -0.12970514477951528,
        0.2076340497445877,
        -0.1019314065018624,
        -0.11978129107334727,
        0.028679086622465277,
        0.06620304395535734,
        0.07057040095592217,
        0.11249460890782263,
        -0.1838750763989655
    ]
}