{
    "dataset": 0,
    "circuit_id": 6,
    "layer": 4,
    "num_params": 216,
    "expr": 0.001937606107296755,
    "entcap": 0.9541579225163137,
    "num_iter": 55,
    "last_cost_avg": 0.032665252685546875
}