{
    "dataset": 254,
    "last_cost_avg": 0.098326322976362,
    "alpha": [
        0.09967443734764167,
        0.0010668680759716588,
        0.06149859499254692,
        0.05257150098459829,
        0.01069283496267093,
        0.021368009760554817,
        0.02795201041196572,
        0.0650004526373253,
        0.0003561770278928501,
        0.005244670050215572,
        0.059288803094539176,
        0.01161716680645637,
        0.004225031493225928,
        0.02879747088653107,
        0.009602303228779687,
        0.03201249854713414,
        0.008377929492721035,
        0.05057170254443733,
        0.04868130459956278,
        0.028471273927553317,
        0.050651477064674176,
        0.016737976725062196,
        0.05842511030424032,
        6.565127395701528e-05,
        0.05698927767973816,
        0.04045495294078095,
        0.015836611657700044,
        0.05226819164495267,
        0.011321645762344325,
        0.03232805566337563,
        0.028790173791763334,
        0.00905983461908658
    ]
}